customer_id,acquisition_channel,acquisition_date,country,email_subscribed
CUST00001,meta,2024-01-28,US,True
CUST00002,meta,2024-01-20,US,False
CUST00003,meta,2024-01-03,CA,True
CUST00004,meta,2024-01-18,GB,True
CUST00005,meta,2024-01-08,DE,True
CUST00006,meta,2024-01-06,US,True
CUST00007,meta,2024-01-06,FR,True
CUST00008,meta,2024-01-21,AU,True
CUST00009,meta,2024-01-30,NL,True
CUST00010,meta,2024-01-02,GB,True
CUST00011,meta,2024-01-17,US,True
CUST00012,meta,2024-01-07,US,False
CUST00013,meta,2024-01-04,GB,True
CUST00014,meta,2024-01-05,DE,True
CUST00015,meta,2024-01-19,US,True
CUST00016,meta,2024-01-08,US,True
CUST00017,meta,2024-01-28,US,True
CUST00018,meta,2024-01-08,GB,True
CUST00019,meta,2024-01-04,GB,False
CUST00020,meta,2024-01-24,US,False
CUST00021,meta,2024-01-14,GB,True
CUST00022,meta,2024-01-17,US,True
CUST00023,meta,2024-01-29,US,True
CUST00024,meta,2024-01-03,GB,True
CUST00025,meta,2024-01-01,GB,True
CUST00026,meta,2024-01-07,FR,True
CUST00027,meta,2024-01-16,GB,False
CUST00028,meta,2024-01-21,GB,False
CUST00029,meta,2024-01-26,DE,True
CUST00030,meta,2024-01-04,US,True
CUST00031,meta,2024-01-22,GB,True
CUST00032,meta,2024-01-16,US,False
CUST00033,meta,2024-01-21,GB,False
CUST00034,meta,2024-01-02,CA,True
CUST00035,meta,2024-01-23,AU,True
CUST00036,meta,2024-01-05,US,True
CUST00037,meta,2024-01-12,US,False
CUST00038,meta,2024-01-26,GB,True
CUST00039,meta,2024-01-17,GB,True
CUST00040,meta,2024-01-04,US,True
CUST00041,meta,2024-01-26,US,True
CUST00042,meta,2024-01-18,DE,True
CUST00043,meta,2024-01-12,GB,True
CUST00044,meta,2024-01-10,GB,True
CUST00045,meta,2024-01-04,GB,False
CUST00046,meta,2024-01-23,FR,False
CUST00047,meta,2024-01-28,US,True
CUST00048,meta,2024-01-16,GB,True
CUST00049,meta,2024-01-23,US,True
CUST00050,meta,2024-01-14,US,True
CUST00051,meta,2024-01-25,GB,False
CUST00052,meta,2024-01-22,GB,True
CUST00053,meta,2024-01-14,GB,True
CUST00054,meta,2024-01-30,US,False
CUST00055,meta,2024-01-23,US,True
CUST00056,meta,2024-01-22,NL,True
CUST00057,meta,2024-01-16,US,True
CUST00058,meta,2024-01-04,US,True
CUST00059,meta,2024-01-05,US,True
CUST00060,meta,2024-01-02,GB,False
CUST00061,meta,2024-01-22,US,True
CUST00062,meta,2024-01-18,US,True
CUST00063,meta,2024-01-19,US,True
CUST00064,meta,2024-01-30,GB,True
CUST00065,meta,2024-01-04,GB,False
CUST00066,meta,2024-01-14,GB,True
CUST00067,meta,2024-01-17,GB,True
CUST00068,meta,2024-01-17,GB,False
CUST00069,meta,2024-01-07,US,True
CUST00070,meta,2024-01-16,US,True
CUST00071,meta,2024-01-07,DE,True
CUST00072,meta,2024-01-21,US,True
CUST00073,meta,2024-01-18,GB,True
CUST00074,meta,2024-01-17,NL,False
CUST00075,meta,2024-01-10,GB,True
CUST00076,meta,2024-01-08,GB,True
CUST00077,meta,2024-01-25,FR,True
CUST00078,meta,2024-01-17,AU,True
CUST00079,meta,2024-01-29,US,True
CUST00080,meta,2024-01-09,AU,True
CUST00081,meta,2024-01-22,GB,True
CUST00082,meta,2024-01-12,CA,True
CUST00083,meta,2024-01-22,GB,True
CUST00084,meta,2024-01-16,CA,False
CUST00085,meta,2024-01-10,US,False
CUST00086,meta,2024-01-23,FR,False
CUST00087,meta,2024-01-25,US,True
CUST00088,meta,2024-01-10,FR,True
CUST00089,meta,2024-01-13,GB,False
CUST00090,meta,2024-01-19,US,True
CUST00091,meta,2024-01-26,AU,True
CUST00092,meta,2024-01-05,FR,True
CUST00093,meta,2024-01-22,NL,True
CUST00094,meta,2024-01-22,GB,True
CUST00095,meta,2024-01-22,AU,True
CUST00096,meta,2024-01-21,GB,True
CUST00097,meta,2024-01-12,US,True
CUST00098,meta,2024-01-19,GB,True
CUST00099,meta,2024-01-05,AU,True
CUST00100,meta,2024-01-08,GB,True
CUST00101,meta,2024-01-23,DE,True
CUST00102,meta,2024-01-23,US,True
CUST00103,meta,2024-01-04,GB,True
CUST00104,meta,2024-01-08,US,False
CUST00105,meta,2024-01-06,FR,True
CUST00106,meta,2024-01-15,GB,True
CUST00107,meta,2024-01-21,US,False
CUST00108,meta,2024-01-04,GB,False
CUST00109,meta,2024-01-29,US,True
CUST00110,meta,2024-01-07,GB,True
CUST00111,meta,2024-01-30,US,False
CUST00112,meta,2024-01-10,DE,True
CUST00113,meta,2024-01-26,CA,True
CUST00114,meta,2024-01-26,US,True
CUST00115,meta,2024-01-19,AU,True
CUST00116,meta,2024-01-19,CA,True
CUST00117,meta,2024-01-01,US,True
CUST00118,meta,2024-01-17,GB,True
CUST00119,google,2024-01-17,GB,True
CUST00120,google,2024-01-27,GB,True
CUST00121,google,2024-01-23,CA,False
CUST00122,google,2024-01-09,FR,True
CUST00123,google,2024-01-23,GB,True
CUST00124,google,2024-01-03,FR,True
CUST00125,google,2024-01-16,NL,False
CUST00126,google,2024-01-27,US,True
CUST00127,google,2024-01-10,GB,True
CUST00128,google,2024-01-17,GB,True
CUST00129,google,2024-01-22,AU,False
CUST00130,google,2024-01-19,GB,True
CUST00131,google,2024-01-25,DE,True
CUST00132,google,2024-01-26,GB,True
CUST00133,google,2024-01-21,GB,True
CUST00134,google,2024-01-27,GB,True
CUST00135,google,2024-01-04,GB,True
CUST00136,google,2024-01-15,US,False
CUST00137,google,2024-01-09,DE,True
CUST00138,google,2024-01-22,GB,True
CUST00139,google,2024-01-30,CA,True
CUST00140,google,2024-01-03,GB,False
CUST00141,google,2024-01-18,US,True
CUST00142,google,2024-01-02,GB,False
CUST00143,google,2024-01-02,GB,True
CUST00144,google,2024-01-18,US,True
CUST00145,google,2024-01-30,GB,False
CUST00146,google,2024-01-19,US,True
CUST00147,google,2024-01-28,GB,True
CUST00148,google,2024-01-20,GB,True
CUST00149,google,2024-01-13,CA,True
CUST00150,google,2024-01-10,US,False
CUST00151,google,2024-01-28,GB,True
CUST00152,google,2024-01-22,GB,True
CUST00153,google,2024-01-24,GB,True
CUST00154,google,2024-01-04,US,False
CUST00155,google,2024-01-05,FR,True
CUST00156,google,2024-01-17,DE,True
CUST00157,google,2024-01-15,AU,True
CUST00158,google,2024-01-18,US,True
CUST00159,google,2024-01-10,FR,True
CUST00160,google,2024-01-24,GB,True
CUST00161,google,2024-01-23,FR,True
CUST00162,google,2024-01-30,AU,True
CUST00163,google,2024-01-16,US,False
CUST00164,google,2024-01-26,US,False
CUST00165,google,2024-01-28,GB,True
CUST00166,google,2024-01-04,US,True
CUST00167,google,2024-01-07,AU,True
CUST00168,google,2024-01-07,US,True
CUST00169,google,2024-01-07,US,True
CUST00170,google,2024-01-08,GB,True
CUST00171,google,2024-01-17,NL,True
CUST00172,google,2024-01-04,GB,True
CUST00173,google,2024-01-07,US,True
CUST00174,google,2024-01-25,US,True
CUST00175,google,2024-01-09,DE,True
CUST00176,google,2024-01-28,GB,True
CUST00177,google,2024-01-04,GB,True
CUST00178,google,2024-01-11,FR,False
CUST00179,google,2024-01-02,US,True
CUST00180,google,2024-01-15,US,False
CUST00181,google,2024-01-15,US,True
CUST00182,google,2024-01-08,US,False
CUST00183,google,2024-01-23,GB,True
CUST00184,google,2024-01-16,AU,True
CUST00185,google,2024-01-17,CA,True
CUST00186,google,2024-01-18,US,True
CUST00187,google,2024-01-16,GB,True
CUST00188,google,2024-01-13,US,True
CUST00189,google,2024-01-05,GB,False
CUST00190,google,2024-01-30,US,True
CUST00191,google,2024-01-16,NL,True
CUST00192,google,2024-01-10,FR,False
CUST00193,google,2024-01-25,US,True
CUST00194,google,2024-01-25,GB,False
CUST00195,google,2024-01-25,US,True
CUST00196,google,2024-01-11,US,True
CUST00197,google,2024-01-03,GB,False
CUST00198,google,2024-01-14,US,True
CUST00199,google,2024-01-21,GB,True
CUST00200,google,2024-01-18,FR,True
CUST00201,google,2024-01-03,US,True
CUST00202,google,2024-01-18,US,True
CUST00203,google,2024-01-19,US,True
CUST00204,google,2024-01-30,GB,True
CUST00205,tiktok,2024-01-17,US,True
CUST00206,tiktok,2024-01-08,GB,False
CUST00207,tiktok,2024-01-25,GB,True
CUST00208,tiktok,2024-01-07,DE,False
CUST00209,tiktok,2024-01-26,US,True
CUST00210,tiktok,2024-01-16,NL,True
CUST00211,tiktok,2024-01-08,US,True
CUST00212,tiktok,2024-01-29,GB,False
CUST00213,tiktok,2024-01-28,GB,True
CUST00214,tiktok,2024-01-18,GB,True
CUST00215,tiktok,2024-01-21,US,True
CUST00216,tiktok,2024-01-29,US,True
CUST00217,tiktok,2024-01-03,US,True
CUST00218,tiktok,2024-01-26,US,False
CUST00219,tiktok,2024-01-08,FR,True
CUST00220,tiktok,2024-01-02,US,True
CUST00221,tiktok,2024-01-10,GB,True
CUST00222,tiktok,2024-01-21,GB,True
CUST00223,tiktok,2024-01-20,US,False
CUST00224,tiktok,2024-01-04,DE,True
CUST00225,tiktok,2024-01-28,GB,False
CUST00226,tiktok,2024-01-26,US,True
CUST00227,tiktok,2024-01-23,NL,True
CUST00228,tiktok,2024-01-27,US,True
CUST00229,tiktok,2024-01-30,US,True
CUST00230,tiktok,2024-01-14,US,True
CUST00231,tiktok,2024-01-15,FR,True
CUST00232,tiktok,2024-01-24,GB,True
CUST00233,tiktok,2024-01-28,NL,True
CUST00234,tiktok,2024-01-14,GB,False
CUST00235,tiktok,2024-01-20,FR,True
CUST00236,tiktok,2024-01-15,GB,True
CUST00237,tiktok,2024-01-17,NL,True
CUST00238,tiktok,2024-01-24,GB,True
CUST00239,tiktok,2024-01-28,DE,True
CUST00240,tiktok,2024-01-06,US,True
CUST00241,tiktok,2024-01-12,GB,True
CUST00242,tiktok,2024-01-12,GB,False
CUST00243,tiktok,2024-01-17,DE,True
CUST00244,tiktok,2024-01-07,GB,True
CUST00245,tiktok,2024-01-20,DE,False
CUST00246,tiktok,2024-01-24,DE,True
CUST00247,tiktok,2024-01-16,GB,True
CUST00248,tiktok,2024-01-05,DE,True
CUST00249,tiktok,2024-01-26,DE,True
CUST00250,tiktok,2024-01-09,US,True
CUST00251,tiktok,2024-01-02,CA,False
CUST00252,tiktok,2024-01-25,GB,True
CUST00253,tiktok,2024-01-02,GB,True
CUST00254,tiktok,2024-01-17,GB,False
CUST00255,tiktok,2024-01-07,AU,False
CUST00256,tiktok,2024-01-14,GB,True
CUST00257,organic,2024-01-10,GB,True
CUST00258,organic,2024-01-15,US,True
CUST00259,organic,2024-01-09,US,False
CUST00260,organic,2024-01-21,US,True
CUST00261,organic,2024-01-20,DE,True
CUST00262,organic,2024-01-07,US,True
CUST00263,organic,2024-01-01,GB,True
CUST00264,organic,2024-01-22,FR,True
CUST00265,organic,2024-01-15,US,True
CUST00266,organic,2024-01-13,DE,True
CUST00267,organic,2024-01-04,DE,False
CUST00268,organic,2024-01-15,GB,True
CUST00269,organic,2024-01-06,US,True
CUST00270,organic,2024-01-18,US,True
CUST00271,organic,2024-01-07,US,False
CUST00272,organic,2024-01-30,US,False
CUST00273,organic,2024-01-27,FR,True
CUST00274,organic,2024-01-13,DE,True
CUST00275,organic,2024-01-26,US,True
CUST00276,organic,2024-01-04,NL,True
CUST00277,organic,2024-01-03,FR,True
CUST00278,organic,2024-01-28,US,True
CUST00279,organic,2024-01-16,AU,False
CUST00280,organic,2024-01-06,DE,False
CUST00281,organic,2024-01-05,AU,False
CUST00282,organic,2024-01-03,US,False
CUST00283,organic,2024-01-23,US,False
CUST00284,organic,2024-01-15,DE,False
CUST00285,organic,2024-01-13,FR,True
CUST00286,organic,2024-01-29,GB,False
CUST00287,organic,2024-01-17,DE,True
CUST00288,organic,2024-01-04,CA,False
CUST00289,organic,2024-01-02,GB,True
CUST00290,organic,2024-01-07,FR,False
CUST00291,organic,2024-01-19,CA,False
CUST00292,organic,2024-01-22,AU,False
CUST00293,organic,2024-01-19,GB,True
CUST00294,organic,2024-01-17,GB,False
CUST00295,organic,2024-01-26,GB,True
CUST00296,organic,2024-01-01,FR,True
CUST00297,organic,2024-01-23,DE,False
CUST00298,organic,2024-01-26,US,True
CUST00299,organic,2024-01-13,US,True
CUST00300,organic,2024-01-14,GB,True
CUST00301,organic,2024-01-02,FR,False
CUST00302,organic,2024-01-30,FR,True
CUST00303,organic,2024-01-12,GB,True
CUST00304,organic,2024-01-29,GB,True
CUST00305,organic,2024-01-12,DE,False
CUST00306,organic,2024-01-22,GB,True
CUST00307,organic,2024-01-03,GB,True
CUST00308,organic,2024-01-12,FR,True
CUST00309,organic,2024-01-29,US,True
CUST00310,organic,2024-01-12,GB,True
CUST00311,organic,2024-01-26,GB,True
CUST00312,organic,2024-01-14,GB,True
CUST00313,organic,2024-01-21,US,True
CUST00314,organic,2024-01-17,NL,False
CUST00315,organic,2024-01-26,GB,False
CUST00316,email,2024-01-20,GB,False
CUST00317,email,2024-01-09,FR,False
CUST00318,email,2024-01-12,AU,True
CUST00319,email,2024-01-08,FR,True
CUST00320,email,2024-01-28,US,False
CUST00321,email,2024-01-28,US,False
CUST00322,email,2024-01-12,GB,True
CUST00323,email,2024-01-04,NL,True
CUST00324,email,2024-01-05,US,True
CUST00325,email,2024-01-03,GB,True
CUST00326,email,2024-01-04,GB,True
CUST00327,email,2024-01-24,GB,True
CUST00328,email,2024-01-15,CA,True
CUST00329,email,2024-01-11,NL,True
CUST00330,email,2024-01-24,NL,True
CUST00331,email,2024-01-20,NL,True
CUST00332,email,2024-01-14,US,True
CUST00333,email,2024-01-15,GB,False
CUST00334,email,2024-01-23,GB,False
CUST00335,email,2024-01-16,NL,True
CUST00336,email,2024-01-16,US,True
CUST00337,email,2024-01-08,GB,False
CUST00338,email,2024-01-15,GB,True
CUST00339,email,2024-01-12,US,True
CUST00340,email,2024-01-25,US,True
CUST00341,email,2024-01-13,FR,False
CUST00342,email,2024-01-24,US,True
CUST00343,email,2024-01-09,GB,False
CUST00344,email,2024-01-09,NL,True
CUST00345,email,2024-01-26,GB,True
CUST00346,email,2024-01-03,FR,False
CUST00347,referral,2024-01-07,AU,True
CUST00348,referral,2024-01-04,DE,True
CUST00349,referral,2024-01-11,US,True
CUST00350,referral,2024-01-03,US,False
CUST00351,referral,2024-01-24,GB,False
CUST00352,referral,2024-01-01,GB,True
CUST00353,referral,2024-01-27,CA,True
CUST00354,referral,2024-01-25,FR,False
CUST00355,referral,2024-01-09,GB,True
CUST00356,referral,2024-01-26,GB,True
CUST00357,referral,2024-01-26,GB,True
CUST00358,referral,2024-01-13,FR,True
CUST00359,meta,2024-02-20,US,True
CUST00360,meta,2024-02-11,GB,True
CUST00361,meta,2024-02-02,GB,False
CUST00362,meta,2024-02-19,US,True
CUST00363,meta,2024-02-01,DE,True
CUST00364,meta,2024-02-25,AU,True
CUST00365,meta,2024-02-28,CA,True
CUST00366,meta,2024-02-26,NL,True
CUST00367,meta,2024-02-11,NL,False
CUST00368,meta,2024-02-14,GB,True
CUST00369,meta,2024-02-14,AU,True
CUST00370,meta,2024-02-09,NL,True
CUST00371,meta,2024-02-01,CA,True
CUST00372,meta,2024-02-20,NL,True
CUST00373,meta,2024-02-08,US,False
CUST00374,meta,2024-02-27,GB,True
CUST00375,meta,2024-02-04,US,True
CUST00376,meta,2024-02-03,GB,True
CUST00377,meta,2024-02-04,GB,False
CUST00378,meta,2024-02-16,GB,True
CUST00379,meta,2024-02-22,US,True
CUST00380,meta,2024-02-27,NL,False
CUST00381,meta,2024-02-10,DE,False
CUST00382,meta,2024-02-05,FR,True
CUST00383,meta,2024-02-12,DE,True
CUST00384,meta,2024-02-14,GB,True
CUST00385,meta,2024-02-19,GB,True
CUST00386,meta,2024-02-05,GB,True
CUST00387,meta,2024-02-22,US,True
CUST00388,meta,2024-02-05,GB,True
CUST00389,meta,2024-02-21,US,False
CUST00390,meta,2024-02-06,GB,True
CUST00391,meta,2024-02-27,GB,True
CUST00392,meta,2024-02-19,GB,False
CUST00393,meta,2024-02-19,FR,True
CUST00394,meta,2024-02-28,US,False
CUST00395,meta,2024-02-09,GB,True
CUST00396,meta,2024-02-14,US,True
CUST00397,meta,2024-02-09,US,False
CUST00398,meta,2024-02-15,US,True
CUST00399,meta,2024-02-18,GB,True
CUST00400,meta,2024-02-25,US,True
CUST00401,meta,2024-02-23,GB,True
CUST00402,meta,2024-02-01,NL,True
CUST00403,meta,2024-02-19,FR,True
CUST00404,meta,2024-02-22,GB,True
CUST00405,meta,2024-02-15,GB,True
CUST00406,meta,2024-02-24,GB,False
CUST00407,meta,2024-02-16,GB,False
CUST00408,meta,2024-02-28,FR,True
CUST00409,meta,2024-02-19,GB,False
CUST00410,meta,2024-02-18,GB,True
CUST00411,meta,2024-02-27,GB,True
CUST00412,meta,2024-02-23,NL,True
CUST00413,meta,2024-02-22,FR,True
CUST00414,meta,2024-02-20,DE,True
CUST00415,meta,2024-02-15,GB,True
CUST00416,meta,2024-02-21,FR,True
CUST00417,meta,2024-02-22,CA,False
CUST00418,meta,2024-02-20,US,False
CUST00419,meta,2024-02-27,GB,True
CUST00420,meta,2024-02-27,US,True
CUST00421,meta,2024-02-06,FR,True
CUST00422,meta,2024-02-09,US,True
CUST00423,meta,2024-02-28,CA,False
CUST00424,meta,2024-02-17,CA,False
CUST00425,meta,2024-02-06,GB,True
CUST00426,meta,2024-02-11,US,True
CUST00427,meta,2024-02-22,US,False
CUST00428,meta,2024-02-25,GB,True
CUST00429,meta,2024-02-24,GB,False
CUST00430,meta,2024-02-05,GB,True
CUST00431,meta,2024-02-17,GB,False
CUST00432,meta,2024-02-11,US,True
CUST00433,meta,2024-02-24,GB,False
CUST00434,meta,2024-02-16,GB,True
CUST00435,meta,2024-02-06,GB,True
CUST00436,meta,2024-02-06,DE,True
CUST00437,meta,2024-02-12,US,True
CUST00438,meta,2024-02-17,US,False
CUST00439,meta,2024-02-12,FR,True
CUST00440,meta,2024-02-10,US,False
CUST00441,meta,2024-02-20,GB,True
CUST00442,meta,2024-02-22,US,False
CUST00443,meta,2024-02-01,DE,True
CUST00444,meta,2024-02-14,FR,True
CUST00445,meta,2024-02-05,FR,True
CUST00446,meta,2024-02-18,GB,False
CUST00447,meta,2024-02-06,GB,False
CUST00448,meta,2024-02-26,CA,True
CUST00449,meta,2024-02-19,US,True
CUST00450,meta,2024-02-17,US,False
CUST00451,meta,2024-02-09,FR,True
CUST00452,meta,2024-02-05,DE,True
CUST00453,meta,2024-02-06,GB,True
CUST00454,meta,2024-02-09,US,True
CUST00455,meta,2024-02-25,US,True
CUST00456,meta,2024-02-28,US,True
CUST00457,meta,2024-02-24,US,True
CUST00458,meta,2024-02-27,GB,True
CUST00459,meta,2024-02-07,GB,False
CUST00460,meta,2024-02-03,AU,True
CUST00461,meta,2024-02-24,GB,False
CUST00462,meta,2024-02-28,US,False
CUST00463,meta,2024-02-20,DE,False
CUST00464,meta,2024-02-22,US,True
CUST00465,meta,2024-02-28,GB,True
CUST00466,meta,2024-02-15,GB,True
CUST00467,google,2024-02-09,FR,False
CUST00468,google,2024-02-27,US,True
CUST00469,google,2024-02-14,FR,True
CUST00470,google,2024-02-27,FR,True
CUST00471,google,2024-02-22,US,False
CUST00472,google,2024-02-05,DE,True
CUST00473,google,2024-02-15,AU,True
CUST00474,google,2024-02-22,GB,True
CUST00475,google,2024-02-22,AU,True
CUST00476,google,2024-02-12,GB,True
CUST00477,google,2024-02-21,GB,True
CUST00478,google,2024-02-11,FR,True
CUST00479,google,2024-02-28,US,True
CUST00480,google,2024-02-27,GB,True
CUST00481,google,2024-02-15,US,True
CUST00482,google,2024-02-07,CA,False
CUST00483,google,2024-02-03,CA,True
CUST00484,google,2024-02-07,GB,True
CUST00485,google,2024-02-13,FR,False
CUST00486,google,2024-02-24,GB,True
CUST00487,google,2024-02-21,US,True
CUST00488,google,2024-02-05,US,True
CUST00489,google,2024-02-18,US,False
CUST00490,google,2024-02-16,US,True
CUST00491,google,2024-02-23,US,True
CUST00492,google,2024-02-04,FR,False
CUST00493,google,2024-02-11,CA,True
CUST00494,google,2024-02-25,GB,True
CUST00495,google,2024-02-17,US,True
CUST00496,google,2024-02-28,AU,True
CUST00497,google,2024-02-03,GB,False
CUST00498,google,2024-02-01,GB,True
CUST00499,google,2024-02-22,US,False
CUST00500,google,2024-02-10,CA,True
CUST00501,google,2024-02-15,GB,True
CUST00502,google,2024-02-05,DE,True
CUST00503,google,2024-02-05,US,True
CUST00504,google,2024-02-03,US,True
CUST00505,google,2024-02-12,US,True
CUST00506,google,2024-02-05,GB,False
CUST00507,google,2024-02-04,GB,True
CUST00508,google,2024-02-26,DE,True
CUST00509,google,2024-02-01,DE,True
CUST00510,google,2024-02-21,DE,False
CUST00511,google,2024-02-04,GB,True
CUST00512,google,2024-02-05,GB,True
CUST00513,google,2024-02-15,GB,True
CUST00514,google,2024-02-07,GB,True
CUST00515,google,2024-02-08,US,True
CUST00516,google,2024-02-08,NL,False
CUST00517,google,2024-02-11,GB,True
CUST00518,google,2024-02-07,FR,False
CUST00519,google,2024-02-18,CA,True
CUST00520,google,2024-02-07,GB,True
CUST00521,google,2024-02-13,US,True
CUST00522,google,2024-02-02,AU,True
CUST00523,google,2024-02-10,US,True
CUST00524,google,2024-02-20,GB,True
CUST00525,google,2024-02-12,US,True
CUST00526,google,2024-02-12,US,True
CUST00527,google,2024-02-26,AU,True
CUST00528,google,2024-02-18,NL,True
CUST00529,google,2024-02-19,AU,False
CUST00530,google,2024-02-18,US,True
CUST00531,google,2024-02-23,CA,True
CUST00532,google,2024-02-01,US,True
CUST00533,google,2024-02-13,GB,True
CUST00534,google,2024-02-20,US,False
CUST00535,google,2024-02-21,DE,True
CUST00536,google,2024-02-27,US,True
CUST00537,google,2024-02-14,GB,True
CUST00538,google,2024-02-25,NL,True
CUST00539,google,2024-02-27,GB,True
CUST00540,google,2024-02-16,DE,True
CUST00541,google,2024-02-03,GB,False
CUST00542,google,2024-02-06,US,True
CUST00543,google,2024-02-16,DE,True
CUST00544,google,2024-02-06,GB,True
CUST00545,tiktok,2024-02-08,US,True
CUST00546,tiktok,2024-02-26,US,True
CUST00547,tiktok,2024-02-09,US,True
CUST00548,tiktok,2024-02-06,FR,True
CUST00549,tiktok,2024-02-17,FR,True
CUST00550,tiktok,2024-02-26,GB,True
CUST00551,tiktok,2024-02-25,US,True
CUST00552,tiktok,2024-02-03,US,True
CUST00553,tiktok,2024-02-18,GB,True
CUST00554,tiktok,2024-02-28,DE,True
CUST00555,tiktok,2024-02-12,DE,True
CUST00556,tiktok,2024-02-03,AU,True
CUST00557,tiktok,2024-02-12,GB,True
CUST00558,tiktok,2024-02-19,NL,True
CUST00559,tiktok,2024-02-02,US,False
CUST00560,tiktok,2024-02-11,GB,False
CUST00561,tiktok,2024-02-16,GB,True
CUST00562,tiktok,2024-02-28,US,True
CUST00563,tiktok,2024-02-09,GB,True
CUST00564,tiktok,2024-02-20,GB,False
CUST00565,tiktok,2024-02-14,FR,True
CUST00566,tiktok,2024-02-16,GB,False
CUST00567,tiktok,2024-02-01,US,True
CUST00568,tiktok,2024-02-28,FR,True
CUST00569,tiktok,2024-02-23,US,False
CUST00570,tiktok,2024-02-10,DE,True
CUST00571,tiktok,2024-02-08,GB,False
CUST00572,tiktok,2024-02-02,GB,True
CUST00573,tiktok,2024-02-01,CA,True
CUST00574,tiktok,2024-02-19,AU,True
CUST00575,tiktok,2024-02-06,GB,True
CUST00576,tiktok,2024-02-21,US,True
CUST00577,tiktok,2024-02-07,DE,True
CUST00578,tiktok,2024-02-03,NL,False
CUST00579,tiktok,2024-02-19,US,True
CUST00580,tiktok,2024-02-05,US,False
CUST00581,tiktok,2024-02-04,US,True
CUST00582,tiktok,2024-02-22,DE,True
CUST00583,tiktok,2024-02-12,GB,True
CUST00584,tiktok,2024-02-20,DE,True
CUST00585,tiktok,2024-02-16,US,True
CUST00586,tiktok,2024-02-04,NL,True
CUST00587,tiktok,2024-02-06,GB,True
CUST00588,tiktok,2024-02-22,US,False
CUST00589,tiktok,2024-02-06,US,True
CUST00590,tiktok,2024-02-22,GB,True
CUST00591,tiktok,2024-02-06,GB,True
CUST00592,tiktok,2024-02-02,GB,True
CUST00593,tiktok,2024-02-08,GB,True
CUST00594,tiktok,2024-02-18,US,True
CUST00595,tiktok,2024-02-15,GB,True
CUST00596,organic,2024-02-27,GB,False
CUST00597,organic,2024-02-05,FR,True
CUST00598,organic,2024-02-06,GB,True
CUST00599,organic,2024-02-07,GB,False
CUST00600,organic,2024-02-19,DE,True
CUST00601,organic,2024-02-13,NL,True
CUST00602,organic,2024-02-02,CA,True
CUST00603,organic,2024-02-22,FR,True
CUST00604,organic,2024-02-17,GB,False
CUST00605,organic,2024-02-03,GB,False
CUST00606,organic,2024-02-20,US,False
CUST00607,organic,2024-02-21,GB,True
CUST00608,organic,2024-02-10,GB,False
CUST00609,organic,2024-02-08,GB,True
CUST00610,organic,2024-02-15,US,False
CUST00611,organic,2024-02-03,GB,False
CUST00612,organic,2024-02-07,US,True
CUST00613,organic,2024-02-27,FR,False
CUST00614,organic,2024-02-18,US,False
CUST00615,organic,2024-02-17,NL,True
CUST00616,organic,2024-02-19,GB,True
CUST00617,organic,2024-02-16,US,True
CUST00618,organic,2024-02-14,GB,False
CUST00619,organic,2024-02-26,US,True
CUST00620,organic,2024-02-08,GB,True
CUST00621,organic,2024-02-13,US,True
CUST00622,organic,2024-02-11,US,False
CUST00623,organic,2024-02-18,NL,True
CUST00624,organic,2024-02-09,GB,True
CUST00625,organic,2024-02-18,NL,True
CUST00626,organic,2024-02-18,NL,True
CUST00627,organic,2024-02-28,NL,False
CUST00628,organic,2024-02-27,GB,False
CUST00629,organic,2024-02-02,GB,True
CUST00630,organic,2024-02-11,GB,False
CUST00631,organic,2024-02-01,GB,True
CUST00632,organic,2024-02-07,GB,True
CUST00633,organic,2024-02-16,GB,True
CUST00634,organic,2024-02-07,FR,True
CUST00635,organic,2024-02-04,US,False
CUST00636,organic,2024-02-05,GB,True
CUST00637,organic,2024-02-07,CA,False
CUST00638,organic,2024-02-24,US,True
CUST00639,organic,2024-02-28,DE,True
CUST00640,organic,2024-02-11,DE,True
CUST00641,organic,2024-02-19,GB,True
CUST00642,organic,2024-02-07,GB,True
CUST00643,organic,2024-02-28,US,True
CUST00644,email,2024-02-09,US,True
CUST00645,email,2024-02-28,GB,False
CUST00646,email,2024-02-07,GB,True
CUST00647,email,2024-02-12,GB,True
CUST00648,email,2024-02-09,US,True
CUST00649,email,2024-02-17,US,True
CUST00650,email,2024-02-11,GB,True
CUST00651,email,2024-02-18,GB,True
CUST00652,email,2024-02-01,GB,False
CUST00653,email,2024-02-21,CA,False
CUST00654,email,2024-02-24,AU,True
CUST00655,email,2024-02-27,US,False
CUST00656,email,2024-02-11,GB,True
CUST00657,email,2024-02-02,GB,True
CUST00658,email,2024-02-13,CA,True
CUST00659,email,2024-02-17,GB,False
CUST00660,email,2024-02-08,DE,True
CUST00661,email,2024-02-17,US,False
CUST00662,email,2024-02-02,US,True
CUST00663,email,2024-02-22,GB,True
CUST00664,email,2024-02-17,GB,True
CUST00665,email,2024-02-20,DE,True
CUST00666,email,2024-02-14,GB,True
CUST00667,email,2024-02-03,US,False
CUST00668,referral,2024-02-08,GB,True
CUST00669,referral,2024-02-21,GB,False
CUST00670,referral,2024-02-10,GB,True
CUST00671,referral,2024-02-09,US,True
CUST00672,referral,2024-02-23,AU,True
CUST00673,referral,2024-02-20,US,True
CUST00674,referral,2024-02-05,US,False
CUST00675,referral,2024-02-09,US,False
CUST00676,referral,2024-02-18,GB,True
CUST00677,referral,2024-02-13,US,True
CUST00678,meta,2024-03-14,US,True
CUST00679,meta,2024-03-05,GB,True
CUST00680,meta,2024-03-27,US,True
CUST00681,meta,2024-03-27,GB,False
CUST00682,meta,2024-03-26,US,False
CUST00683,meta,2024-03-28,AU,False
CUST00684,meta,2024-03-15,GB,True
CUST00685,meta,2024-03-25,US,True
CUST00686,meta,2024-03-06,NL,False
CUST00687,meta,2024-03-09,NL,True
CUST00688,meta,2024-03-11,FR,True
CUST00689,meta,2024-03-03,US,False
CUST00690,meta,2024-03-10,CA,True
CUST00691,meta,2024-03-29,GB,True
CUST00692,meta,2024-03-05,US,False
CUST00693,meta,2024-03-27,GB,True
CUST00694,meta,2024-03-26,US,True
CUST00695,meta,2024-03-29,US,False
CUST00696,meta,2024-03-06,US,True
CUST00697,meta,2024-03-28,US,True
CUST00698,meta,2024-03-06,US,True
CUST00699,meta,2024-03-14,AU,True
CUST00700,meta,2024-03-20,GB,False
CUST00701,meta,2024-03-28,US,True
CUST00702,meta,2024-03-09,GB,True
CUST00703,meta,2024-03-30,DE,False
CUST00704,meta,2024-03-02,US,True
CUST00705,meta,2024-03-12,GB,False
CUST00706,meta,2024-03-14,AU,True
CUST00707,meta,2024-03-17,FR,True
CUST00708,meta,2024-03-16,GB,False
CUST00709,meta,2024-03-05,CA,True
CUST00710,meta,2024-03-07,GB,False
CUST00711,meta,2024-03-16,GB,False
CUST00712,meta,2024-03-30,US,True
CUST00713,meta,2024-03-22,GB,False
CUST00714,meta,2024-03-24,FR,True
CUST00715,meta,2024-03-03,US,True
CUST00716,meta,2024-03-04,GB,False
CUST00717,meta,2024-03-07,FR,True
CUST00718,meta,2024-03-09,GB,True
CUST00719,meta,2024-03-03,GB,False
CUST00720,meta,2024-03-03,NL,True
CUST00721,meta,2024-03-14,US,False
CUST00722,meta,2024-03-25,US,True
CUST00723,meta,2024-03-02,GB,False
CUST00724,meta,2024-03-29,US,False
CUST00725,meta,2024-03-29,US,True
CUST00726,meta,2024-03-08,AU,True
CUST00727,meta,2024-03-05,GB,False
CUST00728,meta,2024-03-03,GB,True
CUST00729,meta,2024-03-11,US,True
CUST00730,meta,2024-03-14,DE,True
CUST00731,meta,2024-03-01,US,True
CUST00732,meta,2024-03-09,US,True
CUST00733,meta,2024-03-11,GB,True
CUST00734,meta,2024-03-14,US,False
CUST00735,meta,2024-03-17,US,True
CUST00736,meta,2024-03-23,GB,False
CUST00737,meta,2024-03-29,GB,True
CUST00738,meta,2024-03-28,US,True
CUST00739,meta,2024-03-15,DE,False
CUST00740,meta,2024-03-04,GB,True
CUST00741,meta,2024-03-16,AU,True
CUST00742,meta,2024-03-15,GB,True
CUST00743,meta,2024-03-03,FR,False
CUST00744,meta,2024-03-16,DE,True
CUST00745,meta,2024-03-25,CA,True
CUST00746,meta,2024-03-21,US,True
CUST00747,meta,2024-03-29,DE,True
CUST00748,meta,2024-03-17,DE,True
CUST00749,meta,2024-03-26,US,False
CUST00750,meta,2024-03-18,US,True
CUST00751,meta,2024-03-28,GB,True
CUST00752,meta,2024-03-23,GB,True
CUST00753,meta,2024-03-28,FR,True
CUST00754,meta,2024-03-17,DE,True
CUST00755,meta,2024-03-18,GB,True
CUST00756,meta,2024-03-21,FR,True
CUST00757,meta,2024-03-19,GB,True
CUST00758,meta,2024-03-23,AU,False
CUST00759,meta,2024-03-03,AU,True
CUST00760,meta,2024-03-23,AU,True
CUST00761,meta,2024-03-19,US,False
CUST00762,meta,2024-03-03,AU,True
CUST00763,meta,2024-03-07,CA,True
CUST00764,meta,2024-03-20,CA,False
CUST00765,meta,2024-03-07,GB,True
CUST00766,meta,2024-03-04,US,True
CUST00767,meta,2024-03-16,US,True
CUST00768,meta,2024-03-22,GB,True
CUST00769,meta,2024-03-28,FR,False
CUST00770,meta,2024-03-05,GB,False
CUST00771,meta,2024-03-21,US,False
CUST00772,meta,2024-03-19,GB,True
CUST00773,meta,2024-03-19,CA,True
CUST00774,meta,2024-03-26,GB,True
CUST00775,meta,2024-03-13,GB,True
CUST00776,meta,2024-03-16,GB,False
CUST00777,meta,2024-03-25,US,True
CUST00778,meta,2024-03-04,FR,True
CUST00779,meta,2024-03-15,US,True
CUST00780,meta,2024-03-22,AU,True
CUST00781,meta,2024-03-17,CA,False
CUST00782,meta,2024-03-18,FR,True
CUST00783,meta,2024-03-20,GB,True
CUST00784,meta,2024-03-07,GB,True
CUST00785,meta,2024-03-29,US,True
CUST00786,meta,2024-03-18,DE,True
CUST00787,meta,2024-03-19,AU,True
CUST00788,meta,2024-03-26,US,True
CUST00789,google,2024-03-01,GB,True
CUST00790,google,2024-03-21,US,True
CUST00791,google,2024-03-27,GB,True
CUST00792,google,2024-03-10,DE,True
CUST00793,google,2024-03-15,US,True
CUST00794,google,2024-03-26,GB,True
CUST00795,google,2024-03-21,AU,True
CUST00796,google,2024-03-25,DE,True
CUST00797,google,2024-03-14,GB,True
CUST00798,google,2024-03-25,GB,True
CUST00799,google,2024-03-13,AU,True
CUST00800,google,2024-03-18,DE,True
CUST00801,google,2024-03-08,GB,False
CUST00802,google,2024-03-11,DE,False
CUST00803,google,2024-03-17,GB,True
CUST00804,google,2024-03-05,NL,False
CUST00805,google,2024-03-08,NL,True
CUST00806,google,2024-03-05,NL,True
CUST00807,google,2024-03-23,CA,True
CUST00808,google,2024-03-13,US,True
CUST00809,google,2024-03-09,AU,True
CUST00810,google,2024-03-18,FR,True
CUST00811,google,2024-03-21,DE,True
CUST00812,google,2024-03-03,GB,True
CUST00813,google,2024-03-09,GB,False
CUST00814,google,2024-03-14,AU,True
CUST00815,google,2024-03-19,FR,True
CUST00816,google,2024-03-06,US,False
CUST00817,google,2024-03-14,AU,False
CUST00818,google,2024-03-21,US,True
CUST00819,google,2024-03-06,GB,True
CUST00820,google,2024-03-08,GB,False
CUST00821,google,2024-03-28,DE,True
CUST00822,google,2024-03-30,US,True
CUST00823,google,2024-03-30,GB,True
CUST00824,google,2024-03-24,NL,True
CUST00825,google,2024-03-20,US,True
CUST00826,google,2024-03-13,DE,True
CUST00827,google,2024-03-26,FR,True
CUST00828,google,2024-03-17,US,True
CUST00829,google,2024-03-22,DE,True
CUST00830,google,2024-03-24,GB,False
CUST00831,google,2024-03-08,AU,True
CUST00832,google,2024-03-01,US,True
CUST00833,google,2024-03-25,AU,False
CUST00834,google,2024-03-09,GB,False
CUST00835,google,2024-03-16,GB,True
CUST00836,google,2024-03-03,US,False
CUST00837,google,2024-03-20,FR,True
CUST00838,google,2024-03-23,US,False
CUST00839,google,2024-03-05,AU,False
CUST00840,google,2024-03-16,GB,False
CUST00841,google,2024-03-01,GB,False
CUST00842,google,2024-03-02,US,True
CUST00843,google,2024-03-05,FR,True
CUST00844,google,2024-03-25,US,False
CUST00845,google,2024-03-17,US,True
CUST00846,google,2024-03-11,AU,True
CUST00847,google,2024-03-28,FR,False
CUST00848,google,2024-03-18,DE,True
CUST00849,google,2024-03-05,FR,True
CUST00850,google,2024-03-01,GB,True
CUST00851,google,2024-03-27,US,True
CUST00852,google,2024-03-03,AU,False
CUST00853,google,2024-03-07,FR,False
CUST00854,google,2024-03-06,GB,True
CUST00855,google,2024-03-10,GB,False
CUST00856,google,2024-03-11,US,True
CUST00857,google,2024-03-17,GB,False
CUST00858,google,2024-03-03,NL,True
CUST00859,google,2024-03-22,US,True
CUST00860,google,2024-03-25,GB,True
CUST00861,google,2024-03-27,NL,False
CUST00862,google,2024-03-25,FR,True
CUST00863,google,2024-03-29,GB,True
CUST00864,google,2024-03-06,US,True
CUST00865,google,2024-03-25,AU,False
CUST00866,google,2024-03-30,NL,True
CUST00867,google,2024-03-14,US,True
CUST00868,google,2024-03-15,US,True
CUST00869,google,2024-03-07,US,True
CUST00870,google,2024-03-27,AU,True
CUST00871,google,2024-03-10,GB,True
CUST00872,google,2024-03-17,NL,True
CUST00873,google,2024-03-09,US,True
CUST00874,google,2024-03-06,FR,False
CUST00875,google,2024-03-29,US,False
CUST00876,google,2024-03-26,GB,False
CUST00877,google,2024-03-01,US,True
CUST00878,tiktok,2024-03-03,DE,True
CUST00879,tiktok,2024-03-13,FR,True
CUST00880,tiktok,2024-03-14,DE,True
CUST00881,tiktok,2024-03-04,DE,True
CUST00882,tiktok,2024-03-10,FR,True
CUST00883,tiktok,2024-03-18,FR,True
CUST00884,tiktok,2024-03-30,AU,True
CUST00885,tiktok,2024-03-28,US,True
CUST00886,tiktok,2024-03-03,NL,False
CUST00887,tiktok,2024-03-21,CA,True
CUST00888,tiktok,2024-03-27,GB,True
CUST00889,tiktok,2024-03-10,US,False
CUST00890,tiktok,2024-03-11,NL,True
CUST00891,tiktok,2024-03-29,US,True
CUST00892,tiktok,2024-03-10,GB,True
CUST00893,tiktok,2024-03-04,GB,True
CUST00894,tiktok,2024-03-25,GB,True
CUST00895,tiktok,2024-03-21,GB,True
CUST00896,tiktok,2024-03-07,GB,True
CUST00897,tiktok,2024-03-01,GB,True
CUST00898,tiktok,2024-03-02,GB,True
CUST00899,tiktok,2024-03-29,GB,True
CUST00900,tiktok,2024-03-24,FR,True
CUST00901,tiktok,2024-03-04,FR,True
CUST00902,tiktok,2024-03-26,GB,True
CUST00903,tiktok,2024-03-26,GB,True
CUST00904,tiktok,2024-03-21,US,False
CUST00905,tiktok,2024-03-05,GB,True
CUST00906,tiktok,2024-03-17,GB,True
CUST00907,tiktok,2024-03-11,CA,False
CUST00908,tiktok,2024-03-28,FR,True
CUST00909,tiktok,2024-03-06,DE,False
CUST00910,tiktok,2024-03-12,NL,True
CUST00911,tiktok,2024-03-02,DE,True
CUST00912,tiktok,2024-03-19,NL,True
CUST00913,tiktok,2024-03-19,GB,True
CUST00914,tiktok,2024-03-02,NL,True
CUST00915,tiktok,2024-03-25,FR,False
CUST00916,tiktok,2024-03-24,GB,True
CUST00917,tiktok,2024-03-16,US,True
CUST00918,tiktok,2024-03-09,CA,True
CUST00919,tiktok,2024-03-04,GB,True
CUST00920,tiktok,2024-03-21,AU,True
CUST00921,tiktok,2024-03-27,FR,False
CUST00922,tiktok,2024-03-04,DE,True
CUST00923,tiktok,2024-03-02,US,True
CUST00924,tiktok,2024-03-02,GB,True
CUST00925,tiktok,2024-03-09,FR,True
CUST00926,tiktok,2024-03-28,FR,True
CUST00927,tiktok,2024-03-20,US,False
CUST00928,tiktok,2024-03-22,GB,False
CUST00929,tiktok,2024-03-06,US,True
CUST00930,organic,2024-03-04,US,True
CUST00931,organic,2024-03-15,FR,True
CUST00932,organic,2024-03-30,GB,False
CUST00933,organic,2024-03-19,US,True
CUST00934,organic,2024-03-24,GB,True
CUST00935,organic,2024-03-07,DE,True
CUST00936,organic,2024-03-07,GB,True
CUST00937,organic,2024-03-01,US,True
CUST00938,organic,2024-03-06,GB,False
CUST00939,organic,2024-03-27,US,True
CUST00940,organic,2024-03-15,GB,True
CUST00941,organic,2024-03-11,US,True
CUST00942,organic,2024-03-08,GB,True
CUST00943,organic,2024-03-10,GB,True
CUST00944,organic,2024-03-27,US,True
CUST00945,organic,2024-03-15,DE,True
CUST00946,organic,2024-03-05,GB,False
CUST00947,organic,2024-03-17,US,True
CUST00948,organic,2024-03-05,GB,True
CUST00949,organic,2024-03-10,GB,False
CUST00950,organic,2024-03-16,US,True
CUST00951,organic,2024-03-29,GB,True
CUST00952,organic,2024-03-16,CA,True
CUST00953,organic,2024-03-01,GB,True
CUST00954,organic,2024-03-22,GB,True
CUST00955,organic,2024-03-07,DE,True
CUST00956,organic,2024-03-24,US,True
CUST00957,organic,2024-03-15,US,True
CUST00958,organic,2024-03-09,US,True
CUST00959,organic,2024-03-14,AU,True
CUST00960,organic,2024-03-27,GB,True
CUST00961,organic,2024-03-04,AU,True
CUST00962,organic,2024-03-29,US,True
CUST00963,organic,2024-03-02,US,False
CUST00964,organic,2024-03-08,US,True
CUST00965,organic,2024-03-29,DE,True
CUST00966,organic,2024-03-07,US,True
CUST00967,organic,2024-03-20,US,True
CUST00968,organic,2024-03-12,AU,True
CUST00969,organic,2024-03-25,GB,True
CUST00970,organic,2024-03-09,US,True
CUST00971,organic,2024-03-24,NL,True
CUST00972,organic,2024-03-11,FR,True
CUST00973,organic,2024-03-04,GB,True
CUST00974,organic,2024-03-03,DE,True
CUST00975,organic,2024-03-19,US,False
CUST00976,organic,2024-03-03,GB,True
CUST00977,organic,2024-03-06,DE,True
CUST00978,organic,2024-03-13,US,True
CUST00979,organic,2024-03-19,DE,True
CUST00980,organic,2024-03-29,DE,True
CUST00981,organic,2024-03-26,GB,True
CUST00982,organic,2024-03-26,US,True
CUST00983,organic,2024-03-24,FR,True
CUST00984,organic,2024-03-25,AU,False
CUST00985,organic,2024-03-09,GB,True
CUST00986,organic,2024-03-11,GB,True
CUST00987,organic,2024-03-18,US,True
CUST00988,organic,2024-03-12,US,True
CUST00989,organic,2024-03-06,US,False
CUST00990,organic,2024-03-24,GB,True
CUST00991,organic,2024-03-20,GB,True
CUST00992,organic,2024-03-07,US,True
CUST00993,organic,2024-03-07,US,True
CUST00994,organic,2024-03-28,GB,True
CUST00995,organic,2024-03-13,NL,False
CUST00996,organic,2024-03-30,CA,True
CUST00997,organic,2024-03-14,NL,True
CUST00998,organic,2024-03-22,US,False
CUST00999,email,2024-03-24,GB,False
CUST01000,email,2024-03-30,GB,True
CUST01001,email,2024-03-25,GB,True
CUST01002,email,2024-03-23,US,True
CUST01003,email,2024-03-12,US,True
CUST01004,email,2024-03-06,GB,False
CUST01005,email,2024-03-08,US,True
CUST01006,email,2024-03-24,NL,True
CUST01007,email,2024-03-26,US,True
CUST01008,email,2024-03-05,US,True
CUST01009,email,2024-03-30,US,True
CUST01010,email,2024-03-21,US,True
CUST01011,email,2024-03-03,DE,False
CUST01012,email,2024-03-12,NL,False
CUST01013,email,2024-03-19,US,True
CUST01014,email,2024-03-21,GB,False
CUST01015,email,2024-03-12,NL,True
CUST01016,email,2024-03-14,US,False
CUST01017,email,2024-03-13,GB,True
CUST01018,email,2024-03-29,US,True
CUST01019,email,2024-03-19,DE,True
CUST01020,email,2024-03-20,US,True
CUST01021,email,2024-03-21,DE,True
CUST01022,email,2024-03-13,AU,False
CUST01023,email,2024-03-28,US,True
CUST01024,email,2024-03-20,FR,False
CUST01025,email,2024-03-27,FR,False
CUST01026,email,2024-03-09,US,False
CUST01027,email,2024-03-13,CA,True
CUST01028,referral,2024-03-20,DE,True
CUST01029,referral,2024-03-12,US,True
CUST01030,referral,2024-03-05,GB,False
CUST01031,referral,2024-03-17,FR,True
CUST01032,referral,2024-03-08,US,True
CUST01033,referral,2024-03-05,FR,False
CUST01034,referral,2024-03-30,US,True
CUST01035,referral,2024-03-13,GB,True
CUST01036,referral,2024-03-30,GB,False
CUST01037,referral,2024-03-20,US,True
CUST01038,referral,2024-03-30,GB,True
CUST01039,referral,2024-03-24,US,True
CUST01040,meta,2024-04-26,GB,True
CUST01041,meta,2024-04-25,US,True
CUST01042,meta,2024-04-09,DE,True
CUST01043,meta,2024-04-12,DE,True
CUST01044,meta,2024-04-05,CA,False
CUST01045,meta,2024-04-18,DE,False
CUST01046,meta,2024-04-29,GB,True
CUST01047,meta,2024-04-04,NL,True
CUST01048,meta,2024-04-28,NL,True
CUST01049,meta,2024-04-17,CA,True
CUST01050,meta,2024-04-11,US,True
CUST01051,meta,2024-04-23,NL,True
CUST01052,meta,2024-04-13,GB,True
CUST01053,meta,2024-04-28,GB,True
CUST01054,meta,2024-04-17,NL,True
CUST01055,meta,2024-04-27,FR,True
CUST01056,meta,2024-04-22,CA,False
CUST01057,meta,2024-04-12,FR,False
CUST01058,meta,2024-04-23,AU,True
CUST01059,meta,2024-04-24,GB,True
CUST01060,meta,2024-04-19,US,True
CUST01061,meta,2024-04-12,FR,False
CUST01062,meta,2024-04-18,US,True
CUST01063,meta,2024-04-13,GB,True
CUST01064,meta,2024-04-20,DE,True
CUST01065,meta,2024-04-04,US,True
CUST01066,meta,2024-04-24,GB,True
CUST01067,meta,2024-04-28,GB,True
CUST01068,meta,2024-04-25,DE,True
CUST01069,meta,2024-04-12,AU,True
CUST01070,meta,2024-04-12,GB,True
CUST01071,meta,2024-04-18,GB,True
CUST01072,meta,2024-04-06,NL,False
CUST01073,meta,2024-04-01,FR,True
CUST01074,meta,2024-04-24,US,True
CUST01075,meta,2024-04-24,AU,True
CUST01076,meta,2024-04-24,GB,True
CUST01077,meta,2024-04-20,GB,True
CUST01078,meta,2024-04-03,US,False
CUST01079,meta,2024-04-24,NL,True
CUST01080,meta,2024-04-25,GB,True
CUST01081,meta,2024-04-23,CA,False
CUST01082,meta,2024-04-16,DE,True
CUST01083,meta,2024-04-11,US,True
CUST01084,meta,2024-04-16,US,True
CUST01085,meta,2024-04-10,US,True
CUST01086,meta,2024-04-14,US,True
CUST01087,meta,2024-04-18,GB,False
CUST01088,meta,2024-04-11,US,True
CUST01089,meta,2024-04-18,AU,True
CUST01090,meta,2024-04-22,GB,True
CUST01091,meta,2024-04-28,DE,True
CUST01092,meta,2024-04-14,FR,False
CUST01093,meta,2024-04-19,GB,True
CUST01094,meta,2024-04-23,FR,True
CUST01095,meta,2024-04-21,US,True
CUST01096,meta,2024-04-24,GB,True
CUST01097,meta,2024-04-20,GB,True
CUST01098,meta,2024-04-03,GB,True
CUST01099,meta,2024-04-24,AU,True
CUST01100,meta,2024-04-22,DE,True
CUST01101,meta,2024-04-18,US,True
CUST01102,meta,2024-04-17,GB,True
CUST01103,meta,2024-04-18,AU,True
CUST01104,meta,2024-04-29,US,True
CUST01105,meta,2024-04-14,US,False
CUST01106,meta,2024-04-22,AU,False
CUST01107,meta,2024-04-14,US,True
CUST01108,meta,2024-04-09,US,True
CUST01109,meta,2024-04-21,US,False
CUST01110,meta,2024-04-04,GB,True
CUST01111,meta,2024-04-12,GB,True
CUST01112,meta,2024-04-13,US,False
CUST01113,meta,2024-04-14,AU,True
CUST01114,meta,2024-04-29,US,False
CUST01115,meta,2024-04-21,GB,True
CUST01116,meta,2024-04-07,DE,True
CUST01117,meta,2024-04-04,GB,False
CUST01118,meta,2024-04-06,GB,False
CUST01119,meta,2024-04-27,GB,False
CUST01120,meta,2024-04-26,FR,True
CUST01121,meta,2024-04-06,GB,True
CUST01122,meta,2024-04-05,DE,False
CUST01123,meta,2024-04-16,GB,True
CUST01124,meta,2024-04-22,US,True
CUST01125,meta,2024-04-26,AU,True
CUST01126,meta,2024-04-02,DE,True
CUST01127,meta,2024-04-24,US,True
CUST01128,meta,2024-04-27,US,True
CUST01129,meta,2024-04-29,US,False
CUST01130,meta,2024-04-26,US,True
CUST01131,meta,2024-04-17,US,True
CUST01132,meta,2024-04-05,US,True
CUST01133,meta,2024-04-21,GB,True
CUST01134,meta,2024-04-01,GB,True
CUST01135,meta,2024-04-17,GB,True
CUST01136,meta,2024-04-24,NL,False
CUST01137,meta,2024-04-15,GB,False
CUST01138,meta,2024-04-15,US,True
CUST01139,meta,2024-04-27,US,False
CUST01140,meta,2024-04-28,US,True
CUST01141,meta,2024-04-08,DE,False
CUST01142,meta,2024-04-19,GB,True
CUST01143,meta,2024-04-21,US,True
CUST01144,meta,2024-04-14,US,True
CUST01145,meta,2024-04-21,GB,True
CUST01146,meta,2024-04-09,GB,True
CUST01147,meta,2024-04-23,US,True
CUST01148,meta,2024-04-24,GB,True
CUST01149,meta,2024-04-08,GB,True
CUST01150,meta,2024-04-10,CA,True
CUST01151,meta,2024-04-14,GB,False
CUST01152,meta,2024-04-01,GB,True
CUST01153,meta,2024-04-01,US,True
CUST01154,meta,2024-04-21,GB,False
CUST01155,meta,2024-04-19,US,True
CUST01156,meta,2024-04-17,GB,True
CUST01157,meta,2024-04-03,GB,False
CUST01158,meta,2024-04-04,US,True
CUST01159,google,2024-04-13,FR,True
CUST01160,google,2024-04-06,CA,True
CUST01161,google,2024-04-19,FR,False
CUST01162,google,2024-04-12,DE,True
CUST01163,google,2024-04-10,US,True
CUST01164,google,2024-04-26,DE,True
CUST01165,google,2024-04-23,US,True
CUST01166,google,2024-04-16,GB,True
CUST01167,google,2024-04-27,US,True
CUST01168,google,2024-04-24,US,True
CUST01169,google,2024-04-18,AU,True
CUST01170,google,2024-04-06,GB,False
CUST01171,google,2024-04-16,GB,True
CUST01172,google,2024-04-29,GB,True
CUST01173,google,2024-04-01,CA,False
CUST01174,google,2024-04-29,GB,True
CUST01175,google,2024-04-13,GB,True
CUST01176,google,2024-04-17,NL,True
CUST01177,google,2024-04-03,US,True
CUST01178,google,2024-04-27,FR,True
CUST01179,google,2024-04-24,GB,True
CUST01180,google,2024-04-22,DE,True
CUST01181,google,2024-04-19,US,True
CUST01182,google,2024-04-13,AU,False
CUST01183,google,2024-04-22,US,False
CUST01184,google,2024-04-10,US,True
CUST01185,google,2024-04-16,DE,True
CUST01186,google,2024-04-27,GB,True
CUST01187,google,2024-04-22,GB,True
CUST01188,google,2024-04-27,US,True
CUST01189,google,2024-04-25,US,True
CUST01190,google,2024-04-01,US,True
CUST01191,google,2024-04-12,GB,True
CUST01192,google,2024-04-27,FR,True
CUST01193,google,2024-04-26,DE,True
CUST01194,google,2024-04-14,GB,True
CUST01195,google,2024-04-06,GB,True
CUST01196,google,2024-04-03,AU,True
CUST01197,google,2024-04-09,AU,True
CUST01198,google,2024-04-06,US,True
CUST01199,google,2024-04-02,US,False
CUST01200,google,2024-04-24,US,True
CUST01201,google,2024-04-03,US,True
CUST01202,google,2024-04-01,NL,True
CUST01203,google,2024-04-24,NL,True
CUST01204,google,2024-04-23,FR,True
CUST01205,google,2024-04-18,US,False
CUST01206,google,2024-04-18,FR,True
CUST01207,google,2024-04-13,US,True
CUST01208,google,2024-04-15,GB,True
CUST01209,google,2024-04-26,GB,True
CUST01210,google,2024-04-26,US,True
CUST01211,google,2024-04-26,DE,True
CUST01212,google,2024-04-28,DE,False
CUST01213,google,2024-04-06,FR,True
CUST01214,google,2024-04-23,DE,False
CUST01215,google,2024-04-06,GB,True
CUST01216,google,2024-04-27,US,True
CUST01217,google,2024-04-08,US,False
CUST01218,google,2024-04-18,NL,True
CUST01219,google,2024-04-19,US,False
CUST01220,google,2024-04-16,US,True
CUST01221,google,2024-04-19,FR,True
CUST01222,google,2024-04-18,CA,False
CUST01223,google,2024-04-20,GB,True
CUST01224,google,2024-04-14,US,True
CUST01225,google,2024-04-15,GB,True
CUST01226,google,2024-04-11,AU,True
CUST01227,google,2024-04-14,NL,True
CUST01228,google,2024-04-05,GB,True
CUST01229,google,2024-04-08,GB,True
CUST01230,google,2024-04-29,GB,True
CUST01231,google,2024-04-15,GB,False
CUST01232,google,2024-04-28,NL,True
CUST01233,google,2024-04-16,FR,True
CUST01234,google,2024-04-24,FR,True
CUST01235,google,2024-04-29,US,True
CUST01236,google,2024-04-28,US,True
CUST01237,google,2024-04-17,GB,False
CUST01238,tiktok,2024-04-06,AU,True
CUST01239,tiktok,2024-04-01,US,False
CUST01240,tiktok,2024-04-03,GB,True
CUST01241,tiktok,2024-04-16,US,True
CUST01242,tiktok,2024-04-16,US,True
CUST01243,tiktok,2024-04-08,GB,False
CUST01244,tiktok,2024-04-22,FR,True
CUST01245,tiktok,2024-04-11,US,False
CUST01246,tiktok,2024-04-08,GB,True
CUST01247,tiktok,2024-04-24,US,True
CUST01248,tiktok,2024-04-27,US,True
CUST01249,tiktok,2024-04-20,US,True
CUST01250,tiktok,2024-04-07,US,True
CUST01251,tiktok,2024-04-24,US,True
CUST01252,tiktok,2024-04-28,US,True
CUST01253,tiktok,2024-04-12,GB,False
CUST01254,tiktok,2024-04-16,DE,True
CUST01255,tiktok,2024-04-06,DE,False
CUST01256,tiktok,2024-04-18,GB,True
CUST01257,tiktok,2024-04-17,US,True
CUST01258,tiktok,2024-04-15,GB,True
CUST01259,tiktok,2024-04-22,US,False
CUST01260,tiktok,2024-04-03,NL,True
CUST01261,tiktok,2024-04-10,DE,True
CUST01262,tiktok,2024-04-05,GB,True
CUST01263,tiktok,2024-04-12,NL,True
CUST01264,tiktok,2024-04-14,GB,True
CUST01265,tiktok,2024-04-15,US,True
CUST01266,tiktok,2024-04-17,GB,True
CUST01267,tiktok,2024-04-10,US,True
CUST01268,tiktok,2024-04-27,US,True
CUST01269,tiktok,2024-04-01,US,True
CUST01270,tiktok,2024-04-13,GB,True
CUST01271,tiktok,2024-04-10,FR,True
CUST01272,tiktok,2024-04-03,US,True
CUST01273,tiktok,2024-04-04,US,True
CUST01274,tiktok,2024-04-18,AU,True
CUST01275,tiktok,2024-04-15,AU,False
CUST01276,tiktok,2024-04-12,CA,True
CUST01277,tiktok,2024-04-16,US,True
CUST01278,tiktok,2024-04-10,GB,False
CUST01279,tiktok,2024-04-28,NL,True
CUST01280,tiktok,2024-04-02,GB,True
CUST01281,tiktok,2024-04-17,US,True
CUST01282,tiktok,2024-04-01,GB,True
CUST01283,tiktok,2024-04-18,US,True
CUST01284,tiktok,2024-04-25,GB,True
CUST01285,tiktok,2024-04-13,AU,True
CUST01286,tiktok,2024-04-27,NL,True
CUST01287,tiktok,2024-04-08,GB,False
CUST01288,tiktok,2024-04-07,GB,False
CUST01289,organic,2024-04-12,US,True
CUST01290,organic,2024-04-21,CA,True
CUST01291,organic,2024-04-22,US,True
CUST01292,organic,2024-04-07,US,True
CUST01293,organic,2024-04-07,GB,True
CUST01294,organic,2024-04-21,CA,True
CUST01295,organic,2024-04-28,NL,True
CUST01296,organic,2024-04-04,US,True
CUST01297,organic,2024-04-09,GB,True
CUST01298,organic,2024-04-02,FR,False
CUST01299,organic,2024-04-20,GB,True
CUST01300,organic,2024-04-08,FR,True
CUST01301,organic,2024-04-07,GB,True
CUST01302,organic,2024-04-28,US,True
CUST01303,organic,2024-04-12,DE,True
CUST01304,organic,2024-04-04,DE,False
CUST01305,organic,2024-04-07,US,False
CUST01306,organic,2024-04-19,GB,False
CUST01307,organic,2024-04-24,US,True
CUST01308,organic,2024-04-10,GB,False
CUST01309,organic,2024-04-01,NL,False
CUST01310,organic,2024-04-11,DE,True
CUST01311,organic,2024-04-10,GB,False
CUST01312,organic,2024-04-24,DE,False
CUST01313,organic,2024-04-12,US,True
CUST01314,organic,2024-04-19,DE,False
CUST01315,organic,2024-04-28,US,True
CUST01316,organic,2024-04-26,GB,False
CUST01317,organic,2024-04-03,AU,True
CUST01318,organic,2024-04-26,US,True
CUST01319,organic,2024-04-28,US,True
CUST01320,organic,2024-04-10,GB,False
CUST01321,organic,2024-04-15,FR,True
CUST01322,organic,2024-04-23,GB,True
CUST01323,organic,2024-04-03,DE,True
CUST01324,organic,2024-04-23,FR,False
CUST01325,organic,2024-04-05,DE,True
CUST01326,organic,2024-04-09,FR,True
CUST01327,organic,2024-04-20,US,False
CUST01328,organic,2024-04-02,GB,True
CUST01329,organic,2024-04-23,GB,True
CUST01330,organic,2024-04-08,DE,True
CUST01331,organic,2024-04-05,GB,False
CUST01332,organic,2024-04-18,GB,False
CUST01333,organic,2024-04-25,US,True
CUST01334,organic,2024-04-19,US,True
CUST01335,organic,2024-04-09,NL,True
CUST01336,organic,2024-04-08,AU,True
CUST01337,organic,2024-04-03,US,True
CUST01338,organic,2024-04-22,GB,True
CUST01339,organic,2024-04-06,AU,True
CUST01340,organic,2024-04-01,US,True
CUST01341,organic,2024-04-01,US,False
CUST01342,organic,2024-04-27,FR,False
CUST01343,organic,2024-04-12,GB,False
CUST01344,organic,2024-04-23,US,True
CUST01345,organic,2024-04-01,GB,True
CUST01346,organic,2024-04-28,FR,True
CUST01347,organic,2024-04-03,GB,True
CUST01348,organic,2024-04-17,GB,True
CUST01349,organic,2024-04-29,AU,True
CUST01350,organic,2024-04-17,NL,True
CUST01351,email,2024-04-06,US,True
CUST01352,email,2024-04-08,DE,True
CUST01353,email,2024-04-23,DE,True
CUST01354,email,2024-04-02,GB,True
CUST01355,email,2024-04-16,US,False
CUST01356,email,2024-04-04,FR,True
CUST01357,email,2024-04-15,US,True
CUST01358,email,2024-04-14,GB,False
CUST01359,email,2024-04-26,GB,True
CUST01360,email,2024-04-03,GB,True
CUST01361,email,2024-04-24,DE,True
CUST01362,email,2024-04-21,US,True
CUST01363,email,2024-04-13,US,True
CUST01364,email,2024-04-07,US,False
CUST01365,email,2024-04-26,DE,False
CUST01366,email,2024-04-24,FR,True
CUST01367,email,2024-04-15,CA,True
CUST01368,email,2024-04-06,GB,True
CUST01369,email,2024-04-11,FR,False
CUST01370,email,2024-04-21,GB,True
CUST01371,email,2024-04-28,FR,True
CUST01372,email,2024-04-01,US,True
CUST01373,email,2024-04-13,FR,True
CUST01374,email,2024-04-15,US,True
CUST01375,email,2024-04-01,GB,True
CUST01376,email,2024-04-17,US,True
CUST01377,email,2024-04-09,GB,True
CUST01378,email,2024-04-24,NL,True
CUST01379,email,2024-04-07,US,False
CUST01380,email,2024-04-27,AU,False
CUST01381,referral,2024-04-21,NL,True
CUST01382,referral,2024-04-26,GB,True
CUST01383,referral,2024-04-27,US,True
CUST01384,referral,2024-04-29,DE,True
CUST01385,referral,2024-04-04,CA,True
CUST01386,referral,2024-04-02,GB,False
CUST01387,referral,2024-04-26,AU,False
CUST01388,referral,2024-04-10,US,True
CUST01389,referral,2024-04-16,DE,True
CUST01390,referral,2024-04-21,GB,True
CUST01391,referral,2024-04-19,US,True
CUST01392,referral,2024-04-11,US,True
CUST01393,referral,2024-04-06,US,True
CUST01394,meta,2024-05-05,US,True
CUST01395,meta,2024-05-24,NL,True
CUST01396,meta,2024-05-10,GB,False
CUST01397,meta,2024-05-26,GB,True
CUST01398,meta,2024-05-07,FR,True
CUST01399,meta,2024-05-26,DE,True
CUST01400,meta,2024-05-10,DE,False
CUST01401,meta,2024-05-19,DE,True
CUST01402,meta,2024-05-01,GB,True
CUST01403,meta,2024-05-29,AU,True
CUST01404,meta,2024-05-23,AU,True
CUST01405,meta,2024-05-26,FR,True
CUST01406,meta,2024-05-02,US,True
CUST01407,meta,2024-05-11,GB,True
CUST01408,meta,2024-05-14,GB,True
CUST01409,meta,2024-05-22,DE,True
CUST01410,meta,2024-05-08,GB,True
CUST01411,meta,2024-05-01,CA,True
CUST01412,meta,2024-05-11,US,True
CUST01413,meta,2024-05-14,GB,True
CUST01414,meta,2024-05-28,GB,True
CUST01415,meta,2024-05-16,US,True
CUST01416,meta,2024-05-27,US,True
CUST01417,meta,2024-05-02,US,True
CUST01418,meta,2024-05-06,US,True
CUST01419,meta,2024-05-21,US,False
CUST01420,meta,2024-05-30,US,True
CUST01421,meta,2024-05-10,DE,True
CUST01422,meta,2024-05-23,US,True
CUST01423,meta,2024-05-23,GB,True
CUST01424,meta,2024-05-23,US,True
CUST01425,meta,2024-05-07,AU,True
CUST01426,meta,2024-05-18,US,True
CUST01427,meta,2024-05-16,US,True
CUST01428,meta,2024-05-04,US,True
CUST01429,meta,2024-05-24,US,True
CUST01430,meta,2024-05-14,FR,True
CUST01431,meta,2024-05-25,GB,True
CUST01432,meta,2024-05-16,US,True
CUST01433,meta,2024-05-15,US,False
CUST01434,meta,2024-05-29,US,True
CUST01435,meta,2024-05-27,GB,False
CUST01436,meta,2024-05-19,GB,True
CUST01437,meta,2024-05-29,US,False
CUST01438,meta,2024-05-28,FR,True
CUST01439,meta,2024-05-09,DE,True
CUST01440,meta,2024-05-28,AU,True
CUST01441,meta,2024-05-29,US,True
CUST01442,meta,2024-05-27,GB,False
CUST01443,meta,2024-05-09,GB,False
CUST01444,meta,2024-05-04,US,False
CUST01445,meta,2024-05-16,US,True
CUST01446,meta,2024-05-05,GB,True
CUST01447,meta,2024-05-29,NL,True
CUST01448,meta,2024-05-08,DE,False
CUST01449,meta,2024-05-26,GB,False
CUST01450,meta,2024-05-10,GB,True
CUST01451,meta,2024-05-15,US,True
CUST01452,meta,2024-05-22,DE,True
CUST01453,meta,2024-05-05,US,False
CUST01454,meta,2024-05-07,AU,True
CUST01455,meta,2024-05-18,NL,True
CUST01456,meta,2024-05-01,DE,True
CUST01457,meta,2024-05-06,AU,True
CUST01458,meta,2024-05-12,US,False
CUST01459,meta,2024-05-16,DE,False
CUST01460,meta,2024-05-19,US,True
CUST01461,meta,2024-05-09,US,True
CUST01462,meta,2024-05-27,US,True
CUST01463,meta,2024-05-21,GB,True
CUST01464,meta,2024-05-07,GB,True
CUST01465,meta,2024-05-07,DE,False
CUST01466,meta,2024-05-22,CA,True
CUST01467,meta,2024-05-05,GB,False
CUST01468,meta,2024-05-23,AU,False
CUST01469,meta,2024-05-09,US,False
CUST01470,meta,2024-05-27,FR,False
CUST01471,meta,2024-05-18,GB,False
CUST01472,meta,2024-05-30,GB,False
CUST01473,meta,2024-05-12,DE,True
CUST01474,meta,2024-05-20,NL,True
CUST01475,meta,2024-05-02,CA,False
CUST01476,meta,2024-05-18,GB,False
CUST01477,meta,2024-05-04,GB,True
CUST01478,meta,2024-05-23,US,True
CUST01479,meta,2024-05-12,US,True
CUST01480,meta,2024-05-27,FR,True
CUST01481,meta,2024-05-30,GB,True
CUST01482,meta,2024-05-26,FR,False
CUST01483,meta,2024-05-23,US,False
CUST01484,meta,2024-05-28,DE,False
CUST01485,meta,2024-05-18,CA,True
CUST01486,meta,2024-05-15,GB,True
CUST01487,meta,2024-05-28,GB,False
CUST01488,meta,2024-05-29,GB,True
CUST01489,meta,2024-05-15,FR,True
CUST01490,meta,2024-05-14,US,True
CUST01491,meta,2024-05-25,GB,True
CUST01492,meta,2024-05-13,GB,True
CUST01493,meta,2024-05-14,AU,True
CUST01494,meta,2024-05-06,US,True
CUST01495,meta,2024-05-22,US,True
CUST01496,meta,2024-05-13,FR,True
CUST01497,meta,2024-05-24,GB,True
CUST01498,meta,2024-05-17,CA,True
CUST01499,meta,2024-05-29,NL,True
CUST01500,meta,2024-05-25,FR,False
CUST01501,meta,2024-05-19,GB,False
CUST01502,meta,2024-05-09,GB,True
CUST01503,meta,2024-05-03,US,True
CUST01504,meta,2024-05-03,GB,False
CUST01505,meta,2024-05-24,GB,True
CUST01506,meta,2024-05-19,DE,False
CUST01507,meta,2024-05-24,GB,False
CUST01508,meta,2024-05-01,GB,False
CUST01509,meta,2024-05-19,DE,True
CUST01510,meta,2024-05-05,NL,True
CUST01511,meta,2024-05-21,US,True
CUST01512,meta,2024-05-17,GB,True
CUST01513,google,2024-05-29,US,True
CUST01514,google,2024-05-29,FR,True
CUST01515,google,2024-05-09,GB,True
CUST01516,google,2024-05-01,AU,True
CUST01517,google,2024-05-20,GB,True
CUST01518,google,2024-05-22,US,True
CUST01519,google,2024-05-13,GB,True
CUST01520,google,2024-05-05,GB,True
CUST01521,google,2024-05-30,US,True
CUST01522,google,2024-05-05,AU,True
CUST01523,google,2024-05-19,DE,True
CUST01524,google,2024-05-06,DE,True
CUST01525,google,2024-05-15,US,True
CUST01526,google,2024-05-23,NL,True
CUST01527,google,2024-05-21,DE,True
CUST01528,google,2024-05-13,GB,True
CUST01529,google,2024-05-14,FR,False
CUST01530,google,2024-05-19,GB,True
CUST01531,google,2024-05-13,CA,True
CUST01532,google,2024-05-09,US,False
CUST01533,google,2024-05-10,US,True
CUST01534,google,2024-05-24,GB,False
CUST01535,google,2024-05-11,US,True
CUST01536,google,2024-05-22,DE,True
CUST01537,google,2024-05-02,GB,True
CUST01538,google,2024-05-22,GB,False
CUST01539,google,2024-05-08,DE,True
CUST01540,google,2024-05-02,DE,True
CUST01541,google,2024-05-08,DE,False
CUST01542,google,2024-05-28,GB,False
CUST01543,google,2024-05-24,US,True
CUST01544,google,2024-05-27,GB,False
CUST01545,google,2024-05-24,GB,True
CUST01546,google,2024-05-17,DE,False
CUST01547,google,2024-05-03,US,True
CUST01548,google,2024-05-18,US,True
CUST01549,google,2024-05-04,AU,True
CUST01550,google,2024-05-10,GB,True
CUST01551,google,2024-05-19,DE,True
CUST01552,google,2024-05-19,AU,True
CUST01553,google,2024-05-24,GB,False
CUST01554,google,2024-05-10,GB,True
CUST01555,google,2024-05-02,DE,True
CUST01556,google,2024-05-24,US,True
CUST01557,google,2024-05-25,US,False
CUST01558,google,2024-05-01,GB,True
CUST01559,google,2024-05-17,FR,True
CUST01560,google,2024-05-20,GB,False
CUST01561,google,2024-05-27,GB,True
CUST01562,google,2024-05-04,GB,True
CUST01563,google,2024-05-24,DE,False
CUST01564,google,2024-05-03,GB,True
CUST01565,google,2024-05-01,GB,True
CUST01566,google,2024-05-15,FR,True
CUST01567,google,2024-05-23,US,True
CUST01568,google,2024-05-06,GB,True
CUST01569,google,2024-05-04,FR,False
CUST01570,google,2024-05-17,FR,False
CUST01571,google,2024-05-16,GB,True
CUST01572,google,2024-05-16,AU,True
CUST01573,google,2024-05-03,US,True
CUST01574,google,2024-05-04,GB,True
CUST01575,google,2024-05-21,GB,True
CUST01576,google,2024-05-27,GB,True
CUST01577,google,2024-05-29,GB,True
CUST01578,google,2024-05-30,US,True
CUST01579,google,2024-05-01,AU,True
CUST01580,google,2024-05-01,GB,True
CUST01581,google,2024-05-29,AU,False
CUST01582,google,2024-05-24,DE,True
CUST01583,google,2024-05-07,US,False
CUST01584,google,2024-05-21,GB,True
CUST01585,google,2024-05-30,DE,True
CUST01586,google,2024-05-25,US,True
CUST01587,google,2024-05-15,GB,True
CUST01588,google,2024-05-28,GB,True
CUST01589,google,2024-05-26,CA,True
CUST01590,google,2024-05-27,US,False
CUST01591,google,2024-05-11,GB,True
CUST01592,google,2024-05-06,FR,False
CUST01593,google,2024-05-25,GB,True
CUST01594,google,2024-05-03,US,True
CUST01595,tiktok,2024-05-13,GB,False
CUST01596,tiktok,2024-05-03,GB,True
CUST01597,tiktok,2024-05-27,GB,True
CUST01598,tiktok,2024-05-24,US,True
CUST01599,tiktok,2024-05-12,DE,True
CUST01600,tiktok,2024-05-21,GB,True
CUST01601,tiktok,2024-05-12,FR,True
CUST01602,tiktok,2024-05-12,GB,False
CUST01603,tiktok,2024-05-10,US,True
CUST01604,tiktok,2024-05-04,US,False
CUST01605,tiktok,2024-05-03,AU,True
CUST01606,tiktok,2024-05-11,NL,False
CUST01607,tiktok,2024-05-09,US,True
CUST01608,tiktok,2024-05-23,DE,True
CUST01609,tiktok,2024-05-14,GB,True
CUST01610,tiktok,2024-05-02,DE,True
CUST01611,tiktok,2024-05-14,GB,False
CUST01612,tiktok,2024-05-23,US,True
CUST01613,tiktok,2024-05-11,AU,True
CUST01614,tiktok,2024-05-30,NL,True
CUST01615,tiktok,2024-05-05,US,False
CUST01616,tiktok,2024-05-11,US,False
CUST01617,tiktok,2024-05-14,GB,False
CUST01618,tiktok,2024-05-12,GB,False
CUST01619,tiktok,2024-05-29,GB,True
CUST01620,tiktok,2024-05-28,AU,False
CUST01621,tiktok,2024-05-03,GB,False
CUST01622,tiktok,2024-05-25,GB,False
CUST01623,tiktok,2024-05-24,FR,True
CUST01624,tiktok,2024-05-22,US,True
CUST01625,tiktok,2024-05-28,FR,False
CUST01626,tiktok,2024-05-11,GB,True
CUST01627,tiktok,2024-05-12,US,True
CUST01628,tiktok,2024-05-01,US,True
CUST01629,tiktok,2024-05-08,DE,True
CUST01630,tiktok,2024-05-23,US,True
CUST01631,tiktok,2024-05-20,GB,True
CUST01632,tiktok,2024-05-23,DE,True
CUST01633,tiktok,2024-05-04,US,True
CUST01634,tiktok,2024-05-26,GB,False
CUST01635,tiktok,2024-05-14,DE,True
CUST01636,tiktok,2024-05-04,US,True
CUST01637,tiktok,2024-05-03,US,True
CUST01638,tiktok,2024-05-03,GB,True
CUST01639,tiktok,2024-05-23,US,True
CUST01640,tiktok,2024-05-18,GB,True
CUST01641,tiktok,2024-05-28,DE,True
CUST01642,tiktok,2024-05-07,CA,True
CUST01643,tiktok,2024-05-27,GB,False
CUST01644,tiktok,2024-05-29,AU,True
CUST01645,organic,2024-05-13,US,False
CUST01646,organic,2024-05-14,GB,True
CUST01647,organic,2024-05-17,US,True
CUST01648,organic,2024-05-23,DE,True
CUST01649,organic,2024-05-22,US,True
CUST01650,organic,2024-05-10,AU,False
CUST01651,organic,2024-05-05,GB,True
CUST01652,organic,2024-05-14,CA,True
CUST01653,organic,2024-05-06,GB,True
CUST01654,organic,2024-05-08,US,True
CUST01655,organic,2024-05-26,CA,True
CUST01656,organic,2024-05-15,US,True
CUST01657,organic,2024-05-24,GB,False
CUST01658,organic,2024-05-02,GB,True
CUST01659,organic,2024-05-02,AU,True
CUST01660,organic,2024-05-26,US,False
CUST01661,organic,2024-05-29,GB,True
CUST01662,organic,2024-05-24,US,False
CUST01663,organic,2024-05-23,GB,True
CUST01664,organic,2024-05-15,GB,True
CUST01665,organic,2024-05-12,US,True
CUST01666,organic,2024-05-03,GB,True
CUST01667,organic,2024-05-23,CA,True
CUST01668,organic,2024-05-26,GB,True
CUST01669,organic,2024-05-08,GB,True
CUST01670,organic,2024-05-02,CA,True
CUST01671,organic,2024-05-22,GB,True
CUST01672,organic,2024-05-10,US,True
CUST01673,organic,2024-05-16,CA,True
CUST01674,organic,2024-05-19,US,True
CUST01675,organic,2024-05-26,GB,True
CUST01676,organic,2024-05-20,NL,True
CUST01677,organic,2024-05-23,NL,True
CUST01678,organic,2024-05-01,CA,True
CUST01679,organic,2024-05-15,US,True
CUST01680,organic,2024-05-28,DE,False
CUST01681,organic,2024-05-17,DE,False
CUST01682,organic,2024-05-02,GB,True
CUST01683,organic,2024-05-15,GB,True
CUST01684,organic,2024-05-22,US,True
CUST01685,organic,2024-05-03,US,True
CUST01686,organic,2024-05-29,US,True
CUST01687,organic,2024-05-10,GB,False
CUST01688,organic,2024-05-05,CA,False
CUST01689,organic,2024-05-10,US,True
CUST01690,organic,2024-05-18,US,False
CUST01691,organic,2024-05-18,US,True
CUST01692,organic,2024-05-14,GB,True
CUST01693,organic,2024-05-22,AU,True
CUST01694,organic,2024-05-11,DE,False
CUST01695,organic,2024-05-21,FR,True
CUST01696,organic,2024-05-08,FR,False
CUST01697,organic,2024-05-21,GB,True
CUST01698,organic,2024-05-07,GB,False
CUST01699,organic,2024-05-26,CA,True
CUST01700,organic,2024-05-29,FR,True
CUST01701,organic,2024-05-01,US,True
CUST01702,organic,2024-05-21,GB,False
CUST01703,organic,2024-05-28,FR,True
CUST01704,organic,2024-05-10,GB,False
CUST01705,organic,2024-05-15,US,True
CUST01706,organic,2024-05-15,AU,True
CUST01707,organic,2024-05-24,US,False
CUST01708,organic,2024-05-11,GB,True
CUST01709,organic,2024-05-08,GB,False
CUST01710,organic,2024-05-07,DE,True
CUST01711,organic,2024-05-21,GB,True
CUST01712,organic,2024-05-02,GB,True
CUST01713,organic,2024-05-24,CA,True
CUST01714,email,2024-05-30,DE,False
CUST01715,email,2024-05-28,US,True
CUST01716,email,2024-05-24,CA,True
CUST01717,email,2024-05-19,US,True
CUST01718,email,2024-05-13,GB,True
CUST01719,email,2024-05-08,GB,True
CUST01720,email,2024-05-18,GB,True
CUST01721,email,2024-05-18,US,True
CUST01722,email,2024-05-03,GB,True
CUST01723,email,2024-05-25,GB,True
CUST01724,email,2024-05-05,US,True
CUST01725,email,2024-05-27,GB,True
CUST01726,email,2024-05-15,GB,True
CUST01727,email,2024-05-05,US,True
CUST01728,email,2024-05-07,GB,True
CUST01729,email,2024-05-19,FR,False
CUST01730,email,2024-05-17,NL,True
CUST01731,email,2024-05-05,GB,True
CUST01732,email,2024-05-10,FR,True
CUST01733,email,2024-05-21,US,True
CUST01734,email,2024-05-06,FR,True
CUST01735,email,2024-05-24,GB,True
CUST01736,email,2024-05-07,FR,True
CUST01737,email,2024-05-09,DE,True
CUST01738,email,2024-05-06,GB,True
CUST01739,email,2024-05-11,GB,True
CUST01740,email,2024-05-07,CA,False
CUST01741,email,2024-05-06,GB,False
CUST01742,email,2024-05-21,GB,True
CUST01743,email,2024-05-02,FR,True
CUST01744,email,2024-05-23,GB,True
CUST01745,referral,2024-05-03,GB,True
CUST01746,referral,2024-05-05,FR,True
CUST01747,referral,2024-05-29,NL,True
CUST01748,referral,2024-05-18,GB,True
CUST01749,referral,2024-05-14,NL,True
CUST01750,referral,2024-05-18,GB,True
CUST01751,referral,2024-05-25,US,True
CUST01752,referral,2024-05-29,FR,True
CUST01753,referral,2024-05-10,CA,True
CUST01754,meta,2024-06-27,GB,True
CUST01755,meta,2024-06-11,NL,False
CUST01756,meta,2024-06-18,DE,True
CUST01757,meta,2024-06-22,DE,True
CUST01758,meta,2024-06-09,AU,False
CUST01759,meta,2024-06-21,GB,True
CUST01760,meta,2024-06-20,GB,True
CUST01761,meta,2024-06-07,US,True
CUST01762,meta,2024-06-25,FR,True
CUST01763,meta,2024-06-28,DE,True
CUST01764,meta,2024-06-16,US,False
CUST01765,meta,2024-06-14,US,True
CUST01766,meta,2024-06-22,GB,False
CUST01767,meta,2024-06-15,CA,False
CUST01768,meta,2024-06-10,AU,False
CUST01769,meta,2024-06-18,GB,False
CUST01770,meta,2024-06-06,US,True
CUST01771,meta,2024-06-06,GB,False
CUST01772,meta,2024-06-29,CA,True
CUST01773,meta,2024-06-04,US,True
CUST01774,meta,2024-06-17,GB,False
CUST01775,meta,2024-06-06,GB,False
CUST01776,meta,2024-06-25,GB,True
CUST01777,meta,2024-06-20,US,False
CUST01778,meta,2024-06-24,US,True
CUST01779,meta,2024-06-23,GB,True
CUST01780,meta,2024-06-24,US,True
CUST01781,meta,2024-06-02,GB,True
CUST01782,meta,2024-06-04,US,True
CUST01783,meta,2024-06-09,US,True
CUST01784,meta,2024-06-08,GB,True
CUST01785,meta,2024-06-04,DE,False
CUST01786,meta,2024-06-23,GB,False
CUST01787,meta,2024-06-24,US,True
CUST01788,meta,2024-06-27,US,True
CUST01789,meta,2024-06-21,AU,True
CUST01790,meta,2024-06-19,US,False
CUST01791,meta,2024-06-22,US,True
CUST01792,meta,2024-06-09,US,True
CUST01793,meta,2024-06-08,US,True
CUST01794,meta,2024-06-16,DE,False
CUST01795,meta,2024-06-06,US,False
CUST01796,meta,2024-06-27,DE,False
CUST01797,meta,2024-06-24,US,True
CUST01798,meta,2024-06-25,GB,True
CUST01799,meta,2024-06-25,US,False
CUST01800,meta,2024-06-18,FR,True
CUST01801,meta,2024-06-16,GB,True
CUST01802,meta,2024-06-07,AU,True
CUST01803,meta,2024-06-29,GB,True
CUST01804,meta,2024-06-19,GB,True
CUST01805,meta,2024-06-18,US,True
CUST01806,meta,2024-06-12,GB,True
CUST01807,meta,2024-06-29,GB,True
CUST01808,meta,2024-06-15,GB,True
CUST01809,meta,2024-06-01,US,True
CUST01810,meta,2024-06-23,DE,False
CUST01811,meta,2024-06-28,US,False
CUST01812,meta,2024-06-13,GB,False
CUST01813,meta,2024-06-29,GB,True
CUST01814,meta,2024-06-19,US,True
CUST01815,meta,2024-06-28,GB,False
CUST01816,meta,2024-06-05,DE,True
CUST01817,meta,2024-06-17,US,True
CUST01818,meta,2024-06-09,US,True
CUST01819,meta,2024-06-22,GB,True
CUST01820,meta,2024-06-27,GB,True
CUST01821,meta,2024-06-03,GB,False
CUST01822,meta,2024-06-11,US,True
CUST01823,meta,2024-06-29,GB,True
CUST01824,meta,2024-06-14,GB,False
CUST01825,meta,2024-06-21,GB,True
CUST01826,meta,2024-06-15,US,True
CUST01827,meta,2024-06-22,DE,True
CUST01828,meta,2024-06-10,US,True
CUST01829,meta,2024-06-26,US,True
CUST01830,meta,2024-06-01,US,True
CUST01831,meta,2024-06-29,US,False
CUST01832,meta,2024-06-14,NL,False
CUST01833,meta,2024-06-28,DE,True
CUST01834,meta,2024-06-26,GB,False
CUST01835,meta,2024-06-08,GB,True
CUST01836,meta,2024-06-22,US,True
CUST01837,meta,2024-06-10,AU,True
CUST01838,meta,2024-06-14,US,True
CUST01839,meta,2024-06-12,US,True
CUST01840,meta,2024-06-08,GB,True
CUST01841,meta,2024-06-16,US,False
CUST01842,meta,2024-06-21,US,True
CUST01843,meta,2024-06-10,GB,True
CUST01844,meta,2024-06-02,GB,True
CUST01845,meta,2024-06-27,GB,True
CUST01846,meta,2024-06-24,FR,True
CUST01847,meta,2024-06-05,GB,True
CUST01848,meta,2024-06-04,NL,False
CUST01849,meta,2024-06-18,DE,True
CUST01850,meta,2024-06-20,NL,True
CUST01851,meta,2024-06-12,GB,True
CUST01852,meta,2024-06-26,DE,True
CUST01853,meta,2024-06-25,AU,True
CUST01854,meta,2024-06-06,FR,True
CUST01855,meta,2024-06-16,AU,False
CUST01856,meta,2024-06-12,NL,True
CUST01857,meta,2024-06-08,GB,True
CUST01858,meta,2024-06-14,US,True
CUST01859,meta,2024-06-29,GB,True
CUST01860,meta,2024-06-06,GB,False
CUST01861,meta,2024-06-24,DE,True
CUST01862,meta,2024-06-08,US,True
CUST01863,meta,2024-06-15,GB,True
CUST01864,meta,2024-06-03,DE,True
CUST01865,meta,2024-06-13,US,True
CUST01866,meta,2024-06-18,NL,True
CUST01867,meta,2024-06-26,AU,False
CUST01868,meta,2024-06-19,GB,False
CUST01869,meta,2024-06-13,GB,True
CUST01870,meta,2024-06-15,GB,True
CUST01871,meta,2024-06-22,US,False
CUST01872,meta,2024-06-02,GB,True
CUST01873,meta,2024-06-24,US,False
CUST01874,meta,2024-06-17,DE,True
CUST01875,meta,2024-06-08,DE,True
CUST01876,meta,2024-06-18,US,True
CUST01877,meta,2024-06-23,DE,True
CUST01878,meta,2024-06-09,US,True
CUST01879,meta,2024-06-01,US,True
CUST01880,meta,2024-06-16,US,True
CUST01881,meta,2024-06-08,GB,True
CUST01882,meta,2024-06-29,DE,True
CUST01883,meta,2024-06-22,US,True
CUST01884,meta,2024-06-13,GB,True
CUST01885,meta,2024-06-14,GB,False
CUST01886,meta,2024-06-18,GB,False
CUST01887,meta,2024-06-28,GB,True
CUST01888,meta,2024-06-28,US,True
CUST01889,meta,2024-06-05,CA,True
CUST01890,meta,2024-06-13,DE,True
CUST01891,meta,2024-06-03,US,False
CUST01892,google,2024-06-08,GB,True
CUST01893,google,2024-06-09,NL,True
CUST01894,google,2024-06-01,DE,False
CUST01895,google,2024-06-23,FR,False
CUST01896,google,2024-06-06,GB,True
CUST01897,google,2024-06-10,NL,True
CUST01898,google,2024-06-14,DE,False
CUST01899,google,2024-06-07,US,True
CUST01900,google,2024-06-11,CA,True
CUST01901,google,2024-06-10,US,False
CUST01902,google,2024-06-08,GB,True
CUST01903,google,2024-06-12,US,True
CUST01904,google,2024-06-18,US,False
CUST01905,google,2024-06-05,GB,True
CUST01906,google,2024-06-16,CA,False
CUST01907,google,2024-06-11,DE,False
CUST01908,google,2024-06-29,GB,True
CUST01909,google,2024-06-28,GB,True
CUST01910,google,2024-06-12,US,True
CUST01911,google,2024-06-03,GB,False
CUST01912,google,2024-06-15,CA,True
CUST01913,google,2024-06-07,CA,True
CUST01914,google,2024-06-29,GB,True
CUST01915,google,2024-06-25,US,True
CUST01916,google,2024-06-23,GB,True
CUST01917,google,2024-06-26,US,True
CUST01918,google,2024-06-06,GB,True
CUST01919,google,2024-06-25,AU,True
CUST01920,google,2024-06-18,NL,True
CUST01921,google,2024-06-13,US,True
CUST01922,google,2024-06-26,GB,True
CUST01923,google,2024-06-16,DE,False
CUST01924,google,2024-06-08,US,False
CUST01925,google,2024-06-03,GB,True
CUST01926,google,2024-06-12,GB,False
CUST01927,google,2024-06-13,GB,False
CUST01928,google,2024-06-22,GB,False
CUST01929,google,2024-06-02,US,False
CUST01930,google,2024-06-23,US,True
CUST01931,google,2024-06-07,GB,True
CUST01932,google,2024-06-14,GB,True
CUST01933,google,2024-06-25,FR,True
CUST01934,google,2024-06-29,CA,True
CUST01935,google,2024-06-26,FR,True
CUST01936,google,2024-06-21,NL,True
CUST01937,google,2024-06-25,DE,True
CUST01938,google,2024-06-02,GB,True
CUST01939,google,2024-06-20,US,True
CUST01940,google,2024-06-16,GB,True
CUST01941,google,2024-06-23,AU,False
CUST01942,google,2024-06-23,US,True
CUST01943,google,2024-06-29,DE,True
CUST01944,google,2024-06-03,DE,False
CUST01945,google,2024-06-16,NL,True
CUST01946,google,2024-06-11,AU,True
CUST01947,google,2024-06-16,FR,True
CUST01948,google,2024-06-27,CA,False
CUST01949,google,2024-06-05,US,True
CUST01950,google,2024-06-12,CA,False
CUST01951,google,2024-06-05,GB,True
CUST01952,google,2024-06-08,US,False
CUST01953,google,2024-06-14,US,True
CUST01954,google,2024-06-06,GB,False
CUST01955,google,2024-06-16,NL,True
CUST01956,google,2024-06-18,DE,True
CUST01957,google,2024-06-25,GB,False
CUST01958,google,2024-06-19,US,False
CUST01959,google,2024-06-05,FR,True
CUST01960,google,2024-06-10,US,False
CUST01961,google,2024-06-05,GB,True
CUST01962,google,2024-06-23,DE,True
CUST01963,google,2024-06-25,US,True
CUST01964,google,2024-06-15,US,True
CUST01965,google,2024-06-24,GB,True
CUST01966,google,2024-06-15,AU,False
CUST01967,google,2024-06-15,US,True
CUST01968,google,2024-06-03,US,False
CUST01969,google,2024-06-21,GB,True
CUST01970,google,2024-06-18,GB,True
CUST01971,google,2024-06-25,GB,False
CUST01972,google,2024-06-09,FR,False
CUST01973,google,2024-06-03,GB,True
CUST01974,google,2024-06-16,US,False
CUST01975,google,2024-06-22,US,True
CUST01976,google,2024-06-17,CA,True
CUST01977,google,2024-06-11,GB,True
CUST01978,google,2024-06-06,US,True
CUST01979,google,2024-06-01,US,True
CUST01980,google,2024-06-09,DE,False
CUST01981,google,2024-06-20,AU,False
CUST01982,google,2024-06-15,US,True
CUST01983,google,2024-06-20,FR,True
CUST01984,google,2024-06-07,GB,True
CUST01985,google,2024-06-06,FR,True
CUST01986,google,2024-06-02,GB,True
CUST01987,google,2024-06-12,US,True
CUST01988,google,2024-06-05,GB,False
CUST01989,google,2024-06-08,US,True
CUST01990,google,2024-06-06,GB,True
CUST01991,tiktok,2024-06-22,CA,False
CUST01992,tiktok,2024-06-01,AU,True
CUST01993,tiktok,2024-06-10,GB,False
CUST01994,tiktok,2024-06-03,GB,True
CUST01995,tiktok,2024-06-21,CA,False
CUST01996,tiktok,2024-06-29,US,True
CUST01997,tiktok,2024-06-02,US,False
CUST01998,tiktok,2024-06-25,US,False
CUST01999,tiktok,2024-06-12,DE,True
CUST02000,tiktok,2024-06-21,US,True
CUST02001,tiktok,2024-06-14,AU,False
CUST02002,tiktok,2024-06-23,GB,True
CUST02003,tiktok,2024-06-22,DE,True
CUST02004,tiktok,2024-06-08,GB,True
CUST02005,tiktok,2024-06-23,GB,True
CUST02006,tiktok,2024-06-25,GB,True
CUST02007,tiktok,2024-06-23,GB,True
CUST02008,tiktok,2024-06-19,CA,True
CUST02009,tiktok,2024-06-23,FR,True
CUST02010,tiktok,2024-06-11,GB,True
CUST02011,tiktok,2024-06-24,GB,True
CUST02012,tiktok,2024-06-08,US,True
CUST02013,tiktok,2024-06-21,NL,False
CUST02014,tiktok,2024-06-15,GB,True
CUST02015,tiktok,2024-06-01,US,True
CUST02016,tiktok,2024-06-18,DE,True
CUST02017,tiktok,2024-06-25,GB,True
CUST02018,tiktok,2024-06-17,US,True
CUST02019,tiktok,2024-06-06,US,False
CUST02020,tiktok,2024-06-13,CA,True
CUST02021,tiktok,2024-06-03,FR,True
CUST02022,tiktok,2024-06-08,AU,True
CUST02023,tiktok,2024-06-03,NL,False
CUST02024,tiktok,2024-06-23,CA,True
CUST02025,tiktok,2024-06-06,FR,True
CUST02026,tiktok,2024-06-28,GB,True
CUST02027,tiktok,2024-06-09,US,True
CUST02028,tiktok,2024-06-18,GB,True
CUST02029,tiktok,2024-06-22,FR,False
CUST02030,tiktok,2024-06-05,GB,True
CUST02031,tiktok,2024-06-17,FR,True
CUST02032,tiktok,2024-06-10,US,False
CUST02033,tiktok,2024-06-01,GB,False
CUST02034,tiktok,2024-06-17,GB,True
CUST02035,tiktok,2024-06-05,GB,False
CUST02036,tiktok,2024-06-18,US,True
CUST02037,tiktok,2024-06-08,FR,False
CUST02038,tiktok,2024-06-12,GB,False
CUST02039,tiktok,2024-06-21,NL,False
CUST02040,tiktok,2024-06-26,FR,True
CUST02041,tiktok,2024-06-02,US,True
CUST02042,tiktok,2024-06-26,NL,True
CUST02043,tiktok,2024-06-17,GB,True
CUST02044,tiktok,2024-06-22,GB,True
CUST02045,tiktok,2024-06-08,NL,True
CUST02046,tiktok,2024-06-26,CA,False
CUST02047,tiktok,2024-06-20,AU,True
CUST02048,tiktok,2024-06-16,NL,True
CUST02049,tiktok,2024-06-14,NL,True
CUST02050,tiktok,2024-06-20,US,True
CUST02051,tiktok,2024-06-27,US,False
CUST02052,tiktok,2024-06-17,AU,False
CUST02053,organic,2024-06-27,GB,True
CUST02054,organic,2024-06-26,CA,True
CUST02055,organic,2024-06-11,GB,True
CUST02056,organic,2024-06-26,GB,True
CUST02057,organic,2024-06-02,GB,True
CUST02058,organic,2024-06-12,AU,True
CUST02059,organic,2024-06-21,CA,True
CUST02060,organic,2024-06-03,AU,True
CUST02061,organic,2024-06-25,US,True
CUST02062,organic,2024-06-07,US,True
CUST02063,organic,2024-06-22,GB,True
CUST02064,organic,2024-06-29,US,True
CUST02065,organic,2024-06-18,GB,True
CUST02066,organic,2024-06-19,US,True
CUST02067,organic,2024-06-06,GB,True
CUST02068,organic,2024-06-18,US,True
CUST02069,organic,2024-06-21,FR,True
CUST02070,organic,2024-06-05,GB,True
CUST02071,organic,2024-06-24,GB,True
CUST02072,organic,2024-06-18,DE,False
CUST02073,organic,2024-06-29,US,False
CUST02074,organic,2024-06-13,US,False
CUST02075,organic,2024-06-22,DE,False
CUST02076,organic,2024-06-21,FR,True
CUST02077,organic,2024-06-25,GB,False
CUST02078,organic,2024-06-07,CA,True
CUST02079,organic,2024-06-11,US,True
CUST02080,organic,2024-06-08,NL,True
CUST02081,organic,2024-06-06,US,False
CUST02082,organic,2024-06-06,GB,True
CUST02083,organic,2024-06-02,US,True
CUST02084,organic,2024-06-19,GB,True
CUST02085,organic,2024-06-15,GB,True
CUST02086,organic,2024-06-07,GB,False
CUST02087,organic,2024-06-03,NL,True
CUST02088,organic,2024-06-14,GB,False
CUST02089,organic,2024-06-01,GB,True
CUST02090,organic,2024-06-04,AU,False
CUST02091,organic,2024-06-24,US,False
CUST02092,organic,2024-06-17,FR,False
CUST02093,organic,2024-06-07,FR,False
CUST02094,organic,2024-06-22,DE,True
CUST02095,organic,2024-06-16,GB,False
CUST02096,organic,2024-06-19,GB,False
CUST02097,organic,2024-06-17,US,False
CUST02098,organic,2024-06-14,US,True
CUST02099,organic,2024-06-02,US,True
CUST02100,organic,2024-06-28,US,True
CUST02101,organic,2024-06-10,CA,True
CUST02102,organic,2024-06-28,US,False
CUST02103,organic,2024-06-25,AU,True
CUST02104,organic,2024-06-26,GB,True
CUST02105,organic,2024-06-14,FR,True
CUST02106,organic,2024-06-29,US,True
CUST02107,organic,2024-06-20,US,False
CUST02108,organic,2024-06-02,GB,True
CUST02109,organic,2024-06-21,GB,True
CUST02110,organic,2024-06-19,GB,True
CUST02111,organic,2024-06-05,US,True
CUST02112,organic,2024-06-07,GB,True
CUST02113,organic,2024-06-08,GB,False
CUST02114,organic,2024-06-09,GB,True
CUST02115,organic,2024-06-09,GB,True
CUST02116,organic,2024-06-15,US,True
CUST02117,organic,2024-06-07,US,True
CUST02118,organic,2024-06-13,US,True
CUST02119,organic,2024-06-03,GB,True
CUST02120,organic,2024-06-24,US,False
CUST02121,organic,2024-06-06,GB,True
CUST02122,organic,2024-06-23,US,True
CUST02123,organic,2024-06-24,GB,True
CUST02124,organic,2024-06-01,GB,True
CUST02125,organic,2024-06-12,FR,True
CUST02126,organic,2024-06-15,US,False
CUST02127,organic,2024-06-05,AU,True
CUST02128,organic,2024-06-07,US,True
CUST02129,organic,2024-06-12,US,False
CUST02130,organic,2024-06-27,US,True
CUST02131,organic,2024-06-23,CA,True
CUST02132,organic,2024-06-09,GB,False
CUST02133,organic,2024-06-14,US,False
CUST02134,organic,2024-06-18,AU,True
CUST02135,email,2024-06-29,AU,True
CUST02136,email,2024-06-03,GB,True
CUST02137,email,2024-06-15,GB,True
CUST02138,email,2024-06-07,DE,True
CUST02139,email,2024-06-21,GB,True
CUST02140,email,2024-06-17,US,False
CUST02141,email,2024-06-14,GB,True
CUST02142,email,2024-06-17,GB,True
CUST02143,email,2024-06-01,NL,True
CUST02144,email,2024-06-01,US,True
CUST02145,email,2024-06-01,DE,False
CUST02146,email,2024-06-27,AU,False
CUST02147,email,2024-06-20,US,True
CUST02148,email,2024-06-27,GB,False
CUST02149,email,2024-06-06,US,False
CUST02150,email,2024-06-18,US,True
CUST02151,email,2024-06-07,US,True
CUST02152,email,2024-06-22,GB,True
CUST02153,email,2024-06-14,DE,True
CUST02154,email,2024-06-10,GB,True
CUST02155,email,2024-06-11,GB,False
CUST02156,email,2024-06-18,GB,False
CUST02157,email,2024-06-11,GB,False
CUST02158,email,2024-06-06,AU,False
CUST02159,email,2024-06-09,US,True
CUST02160,email,2024-06-04,US,True
CUST02161,email,2024-06-07,GB,True
CUST02162,email,2024-06-26,DE,True
CUST02163,email,2024-06-10,AU,True
CUST02164,email,2024-06-26,US,False
CUST02165,email,2024-06-01,NL,True
CUST02166,email,2024-06-16,US,False
CUST02167,email,2024-06-14,GB,False
CUST02168,email,2024-06-25,US,True
CUST02169,email,2024-06-11,GB,False
CUST02170,email,2024-06-26,US,True
CUST02171,email,2024-06-20,GB,True
CUST02172,email,2024-06-28,FR,True
CUST02173,email,2024-06-21,CA,True
CUST02174,referral,2024-06-10,GB,True
CUST02175,referral,2024-06-04,US,True
CUST02176,referral,2024-06-02,US,True
CUST02177,referral,2024-06-29,FR,True
CUST02178,referral,2024-06-13,GB,False
CUST02179,referral,2024-06-12,CA,True
CUST02180,referral,2024-06-17,US,True
CUST02181,referral,2024-06-04,FR,False
CUST02182,referral,2024-06-05,US,True
CUST02183,meta,2024-07-03,NL,False
CUST02184,meta,2024-07-16,AU,True
CUST02185,meta,2024-07-07,GB,False
CUST02186,meta,2024-07-03,GB,False
CUST02187,meta,2024-07-04,GB,True
CUST02188,meta,2024-07-28,GB,False
CUST02189,meta,2024-07-20,GB,False
CUST02190,meta,2024-07-12,AU,True
CUST02191,meta,2024-07-23,US,False
CUST02192,meta,2024-07-05,GB,True
CUST02193,meta,2024-07-23,US,True
CUST02194,meta,2024-07-06,GB,True
CUST02195,meta,2024-07-29,FR,True
CUST02196,meta,2024-07-28,GB,True
CUST02197,meta,2024-07-18,US,False
CUST02198,meta,2024-07-10,GB,True
CUST02199,meta,2024-07-03,GB,False
CUST02200,meta,2024-07-25,CA,True
CUST02201,meta,2024-07-16,US,True
CUST02202,meta,2024-07-08,US,True
CUST02203,meta,2024-07-15,US,True
CUST02204,meta,2024-07-26,US,True
CUST02205,meta,2024-07-03,GB,True
CUST02206,meta,2024-07-21,GB,True
CUST02207,meta,2024-07-10,FR,True
CUST02208,meta,2024-07-10,DE,False
CUST02209,meta,2024-07-30,DE,True
CUST02210,meta,2024-07-30,GB,True
CUST02211,meta,2024-07-08,GB,True
CUST02212,meta,2024-07-25,GB,True
CUST02213,meta,2024-07-11,DE,False
CUST02214,meta,2024-07-11,GB,True
CUST02215,meta,2024-07-19,GB,True
CUST02216,meta,2024-07-01,US,True
CUST02217,meta,2024-07-18,GB,True
CUST02218,meta,2024-07-07,GB,True
CUST02219,meta,2024-07-29,NL,True
CUST02220,meta,2024-07-03,CA,True
CUST02221,meta,2024-07-10,GB,True
CUST02222,meta,2024-07-13,DE,True
CUST02223,meta,2024-07-27,GB,True
CUST02224,meta,2024-07-02,GB,True
CUST02225,meta,2024-07-05,GB,True
CUST02226,meta,2024-07-19,DE,True
CUST02227,meta,2024-07-17,NL,True
CUST02228,meta,2024-07-23,GB,True
CUST02229,meta,2024-07-09,NL,False
CUST02230,meta,2024-07-04,GB,True
CUST02231,meta,2024-07-10,GB,False
CUST02232,meta,2024-07-19,GB,False
CUST02233,meta,2024-07-12,NL,True
CUST02234,meta,2024-07-26,GB,True
CUST02235,meta,2024-07-16,GB,True
CUST02236,meta,2024-07-07,AU,False
CUST02237,meta,2024-07-11,DE,False
CUST02238,meta,2024-07-30,GB,False
CUST02239,meta,2024-07-25,US,False
CUST02240,meta,2024-07-09,GB,True
CUST02241,meta,2024-07-26,DE,False
CUST02242,meta,2024-07-23,GB,False
CUST02243,meta,2024-07-29,US,True
CUST02244,meta,2024-07-11,AU,False
CUST02245,meta,2024-07-12,US,True
CUST02246,meta,2024-07-21,AU,True
CUST02247,meta,2024-07-19,GB,True
CUST02248,meta,2024-07-07,FR,True
CUST02249,meta,2024-07-22,US,True
CUST02250,meta,2024-07-29,GB,True
CUST02251,meta,2024-07-21,US,False
CUST02252,meta,2024-07-20,US,False
CUST02253,meta,2024-07-16,GB,True
CUST02254,meta,2024-07-09,US,True
CUST02255,meta,2024-07-04,US,True
CUST02256,meta,2024-07-15,AU,True
CUST02257,meta,2024-07-14,NL,True
CUST02258,meta,2024-07-06,GB,True
CUST02259,meta,2024-07-27,GB,True
CUST02260,meta,2024-07-16,GB,True
CUST02261,meta,2024-07-10,DE,True
CUST02262,meta,2024-07-27,NL,True
CUST02263,meta,2024-07-15,GB,True
CUST02264,meta,2024-07-20,NL,True
CUST02265,meta,2024-07-23,DE,True
CUST02266,meta,2024-07-20,GB,True
CUST02267,meta,2024-07-24,GB,False
CUST02268,meta,2024-07-23,GB,True
CUST02269,meta,2024-07-16,AU,False
CUST02270,meta,2024-07-21,GB,False
CUST02271,meta,2024-07-28,GB,True
CUST02272,meta,2024-07-29,AU,True
CUST02273,meta,2024-07-01,US,True
CUST02274,meta,2024-07-17,GB,False
CUST02275,meta,2024-07-20,FR,True
CUST02276,meta,2024-07-16,US,True
CUST02277,meta,2024-07-07,GB,True
CUST02278,meta,2024-07-28,US,False
CUST02279,meta,2024-07-19,GB,False
CUST02280,meta,2024-07-04,US,True
CUST02281,meta,2024-07-24,GB,False
CUST02282,meta,2024-07-15,GB,True
CUST02283,meta,2024-07-27,GB,False
CUST02284,meta,2024-07-02,GB,True
CUST02285,meta,2024-07-19,GB,True
CUST02286,meta,2024-07-15,DE,True
CUST02287,meta,2024-07-23,GB,True
CUST02288,meta,2024-07-09,GB,False
CUST02289,meta,2024-07-19,GB,True
CUST02290,meta,2024-07-07,US,False
CUST02291,meta,2024-07-04,US,True
CUST02292,meta,2024-07-07,AU,True
CUST02293,meta,2024-07-21,FR,False
CUST02294,meta,2024-07-08,US,True
CUST02295,meta,2024-07-29,GB,False
CUST02296,meta,2024-07-14,GB,True
CUST02297,meta,2024-07-22,GB,False
CUST02298,meta,2024-07-30,FR,True
CUST02299,meta,2024-07-28,AU,False
CUST02300,meta,2024-07-23,US,True
CUST02301,meta,2024-07-14,US,False
CUST02302,meta,2024-07-17,DE,True
CUST02303,meta,2024-07-19,US,True
CUST02304,meta,2024-07-21,GB,False
CUST02305,meta,2024-07-23,US,True
CUST02306,meta,2024-07-28,GB,True
CUST02307,meta,2024-07-12,AU,True
CUST02308,meta,2024-07-14,AU,True
CUST02309,google,2024-07-04,DE,True
CUST02310,google,2024-07-24,US,True
CUST02311,google,2024-07-18,GB,True
CUST02312,google,2024-07-25,FR,True
CUST02313,google,2024-07-20,US,True
CUST02314,google,2024-07-11,US,False
CUST02315,google,2024-07-02,GB,False
CUST02316,google,2024-07-19,GB,False
CUST02317,google,2024-07-10,US,True
CUST02318,google,2024-07-13,GB,True
CUST02319,google,2024-07-16,DE,False
CUST02320,google,2024-07-24,US,True
CUST02321,google,2024-07-27,DE,False
CUST02322,google,2024-07-07,US,True
CUST02323,google,2024-07-08,GB,True
CUST02324,google,2024-07-30,GB,True
CUST02325,google,2024-07-07,US,False
CUST02326,google,2024-07-09,GB,True
CUST02327,google,2024-07-14,GB,True
CUST02328,google,2024-07-09,GB,True
CUST02329,google,2024-07-26,GB,True
CUST02330,google,2024-07-26,US,True
CUST02331,google,2024-07-19,DE,False
CUST02332,google,2024-07-03,US,True
CUST02333,google,2024-07-19,FR,True
CUST02334,google,2024-07-19,NL,True
CUST02335,google,2024-07-05,GB,True
CUST02336,google,2024-07-01,GB,True
CUST02337,google,2024-07-04,GB,True
CUST02338,google,2024-07-09,DE,True
CUST02339,google,2024-07-21,US,True
CUST02340,google,2024-07-16,US,True
CUST02341,google,2024-07-11,NL,False
CUST02342,google,2024-07-21,GB,True
CUST02343,google,2024-07-06,US,True
CUST02344,google,2024-07-01,US,True
CUST02345,google,2024-07-01,US,False
CUST02346,google,2024-07-11,GB,True
CUST02347,google,2024-07-18,GB,True
CUST02348,google,2024-07-20,GB,False
CUST02349,google,2024-07-05,DE,True
CUST02350,google,2024-07-13,CA,True
CUST02351,google,2024-07-19,DE,True
CUST02352,google,2024-07-17,GB,True
CUST02353,google,2024-07-24,GB,True
CUST02354,google,2024-07-30,NL,False
CUST02355,google,2024-07-19,US,True
CUST02356,google,2024-07-25,US,True
CUST02357,google,2024-07-12,GB,True
CUST02358,google,2024-07-15,GB,False
CUST02359,google,2024-07-12,US,True
CUST02360,google,2024-07-07,US,True
CUST02361,google,2024-07-10,GB,True
CUST02362,google,2024-07-02,GB,False
CUST02363,google,2024-07-16,GB,True
CUST02364,google,2024-07-02,US,False
CUST02365,google,2024-07-15,FR,True
CUST02366,google,2024-07-17,GB,True
CUST02367,google,2024-07-27,GB,True
CUST02368,google,2024-07-11,US,False
CUST02369,google,2024-07-26,GB,False
CUST02370,google,2024-07-01,GB,False
CUST02371,google,2024-07-04,CA,True
CUST02372,google,2024-07-07,NL,True
CUST02373,google,2024-07-05,GB,True
CUST02374,google,2024-07-12,US,False
CUST02375,google,2024-07-23,GB,True
CUST02376,google,2024-07-12,US,True
CUST02377,google,2024-07-15,GB,False
CUST02378,google,2024-07-10,GB,False
CUST02379,google,2024-07-04,CA,True
CUST02380,google,2024-07-20,US,False
CUST02381,google,2024-07-22,US,False
CUST02382,google,2024-07-08,FR,False
CUST02383,google,2024-07-01,FR,False
CUST02384,google,2024-07-05,FR,True
CUST02385,google,2024-07-29,US,True
CUST02386,google,2024-07-13,US,True
CUST02387,google,2024-07-23,GB,False
CUST02388,google,2024-07-04,GB,False
CUST02389,google,2024-07-10,GB,True
CUST02390,google,2024-07-01,GB,True
CUST02391,google,2024-07-24,US,False
CUST02392,google,2024-07-20,CA,True
CUST02393,google,2024-07-19,US,True
CUST02394,google,2024-07-20,AU,True
CUST02395,google,2024-07-19,NL,True
CUST02396,google,2024-07-10,FR,True
CUST02397,google,2024-07-17,US,False
CUST02398,google,2024-07-18,DE,False
CUST02399,google,2024-07-21,DE,True
CUST02400,google,2024-07-24,GB,True
CUST02401,google,2024-07-02,DE,True
CUST02402,google,2024-07-13,US,True
CUST02403,google,2024-07-13,GB,True
CUST02404,google,2024-07-01,GB,True
CUST02405,google,2024-07-19,US,True
CUST02406,google,2024-07-26,NL,False
CUST02407,google,2024-07-09,FR,True
CUST02408,google,2024-07-15,US,False
CUST02409,google,2024-07-29,GB,False
CUST02410,google,2024-07-05,GB,True
CUST02411,tiktok,2024-07-14,DE,False
CUST02412,tiktok,2024-07-15,GB,True
CUST02413,tiktok,2024-07-24,GB,True
CUST02414,tiktok,2024-07-21,US,True
CUST02415,tiktok,2024-07-21,GB,True
CUST02416,tiktok,2024-07-10,DE,True
CUST02417,tiktok,2024-07-24,GB,True
CUST02418,tiktok,2024-07-22,US,True
CUST02419,tiktok,2024-07-10,GB,True
CUST02420,tiktok,2024-07-10,GB,False
CUST02421,tiktok,2024-07-22,US,True
CUST02422,tiktok,2024-07-09,GB,True
CUST02423,tiktok,2024-07-19,GB,True
CUST02424,tiktok,2024-07-17,GB,True
CUST02425,tiktok,2024-07-24,US,True
CUST02426,tiktok,2024-07-01,GB,True
CUST02427,tiktok,2024-07-29,FR,True
CUST02428,tiktok,2024-07-05,GB,True
CUST02429,tiktok,2024-07-19,US,True
CUST02430,tiktok,2024-07-24,US,True
CUST02431,tiktok,2024-07-30,US,True
CUST02432,tiktok,2024-07-17,CA,True
CUST02433,tiktok,2024-07-18,DE,False
CUST02434,tiktok,2024-07-30,GB,True
CUST02435,tiktok,2024-07-17,FR,True
CUST02436,tiktok,2024-07-23,AU,False
CUST02437,tiktok,2024-07-07,GB,True
CUST02438,tiktok,2024-07-26,GB,True
CUST02439,tiktok,2024-07-18,US,False
CUST02440,tiktok,2024-07-25,US,True
CUST02441,tiktok,2024-07-01,CA,True
CUST02442,tiktok,2024-07-01,US,True
CUST02443,tiktok,2024-07-16,DE,True
CUST02444,tiktok,2024-07-30,US,True
CUST02445,tiktok,2024-07-17,US,False
CUST02446,tiktok,2024-07-05,DE,True
CUST02447,tiktok,2024-07-30,GB,True
CUST02448,tiktok,2024-07-26,AU,True
CUST02449,tiktok,2024-07-07,US,True
CUST02450,tiktok,2024-07-15,AU,False
CUST02451,tiktok,2024-07-09,AU,True
CUST02452,tiktok,2024-07-24,DE,True
CUST02453,tiktok,2024-07-12,GB,True
CUST02454,tiktok,2024-07-06,US,True
CUST02455,tiktok,2024-07-08,NL,True
CUST02456,tiktok,2024-07-19,FR,True
CUST02457,tiktok,2024-07-13,DE,True
CUST02458,tiktok,2024-07-07,NL,False
CUST02459,tiktok,2024-07-05,FR,True
CUST02460,tiktok,2024-07-11,NL,True
CUST02461,tiktok,2024-07-17,US,False
CUST02462,tiktok,2024-07-28,CA,False
CUST02463,tiktok,2024-07-12,GB,True
CUST02464,tiktok,2024-07-15,GB,True
CUST02465,tiktok,2024-07-17,DE,True
CUST02466,tiktok,2024-07-06,US,True
CUST02467,tiktok,2024-07-16,CA,True
CUST02468,tiktok,2024-07-16,GB,True
CUST02469,tiktok,2024-07-19,CA,True
CUST02470,tiktok,2024-07-18,FR,True
CUST02471,tiktok,2024-07-26,DE,True
CUST02472,tiktok,2024-07-06,US,False
CUST02473,tiktok,2024-07-16,GB,True
CUST02474,tiktok,2024-07-11,US,False
CUST02475,tiktok,2024-07-08,US,True
CUST02476,tiktok,2024-07-02,US,True
CUST02477,tiktok,2024-07-25,CA,True
CUST02478,tiktok,2024-07-14,CA,False
CUST02479,organic,2024-07-19,GB,True
CUST02480,organic,2024-07-08,FR,True
CUST02481,organic,2024-07-11,DE,True
CUST02482,organic,2024-07-09,AU,False
CUST02483,organic,2024-07-15,CA,True
CUST02484,organic,2024-07-02,US,True
CUST02485,organic,2024-07-21,DE,True
CUST02486,organic,2024-07-19,US,True
CUST02487,organic,2024-07-14,DE,True
CUST02488,organic,2024-07-27,US,True
CUST02489,organic,2024-07-16,FR,True
CUST02490,organic,2024-07-15,US,True
CUST02491,organic,2024-07-29,GB,False
CUST02492,organic,2024-07-15,AU,True
CUST02493,organic,2024-07-11,FR,True
CUST02494,organic,2024-07-01,US,True
CUST02495,organic,2024-07-08,US,False
CUST02496,organic,2024-07-09,NL,True
CUST02497,organic,2024-07-18,CA,True
CUST02498,organic,2024-07-03,GB,True
CUST02499,organic,2024-07-29,US,True
CUST02500,organic,2024-07-20,GB,True
CUST02501,organic,2024-07-12,US,True
CUST02502,organic,2024-07-29,CA,False
CUST02503,organic,2024-07-05,FR,False
CUST02504,organic,2024-07-14,US,False
CUST02505,organic,2024-07-18,GB,True
CUST02506,organic,2024-07-05,GB,True
CUST02507,organic,2024-07-02,US,False
CUST02508,organic,2024-07-14,DE,True
CUST02509,organic,2024-07-29,GB,False
CUST02510,organic,2024-07-22,GB,True
CUST02511,organic,2024-07-05,GB,True
CUST02512,organic,2024-07-20,FR,True
CUST02513,organic,2024-07-20,US,False
CUST02514,organic,2024-07-04,US,True
CUST02515,organic,2024-07-11,CA,True
CUST02516,organic,2024-07-09,AU,True
CUST02517,organic,2024-07-01,US,True
CUST02518,organic,2024-07-06,GB,True
CUST02519,organic,2024-07-08,GB,True
CUST02520,organic,2024-07-02,GB,True
CUST02521,organic,2024-07-25,GB,True
CUST02522,organic,2024-07-21,CA,True
CUST02523,organic,2024-07-13,GB,True
CUST02524,organic,2024-07-26,US,False
CUST02525,organic,2024-07-16,US,True
CUST02526,organic,2024-07-30,US,True
CUST02527,organic,2024-07-05,DE,True
CUST02528,organic,2024-07-12,GB,True
CUST02529,organic,2024-07-15,AU,True
CUST02530,organic,2024-07-07,US,True
CUST02531,organic,2024-07-29,US,True
CUST02532,organic,2024-07-21,GB,True
CUST02533,organic,2024-07-13,US,True
CUST02534,organic,2024-07-20,US,True
CUST02535,organic,2024-07-21,NL,True
CUST02536,organic,2024-07-27,GB,True
CUST02537,organic,2024-07-10,DE,True
CUST02538,organic,2024-07-21,FR,True
CUST02539,organic,2024-07-22,US,True
CUST02540,organic,2024-07-04,GB,True
CUST02541,organic,2024-07-27,US,True
CUST02542,organic,2024-07-05,US,True
CUST02543,organic,2024-07-14,GB,True
CUST02544,organic,2024-07-14,GB,False
CUST02545,organic,2024-07-11,US,True
CUST02546,organic,2024-07-06,GB,True
CUST02547,organic,2024-07-29,FR,False
CUST02548,organic,2024-07-05,US,True
CUST02549,organic,2024-07-27,GB,True
CUST02550,organic,2024-07-03,GB,False
CUST02551,organic,2024-07-09,GB,False
CUST02552,organic,2024-07-24,US,True
CUST02553,organic,2024-07-01,DE,True
CUST02554,organic,2024-07-07,GB,True
CUST02555,organic,2024-07-03,NL,True
CUST02556,email,2024-07-13,DE,False
CUST02557,email,2024-07-23,GB,True
CUST02558,email,2024-07-23,US,True
CUST02559,email,2024-07-21,US,True
CUST02560,email,2024-07-15,US,True
CUST02561,email,2024-07-15,US,True
CUST02562,email,2024-07-05,US,True
CUST02563,email,2024-07-12,NL,True
CUST02564,email,2024-07-28,GB,True
CUST02565,email,2024-07-27,NL,True
CUST02566,email,2024-07-21,DE,True
CUST02567,email,2024-07-24,US,True
CUST02568,email,2024-07-20,GB,True
CUST02569,email,2024-07-01,DE,True
CUST02570,email,2024-07-12,CA,True
CUST02571,email,2024-07-30,US,True
CUST02572,email,2024-07-26,NL,True
CUST02573,email,2024-07-04,US,True
CUST02574,email,2024-07-25,US,True
CUST02575,email,2024-07-21,US,True
CUST02576,email,2024-07-19,CA,True
CUST02577,email,2024-07-13,AU,True
CUST02578,email,2024-07-15,GB,True
CUST02579,email,2024-07-13,GB,False
CUST02580,email,2024-07-11,NL,True
CUST02581,email,2024-07-23,AU,False
CUST02582,email,2024-07-03,US,False
CUST02583,referral,2024-07-16,GB,True
CUST02584,referral,2024-07-01,GB,True
CUST02585,referral,2024-07-20,US,True
CUST02586,referral,2024-07-21,US,True
CUST02587,referral,2024-07-26,US,True
CUST02588,referral,2024-07-20,GB,False
CUST02589,referral,2024-07-01,GB,True
CUST02590,referral,2024-07-11,US,True
CUST02591,referral,2024-07-15,US,True
CUST02592,referral,2024-07-27,FR,True
CUST02593,referral,2024-07-22,DE,False
CUST02594,meta,2024-08-18,DE,True
CUST02595,meta,2024-08-18,AU,True
CUST02596,meta,2024-08-06,GB,True
CUST02597,meta,2024-08-07,US,True
CUST02598,meta,2024-08-02,GB,True
CUST02599,meta,2024-08-24,CA,True
CUST02600,meta,2024-08-06,US,False
CUST02601,meta,2024-08-07,GB,False
CUST02602,meta,2024-08-25,DE,False
CUST02603,meta,2024-08-07,GB,True
CUST02604,meta,2024-08-02,GB,True
CUST02605,meta,2024-08-25,GB,True
CUST02606,meta,2024-08-03,DE,True
CUST02607,meta,2024-08-21,CA,True
CUST02608,meta,2024-08-22,US,True
CUST02609,meta,2024-08-24,GB,False
CUST02610,meta,2024-08-13,US,True
CUST02611,meta,2024-08-13,GB,True
CUST02612,meta,2024-08-13,CA,True
CUST02613,meta,2024-08-21,GB,True
CUST02614,meta,2024-08-25,US,True
CUST02615,meta,2024-08-29,US,True
CUST02616,meta,2024-08-12,GB,False
CUST02617,meta,2024-08-02,GB,True
CUST02618,meta,2024-08-08,US,True
CUST02619,meta,2024-08-05,AU,False
CUST02620,meta,2024-08-20,US,True
CUST02621,meta,2024-08-11,GB,False
CUST02622,meta,2024-08-03,US,True
CUST02623,meta,2024-08-15,GB,True
CUST02624,meta,2024-08-14,NL,False
CUST02625,meta,2024-08-12,GB,True
CUST02626,meta,2024-08-09,GB,True
CUST02627,meta,2024-08-16,GB,False
CUST02628,meta,2024-08-14,NL,True
CUST02629,meta,2024-08-21,GB,False
CUST02630,meta,2024-08-18,GB,True
CUST02631,meta,2024-08-05,DE,True
CUST02632,meta,2024-08-17,US,True
CUST02633,meta,2024-08-29,US,True
CUST02634,meta,2024-08-12,DE,True
CUST02635,meta,2024-08-29,US,True
CUST02636,meta,2024-08-07,US,True
CUST02637,meta,2024-08-02,US,True
CUST02638,meta,2024-08-10,DE,True
CUST02639,meta,2024-08-04,NL,True
CUST02640,meta,2024-08-15,DE,True
CUST02641,meta,2024-08-26,DE,True
CUST02642,meta,2024-08-07,GB,True
CUST02643,meta,2024-08-28,CA,True
CUST02644,meta,2024-08-22,US,True
CUST02645,meta,2024-08-22,GB,False
CUST02646,meta,2024-08-26,NL,True
CUST02647,meta,2024-08-09,US,True
CUST02648,meta,2024-08-15,GB,True
CUST02649,meta,2024-08-10,DE,False
CUST02650,meta,2024-08-25,DE,True
CUST02651,meta,2024-08-09,US,False
CUST02652,meta,2024-08-28,FR,False
CUST02653,meta,2024-08-30,GB,True
CUST02654,meta,2024-08-01,GB,True
CUST02655,meta,2024-08-29,DE,False
CUST02656,meta,2024-08-25,DE,True
CUST02657,meta,2024-08-15,AU,True
CUST02658,meta,2024-08-14,US,True
CUST02659,meta,2024-08-11,GB,True
CUST02660,meta,2024-08-15,GB,True
CUST02661,meta,2024-08-14,NL,True
CUST02662,meta,2024-08-03,US,True
CUST02663,meta,2024-08-11,US,True
CUST02664,meta,2024-08-17,US,True
CUST02665,meta,2024-08-16,GB,True
CUST02666,meta,2024-08-07,US,True
CUST02667,meta,2024-08-16,CA,True
CUST02668,meta,2024-08-18,GB,True
CUST02669,meta,2024-08-09,GB,True
CUST02670,meta,2024-08-27,DE,True
CUST02671,meta,2024-08-19,NL,True
CUST02672,meta,2024-08-30,US,False
CUST02673,meta,2024-08-11,GB,True
CUST02674,meta,2024-08-29,US,False
CUST02675,meta,2024-08-08,US,False
CUST02676,meta,2024-08-18,GB,False
CUST02677,meta,2024-08-05,US,False
CUST02678,meta,2024-08-09,FR,True
CUST02679,meta,2024-08-10,US,True
CUST02680,meta,2024-08-14,GB,True
CUST02681,meta,2024-08-09,FR,True
CUST02682,meta,2024-08-04,GB,False
CUST02683,meta,2024-08-12,US,False
CUST02684,meta,2024-08-05,DE,True
CUST02685,meta,2024-08-01,US,False
CUST02686,meta,2024-08-19,GB,True
CUST02687,meta,2024-08-03,GB,True
CUST02688,meta,2024-08-13,GB,True
CUST02689,meta,2024-08-01,CA,True
CUST02690,meta,2024-08-27,DE,True
CUST02691,meta,2024-08-05,GB,False
CUST02692,meta,2024-08-28,AU,True
CUST02693,meta,2024-08-15,GB,True
CUST02694,meta,2024-08-12,GB,True
CUST02695,meta,2024-08-27,GB,True
CUST02696,meta,2024-08-05,US,True
CUST02697,meta,2024-08-25,AU,False
CUST02698,meta,2024-08-07,GB,True
CUST02699,google,2024-08-21,US,True
CUST02700,google,2024-08-14,GB,False
CUST02701,google,2024-08-06,US,True
CUST02702,google,2024-08-11,GB,True
CUST02703,google,2024-08-18,GB,True
CUST02704,google,2024-08-06,US,True
CUST02705,google,2024-08-03,US,True
CUST02706,google,2024-08-21,US,True
CUST02707,google,2024-08-21,GB,True
CUST02708,google,2024-08-14,GB,True
CUST02709,google,2024-08-14,NL,True
CUST02710,google,2024-08-13,FR,True
CUST02711,google,2024-08-01,AU,True
CUST02712,google,2024-08-08,GB,False
CUST02713,google,2024-08-22,DE,False
CUST02714,google,2024-08-04,GB,False
CUST02715,google,2024-08-14,GB,True
CUST02716,google,2024-08-07,GB,False
CUST02717,google,2024-08-18,GB,False
CUST02718,google,2024-08-24,DE,False
CUST02719,google,2024-08-30,FR,True
CUST02720,google,2024-08-07,FR,True
CUST02721,google,2024-08-19,US,False
CUST02722,google,2024-08-27,US,True
CUST02723,google,2024-08-19,GB,False
CUST02724,google,2024-08-26,US,True
CUST02725,google,2024-08-05,GB,True
CUST02726,google,2024-08-10,CA,True
CUST02727,google,2024-08-18,US,True
CUST02728,google,2024-08-06,GB,True
CUST02729,google,2024-08-18,AU,True
CUST02730,google,2024-08-15,US,False
CUST02731,google,2024-08-12,GB,True
CUST02732,google,2024-08-03,DE,True
CUST02733,google,2024-08-07,US,True
CUST02734,google,2024-08-21,US,True
CUST02735,google,2024-08-29,GB,True
CUST02736,google,2024-08-02,GB,True
CUST02737,google,2024-08-04,GB,True
CUST02738,google,2024-08-28,AU,False
CUST02739,google,2024-08-08,FR,False
CUST02740,google,2024-08-07,DE,True
CUST02741,google,2024-08-23,US,True
CUST02742,google,2024-08-22,FR,True
CUST02743,google,2024-08-14,GB,True
CUST02744,google,2024-08-02,US,True
CUST02745,google,2024-08-25,GB,False
CUST02746,google,2024-08-21,DE,False
CUST02747,google,2024-08-27,DE,True
CUST02748,google,2024-08-28,US,True
CUST02749,google,2024-08-21,NL,True
CUST02750,google,2024-08-05,US,True
CUST02751,google,2024-08-11,US,True
CUST02752,google,2024-08-11,US,True
CUST02753,google,2024-08-23,US,False
CUST02754,google,2024-08-19,GB,True
CUST02755,google,2024-08-21,GB,True
CUST02756,google,2024-08-06,GB,True
CUST02757,google,2024-08-02,GB,True
CUST02758,google,2024-08-27,GB,True
CUST02759,google,2024-08-29,GB,True
CUST02760,google,2024-08-10,US,True
CUST02761,google,2024-08-12,GB,True
CUST02762,google,2024-08-28,CA,False
CUST02763,google,2024-08-03,GB,True
CUST02764,google,2024-08-15,GB,True
CUST02765,google,2024-08-14,CA,True
CUST02766,google,2024-08-16,FR,True
CUST02767,google,2024-08-07,DE,True
CUST02768,google,2024-08-17,US,True
CUST02769,google,2024-08-25,FR,True
CUST02770,google,2024-08-02,US,False
CUST02771,google,2024-08-24,US,True
CUST02772,google,2024-08-15,GB,False
CUST02773,google,2024-08-04,AU,True
CUST02774,google,2024-08-12,AU,True
CUST02775,google,2024-08-08,CA,True
CUST02776,tiktok,2024-08-07,GB,True
CUST02777,tiktok,2024-08-21,GB,False
CUST02778,tiktok,2024-08-12,GB,True
CUST02779,tiktok,2024-08-08,US,False
CUST02780,tiktok,2024-08-05,FR,True
CUST02781,tiktok,2024-08-16,US,True
CUST02782,tiktok,2024-08-25,GB,True
CUST02783,tiktok,2024-08-09,NL,True
CUST02784,tiktok,2024-08-04,GB,True
CUST02785,tiktok,2024-08-18,GB,True
CUST02786,tiktok,2024-08-23,GB,False
CUST02787,tiktok,2024-08-13,FR,False
CUST02788,tiktok,2024-08-07,NL,False
CUST02789,tiktok,2024-08-02,US,True
CUST02790,tiktok,2024-08-20,US,True
CUST02791,tiktok,2024-08-22,US,True
CUST02792,tiktok,2024-08-19,GB,False
CUST02793,tiktok,2024-08-25,US,True
CUST02794,tiktok,2024-08-03,DE,True
CUST02795,tiktok,2024-08-28,GB,True
CUST02796,tiktok,2024-08-15,US,False
CUST02797,tiktok,2024-08-04,GB,False
CUST02798,tiktok,2024-08-05,GB,False
CUST02799,tiktok,2024-08-26,NL,False
CUST02800,tiktok,2024-08-06,GB,True
CUST02801,tiktok,2024-08-20,FR,True
CUST02802,tiktok,2024-08-20,GB,True
CUST02803,tiktok,2024-08-17,CA,False
CUST02804,tiktok,2024-08-11,DE,False
CUST02805,tiktok,2024-08-06,GB,True
CUST02806,tiktok,2024-08-27,GB,False
CUST02807,tiktok,2024-08-08,US,True
CUST02808,tiktok,2024-08-28,GB,False
CUST02809,tiktok,2024-08-04,NL,True
CUST02810,tiktok,2024-08-21,CA,True
CUST02811,tiktok,2024-08-03,GB,True
CUST02812,tiktok,2024-08-21,GB,True
CUST02813,tiktok,2024-08-05,GB,True
CUST02814,tiktok,2024-08-20,GB,False
CUST02815,tiktok,2024-08-21,US,True
CUST02816,tiktok,2024-08-09,AU,True
CUST02817,tiktok,2024-08-21,GB,True
CUST02818,tiktok,2024-08-08,GB,False
CUST02819,tiktok,2024-08-24,US,True
CUST02820,tiktok,2024-08-22,US,False
CUST02821,tiktok,2024-08-01,US,True
CUST02822,tiktok,2024-08-04,DE,True
CUST02823,tiktok,2024-08-16,DE,True
CUST02824,tiktok,2024-08-01,GB,False
CUST02825,tiktok,2024-08-08,US,True
CUST02826,tiktok,2024-08-06,FR,False
CUST02827,tiktok,2024-08-13,US,True
CUST02828,tiktok,2024-08-22,NL,True
CUST02829,organic,2024-08-02,GB,True
CUST02830,organic,2024-08-21,DE,True
CUST02831,organic,2024-08-30,US,True
CUST02832,organic,2024-08-11,CA,True
CUST02833,organic,2024-08-18,FR,True
CUST02834,organic,2024-08-15,AU,True
CUST02835,organic,2024-08-25,US,False
CUST02836,organic,2024-08-21,US,True
CUST02837,organic,2024-08-27,US,True
CUST02838,organic,2024-08-06,NL,False
CUST02839,organic,2024-08-21,US,True
CUST02840,organic,2024-08-27,US,True
CUST02841,organic,2024-08-22,US,True
CUST02842,organic,2024-08-05,FR,True
CUST02843,organic,2024-08-05,US,False
CUST02844,organic,2024-08-06,US,True
CUST02845,organic,2024-08-22,US,True
CUST02846,organic,2024-08-15,AU,True
CUST02847,organic,2024-08-11,FR,False
CUST02848,organic,2024-08-06,GB,False
CUST02849,organic,2024-08-07,US,False
CUST02850,organic,2024-08-21,NL,False
CUST02851,organic,2024-08-01,NL,True
CUST02852,organic,2024-08-25,GB,True
CUST02853,organic,2024-08-15,AU,False
CUST02854,organic,2024-08-12,GB,False
CUST02855,organic,2024-08-02,GB,True
CUST02856,organic,2024-08-19,AU,True
CUST02857,organic,2024-08-17,GB,False
CUST02858,organic,2024-08-12,US,False
CUST02859,organic,2024-08-10,US,False
CUST02860,organic,2024-08-03,FR,False
CUST02861,organic,2024-08-07,NL,False
CUST02862,organic,2024-08-09,US,True
CUST02863,organic,2024-08-26,GB,True
CUST02864,organic,2024-08-05,DE,True
CUST02865,organic,2024-08-25,GB,False
CUST02866,organic,2024-08-13,AU,True
CUST02867,organic,2024-08-16,GB,True
CUST02868,organic,2024-08-02,US,True
CUST02869,organic,2024-08-02,US,True
CUST02870,organic,2024-08-28,US,True
CUST02871,organic,2024-08-23,US,True
CUST02872,organic,2024-08-10,GB,True
CUST02873,organic,2024-08-15,GB,True
CUST02874,organic,2024-08-19,FR,True
CUST02875,organic,2024-08-14,GB,True
CUST02876,organic,2024-08-02,US,True
CUST02877,organic,2024-08-06,US,True
CUST02878,organic,2024-08-06,GB,True
CUST02879,organic,2024-08-09,GB,False
CUST02880,organic,2024-08-18,NL,True
CUST02881,organic,2024-08-19,GB,True
CUST02882,organic,2024-08-21,GB,True
CUST02883,organic,2024-08-11,DE,False
CUST02884,organic,2024-08-16,US,False
CUST02885,organic,2024-08-08,GB,True
CUST02886,organic,2024-08-09,DE,True
CUST02887,organic,2024-08-06,CA,True
CUST02888,organic,2024-08-24,CA,True
CUST02889,organic,2024-08-08,US,True
CUST02890,email,2024-08-06,GB,True
CUST02891,email,2024-08-27,GB,True
CUST02892,email,2024-08-11,AU,True
CUST02893,email,2024-08-11,GB,True
CUST02894,email,2024-08-11,GB,True
CUST02895,email,2024-08-13,GB,True
CUST02896,email,2024-08-05,GB,True
CUST02897,email,2024-08-23,DE,False
CUST02898,email,2024-08-22,US,False
CUST02899,email,2024-08-10,GB,True
CUST02900,email,2024-08-14,CA,True
CUST02901,email,2024-08-29,FR,True
CUST02902,email,2024-08-09,FR,False
CUST02903,email,2024-08-22,AU,False
CUST02904,email,2024-08-29,DE,True
CUST02905,email,2024-08-06,US,False
CUST02906,email,2024-08-10,US,True
CUST02907,email,2024-08-04,US,True
CUST02908,email,2024-08-25,GB,False
CUST02909,email,2024-08-15,US,True
CUST02910,email,2024-08-20,GB,True
CUST02911,email,2024-08-16,US,True
CUST02912,email,2024-08-18,GB,True
CUST02913,email,2024-08-19,US,True
CUST02914,email,2024-08-06,GB,True
CUST02915,email,2024-08-16,GB,True
CUST02916,email,2024-08-12,US,False
CUST02917,referral,2024-08-14,US,True
CUST02918,referral,2024-08-05,US,True
CUST02919,referral,2024-08-28,AU,False
CUST02920,referral,2024-08-22,GB,True
CUST02921,referral,2024-08-10,GB,False
CUST02922,referral,2024-08-25,GB,True
CUST02923,referral,2024-08-21,GB,False
CUST02924,referral,2024-08-09,US,False
CUST02925,referral,2024-08-12,US,True
CUST02926,referral,2024-08-01,US,True
CUST02927,referral,2024-08-23,GB,False
CUST02928,meta,2024-09-26,NL,True
CUST02929,meta,2024-09-17,US,True
CUST02930,meta,2024-09-23,GB,False
CUST02931,meta,2024-09-15,GB,True
CUST02932,meta,2024-09-20,GB,True
CUST02933,meta,2024-09-24,US,False
CUST02934,meta,2024-09-15,DE,False
CUST02935,meta,2024-09-24,AU,True
CUST02936,meta,2024-09-19,NL,True
CUST02937,meta,2024-09-02,GB,True
CUST02938,meta,2024-09-07,GB,True
CUST02939,meta,2024-09-22,GB,True
CUST02940,meta,2024-09-10,DE,True
CUST02941,meta,2024-09-27,CA,True
CUST02942,meta,2024-09-13,AU,True
CUST02943,meta,2024-09-06,GB,True
CUST02944,meta,2024-09-04,GB,False
CUST02945,meta,2024-09-14,DE,True
CUST02946,meta,2024-09-29,US,True
CUST02947,meta,2024-09-16,AU,False
CUST02948,meta,2024-09-22,DE,True
CUST02949,meta,2024-09-29,US,False
CUST02950,meta,2024-09-14,GB,False
CUST02951,meta,2024-09-11,GB,True
CUST02952,meta,2024-09-05,US,True
CUST02953,meta,2024-09-10,DE,True
CUST02954,meta,2024-09-25,GB,True
CUST02955,meta,2024-09-11,US,False
CUST02956,meta,2024-09-10,US,True
CUST02957,meta,2024-09-11,FR,True
CUST02958,meta,2024-09-16,DE,True
CUST02959,meta,2024-09-25,GB,True
CUST02960,meta,2024-09-11,NL,False
CUST02961,meta,2024-09-22,AU,True
CUST02962,meta,2024-09-20,GB,True
CUST02963,meta,2024-09-21,GB,True
CUST02964,meta,2024-09-29,US,True
CUST02965,meta,2024-09-23,AU,True
CUST02966,meta,2024-09-12,GB,False
CUST02967,meta,2024-09-10,GB,False
CUST02968,meta,2024-09-26,US,True
CUST02969,meta,2024-09-06,NL,True
CUST02970,meta,2024-09-18,US,True
CUST02971,meta,2024-09-20,US,True
CUST02972,meta,2024-09-03,US,True
CUST02973,meta,2024-09-05,GB,False
CUST02974,meta,2024-09-21,GB,True
CUST02975,meta,2024-09-20,GB,True
CUST02976,meta,2024-09-26,US,False
CUST02977,meta,2024-09-06,DE,True
CUST02978,meta,2024-09-06,GB,True
CUST02979,meta,2024-09-02,US,True
CUST02980,meta,2024-09-04,US,True
CUST02981,meta,2024-09-11,AU,False
CUST02982,meta,2024-09-20,US,True
CUST02983,meta,2024-09-14,US,True
CUST02984,meta,2024-09-10,GB,True
CUST02985,meta,2024-09-29,GB,True
CUST02986,meta,2024-09-05,GB,False
CUST02987,meta,2024-09-15,AU,True
CUST02988,meta,2024-09-09,GB,True
CUST02989,meta,2024-09-09,GB,False
CUST02990,meta,2024-09-07,CA,False
CUST02991,meta,2024-09-21,GB,True
CUST02992,meta,2024-09-13,AU,True
CUST02993,meta,2024-09-01,US,False
CUST02994,meta,2024-09-29,GB,True
CUST02995,meta,2024-09-23,GB,True
CUST02996,meta,2024-09-28,DE,True
CUST02997,meta,2024-09-12,US,True
CUST02998,meta,2024-09-08,FR,True
CUST02999,meta,2024-09-15,FR,True
CUST03000,meta,2024-09-22,US,True
CUST03001,meta,2024-09-27,GB,False
CUST03002,meta,2024-09-13,US,True
CUST03003,meta,2024-09-18,GB,True
CUST03004,meta,2024-09-26,FR,False
CUST03005,meta,2024-09-06,GB,True
CUST03006,meta,2024-09-08,CA,True
CUST03007,meta,2024-09-07,US,True
CUST03008,meta,2024-09-12,US,False
CUST03009,meta,2024-09-18,GB,True
CUST03010,meta,2024-09-10,NL,False
CUST03011,meta,2024-09-06,CA,False
CUST03012,meta,2024-09-26,GB,True
CUST03013,meta,2024-09-17,US,False
CUST03014,meta,2024-09-14,GB,True
CUST03015,meta,2024-09-29,US,True
CUST03016,meta,2024-09-06,US,False
CUST03017,meta,2024-09-28,CA,True
CUST03018,meta,2024-09-15,GB,True
CUST03019,meta,2024-09-25,NL,True
CUST03020,meta,2024-09-23,DE,True
CUST03021,meta,2024-09-28,DE,True
CUST03022,meta,2024-09-24,GB,True
CUST03023,meta,2024-09-01,US,True
CUST03024,meta,2024-09-14,FR,True
CUST03025,meta,2024-09-03,US,True
CUST03026,meta,2024-09-21,US,True
CUST03027,meta,2024-09-03,GB,True
CUST03028,meta,2024-09-14,FR,True
CUST03029,google,2024-09-14,GB,True
CUST03030,google,2024-09-21,US,True
CUST03031,google,2024-09-15,GB,False
CUST03032,google,2024-09-18,GB,False
CUST03033,google,2024-09-21,US,True
CUST03034,google,2024-09-13,NL,True
CUST03035,google,2024-09-09,US,True
CUST03036,google,2024-09-29,GB,True
CUST03037,google,2024-09-13,GB,True
CUST03038,google,2024-09-15,GB,True
CUST03039,google,2024-09-28,NL,False
CUST03040,google,2024-09-27,GB,False
CUST03041,google,2024-09-05,GB,False
CUST03042,google,2024-09-16,US,True
CUST03043,google,2024-09-23,US,False
CUST03044,google,2024-09-21,CA,False
CUST03045,google,2024-09-02,NL,True
CUST03046,google,2024-09-21,GB,True
CUST03047,google,2024-09-15,FR,True
CUST03048,google,2024-09-07,US,True
CUST03049,google,2024-09-03,FR,False
CUST03050,google,2024-09-07,US,True
CUST03051,google,2024-09-23,FR,False
CUST03052,google,2024-09-03,GB,True
CUST03053,google,2024-09-06,GB,True
CUST03054,google,2024-09-15,US,True
CUST03055,google,2024-09-03,GB,True
CUST03056,google,2024-09-10,US,False
CUST03057,google,2024-09-07,GB,True
CUST03058,google,2024-09-15,US,True
CUST03059,google,2024-09-24,US,True
CUST03060,google,2024-09-06,GB,True
CUST03061,google,2024-09-06,US,True
CUST03062,google,2024-09-10,GB,True
CUST03063,google,2024-09-25,US,True
CUST03064,google,2024-09-06,GB,False
CUST03065,google,2024-09-09,FR,True
CUST03066,google,2024-09-22,AU,True
CUST03067,google,2024-09-21,GB,True
CUST03068,google,2024-09-09,GB,True
CUST03069,google,2024-09-09,US,True
CUST03070,google,2024-09-24,US,True
CUST03071,google,2024-09-05,CA,False
CUST03072,google,2024-09-18,DE,False
CUST03073,google,2024-09-19,DE,True
CUST03074,google,2024-09-23,US,False
CUST03075,google,2024-09-08,GB,False
CUST03076,google,2024-09-06,US,True
CUST03077,google,2024-09-29,GB,False
CUST03078,google,2024-09-03,NL,True
CUST03079,google,2024-09-07,US,False
CUST03080,google,2024-09-14,GB,True
CUST03081,google,2024-09-18,US,True
CUST03082,google,2024-09-17,NL,False
CUST03083,google,2024-09-25,GB,True
CUST03084,google,2024-09-18,DE,True
CUST03085,google,2024-09-23,DE,True
CUST03086,google,2024-09-14,FR,True
CUST03087,google,2024-09-20,GB,False
CUST03088,google,2024-09-19,CA,True
CUST03089,google,2024-09-28,DE,True
CUST03090,google,2024-09-07,DE,True
CUST03091,google,2024-09-29,US,False
CUST03092,google,2024-09-04,GB,True
CUST03093,google,2024-09-12,GB,True
CUST03094,google,2024-09-25,NL,False
CUST03095,google,2024-09-16,FR,True
CUST03096,google,2024-09-06,AU,True
CUST03097,google,2024-09-19,FR,False
CUST03098,google,2024-09-04,GB,True
CUST03099,google,2024-09-06,GB,True
CUST03100,google,2024-09-22,FR,True
CUST03101,google,2024-09-09,GB,False
CUST03102,google,2024-09-19,GB,True
CUST03103,google,2024-09-10,GB,False
CUST03104,google,2024-09-14,GB,True
CUST03105,google,2024-09-22,FR,True
CUST03106,google,2024-09-05,US,True
CUST03107,google,2024-09-10,GB,True
CUST03108,google,2024-09-01,US,False
CUST03109,google,2024-09-28,US,True
CUST03110,google,2024-09-17,GB,False
CUST03111,google,2024-09-10,AU,False
CUST03112,google,2024-09-25,US,True
CUST03113,google,2024-09-04,US,False
CUST03114,google,2024-09-04,US,True
CUST03115,google,2024-09-26,GB,True
CUST03116,tiktok,2024-09-03,US,True
CUST03117,tiktok,2024-09-02,GB,True
CUST03118,tiktok,2024-09-13,US,True
CUST03119,tiktok,2024-09-04,AU,True
CUST03120,tiktok,2024-09-14,GB,True
CUST03121,tiktok,2024-09-26,NL,True
CUST03122,tiktok,2024-09-20,US,True
CUST03123,tiktok,2024-09-29,US,True
CUST03124,tiktok,2024-09-02,GB,False
CUST03125,tiktok,2024-09-13,GB,True
CUST03126,tiktok,2024-09-07,GB,True
CUST03127,tiktok,2024-09-04,GB,True
CUST03128,tiktok,2024-09-28,NL,True
CUST03129,tiktok,2024-09-17,CA,False
CUST03130,tiktok,2024-09-04,AU,False
CUST03131,tiktok,2024-09-07,GB,True
CUST03132,tiktok,2024-09-06,GB,True
CUST03133,tiktok,2024-09-18,US,True
CUST03134,tiktok,2024-09-12,GB,True
CUST03135,tiktok,2024-09-02,FR,True
CUST03136,tiktok,2024-09-26,US,False
CUST03137,tiktok,2024-09-01,US,True
CUST03138,tiktok,2024-09-19,FR,True
CUST03139,tiktok,2024-09-21,DE,True
CUST03140,tiktok,2024-09-06,US,True
CUST03141,tiktok,2024-09-18,GB,False
CUST03142,tiktok,2024-09-03,GB,True
CUST03143,tiktok,2024-09-29,GB,False
CUST03144,tiktok,2024-09-27,US,True
CUST03145,tiktok,2024-09-13,FR,True
CUST03146,tiktok,2024-09-03,GB,True
CUST03147,tiktok,2024-09-14,GB,True
CUST03148,tiktok,2024-09-12,CA,True
CUST03149,tiktok,2024-09-20,US,True
CUST03150,tiktok,2024-09-04,GB,True
CUST03151,tiktok,2024-09-25,DE,True
CUST03152,tiktok,2024-09-11,US,True
CUST03153,tiktok,2024-09-18,FR,True
CUST03154,tiktok,2024-09-12,US,True
CUST03155,tiktok,2024-09-16,DE,True
CUST03156,tiktok,2024-09-03,GB,False
CUST03157,tiktok,2024-09-24,GB,True
CUST03158,tiktok,2024-09-07,AU,True
CUST03159,tiktok,2024-09-15,DE,True
CUST03160,tiktok,2024-09-06,US,True
CUST03161,tiktok,2024-09-02,CA,False
CUST03162,tiktok,2024-09-23,CA,True
CUST03163,tiktok,2024-09-25,AU,True
CUST03164,tiktok,2024-09-14,US,True
CUST03165,tiktok,2024-09-05,GB,False
CUST03166,tiktok,2024-09-25,GB,False
CUST03167,tiktok,2024-09-19,US,True
CUST03168,organic,2024-09-03,DE,True
CUST03169,organic,2024-09-27,FR,True
CUST03170,organic,2024-09-17,NL,True
CUST03171,organic,2024-09-29,GB,True
CUST03172,organic,2024-09-17,DE,False
CUST03173,organic,2024-09-21,FR,True
CUST03174,organic,2024-09-06,US,True
CUST03175,organic,2024-09-26,US,True
CUST03176,organic,2024-09-08,CA,False
CUST03177,organic,2024-09-12,GB,True
CUST03178,organic,2024-09-14,FR,True
CUST03179,organic,2024-09-05,CA,True
CUST03180,organic,2024-09-17,US,True
CUST03181,organic,2024-09-14,US,True
CUST03182,organic,2024-09-01,GB,True
CUST03183,organic,2024-09-13,AU,False
CUST03184,organic,2024-09-23,GB,True
CUST03185,organic,2024-09-23,GB,True
CUST03186,organic,2024-09-24,US,True
CUST03187,organic,2024-09-20,GB,True
CUST03188,organic,2024-09-14,AU,True
CUST03189,organic,2024-09-04,US,True
CUST03190,organic,2024-09-14,GB,False
CUST03191,organic,2024-09-07,GB,True
CUST03192,organic,2024-09-08,AU,True
CUST03193,organic,2024-09-12,GB,True
CUST03194,organic,2024-09-09,DE,False
CUST03195,organic,2024-09-29,GB,True
CUST03196,organic,2024-09-03,CA,True
CUST03197,organic,2024-09-13,GB,True
CUST03198,organic,2024-09-27,DE,True
CUST03199,organic,2024-09-17,GB,False
CUST03200,organic,2024-09-06,US,True
CUST03201,organic,2024-09-10,GB,True
CUST03202,organic,2024-09-21,GB,False
CUST03203,organic,2024-09-14,GB,True
CUST03204,organic,2024-09-18,GB,False
CUST03205,organic,2024-09-19,US,True
CUST03206,organic,2024-09-02,GB,True
CUST03207,organic,2024-09-15,NL,True
CUST03208,organic,2024-09-06,US,True
CUST03209,organic,2024-09-25,DE,True
CUST03210,organic,2024-09-11,US,True
CUST03211,organic,2024-09-08,US,True
CUST03212,organic,2024-09-04,CA,True
CUST03213,organic,2024-09-28,US,False
CUST03214,organic,2024-09-27,DE,True
CUST03215,organic,2024-09-23,DE,False
CUST03216,organic,2024-09-16,GB,True
CUST03217,organic,2024-09-12,GB,True
CUST03218,organic,2024-09-12,US,True
CUST03219,organic,2024-09-12,US,False
CUST03220,email,2024-09-18,GB,True
CUST03221,email,2024-09-18,DE,True
CUST03222,email,2024-09-22,FR,True
CUST03223,email,2024-09-28,FR,True
CUST03224,email,2024-09-27,GB,False
CUST03225,email,2024-09-29,DE,True
CUST03226,email,2024-09-14,GB,True
CUST03227,email,2024-09-04,US,True
CUST03228,email,2024-09-28,US,True
CUST03229,email,2024-09-09,AU,True
CUST03230,email,2024-09-09,GB,True
CUST03231,email,2024-09-27,DE,False
CUST03232,email,2024-09-05,GB,True
CUST03233,email,2024-09-21,GB,True
CUST03234,email,2024-09-04,GB,False
CUST03235,email,2024-09-21,US,False
CUST03236,email,2024-09-28,GB,True
CUST03237,email,2024-09-06,GB,True
CUST03238,email,2024-09-29,US,True
CUST03239,email,2024-09-03,GB,True
CUST03240,email,2024-09-22,NL,False
CUST03241,referral,2024-09-22,GB,False
CUST03242,referral,2024-09-07,DE,True
CUST03243,referral,2024-09-08,AU,True
CUST03244,referral,2024-09-23,US,False
CUST03245,referral,2024-09-09,US,True
CUST03246,referral,2024-09-05,GB,False
CUST03247,referral,2024-09-17,GB,False
CUST03248,referral,2024-09-14,GB,True
CUST03249,referral,2024-09-09,CA,True
CUST03250,referral,2024-09-11,US,True
CUST03251,meta,2024-10-30,GB,True
CUST03252,meta,2024-10-14,GB,True
CUST03253,meta,2024-10-14,US,True
CUST03254,meta,2024-10-09,GB,True
CUST03255,meta,2024-10-30,FR,True
CUST03256,meta,2024-10-14,GB,True
CUST03257,meta,2024-10-27,AU,True
CUST03258,meta,2024-10-02,US,True
CUST03259,meta,2024-10-27,US,True
CUST03260,meta,2024-10-01,US,True
CUST03261,meta,2024-10-18,GB,False
CUST03262,meta,2024-10-22,US,False
CUST03263,meta,2024-10-15,NL,True
CUST03264,meta,2024-10-22,AU,False
CUST03265,meta,2024-10-13,GB,True
CUST03266,meta,2024-10-14,DE,True
CUST03267,meta,2024-10-18,FR,True
CUST03268,meta,2024-10-04,GB,True
CUST03269,meta,2024-10-14,US,True
CUST03270,meta,2024-10-16,AU,True
CUST03271,meta,2024-10-22,GB,True
CUST03272,meta,2024-10-10,AU,True
CUST03273,meta,2024-10-01,GB,False
CUST03274,meta,2024-10-11,DE,True
CUST03275,meta,2024-10-23,GB,True
CUST03276,meta,2024-10-25,GB,True
CUST03277,meta,2024-10-05,CA,True
CUST03278,meta,2024-10-01,US,False
CUST03279,meta,2024-10-28,US,True
CUST03280,meta,2024-10-02,US,True
CUST03281,meta,2024-10-30,US,True
CUST03282,meta,2024-10-17,US,True
CUST03283,meta,2024-10-15,AU,True
CUST03284,meta,2024-10-24,US,False
CUST03285,meta,2024-10-30,US,False
CUST03286,meta,2024-10-15,GB,True
CUST03287,meta,2024-10-14,US,False
CUST03288,meta,2024-10-16,GB,False
CUST03289,meta,2024-10-06,GB,True
CUST03290,meta,2024-10-06,GB,False
CUST03291,meta,2024-10-07,FR,False
CUST03292,meta,2024-10-24,US,True
CUST03293,meta,2024-10-02,GB,True
CUST03294,meta,2024-10-20,GB,True
CUST03295,meta,2024-10-13,DE,False
CUST03296,meta,2024-10-19,FR,False
CUST03297,meta,2024-10-20,GB,True
CUST03298,meta,2024-10-14,US,True
CUST03299,meta,2024-10-17,US,True
CUST03300,meta,2024-10-15,US,True
CUST03301,meta,2024-10-28,AU,True
CUST03302,meta,2024-10-06,NL,True
CUST03303,meta,2024-10-07,US,True
CUST03304,meta,2024-10-02,FR,True
CUST03305,meta,2024-10-17,NL,True
CUST03306,meta,2024-10-03,US,True
CUST03307,meta,2024-10-26,GB,True
CUST03308,meta,2024-10-27,US,True
CUST03309,meta,2024-10-15,FR,True
CUST03310,meta,2024-10-17,US,True
CUST03311,meta,2024-10-01,GB,True
CUST03312,meta,2024-10-26,GB,False
CUST03313,meta,2024-10-24,GB,True
CUST03314,meta,2024-10-15,GB,True
CUST03315,meta,2024-10-02,GB,True
CUST03316,meta,2024-10-19,DE,True
CUST03317,meta,2024-10-14,AU,True
CUST03318,meta,2024-10-04,US,False
CUST03319,meta,2024-10-01,GB,True
CUST03320,meta,2024-10-05,DE,False
CUST03321,meta,2024-10-10,AU,True
CUST03322,meta,2024-10-16,US,True
CUST03323,meta,2024-10-15,GB,True
CUST03324,meta,2024-10-05,GB,False
CUST03325,meta,2024-10-19,GB,True
CUST03326,meta,2024-10-11,CA,True
CUST03327,meta,2024-10-24,GB,True
CUST03328,meta,2024-10-19,GB,False
CUST03329,meta,2024-10-20,CA,True
CUST03330,meta,2024-10-22,GB,True
CUST03331,meta,2024-10-20,FR,False
CUST03332,meta,2024-10-18,US,True
CUST03333,meta,2024-10-16,GB,True
CUST03334,meta,2024-10-05,US,True
CUST03335,meta,2024-10-24,US,True
CUST03336,meta,2024-10-07,US,False
CUST03337,meta,2024-10-26,DE,True
CUST03338,meta,2024-10-03,FR,True
CUST03339,meta,2024-10-20,GB,True
CUST03340,meta,2024-10-08,GB,False
CUST03341,meta,2024-10-01,GB,True
CUST03342,meta,2024-10-28,FR,False
CUST03343,meta,2024-10-16,CA,True
CUST03344,meta,2024-10-16,US,False
CUST03345,meta,2024-10-25,US,True
CUST03346,meta,2024-10-06,US,True
CUST03347,meta,2024-10-19,GB,True
CUST03348,meta,2024-10-08,US,True
CUST03349,meta,2024-10-09,GB,True
CUST03350,meta,2024-10-02,AU,False
CUST03351,meta,2024-10-09,US,False
CUST03352,meta,2024-10-07,DE,False
CUST03353,meta,2024-10-20,GB,True
CUST03354,meta,2024-10-22,CA,True
CUST03355,meta,2024-10-26,GB,True
CUST03356,meta,2024-10-28,DE,True
CUST03357,meta,2024-10-15,US,True
CUST03358,meta,2024-10-30,CA,True
CUST03359,meta,2024-10-26,US,False
CUST03360,google,2024-10-17,NL,True
CUST03361,google,2024-10-08,US,False
CUST03362,google,2024-10-01,GB,True
CUST03363,google,2024-10-08,US,True
CUST03364,google,2024-10-16,DE,True
CUST03365,google,2024-10-05,US,True
CUST03366,google,2024-10-05,GB,False
CUST03367,google,2024-10-29,GB,True
CUST03368,google,2024-10-28,AU,True
CUST03369,google,2024-10-01,NL,True
CUST03370,google,2024-10-14,FR,False
CUST03371,google,2024-10-29,DE,True
CUST03372,google,2024-10-20,NL,True
CUST03373,google,2024-10-04,US,True
CUST03374,google,2024-10-11,GB,True
CUST03375,google,2024-10-28,GB,False
CUST03376,google,2024-10-17,US,True
CUST03377,google,2024-10-30,DE,False
CUST03378,google,2024-10-11,GB,True
CUST03379,google,2024-10-11,GB,True
CUST03380,google,2024-10-07,GB,True
CUST03381,google,2024-10-16,GB,True
CUST03382,google,2024-10-07,US,False
CUST03383,google,2024-10-21,DE,True
CUST03384,google,2024-10-15,US,True
CUST03385,google,2024-10-12,US,False
CUST03386,google,2024-10-19,DE,True
CUST03387,google,2024-10-16,AU,True
CUST03388,google,2024-10-26,GB,True
CUST03389,google,2024-10-09,NL,True
CUST03390,google,2024-10-07,AU,False
CUST03391,google,2024-10-24,DE,True
CUST03392,google,2024-10-06,US,False
CUST03393,google,2024-10-17,GB,True
CUST03394,google,2024-10-23,FR,True
CUST03395,google,2024-10-21,GB,True
CUST03396,google,2024-10-19,US,True
CUST03397,google,2024-10-10,US,True
CUST03398,google,2024-10-01,US,True
CUST03399,google,2024-10-05,NL,True
CUST03400,google,2024-10-25,NL,True
CUST03401,google,2024-10-02,US,False
CUST03402,google,2024-10-20,GB,True
CUST03403,google,2024-10-14,US,True
CUST03404,google,2024-10-23,CA,False
CUST03405,google,2024-10-24,GB,True
CUST03406,google,2024-10-02,US,True
CUST03407,google,2024-10-09,AU,True
CUST03408,google,2024-10-05,US,True
CUST03409,google,2024-10-03,US,True
CUST03410,google,2024-10-16,GB,True
CUST03411,google,2024-10-10,DE,True
CUST03412,google,2024-10-17,AU,True
CUST03413,google,2024-10-09,NL,True
CUST03414,google,2024-10-26,GB,False
CUST03415,google,2024-10-21,AU,True
CUST03416,google,2024-10-04,GB,True
CUST03417,google,2024-10-13,GB,False
CUST03418,google,2024-10-03,GB,True
CUST03419,google,2024-10-25,US,True
CUST03420,google,2024-10-16,GB,True
CUST03421,google,2024-10-06,GB,True
CUST03422,google,2024-10-28,NL,True
CUST03423,google,2024-10-06,NL,True
CUST03424,google,2024-10-05,GB,True
CUST03425,google,2024-10-09,FR,True
CUST03426,google,2024-10-19,US,True
CUST03427,google,2024-10-15,AU,True
CUST03428,google,2024-10-07,GB,False
CUST03429,google,2024-10-14,GB,True
CUST03430,google,2024-10-28,GB,True
CUST03431,google,2024-10-10,GB,True
CUST03432,google,2024-10-09,CA,True
CUST03433,google,2024-10-22,GB,False
CUST03434,google,2024-10-18,US,True
CUST03435,google,2024-10-26,US,True
CUST03436,google,2024-10-02,NL,False
CUST03437,google,2024-10-08,US,True
CUST03438,google,2024-10-22,GB,True
CUST03439,google,2024-10-11,GB,True
CUST03440,google,2024-10-05,US,True
CUST03441,google,2024-10-13,GB,True
CUST03442,google,2024-10-02,NL,True
CUST03443,google,2024-10-24,GB,True
CUST03444,tiktok,2024-10-19,DE,True
CUST03445,tiktok,2024-10-16,DE,True
CUST03446,tiktok,2024-10-01,GB,False
CUST03447,tiktok,2024-10-17,GB,True
CUST03448,tiktok,2024-10-10,NL,True
CUST03449,tiktok,2024-10-08,US,True
CUST03450,tiktok,2024-10-02,US,False
CUST03451,tiktok,2024-10-29,US,False
CUST03452,tiktok,2024-10-20,US,True
CUST03453,tiktok,2024-10-13,DE,True
CUST03454,tiktok,2024-10-24,DE,True
CUST03455,tiktok,2024-10-02,CA,True
CUST03456,tiktok,2024-10-25,GB,False
CUST03457,tiktok,2024-10-14,CA,False
CUST03458,tiktok,2024-10-29,GB,True
CUST03459,tiktok,2024-10-15,AU,True
CUST03460,tiktok,2024-10-28,FR,True
CUST03461,tiktok,2024-10-17,FR,True
CUST03462,tiktok,2024-10-05,GB,True
CUST03463,tiktok,2024-10-17,US,True
CUST03464,tiktok,2024-10-23,GB,True
CUST03465,tiktok,2024-10-10,AU,True
CUST03466,tiktok,2024-10-15,GB,True
CUST03467,tiktok,2024-10-10,US,True
CUST03468,tiktok,2024-10-08,DE,True
CUST03469,tiktok,2024-10-01,US,True
CUST03470,tiktok,2024-10-05,US,False
CUST03471,tiktok,2024-10-11,NL,False
CUST03472,tiktok,2024-10-23,DE,True
CUST03473,tiktok,2024-10-19,GB,True
CUST03474,tiktok,2024-10-20,FR,True
CUST03475,tiktok,2024-10-21,US,True
CUST03476,tiktok,2024-10-17,US,True
CUST03477,tiktok,2024-10-11,AU,True
CUST03478,tiktok,2024-10-12,US,True
CUST03479,tiktok,2024-10-25,FR,False
CUST03480,tiktok,2024-10-04,US,True
CUST03481,tiktok,2024-10-25,GB,True
CUST03482,tiktok,2024-10-15,US,True
CUST03483,tiktok,2024-10-19,DE,False
CUST03484,tiktok,2024-10-08,GB,False
CUST03485,tiktok,2024-10-24,GB,False
CUST03486,tiktok,2024-10-09,GB,True
CUST03487,tiktok,2024-10-23,FR,True
CUST03488,tiktok,2024-10-05,DE,False
CUST03489,tiktok,2024-10-01,GB,True
CUST03490,tiktok,2024-10-28,US,False
CUST03491,tiktok,2024-10-01,US,False
CUST03492,tiktok,2024-10-21,FR,True
CUST03493,tiktok,2024-10-21,GB,True
CUST03494,tiktok,2024-10-30,FR,False
CUST03495,tiktok,2024-10-25,US,False
CUST03496,tiktok,2024-10-17,AU,True
CUST03497,tiktok,2024-10-06,FR,False
CUST03498,organic,2024-10-08,GB,True
CUST03499,organic,2024-10-10,US,False
CUST03500,organic,2024-10-22,GB,True
CUST03501,organic,2024-10-02,GB,False
CUST03502,organic,2024-10-23,US,True
CUST03503,organic,2024-10-13,US,True
CUST03504,organic,2024-10-02,US,True
CUST03505,organic,2024-10-15,US,True
CUST03506,organic,2024-10-22,GB,True
CUST03507,organic,2024-10-29,GB,True
CUST03508,organic,2024-10-26,DE,True
CUST03509,organic,2024-10-09,GB,True
CUST03510,organic,2024-10-07,DE,False
CUST03511,organic,2024-10-21,AU,True
CUST03512,organic,2024-10-23,DE,True
CUST03513,organic,2024-10-26,US,True
CUST03514,organic,2024-10-04,GB,True
CUST03515,organic,2024-10-08,US,True
CUST03516,organic,2024-10-19,US,True
CUST03517,organic,2024-10-17,NL,True
CUST03518,organic,2024-10-21,US,True
CUST03519,organic,2024-10-13,DE,True
CUST03520,organic,2024-10-22,CA,True
CUST03521,organic,2024-10-28,GB,True
CUST03522,organic,2024-10-30,US,True
CUST03523,organic,2024-10-03,US,False
CUST03524,organic,2024-10-11,FR,False
CUST03525,organic,2024-10-14,DE,True
CUST03526,organic,2024-10-14,US,True
CUST03527,organic,2024-10-30,US,True
CUST03528,organic,2024-10-14,GB,False
CUST03529,organic,2024-10-11,GB,False
CUST03530,organic,2024-10-07,GB,False
CUST03531,organic,2024-10-30,FR,True
CUST03532,organic,2024-10-05,GB,True
CUST03533,organic,2024-10-16,GB,True
CUST03534,organic,2024-10-30,FR,False
CUST03535,organic,2024-10-29,GB,False
CUST03536,organic,2024-10-24,NL,True
CUST03537,organic,2024-10-17,GB,True
CUST03538,organic,2024-10-22,GB,False
CUST03539,organic,2024-10-11,US,True
CUST03540,organic,2024-10-19,GB,True
CUST03541,organic,2024-10-28,CA,False
CUST03542,organic,2024-10-28,CA,True
CUST03543,organic,2024-10-11,DE,True
CUST03544,organic,2024-10-15,GB,True
CUST03545,organic,2024-10-22,DE,True
CUST03546,organic,2024-10-08,US,True
CUST03547,organic,2024-10-18,US,False
CUST03548,organic,2024-10-02,FR,True
CUST03549,organic,2024-10-28,DE,True
CUST03550,organic,2024-10-19,NL,True
CUST03551,organic,2024-10-19,US,True
CUST03552,organic,2024-10-05,US,True
CUST03553,organic,2024-10-06,US,True
CUST03554,organic,2024-10-08,FR,False
CUST03555,organic,2024-10-27,US,True
CUST03556,organic,2024-10-21,NL,True
CUST03557,organic,2024-10-16,FR,True
CUST03558,organic,2024-10-16,US,False
CUST03559,organic,2024-10-11,AU,False
CUST03560,email,2024-10-23,GB,False
CUST03561,email,2024-10-08,NL,True
CUST03562,email,2024-10-20,GB,True
CUST03563,email,2024-10-23,DE,True
CUST03564,email,2024-10-19,US,False
CUST03565,email,2024-10-21,US,True
CUST03566,email,2024-10-11,GB,True
CUST03567,email,2024-10-30,US,False
CUST03568,email,2024-10-02,GB,True
CUST03569,email,2024-10-09,US,False
CUST03570,email,2024-10-05,CA,True
CUST03571,email,2024-10-30,AU,False
CUST03572,email,2024-10-27,US,True
CUST03573,email,2024-10-08,US,True
CUST03574,email,2024-10-09,US,True
CUST03575,email,2024-10-16,GB,True
CUST03576,email,2024-10-02,GB,False
CUST03577,email,2024-10-23,GB,False
CUST03578,email,2024-10-12,FR,False
CUST03579,email,2024-10-25,US,True
CUST03580,email,2024-10-08,GB,True
CUST03581,email,2024-10-01,DE,False
CUST03582,email,2024-10-26,CA,False
CUST03583,email,2024-10-04,FR,True
CUST03584,email,2024-10-27,GB,True
CUST03585,referral,2024-10-22,US,True
CUST03586,referral,2024-10-15,FR,True
CUST03587,referral,2024-10-18,US,False
CUST03588,referral,2024-10-21,FR,True
CUST03589,referral,2024-10-08,AU,True
CUST03590,referral,2024-10-09,US,True
CUST03591,referral,2024-10-07,NL,False
CUST03592,referral,2024-10-11,GB,True
CUST03593,referral,2024-10-04,US,False
CUST03594,referral,2024-10-12,FR,True
CUST03595,referral,2024-10-15,DE,True
CUST03596,referral,2024-10-22,DE,True
CUST03597,meta,2024-11-07,GB,True
CUST03598,meta,2024-11-02,GB,True
CUST03599,meta,2024-11-28,US,True
CUST03600,meta,2024-11-15,NL,True
CUST03601,meta,2024-11-28,US,False
CUST03602,meta,2024-11-22,DE,True
CUST03603,meta,2024-11-07,GB,True
CUST03604,meta,2024-11-19,GB,True
CUST03605,meta,2024-11-02,AU,True
CUST03606,meta,2024-11-08,US,True
CUST03607,meta,2024-11-18,DE,False
CUST03608,meta,2024-11-24,US,True
CUST03609,meta,2024-11-17,US,True
CUST03610,meta,2024-11-26,US,False
CUST03611,meta,2024-11-09,AU,False
CUST03612,meta,2024-11-09,US,False
CUST03613,meta,2024-11-01,DE,True
CUST03614,meta,2024-11-17,GB,True
CUST03615,meta,2024-11-11,GB,True
CUST03616,meta,2024-11-10,US,False
CUST03617,meta,2024-11-28,NL,True
CUST03618,meta,2024-11-26,AU,True
CUST03619,meta,2024-11-18,DE,False
CUST03620,meta,2024-11-05,CA,True
CUST03621,meta,2024-11-14,US,True
CUST03622,meta,2024-11-03,US,True
CUST03623,meta,2024-11-12,GB,True
CUST03624,meta,2024-11-12,GB,False
CUST03625,meta,2024-11-09,GB,True
CUST03626,meta,2024-11-27,GB,True
CUST03627,meta,2024-11-04,NL,True
CUST03628,meta,2024-11-26,GB,True
CUST03629,meta,2024-11-12,GB,False
CUST03630,meta,2024-11-23,GB,True
CUST03631,meta,2024-11-16,FR,True
CUST03632,meta,2024-11-10,US,False
CUST03633,meta,2024-11-05,US,True
CUST03634,meta,2024-11-27,US,False
CUST03635,meta,2024-11-15,US,False
CUST03636,meta,2024-11-06,DE,False
CUST03637,meta,2024-11-10,US,False
CUST03638,meta,2024-11-01,GB,False
CUST03639,meta,2024-11-14,US,True
CUST03640,meta,2024-11-16,US,True
CUST03641,meta,2024-11-15,GB,True
CUST03642,meta,2024-11-17,GB,True
CUST03643,meta,2024-11-22,GB,True
CUST03644,meta,2024-11-24,GB,False
CUST03645,meta,2024-11-25,GB,True
CUST03646,meta,2024-11-21,DE,True
CUST03647,meta,2024-11-22,GB,True
CUST03648,meta,2024-11-10,FR,True
CUST03649,meta,2024-11-11,GB,True
CUST03650,meta,2024-11-16,FR,False
CUST03651,meta,2024-11-05,DE,True
CUST03652,meta,2024-11-28,DE,True
CUST03653,meta,2024-11-08,GB,False
CUST03654,meta,2024-11-09,AU,True
CUST03655,meta,2024-11-16,CA,False
CUST03656,meta,2024-11-29,FR,True
CUST03657,meta,2024-11-12,NL,False
CUST03658,meta,2024-11-15,US,True
CUST03659,meta,2024-11-17,DE,True
CUST03660,meta,2024-11-22,GB,False
CUST03661,meta,2024-11-21,GB,False
CUST03662,meta,2024-11-03,CA,True
CUST03663,meta,2024-11-07,CA,True
CUST03664,meta,2024-11-01,FR,True
CUST03665,meta,2024-11-11,DE,True
CUST03666,meta,2024-11-15,AU,True
CUST03667,meta,2024-11-16,US,False
CUST03668,meta,2024-11-16,US,True
CUST03669,meta,2024-11-11,US,False
CUST03670,meta,2024-11-14,GB,True
CUST03671,meta,2024-11-08,GB,False
CUST03672,meta,2024-11-29,US,True
CUST03673,meta,2024-11-19,DE,False
CUST03674,meta,2024-11-13,GB,False
CUST03675,meta,2024-11-03,GB,True
CUST03676,meta,2024-11-14,US,False
CUST03677,meta,2024-11-14,GB,True
CUST03678,meta,2024-11-04,GB,False
CUST03679,meta,2024-11-08,AU,True
CUST03680,meta,2024-11-28,GB,True
CUST03681,meta,2024-11-22,GB,True
CUST03682,meta,2024-11-28,US,True
CUST03683,meta,2024-11-02,GB,True
CUST03684,meta,2024-11-16,CA,True
CUST03685,meta,2024-11-22,DE,True
CUST03686,meta,2024-11-09,GB,True
CUST03687,meta,2024-11-23,US,True
CUST03688,meta,2024-11-13,GB,True
CUST03689,meta,2024-11-07,GB,False
CUST03690,meta,2024-11-21,US,False
CUST03691,meta,2024-11-03,AU,True
CUST03692,meta,2024-11-25,US,False
CUST03693,meta,2024-11-02,CA,True
CUST03694,meta,2024-11-27,US,True
CUST03695,meta,2024-11-04,DE,True
CUST03696,meta,2024-11-28,FR,True
CUST03697,meta,2024-11-25,AU,True
CUST03698,meta,2024-11-28,NL,True
CUST03699,meta,2024-11-04,FR,False
CUST03700,meta,2024-11-14,US,True
CUST03701,meta,2024-11-17,GB,True
CUST03702,meta,2024-11-23,US,False
CUST03703,meta,2024-11-02,US,True
CUST03704,meta,2024-11-01,US,False
CUST03705,meta,2024-11-01,GB,True
CUST03706,meta,2024-11-21,GB,True
CUST03707,meta,2024-11-29,DE,True
CUST03708,meta,2024-11-26,US,True
CUST03709,meta,2024-11-28,NL,True
CUST03710,meta,2024-11-10,FR,True
CUST03711,meta,2024-11-15,GB,True
CUST03712,meta,2024-11-26,US,True
CUST03713,meta,2024-11-07,US,True
CUST03714,meta,2024-11-16,AU,True
CUST03715,meta,2024-11-11,GB,True
CUST03716,meta,2024-11-21,CA,True
CUST03717,meta,2024-11-11,FR,True
CUST03718,meta,2024-11-07,AU,False
CUST03719,meta,2024-11-06,AU,False
CUST03720,meta,2024-11-02,US,True
CUST03721,meta,2024-11-19,GB,False
CUST03722,meta,2024-11-20,GB,False
CUST03723,meta,2024-11-29,FR,True
CUST03724,meta,2024-11-09,US,True
CUST03725,meta,2024-11-08,FR,True
CUST03726,meta,2024-11-24,DE,True
CUST03727,meta,2024-11-16,US,True
CUST03728,meta,2024-11-05,FR,True
CUST03729,meta,2024-11-24,GB,True
CUST03730,meta,2024-11-23,GB,False
CUST03731,meta,2024-11-21,US,True
CUST03732,meta,2024-11-18,US,True
CUST03733,meta,2024-11-04,US,True
CUST03734,meta,2024-11-12,CA,True
CUST03735,meta,2024-11-19,AU,True
CUST03736,meta,2024-11-14,DE,True
CUST03737,meta,2024-11-03,GB,True
CUST03738,meta,2024-11-09,US,True
CUST03739,meta,2024-11-26,GB,False
CUST03740,meta,2024-11-02,GB,True
CUST03741,meta,2024-11-15,US,False
CUST03742,meta,2024-11-08,US,True
CUST03743,meta,2024-11-26,CA,True
CUST03744,meta,2024-11-18,AU,True
CUST03745,meta,2024-11-08,GB,True
CUST03746,meta,2024-11-15,US,True
CUST03747,meta,2024-11-13,US,True
CUST03748,meta,2024-11-02,GB,False
CUST03749,meta,2024-11-02,DE,True
CUST03750,meta,2024-11-20,GB,False
CUST03751,meta,2024-11-26,GB,True
CUST03752,meta,2024-11-01,GB,True
CUST03753,meta,2024-11-05,US,True
CUST03754,meta,2024-11-06,CA,False
CUST03755,meta,2024-11-21,AU,False
CUST03756,meta,2024-11-07,AU,True
CUST03757,meta,2024-11-16,US,True
CUST03758,meta,2024-11-07,GB,True
CUST03759,meta,2024-11-05,US,True
CUST03760,meta,2024-11-07,GB,True
CUST03761,meta,2024-11-07,GB,True
CUST03762,meta,2024-11-05,DE,True
CUST03763,meta,2024-11-06,GB,True
CUST03764,meta,2024-11-09,DE,True
CUST03765,meta,2024-11-16,DE,False
CUST03766,meta,2024-11-29,US,True
CUST03767,meta,2024-11-07,GB,True
CUST03768,meta,2024-11-08,US,True
CUST03769,meta,2024-11-19,US,True
CUST03770,google,2024-11-01,GB,True
CUST03771,google,2024-11-12,GB,True
CUST03772,google,2024-11-01,US,False
CUST03773,google,2024-11-17,GB,False
CUST03774,google,2024-11-22,CA,False
CUST03775,google,2024-11-13,US,True
CUST03776,google,2024-11-14,DE,True
CUST03777,google,2024-11-17,CA,True
CUST03778,google,2024-11-13,GB,False
CUST03779,google,2024-11-27,US,True
CUST03780,google,2024-11-17,FR,True
CUST03781,google,2024-11-04,FR,False
CUST03782,google,2024-11-02,CA,True
CUST03783,google,2024-11-05,GB,False
CUST03784,google,2024-11-06,GB,True
CUST03785,google,2024-11-07,AU,True
CUST03786,google,2024-11-22,US,True
CUST03787,google,2024-11-25,GB,True
CUST03788,google,2024-11-07,AU,True
CUST03789,google,2024-11-01,GB,True
CUST03790,google,2024-11-26,US,True
CUST03791,google,2024-11-28,AU,True
CUST03792,google,2024-11-26,US,True
CUST03793,google,2024-11-26,GB,True
CUST03794,google,2024-11-05,DE,True
CUST03795,google,2024-11-08,US,False
CUST03796,google,2024-11-10,GB,False
CUST03797,google,2024-11-15,US,False
CUST03798,google,2024-11-24,US,True
CUST03799,google,2024-11-15,GB,True
CUST03800,google,2024-11-27,DE,True
CUST03801,google,2024-11-29,CA,True
CUST03802,google,2024-11-20,GB,False
CUST03803,google,2024-11-08,FR,True
CUST03804,google,2024-11-19,FR,False
CUST03805,google,2024-11-19,US,True
CUST03806,google,2024-11-18,GB,True
CUST03807,google,2024-11-07,AU,True
CUST03808,google,2024-11-29,NL,True
CUST03809,google,2024-11-10,US,True
CUST03810,google,2024-11-16,GB,True
CUST03811,google,2024-11-26,GB,True
CUST03812,google,2024-11-23,GB,False
CUST03813,google,2024-11-15,FR,False
CUST03814,google,2024-11-08,GB,True
CUST03815,google,2024-11-14,NL,True
CUST03816,google,2024-11-19,AU,True
CUST03817,google,2024-11-06,US,False
CUST03818,google,2024-11-29,GB,False
CUST03819,google,2024-11-15,GB,True
CUST03820,google,2024-11-05,CA,True
CUST03821,google,2024-11-12,AU,False
CUST03822,google,2024-11-21,US,True
CUST03823,google,2024-11-14,AU,True
CUST03824,google,2024-11-13,US,True
CUST03825,google,2024-11-21,DE,True
CUST03826,google,2024-11-18,GB,True
CUST03827,google,2024-11-24,GB,False
CUST03828,google,2024-11-11,US,True
CUST03829,google,2024-11-06,CA,False
CUST03830,google,2024-11-28,US,False
CUST03831,google,2024-11-26,AU,False
CUST03832,google,2024-11-03,US,True
CUST03833,google,2024-11-28,GB,True
CUST03834,google,2024-11-18,US,False
CUST03835,google,2024-11-20,DE,True
CUST03836,google,2024-11-17,US,False
CUST03837,google,2024-11-23,US,True
CUST03838,google,2024-11-20,FR,False
CUST03839,google,2024-11-02,GB,True
CUST03840,google,2024-11-02,US,True
CUST03841,google,2024-11-05,GB,False
CUST03842,google,2024-11-02,DE,True
CUST03843,google,2024-11-18,FR,True
CUST03844,google,2024-11-18,CA,True
CUST03845,google,2024-11-14,US,True
CUST03846,google,2024-11-16,US,True
CUST03847,google,2024-11-08,GB,True
CUST03848,google,2024-11-20,FR,True
CUST03849,google,2024-11-25,AU,True
CUST03850,google,2024-11-18,US,True
CUST03851,google,2024-11-16,FR,True
CUST03852,google,2024-11-05,US,True
CUST03853,google,2024-11-25,US,False
CUST03854,google,2024-11-10,GB,False
CUST03855,google,2024-11-18,GB,False
CUST03856,google,2024-11-18,FR,True
CUST03857,google,2024-11-16,GB,True
CUST03858,google,2024-11-29,GB,True
CUST03859,google,2024-11-28,US,False
CUST03860,google,2024-11-04,GB,True
CUST03861,google,2024-11-20,AU,True
CUST03862,google,2024-11-17,US,False
CUST03863,google,2024-11-07,NL,True
CUST03864,google,2024-11-15,US,True
CUST03865,google,2024-11-16,CA,False
CUST03866,google,2024-11-02,GB,True
CUST03867,google,2024-11-14,GB,True
CUST03868,google,2024-11-11,GB,True
CUST03869,google,2024-11-22,US,True
CUST03870,google,2024-11-08,GB,True
CUST03871,google,2024-11-02,AU,False
CUST03872,google,2024-11-22,US,True
CUST03873,google,2024-11-21,GB,False
CUST03874,google,2024-11-28,AU,False
CUST03875,google,2024-11-13,DE,True
CUST03876,google,2024-11-13,US,True
CUST03877,google,2024-11-12,GB,True
CUST03878,google,2024-11-04,CA,True
CUST03879,google,2024-11-16,AU,True
CUST03880,google,2024-11-27,US,True
CUST03881,google,2024-11-25,DE,True
CUST03882,google,2024-11-06,FR,True
CUST03883,google,2024-11-17,DE,True
CUST03884,google,2024-11-23,GB,True
CUST03885,google,2024-11-23,US,False
CUST03886,google,2024-11-29,US,True
CUST03887,google,2024-11-02,US,True
CUST03888,google,2024-11-17,US,True
CUST03889,google,2024-11-04,DE,True
CUST03890,google,2024-11-14,US,True
CUST03891,google,2024-11-24,US,True
CUST03892,google,2024-11-20,GB,False
CUST03893,google,2024-11-16,US,True
CUST03894,google,2024-11-17,GB,False
CUST03895,google,2024-11-08,FR,True
CUST03896,google,2024-11-01,CA,True
CUST03897,google,2024-11-18,US,True
CUST03898,google,2024-11-04,US,True
CUST03899,google,2024-11-10,GB,True
CUST03900,google,2024-11-09,GB,False
CUST03901,google,2024-11-06,GB,True
CUST03902,google,2024-11-20,US,False
CUST03903,google,2024-11-20,US,False
CUST03904,google,2024-11-07,AU,True
CUST03905,google,2024-11-05,GB,True
CUST03906,google,2024-11-21,AU,False
CUST03907,google,2024-11-05,GB,False
CUST03908,google,2024-11-10,GB,True
CUST03909,google,2024-11-17,US,True
CUST03910,google,2024-11-26,GB,True
CUST03911,google,2024-11-28,GB,True
CUST03912,google,2024-11-05,GB,True
CUST03913,tiktok,2024-11-19,GB,True
CUST03914,tiktok,2024-11-04,CA,True
CUST03915,tiktok,2024-11-25,GB,True
CUST03916,tiktok,2024-11-17,GB,True
CUST03917,tiktok,2024-11-19,US,False
CUST03918,tiktok,2024-11-09,US,False
CUST03919,tiktok,2024-11-02,US,True
CUST03920,tiktok,2024-11-16,NL,True
CUST03921,tiktok,2024-11-17,DE,True
CUST03922,tiktok,2024-11-05,US,True
CUST03923,tiktok,2024-11-17,NL,False
CUST03924,tiktok,2024-11-22,NL,True
CUST03925,tiktok,2024-11-17,GB,True
CUST03926,tiktok,2024-11-12,CA,False
CUST03927,tiktok,2024-11-10,FR,True
CUST03928,tiktok,2024-11-18,GB,False
CUST03929,tiktok,2024-11-29,GB,True
CUST03930,tiktok,2024-11-16,NL,False
CUST03931,tiktok,2024-11-27,US,True
CUST03932,tiktok,2024-11-16,GB,True
CUST03933,tiktok,2024-11-15,NL,False
CUST03934,tiktok,2024-11-20,US,True
CUST03935,tiktok,2024-11-24,GB,True
CUST03936,tiktok,2024-11-16,US,False
CUST03937,tiktok,2024-11-15,US,True
CUST03938,tiktok,2024-11-03,US,True
CUST03939,tiktok,2024-11-10,NL,True
CUST03940,tiktok,2024-11-29,DE,True
CUST03941,tiktok,2024-11-16,DE,True
CUST03942,tiktok,2024-11-03,CA,False
CUST03943,tiktok,2024-11-10,US,True
CUST03944,tiktok,2024-11-22,DE,True
CUST03945,tiktok,2024-11-25,US,True
CUST03946,tiktok,2024-11-11,GB,True
CUST03947,tiktok,2024-11-11,DE,True
CUST03948,tiktok,2024-11-10,US,True
CUST03949,tiktok,2024-11-03,NL,True
CUST03950,tiktok,2024-11-06,NL,True
CUST03951,tiktok,2024-11-12,DE,True
CUST03952,tiktok,2024-11-09,CA,True
CUST03953,tiktok,2024-11-19,NL,False
CUST03954,tiktok,2024-11-03,GB,True
CUST03955,tiktok,2024-11-13,AU,False
CUST03956,tiktok,2024-11-28,DE,True
CUST03957,tiktok,2024-11-10,NL,True
CUST03958,tiktok,2024-11-20,DE,False
CUST03959,tiktok,2024-11-21,US,True
CUST03960,tiktok,2024-11-24,GB,True
CUST03961,tiktok,2024-11-20,GB,False
CUST03962,tiktok,2024-11-07,DE,True
CUST03963,tiktok,2024-11-04,US,True
CUST03964,tiktok,2024-11-08,NL,False
CUST03965,tiktok,2024-11-04,GB,True
CUST03966,tiktok,2024-11-09,NL,True
CUST03967,tiktok,2024-11-20,GB,True
CUST03968,tiktok,2024-11-14,AU,True
CUST03969,tiktok,2024-11-06,FR,False
CUST03970,tiktok,2024-11-10,CA,False
CUST03971,tiktok,2024-11-10,GB,True
CUST03972,tiktok,2024-11-23,US,True
CUST03973,tiktok,2024-11-12,GB,False
CUST03974,tiktok,2024-11-09,GB,True
CUST03975,tiktok,2024-11-12,US,True
CUST03976,tiktok,2024-11-22,DE,False
CUST03977,tiktok,2024-11-29,FR,True
CUST03978,tiktok,2024-11-11,DE,True
CUST03979,tiktok,2024-11-28,GB,True
CUST03980,tiktok,2024-11-17,AU,True
CUST03981,tiktok,2024-11-09,US,True
CUST03982,tiktok,2024-11-03,US,True
CUST03983,tiktok,2024-11-15,US,True
CUST03984,tiktok,2024-11-09,US,True
CUST03985,tiktok,2024-11-22,GB,False
CUST03986,tiktok,2024-11-04,AU,True
CUST03987,tiktok,2024-11-28,GB,True
CUST03988,tiktok,2024-11-03,GB,True
CUST03989,organic,2024-11-09,DE,True
CUST03990,organic,2024-11-18,GB,True
CUST03991,organic,2024-11-12,GB,True
CUST03992,organic,2024-11-28,GB,False
CUST03993,organic,2024-11-28,GB,True
CUST03994,organic,2024-11-02,US,True
CUST03995,organic,2024-11-01,US,False
CUST03996,organic,2024-11-28,US,True
CUST03997,organic,2024-11-19,US,True
CUST03998,organic,2024-11-24,US,True
CUST03999,organic,2024-11-23,US,True
CUST04000,organic,2024-11-23,US,True
CUST04001,organic,2024-11-11,GB,True
CUST04002,organic,2024-11-19,CA,True
CUST04003,organic,2024-11-18,DE,False
CUST04004,organic,2024-11-15,GB,False
CUST04005,organic,2024-11-20,DE,True
CUST04006,organic,2024-11-20,GB,True
CUST04007,organic,2024-11-11,NL,False
CUST04008,organic,2024-11-21,US,False
CUST04009,organic,2024-11-22,CA,False
CUST04010,organic,2024-11-18,GB,False
CUST04011,organic,2024-11-07,DE,True
CUST04012,organic,2024-11-12,GB,True
CUST04013,organic,2024-11-28,GB,True
CUST04014,organic,2024-11-23,US,False
CUST04015,organic,2024-11-19,US,True
CUST04016,organic,2024-11-20,GB,True
CUST04017,organic,2024-11-27,DE,True
CUST04018,organic,2024-11-21,GB,True
CUST04019,organic,2024-11-17,US,True
CUST04020,organic,2024-11-19,NL,False
CUST04021,organic,2024-11-09,NL,True
CUST04022,organic,2024-11-11,US,True
CUST04023,organic,2024-11-14,CA,True
CUST04024,organic,2024-11-20,US,True
CUST04025,organic,2024-11-08,US,False
CUST04026,organic,2024-11-12,AU,True
CUST04027,organic,2024-11-24,GB,True
CUST04028,organic,2024-11-05,FR,True
CUST04029,organic,2024-11-02,GB,True
CUST04030,organic,2024-11-17,AU,True
CUST04031,organic,2024-11-18,GB,True
CUST04032,organic,2024-11-11,GB,True
CUST04033,organic,2024-11-18,US,True
CUST04034,organic,2024-11-29,NL,False
CUST04035,organic,2024-11-24,GB,True
CUST04036,organic,2024-11-15,GB,True
CUST04037,organic,2024-11-08,GB,True
CUST04038,organic,2024-11-26,NL,False
CUST04039,organic,2024-11-08,US,False
CUST04040,organic,2024-11-14,DE,True
CUST04041,organic,2024-11-06,DE,True
CUST04042,organic,2024-11-22,GB,True
CUST04043,organic,2024-11-07,AU,False
CUST04044,organic,2024-11-19,US,True
CUST04045,organic,2024-11-29,DE,True
CUST04046,organic,2024-11-22,US,True
CUST04047,organic,2024-11-22,AU,False
CUST04048,organic,2024-11-28,GB,True
CUST04049,organic,2024-11-05,AU,True
CUST04050,organic,2024-11-09,GB,True
CUST04051,organic,2024-11-20,NL,True
CUST04052,organic,2024-11-10,CA,True
CUST04053,organic,2024-11-15,DE,True
CUST04054,organic,2024-11-18,US,False
CUST04055,organic,2024-11-01,US,False
CUST04056,organic,2024-11-09,US,True
CUST04057,organic,2024-11-10,US,True
CUST04058,organic,2024-11-24,GB,True
CUST04059,organic,2024-11-03,US,True
CUST04060,organic,2024-11-13,US,False
CUST04061,organic,2024-11-17,GB,False
CUST04062,organic,2024-11-04,GB,True
CUST04063,organic,2024-11-07,AU,True
CUST04064,organic,2024-11-28,GB,False
CUST04065,organic,2024-11-10,NL,False
CUST04066,organic,2024-11-19,GB,True
CUST04067,organic,2024-11-19,GB,False
CUST04068,organic,2024-11-20,DE,True
CUST04069,organic,2024-11-17,DE,True
CUST04070,organic,2024-11-24,GB,True
CUST04071,organic,2024-11-22,NL,True
CUST04072,organic,2024-11-16,AU,True
CUST04073,organic,2024-11-02,FR,True
CUST04074,organic,2024-11-12,GB,True
CUST04075,organic,2024-11-04,GB,True
CUST04076,organic,2024-11-05,AU,True
CUST04077,organic,2024-11-01,DE,True
CUST04078,organic,2024-11-04,GB,False
CUST04079,organic,2024-11-17,FR,True
CUST04080,organic,2024-11-06,GB,True
CUST04081,organic,2024-11-10,NL,True
CUST04082,organic,2024-11-10,GB,True
CUST04083,email,2024-11-01,US,True
CUST04084,email,2024-11-11,GB,True
CUST04085,email,2024-11-19,GB,True
CUST04086,email,2024-11-24,FR,False
CUST04087,email,2024-11-10,US,True
CUST04088,email,2024-11-22,GB,True
CUST04089,email,2024-11-04,GB,True
CUST04090,email,2024-11-13,GB,True
CUST04091,email,2024-11-07,DE,True
CUST04092,email,2024-11-10,GB,True
CUST04093,email,2024-11-12,GB,True
CUST04094,email,2024-11-21,US,True
CUST04095,email,2024-11-11,US,True
CUST04096,email,2024-11-12,US,True
CUST04097,email,2024-11-14,FR,True
CUST04098,email,2024-11-03,GB,True
CUST04099,email,2024-11-03,US,False
CUST04100,email,2024-11-04,DE,False
CUST04101,email,2024-11-01,CA,True
CUST04102,email,2024-11-16,US,True
CUST04103,email,2024-11-04,US,True
CUST04104,email,2024-11-22,US,False
CUST04105,email,2024-11-18,US,False
CUST04106,email,2024-11-16,US,True
CUST04107,email,2024-11-12,US,True
CUST04108,email,2024-11-18,US,False
CUST04109,email,2024-11-16,NL,False
CUST04110,email,2024-11-23,AU,False
CUST04111,email,2024-11-22,GB,False
CUST04112,email,2024-11-21,NL,True
CUST04113,email,2024-11-16,US,True
CUST04114,email,2024-11-20,US,False
CUST04115,email,2024-11-09,GB,True
CUST04116,email,2024-11-11,GB,False
CUST04117,email,2024-11-23,GB,True
CUST04118,email,2024-11-10,GB,False
CUST04119,email,2024-11-08,GB,True
CUST04120,email,2024-11-12,GB,False
CUST04121,email,2024-11-22,US,True
CUST04122,email,2024-11-24,CA,True
CUST04123,email,2024-11-18,CA,True
CUST04124,email,2024-11-16,DE,True
CUST04125,email,2024-11-07,GB,False
CUST04126,referral,2024-11-11,US,True
CUST04127,referral,2024-11-15,US,True
CUST04128,referral,2024-11-16,DE,False
CUST04129,referral,2024-11-06,US,True
CUST04130,referral,2024-11-17,DE,True
CUST04131,referral,2024-11-18,US,False
CUST04132,referral,2024-11-04,GB,True
CUST04133,referral,2024-11-21,GB,True
CUST04134,referral,2024-11-12,NL,True
CUST04135,referral,2024-11-24,FR,True
CUST04136,referral,2024-11-29,FR,True
CUST04137,referral,2024-11-07,CA,True
CUST04138,referral,2024-11-29,US,True
CUST04139,referral,2024-11-24,US,True
CUST04140,referral,2024-11-16,US,True
CUST04141,referral,2024-11-19,FR,True
CUST04142,referral,2024-11-04,US,False
CUST04143,referral,2024-11-13,GB,False
CUST04144,referral,2024-11-10,FR,True
CUST04145,meta,2024-12-18,AU,True
CUST04146,meta,2024-12-23,GB,True
CUST04147,meta,2024-12-16,US,False
CUST04148,meta,2024-12-28,GB,True
CUST04149,meta,2024-12-16,US,True
CUST04150,meta,2024-12-27,GB,True
CUST04151,meta,2024-12-06,GB,True
CUST04152,meta,2024-12-10,US,True
CUST04153,meta,2024-12-13,FR,False
CUST04154,meta,2024-12-01,GB,True
CUST04155,meta,2024-12-07,GB,True
CUST04156,meta,2024-12-21,GB,False
CUST04157,meta,2024-12-08,US,False
CUST04158,meta,2024-12-27,GB,False
CUST04159,meta,2024-12-16,GB,True
CUST04160,meta,2024-12-23,GB,False
CUST04161,meta,2024-12-14,GB,True
CUST04162,meta,2024-12-16,CA,True
CUST04163,meta,2024-12-03,AU,False
CUST04164,meta,2024-12-18,GB,False
CUST04165,meta,2024-12-27,GB,False
CUST04166,meta,2024-12-16,US,True
CUST04167,meta,2024-12-02,US,True
CUST04168,meta,2024-12-28,FR,True
CUST04169,meta,2024-12-25,GB,True
CUST04170,meta,2024-12-25,GB,True
CUST04171,meta,2024-12-07,GB,True
CUST04172,meta,2024-12-12,GB,True
CUST04173,meta,2024-12-18,GB,False
CUST04174,meta,2024-12-17,FR,False
CUST04175,meta,2024-12-20,US,False
CUST04176,meta,2024-12-20,DE,True
CUST04177,meta,2024-12-11,US,True
CUST04178,meta,2024-12-13,GB,True
CUST04179,meta,2024-12-28,GB,True
CUST04180,meta,2024-12-24,GB,True
CUST04181,meta,2024-12-12,NL,True
CUST04182,meta,2024-12-25,GB,False
CUST04183,meta,2024-12-20,GB,True
CUST04184,meta,2024-12-24,GB,False
CUST04185,meta,2024-12-27,GB,True
CUST04186,meta,2024-12-29,GB,True
CUST04187,meta,2024-12-29,US,True
CUST04188,meta,2024-12-04,US,True
CUST04189,meta,2024-12-25,AU,True
CUST04190,meta,2024-12-20,GB,True
CUST04191,meta,2024-12-14,GB,True
CUST04192,meta,2024-12-25,US,True
CUST04193,meta,2024-12-13,GB,True
CUST04194,meta,2024-12-13,US,True
CUST04195,meta,2024-12-22,GB,False
CUST04196,meta,2024-12-10,GB,True
CUST04197,meta,2024-12-19,FR,True
CUST04198,meta,2024-12-10,FR,True
CUST04199,meta,2024-12-11,AU,True
CUST04200,meta,2024-12-18,US,True
CUST04201,meta,2024-12-28,AU,True
CUST04202,meta,2024-12-11,US,True
CUST04203,meta,2024-12-01,GB,True
CUST04204,meta,2024-12-17,GB,False
CUST04205,meta,2024-12-16,US,False
CUST04206,meta,2024-12-09,NL,False
CUST04207,meta,2024-12-28,US,True
CUST04208,meta,2024-12-04,US,True
CUST04209,meta,2024-12-02,US,True
CUST04210,meta,2024-12-14,NL,True
CUST04211,meta,2024-12-22,US,True
CUST04212,meta,2024-12-05,GB,True
CUST04213,meta,2024-12-10,CA,True
CUST04214,meta,2024-12-04,GB,True
CUST04215,meta,2024-12-15,FR,True
CUST04216,meta,2024-12-15,GB,False
CUST04217,meta,2024-12-10,GB,True
CUST04218,meta,2024-12-24,GB,True
CUST04219,meta,2024-12-05,DE,False
CUST04220,meta,2024-12-29,DE,True
CUST04221,meta,2024-12-14,GB,False
CUST04222,meta,2024-12-04,DE,True
CUST04223,meta,2024-12-11,GB,False
CUST04224,meta,2024-12-02,GB,False
CUST04225,meta,2024-12-23,US,True
CUST04226,meta,2024-12-28,AU,True
CUST04227,meta,2024-12-14,DE,False
CUST04228,meta,2024-12-10,FR,True
CUST04229,meta,2024-12-14,CA,True
CUST04230,meta,2024-12-12,DE,True
CUST04231,meta,2024-12-03,AU,False
CUST04232,meta,2024-12-28,CA,False
CUST04233,meta,2024-12-12,DE,True
CUST04234,meta,2024-12-14,US,True
CUST04235,meta,2024-12-23,FR,True
CUST04236,meta,2024-12-19,DE,True
CUST04237,meta,2024-12-27,US,True
CUST04238,meta,2024-12-17,US,False
CUST04239,meta,2024-12-19,US,True
CUST04240,meta,2024-12-15,GB,False
CUST04241,meta,2024-12-27,US,False
CUST04242,meta,2024-12-05,US,True
CUST04243,meta,2024-12-17,NL,False
CUST04244,meta,2024-12-22,FR,True
CUST04245,meta,2024-12-03,GB,True
CUST04246,meta,2024-12-17,US,True
CUST04247,meta,2024-12-28,GB,True
CUST04248,meta,2024-12-20,GB,False
CUST04249,meta,2024-12-06,CA,True
CUST04250,meta,2024-12-26,GB,True
CUST04251,meta,2024-12-13,NL,True
CUST04252,meta,2024-12-12,DE,True
CUST04253,meta,2024-12-24,GB,True
CUST04254,meta,2024-12-27,NL,False
CUST04255,meta,2024-12-11,US,False
CUST04256,meta,2024-12-06,GB,False
CUST04257,meta,2024-12-08,AU,True
CUST04258,meta,2024-12-01,AU,True
CUST04259,meta,2024-12-25,GB,True
CUST04260,meta,2024-12-15,GB,False
CUST04261,meta,2024-12-15,FR,True
CUST04262,meta,2024-12-10,GB,True
CUST04263,meta,2024-12-15,GB,True
CUST04264,meta,2024-12-04,GB,False
CUST04265,meta,2024-12-06,US,True
CUST04266,meta,2024-12-20,GB,True
CUST04267,meta,2024-12-17,US,True
CUST04268,meta,2024-12-15,US,False
CUST04269,meta,2024-12-29,GB,False
CUST04270,meta,2024-12-02,US,True
CUST04271,meta,2024-12-02,GB,False
CUST04272,meta,2024-12-19,FR,True
CUST04273,meta,2024-12-21,DE,True
CUST04274,meta,2024-12-24,CA,False
CUST04275,meta,2024-12-02,CA,True
CUST04276,meta,2024-12-24,GB,True
CUST04277,meta,2024-12-05,GB,True
CUST04278,meta,2024-12-23,US,True
CUST04279,meta,2024-12-12,US,False
CUST04280,meta,2024-12-02,GB,False
CUST04281,meta,2024-12-11,US,True
CUST04282,meta,2024-12-01,DE,True
CUST04283,meta,2024-12-25,US,True
CUST04284,meta,2024-12-23,GB,False
CUST04285,meta,2024-12-27,DE,True
CUST04286,meta,2024-12-13,US,False
CUST04287,meta,2024-12-09,NL,True
CUST04288,meta,2024-12-08,GB,True
CUST04289,meta,2024-12-21,GB,True
CUST04290,meta,2024-12-04,GB,False
CUST04291,meta,2024-12-13,GB,True
CUST04292,meta,2024-12-19,GB,True
CUST04293,meta,2024-12-11,GB,False
CUST04294,meta,2024-12-12,DE,True
CUST04295,meta,2024-12-05,GB,True
CUST04296,meta,2024-12-28,GB,False
CUST04297,meta,2024-12-18,FR,False
CUST04298,meta,2024-12-01,DE,True
CUST04299,meta,2024-12-27,GB,False
CUST04300,meta,2024-12-02,GB,False
CUST04301,meta,2024-12-04,GB,True
CUST04302,meta,2024-12-18,US,True
CUST04303,meta,2024-12-07,GB,True
CUST04304,meta,2024-12-05,US,True
CUST04305,meta,2024-12-22,DE,True
CUST04306,meta,2024-12-28,GB,True
CUST04307,meta,2024-12-10,US,True
CUST04308,meta,2024-12-28,GB,True
CUST04309,meta,2024-12-08,GB,False
CUST04310,meta,2024-12-01,US,True
CUST04311,meta,2024-12-06,US,True
CUST04312,meta,2024-12-29,US,True
CUST04313,meta,2024-12-07,GB,True
CUST04314,meta,2024-12-24,FR,True
CUST04315,meta,2024-12-24,US,True
CUST04316,meta,2024-12-05,GB,True
CUST04317,meta,2024-12-08,DE,True
CUST04318,meta,2024-12-04,US,True
CUST04319,meta,2024-12-28,GB,False
CUST04320,meta,2024-12-18,NL,True
CUST04321,google,2024-12-21,GB,True
CUST04322,google,2024-12-20,GB,True
CUST04323,google,2024-12-19,US,True
CUST04324,google,2024-12-07,US,False
CUST04325,google,2024-12-08,GB,True
CUST04326,google,2024-12-25,FR,False
CUST04327,google,2024-12-02,US,True
CUST04328,google,2024-12-08,FR,True
CUST04329,google,2024-12-18,GB,True
CUST04330,google,2024-12-23,DE,True
CUST04331,google,2024-12-15,AU,True
CUST04332,google,2024-12-15,AU,False
CUST04333,google,2024-12-25,US,True
CUST04334,google,2024-12-23,GB,False
CUST04335,google,2024-12-17,US,True
CUST04336,google,2024-12-13,US,True
CUST04337,google,2024-12-15,US,True
CUST04338,google,2024-12-16,NL,True
CUST04339,google,2024-12-12,US,True
CUST04340,google,2024-12-15,GB,True
CUST04341,google,2024-12-26,DE,True
CUST04342,google,2024-12-13,US,True
CUST04343,google,2024-12-07,FR,True
CUST04344,google,2024-12-10,DE,True
CUST04345,google,2024-12-27,US,True
CUST04346,google,2024-12-23,US,True
CUST04347,google,2024-12-06,DE,True
CUST04348,google,2024-12-12,GB,True
CUST04349,google,2024-12-09,AU,False
CUST04350,google,2024-12-19,GB,False
CUST04351,google,2024-12-14,NL,False
CUST04352,google,2024-12-27,GB,True
CUST04353,google,2024-12-04,GB,False
CUST04354,google,2024-12-27,CA,True
CUST04355,google,2024-12-04,GB,True
CUST04356,google,2024-12-25,US,True
CUST04357,google,2024-12-25,US,True
CUST04358,google,2024-12-13,GB,False
CUST04359,google,2024-12-24,US,False
CUST04360,google,2024-12-22,US,True
CUST04361,google,2024-12-07,GB,True
CUST04362,google,2024-12-03,GB,True
CUST04363,google,2024-12-14,GB,True
CUST04364,google,2024-12-07,FR,False
CUST04365,google,2024-12-10,GB,True
CUST04366,google,2024-12-01,GB,True
CUST04367,google,2024-12-14,US,True
CUST04368,google,2024-12-11,US,True
CUST04369,google,2024-12-27,US,True
CUST04370,google,2024-12-08,GB,True
CUST04371,google,2024-12-11,GB,False
CUST04372,google,2024-12-10,US,True
CUST04373,google,2024-12-08,GB,True
CUST04374,google,2024-12-24,GB,True
CUST04375,google,2024-12-20,GB,False
CUST04376,google,2024-12-09,AU,True
CUST04377,google,2024-12-14,GB,True
CUST04378,google,2024-12-15,US,False
CUST04379,google,2024-12-22,GB,True
CUST04380,google,2024-12-04,US,False
CUST04381,google,2024-12-22,GB,False
CUST04382,google,2024-12-19,GB,True
CUST04383,google,2024-12-10,AU,False
CUST04384,google,2024-12-22,FR,True
CUST04385,google,2024-12-16,GB,False
CUST04386,google,2024-12-22,US,True
CUST04387,google,2024-12-08,DE,False
CUST04388,google,2024-12-09,FR,True
CUST04389,google,2024-12-11,GB,False
CUST04390,google,2024-12-14,GB,True
CUST04391,google,2024-12-12,US,False
CUST04392,google,2024-12-02,DE,True
CUST04393,google,2024-12-04,US,True
CUST04394,google,2024-12-19,US,True
CUST04395,google,2024-12-19,GB,False
CUST04396,google,2024-12-22,NL,True
CUST04397,google,2024-12-22,GB,True
CUST04398,google,2024-12-14,US,True
CUST04399,google,2024-12-24,GB,True
CUST04400,google,2024-12-29,US,True
CUST04401,google,2024-12-02,CA,True
CUST04402,google,2024-12-03,FR,True
CUST04403,google,2024-12-08,GB,True
CUST04404,google,2024-12-13,GB,True
CUST04405,google,2024-12-22,GB,True
CUST04406,google,2024-12-22,GB,True
CUST04407,google,2024-12-12,US,True
CUST04408,google,2024-12-26,GB,True
CUST04409,google,2024-12-03,US,True
CUST04410,google,2024-12-14,US,False
CUST04411,google,2024-12-09,GB,True
CUST04412,google,2024-12-04,GB,True
CUST04413,google,2024-12-14,FR,True
CUST04414,google,2024-12-26,GB,False
CUST04415,google,2024-12-27,FR,True
CUST04416,google,2024-12-08,US,True
CUST04417,google,2024-12-12,FR,True
CUST04418,google,2024-12-09,FR,True
CUST04419,google,2024-12-25,US,True
CUST04420,google,2024-12-20,GB,True
CUST04421,google,2024-12-23,GB,True
CUST04422,google,2024-12-12,AU,True
CUST04423,google,2024-12-28,FR,False
CUST04424,google,2024-12-12,US,True
CUST04425,google,2024-12-13,GB,True
CUST04426,google,2024-12-04,CA,True
CUST04427,google,2024-12-01,GB,False
CUST04428,google,2024-12-20,US,False
CUST04429,google,2024-12-26,US,True
CUST04430,google,2024-12-29,DE,False
CUST04431,google,2024-12-13,US,False
CUST04432,google,2024-12-09,US,False
CUST04433,google,2024-12-07,FR,True
CUST04434,google,2024-12-04,US,True
CUST04435,google,2024-12-15,GB,False
CUST04436,google,2024-12-19,US,True
CUST04437,google,2024-12-02,GB,True
CUST04438,google,2024-12-01,GB,True
CUST04439,google,2024-12-22,AU,True
CUST04440,google,2024-12-15,US,True
CUST04441,google,2024-12-01,NL,False
CUST04442,google,2024-12-13,US,False
CUST04443,google,2024-12-23,US,True
CUST04444,google,2024-12-23,GB,True
CUST04445,google,2024-12-12,NL,True
CUST04446,google,2024-12-15,US,True
CUST04447,google,2024-12-23,NL,False
CUST04448,google,2024-12-04,US,True
CUST04449,google,2024-12-25,US,True
CUST04450,google,2024-12-24,GB,True
CUST04451,google,2024-12-10,GB,True
CUST04452,tiktok,2024-12-05,GB,True
CUST04453,tiktok,2024-12-03,GB,True
CUST04454,tiktok,2024-12-26,US,False
CUST04455,tiktok,2024-12-20,GB,False
CUST04456,tiktok,2024-12-17,US,True
CUST04457,tiktok,2024-12-18,GB,True
CUST04458,tiktok,2024-12-22,FR,False
CUST04459,tiktok,2024-12-25,GB,True
CUST04460,tiktok,2024-12-08,NL,False
CUST04461,tiktok,2024-12-17,DE,False
CUST04462,tiktok,2024-12-13,GB,True
CUST04463,tiktok,2024-12-05,US,True
CUST04464,tiktok,2024-12-20,GB,True
CUST04465,tiktok,2024-12-15,GB,True
CUST04466,tiktok,2024-12-10,US,True
CUST04467,tiktok,2024-12-21,FR,True
CUST04468,tiktok,2024-12-21,US,True
CUST04469,tiktok,2024-12-11,GB,True
CUST04470,tiktok,2024-12-08,AU,True
CUST04471,tiktok,2024-12-24,FR,True
CUST04472,tiktok,2024-12-23,NL,True
CUST04473,tiktok,2024-12-24,GB,False
CUST04474,tiktok,2024-12-17,US,True
CUST04475,tiktok,2024-12-23,CA,True
CUST04476,tiktok,2024-12-29,US,True
CUST04477,tiktok,2024-12-16,US,True
CUST04478,tiktok,2024-12-29,FR,True
CUST04479,tiktok,2024-12-11,FR,False
CUST04480,tiktok,2024-12-24,GB,True
CUST04481,tiktok,2024-12-25,CA,False
CUST04482,tiktok,2024-12-03,CA,True
CUST04483,tiktok,2024-12-13,GB,True
CUST04484,tiktok,2024-12-27,GB,True
CUST04485,tiktok,2024-12-13,US,True
CUST04486,tiktok,2024-12-05,DE,True
CUST04487,tiktok,2024-12-21,DE,False
CUST04488,tiktok,2024-12-28,GB,True
CUST04489,tiktok,2024-12-12,GB,False
CUST04490,tiktok,2024-12-04,FR,True
CUST04491,tiktok,2024-12-22,US,False
CUST04492,tiktok,2024-12-08,US,True
CUST04493,tiktok,2024-12-17,NL,True
CUST04494,tiktok,2024-12-15,GB,False
CUST04495,tiktok,2024-12-20,US,False
CUST04496,tiktok,2024-12-21,AU,True
CUST04497,tiktok,2024-12-12,US,True
CUST04498,tiktok,2024-12-17,GB,True
CUST04499,tiktok,2024-12-29,US,True
CUST04500,tiktok,2024-12-05,GB,True
CUST04501,tiktok,2024-12-08,US,False
CUST04502,tiktok,2024-12-05,NL,True
CUST04503,tiktok,2024-12-03,GB,True
CUST04504,tiktok,2024-12-02,GB,True
CUST04505,tiktok,2024-12-18,DE,True
CUST04506,tiktok,2024-12-02,GB,True
CUST04507,tiktok,2024-12-17,GB,True
CUST04508,tiktok,2024-12-02,US,True
CUST04509,tiktok,2024-12-09,AU,False
CUST04510,tiktok,2024-12-06,GB,True
CUST04511,tiktok,2024-12-26,GB,True
CUST04512,tiktok,2024-12-07,GB,True
CUST04513,tiktok,2024-12-08,US,True
CUST04514,tiktok,2024-12-25,US,True
CUST04515,tiktok,2024-12-02,US,True
CUST04516,tiktok,2024-12-08,DE,False
CUST04517,tiktok,2024-12-18,CA,True
CUST04518,tiktok,2024-12-15,DE,False
CUST04519,tiktok,2024-12-21,FR,True
CUST04520,tiktok,2024-12-16,DE,True
CUST04521,tiktok,2024-12-12,US,True
CUST04522,tiktok,2024-12-02,GB,True
CUST04523,tiktok,2024-12-08,GB,False
CUST04524,tiktok,2024-12-07,GB,True
CUST04525,tiktok,2024-12-14,FR,True
CUST04526,organic,2024-12-06,NL,True
CUST04527,organic,2024-12-11,AU,True
CUST04528,organic,2024-12-18,GB,True
CUST04529,organic,2024-12-17,GB,True
CUST04530,organic,2024-12-13,US,False
CUST04531,organic,2024-12-23,DE,False
CUST04532,organic,2024-12-16,US,True
CUST04533,organic,2024-12-21,DE,True
CUST04534,organic,2024-12-01,AU,True
CUST04535,organic,2024-12-13,US,False
CUST04536,organic,2024-12-17,GB,True
CUST04537,organic,2024-12-12,US,False
CUST04538,organic,2024-12-14,NL,True
CUST04539,organic,2024-12-21,GB,True
CUST04540,organic,2024-12-18,DE,True
CUST04541,organic,2024-12-17,GB,False
CUST04542,organic,2024-12-25,GB,True
CUST04543,organic,2024-12-17,DE,True
CUST04544,organic,2024-12-26,US,True
CUST04545,organic,2024-12-22,FR,True
CUST04546,organic,2024-12-23,CA,True
CUST04547,organic,2024-12-27,CA,False
CUST04548,organic,2024-12-03,GB,True
CUST04549,organic,2024-12-20,US,True
CUST04550,organic,2024-12-24,FR,False
CUST04551,organic,2024-12-23,NL,True
CUST04552,organic,2024-12-16,AU,True
CUST04553,organic,2024-12-22,GB,True
CUST04554,organic,2024-12-12,DE,True
CUST04555,organic,2024-12-20,GB,True
CUST04556,organic,2024-12-02,GB,False
CUST04557,organic,2024-12-12,US,False
CUST04558,organic,2024-12-03,CA,True
CUST04559,organic,2024-12-26,FR,False
CUST04560,organic,2024-12-01,US,True
CUST04561,organic,2024-12-03,US,True
CUST04562,organic,2024-12-26,DE,True
CUST04563,organic,2024-12-06,AU,False
CUST04564,organic,2024-12-28,DE,True
CUST04565,organic,2024-12-27,DE,True
CUST04566,organic,2024-12-21,GB,True
CUST04567,organic,2024-12-24,GB,True
CUST04568,organic,2024-12-13,GB,True
CUST04569,organic,2024-12-13,US,False
CUST04570,organic,2024-12-10,DE,True
CUST04571,organic,2024-12-05,FR,True
CUST04572,organic,2024-12-16,CA,True
CUST04573,organic,2024-12-04,CA,True
CUST04574,organic,2024-12-01,CA,True
CUST04575,organic,2024-12-14,CA,True
CUST04576,organic,2024-12-22,GB,False
CUST04577,organic,2024-12-25,GB,True
CUST04578,organic,2024-12-05,US,True
CUST04579,organic,2024-12-18,GB,True
CUST04580,organic,2024-12-27,NL,True
CUST04581,organic,2024-12-05,CA,True
CUST04582,organic,2024-12-08,GB,True
CUST04583,organic,2024-12-24,CA,True
CUST04584,organic,2024-12-02,GB,False
CUST04585,organic,2024-12-21,GB,False
CUST04586,organic,2024-12-11,GB,False
CUST04587,organic,2024-12-29,DE,True
CUST04588,organic,2024-12-12,AU,False
CUST04589,organic,2024-12-28,FR,False
CUST04590,organic,2024-12-16,US,True
CUST04591,organic,2024-12-03,GB,True
CUST04592,organic,2024-12-01,US,True
CUST04593,organic,2024-12-19,US,False
CUST04594,organic,2024-12-01,CA,False
CUST04595,organic,2024-12-05,GB,True
CUST04596,organic,2024-12-29,US,True
CUST04597,organic,2024-12-29,GB,False
CUST04598,organic,2024-12-27,CA,True
CUST04599,organic,2024-12-06,US,True
CUST04600,organic,2024-12-16,GB,False
CUST04601,organic,2024-12-15,GB,True
CUST04602,organic,2024-12-03,NL,True
CUST04603,organic,2024-12-13,FR,True
CUST04604,organic,2024-12-14,GB,False
CUST04605,organic,2024-12-04,CA,True
CUST04606,organic,2024-12-04,US,True
CUST04607,organic,2024-12-20,GB,True
CUST04608,organic,2024-12-16,GB,True
CUST04609,organic,2024-12-07,NL,True
CUST04610,organic,2024-12-18,GB,True
CUST04611,organic,2024-12-17,GB,True
CUST04612,organic,2024-12-09,US,True
CUST04613,organic,2024-12-12,GB,True
CUST04614,organic,2024-12-27,FR,True
CUST04615,organic,2024-12-27,NL,True
CUST04616,organic,2024-12-27,DE,True
CUST04617,organic,2024-12-20,FR,True
CUST04618,organic,2024-12-16,NL,False
CUST04619,organic,2024-12-05,DE,True
CUST04620,organic,2024-12-03,GB,True
CUST04621,organic,2024-12-29,GB,False
CUST04622,organic,2024-12-03,US,True
CUST04623,organic,2024-12-20,US,True
CUST04624,email,2024-12-08,US,True
CUST04625,email,2024-12-04,GB,True
CUST04626,email,2024-12-28,DE,True
CUST04627,email,2024-12-01,US,True
CUST04628,email,2024-12-09,DE,True
CUST04629,email,2024-12-20,GB,True
CUST04630,email,2024-12-28,FR,True
CUST04631,email,2024-12-24,US,True
CUST04632,email,2024-12-21,GB,False
CUST04633,email,2024-12-10,FR,True
CUST04634,email,2024-12-17,GB,False
CUST04635,email,2024-12-29,GB,True
CUST04636,email,2024-12-07,DE,True
CUST04637,email,2024-12-25,GB,True
CUST04638,email,2024-12-20,US,True
CUST04639,email,2024-12-07,US,True
CUST04640,email,2024-12-13,GB,True
CUST04641,email,2024-12-12,CA,True
CUST04642,email,2024-12-04,DE,True
CUST04643,email,2024-12-11,GB,True
CUST04644,email,2024-12-28,GB,True
CUST04645,email,2024-12-06,FR,True
CUST04646,email,2024-12-21,GB,True
CUST04647,email,2024-12-22,GB,True
CUST04648,email,2024-12-18,GB,False
CUST04649,email,2024-12-19,DE,True
CUST04650,email,2024-12-22,DE,True
CUST04651,email,2024-12-11,US,True
CUST04652,email,2024-12-12,US,True
CUST04653,email,2024-12-22,GB,True
CUST04654,email,2024-12-22,US,True
CUST04655,email,2024-12-03,DE,True
CUST04656,email,2024-12-10,US,True
CUST04657,email,2024-12-07,GB,True
CUST04658,email,2024-12-21,FR,False
CUST04659,email,2024-12-26,GB,False
CUST04660,email,2024-12-17,GB,True
CUST04661,email,2024-12-22,GB,True
CUST04662,email,2024-12-24,CA,True
CUST04663,email,2024-12-08,US,False
CUST04664,email,2024-12-07,GB,True
CUST04665,email,2024-12-24,US,True
CUST04666,email,2024-12-06,GB,True
CUST04667,email,2024-12-26,GB,True
CUST04668,email,2024-12-14,AU,True
CUST04669,email,2024-12-20,GB,True
CUST04670,referral,2024-12-12,AU,True
CUST04671,referral,2024-12-12,FR,True
CUST04672,referral,2024-12-25,CA,True
CUST04673,referral,2024-12-08,CA,True
CUST04674,referral,2024-12-27,US,True
CUST04675,referral,2024-12-01,US,True
CUST04676,referral,2024-12-06,DE,False
CUST04677,referral,2024-12-13,DE,True
CUST04678,referral,2024-12-29,GB,False
CUST04679,referral,2024-12-28,US,True
CUST04680,referral,2024-12-19,US,True
CUST04681,referral,2024-12-12,GB,True
CUST04682,referral,2024-12-18,US,True
CUST04683,referral,2024-12-26,GB,True
CUST04684,referral,2024-12-21,CA,True
CUST04685,referral,2024-12-04,GB,True
