order_id,shipped_at,delivered_at,return_requested_at,return_completed_at,fulfilment_status
ORD000001,2025-01-01,2025-01-06,,,delivered
ORD000002,2024-08-21,2024-08-26,,,delivered
ORD000003,2024-12-26,2024-12-31,2025-01-16,2025-01-26,returned
ORD000004,2024-04-11,2024-04-17,,,delivered
ORD000005,2024-10-25,2024-10-31,2024-11-04,2024-11-11,returned
ORD000006,2024-09-20,2024-09-23,,,delivered
ORD000007,2024-11-12,2024-11-16,2024-11-23,2024-12-01,returned
ORD000008,2025-01-02,2025-01-04,,,delivered
ORD000009,2024-10-26,2024-10-29,2024-11-06,2024-11-17,returned
ORD000010,2024-05-08,2024-05-12,2024-05-31,2024-06-09,returned
ORD000011,2024-04-18,2024-04-25,,,delivered
ORD000012,2024-03-16,2024-03-22,,,delivered
ORD000013,2024-11-24,2024-11-29,2024-12-05,2024-12-14,returned
ORD000014,2024-07-05,2024-07-08,2024-07-28,2024-08-10,returned
ORD000015,2024-02-19,2024-02-24,2024-03-04,2024-03-14,returned
ORD000016,2024-04-22,2024-04-24,,,delivered
ORD000017,2024-12-24,2024-12-28,,,delivered
ORD000018,2024-03-06,2024-03-09,,,delivered
ORD000019,2024-03-11,2024-03-18,2024-04-01,2024-04-07,returned
ORD000020,2024-11-02,2024-11-05,2024-11-10,2024-11-18,returned
ORD000021,2024-07-05,2024-07-10,2024-07-16,2024-07-22,returned
ORD000022,2024-04-19,2024-04-21,,,delivered
ORD000023,2024-06-21,2024-06-26,,,delivered
ORD000024,2024-08-18,2024-08-22,2024-09-09,2024-09-17,returned
ORD000025,2024-02-07,2024-02-11,,,delivered
ORD000026,2024-06-06,2024-06-12,2024-06-21,2024-07-03,returned
ORD000027,2024-03-03,2024-03-10,,,delivered
ORD000028,2024-09-07,2024-09-10,,,delivered
ORD000029,2024-09-27,2024-10-04,2024-10-10,2024-10-22,returned
ORD000030,2024-11-22,2024-11-24,,,delivered
ORD000031,2024-11-16,2024-11-23,2024-12-09,2024-12-22,returned
ORD000032,2024-11-22,2024-11-25,,,delivered
ORD000033,2024-09-09,2024-09-15,,,delivered
ORD000034,2024-08-02,2024-08-06,2024-08-25,2024-09-03,returned
ORD000035,2024-09-11,2024-09-14,,,delivered
ORD000036,2024-11-19,2024-11-22,,,delivered
ORD000037,2024-07-03,2024-07-10,2024-07-23,2024-08-04,returned
ORD000038,2024-05-20,2024-05-22,2024-06-10,2024-06-22,returned
ORD000039,2024-06-26,2024-07-01,2024-07-12,2024-07-17,returned
ORD000040,2024-12-07,2024-12-10,,,delivered
ORD000041,2024-07-29,2024-08-03,,,delivered
ORD000042,2024-09-01,2024-09-07,,,delivered
ORD000043,2024-12-22,2024-12-27,2025-01-02,2025-01-14,returned
ORD000044,2024-03-11,2024-03-16,,,delivered
ORD000045,2024-08-16,2024-08-21,,,delivered
ORD000046,2024-08-17,2024-08-23,,,delivered
ORD000047,2024-11-15,2024-11-17,,,delivered
ORD000048,2024-06-07,2024-06-09,2024-06-28,2024-07-06,returned
ORD000049,2024-11-04,2024-11-08,2024-11-19,2024-11-26,returned
ORD000050,2024-11-13,2024-11-15,,,delivered
ORD000051,2024-05-05,2024-05-11,,,delivered
ORD000052,2024-09-14,2024-09-20,,,delivered
ORD000053,2024-12-15,2024-12-19,,,delivered
ORD000054,2024-06-05,2024-06-09,2024-06-14,2024-06-28,returned
ORD000055,2024-02-07,2024-02-10,2024-02-22,2024-02-28,returned
ORD000056,2024-12-28,2024-12-31,,,delivered
ORD000057,2024-02-06,2024-02-11,,,delivered
ORD000058,2024-03-27,2024-03-31,,,delivered
ORD000059,2024-09-24,2024-09-28,,,delivered
ORD000060,2024-04-06,2024-04-08,,,delivered
ORD000061,2024-08-19,2024-08-21,,,delivered
ORD000062,2024-02-29,2024-03-05,,,delivered
ORD000063,2024-03-01,2024-03-08,2024-03-23,2024-04-01,returned
ORD000064,2024-09-16,2024-09-18,2024-09-30,2024-10-09,returned
ORD000065,2024-01-27,2024-01-30,,,delivered
ORD000066,2024-10-28,2024-11-02,,,delivered
ORD000067,2024-07-10,2024-07-14,,,delivered
ORD000068,2024-01-08,2024-01-10,,,delivered
ORD000069,2024-03-05,2024-03-09,,,delivered
ORD000070,2024-02-04,2024-02-10,,,delivered
ORD000071,2024-05-06,2024-05-10,,,delivered
ORD000072,2025-01-01,2025-01-08,,,delivered
ORD000073,2024-03-16,2024-03-21,,,delivered
ORD000074,2024-12-29,2025-01-02,2025-01-07,2025-01-17,returned
ORD000075,2024-06-18,2024-06-21,2024-06-30,2024-07-12,returned
ORD000076,2024-12-08,2024-12-14,,,delivered
ORD000077,2024-07-17,2024-07-19,2024-07-24,2024-08-01,returned
ORD000078,2024-10-25,2024-10-27,,,delivered
ORD000079,2024-12-04,2024-12-09,,,delivered
ORD000080,2024-12-05,2024-12-07,2024-12-10,2024-12-24,returned
ORD000081,2024-12-17,2024-12-22,2024-12-28,2025-01-11,returned
ORD000082,2024-04-11,2024-04-16,,,delivered
ORD000083,2024-06-17,2024-06-19,,,delivered
ORD000084,2024-02-26,2024-03-01,2024-03-15,2024-03-21,returned
ORD000085,2024-08-06,2024-08-12,,,delivered
ORD000086,2024-08-12,2024-08-14,2024-08-25,2024-09-08,returned
ORD000087,2024-10-22,2024-10-29,2024-11-12,2024-11-22,returned
ORD000088,2024-07-16,2024-07-19,2024-08-08,2024-08-20,returned
ORD000089,2024-08-23,2024-08-28,,,delivered
ORD000090,2024-03-09,2024-03-11,,,delivered
ORD000091,2024-02-08,2024-02-11,,,delivered
ORD000092,2024-02-08,2024-02-13,2024-02-29,2024-03-06,returned
ORD000093,2024-08-26,2024-08-28,,,delivered
ORD000094,2024-06-10,2024-06-14,,,delivered
ORD000095,2024-11-02,2024-11-08,,,delivered
ORD000096,2024-12-30,2025-01-01,,,delivered
ORD000097,2024-08-26,2024-09-01,2024-09-13,2024-09-26,returned
ORD000098,2024-09-04,2024-09-09,,,delivered
ORD000099,2024-12-09,2024-12-12,2024-12-21,2024-12-26,returned
ORD000100,2024-08-14,2024-08-20,,,delivered
ORD000101,2024-09-26,2024-10-01,,,delivered
ORD000102,2024-05-18,2024-05-22,2024-06-06,2024-06-15,returned
ORD000103,2024-05-25,2024-05-29,,,delivered
ORD000104,2024-12-31,2025-01-03,,,delivered
ORD000105,2024-06-17,2024-06-24,2024-06-27,2024-07-08,returned
ORD000106,2024-05-22,2024-05-24,,,delivered
ORD000107,2024-03-23,2024-03-27,,,delivered
ORD000108,2024-02-17,2024-02-24,,,delivered
ORD000109,2024-12-17,2024-12-24,2024-12-28,2025-01-10,returned
ORD000110,2024-10-27,2024-11-02,,,delivered
ORD000111,2024-11-19,2024-11-22,,,delivered
ORD000112,2024-07-16,2024-07-18,,,delivered
ORD000113,2024-09-02,2024-09-05,2024-09-23,2024-10-04,returned
ORD000114,2024-11-04,2024-11-11,2024-11-18,2024-11-30,returned
ORD000115,2024-12-07,2024-12-10,2024-12-19,2024-12-31,returned
ORD000116,2024-09-16,2024-09-21,,,delivered
ORD000117,2024-06-25,2024-06-29,,,delivered
ORD000118,2024-09-16,2024-09-20,,,delivered
ORD000119,2024-01-17,2024-01-20,,,delivered
ORD000120,2024-07-05,2024-07-10,,,delivered
ORD000121,2024-01-31,2024-02-04,,,delivered
ORD000122,2024-06-25,2024-06-27,,,delivered
ORD000123,2024-02-21,2024-02-26,,,delivered
ORD000124,2024-02-06,2024-02-10,,,delivered
ORD000125,2024-05-31,2024-06-04,,,delivered
ORD000126,2024-02-25,2024-02-28,,,delivered
ORD000127,2025-01-01,2025-01-08,,,delivered
ORD000128,2024-04-22,2024-04-26,,,delivered
ORD000129,2024-08-21,2024-08-24,2024-08-28,2024-09-07,returned
ORD000130,2024-05-21,2024-05-27,,,delivered
ORD000131,2024-02-15,2024-02-18,,,delivered
ORD000132,2024-04-22,2024-04-26,,,delivered
ORD000133,2024-06-25,2024-06-28,2024-07-12,2024-07-26,returned
ORD000134,2024-11-27,2024-12-02,,,delivered
ORD000135,2024-12-30,2025-01-02,,,delivered
ORD000136,2024-07-05,2024-07-07,,,delivered
ORD000137,2024-09-15,2024-09-20,,,delivered
ORD000138,2024-04-25,2024-05-02,2024-05-05,2024-05-19,returned
ORD000139,2024-01-26,2024-02-01,,,delivered
ORD000140,2024-10-20,2024-10-25,,,delivered
ORD000141,2024-06-30,2024-07-05,,,delivered
ORD000142,2024-12-21,2024-12-23,2025-01-05,2025-01-11,returned
ORD000143,2024-05-27,2024-06-03,2024-06-13,2024-06-19,returned
ORD000144,2024-04-05,2024-04-09,2024-04-14,2024-04-20,returned
ORD000145,2024-10-08,2024-10-14,,,delivered
ORD000146,2024-05-05,2024-05-12,2024-05-21,2024-06-01,returned
ORD000147,2024-02-22,2024-02-27,,,delivered
ORD000148,2024-11-13,2024-11-20,,,delivered
ORD000149,2024-05-07,2024-05-14,,,delivered
ORD000150,2024-03-06,2024-03-13,,,delivered
ORD000151,2024-08-28,2024-09-01,,,delivered
ORD000152,2024-04-15,2024-04-20,2024-04-24,2024-04-29,returned
ORD000153,2024-05-20,2024-05-23,,,delivered
ORD000154,2024-09-08,2024-09-15,,,delivered
ORD000155,2024-07-07,2024-07-14,2024-07-22,2024-07-29,returned
ORD000156,2024-07-07,2024-07-13,,,delivered
ORD000157,2024-09-18,2024-09-21,2024-10-05,2024-10-17,returned
ORD000158,2024-09-20,2024-09-26,,,delivered
ORD000159,2024-09-03,2024-09-09,,,delivered
ORD000160,2024-03-22,2024-03-28,,,delivered
ORD000161,2024-12-03,2024-12-09,,,delivered
ORD000162,2024-04-10,2024-04-14,,,delivered
ORD000163,2024-11-21,2024-11-27,,,delivered
ORD000164,2024-09-08,2024-09-11,2024-09-24,2024-09-30,returned
ORD000165,2024-10-28,2024-11-02,2024-11-13,2024-11-25,returned
ORD000166,2024-09-14,2024-09-17,,,delivered
ORD000167,2024-05-03,2024-05-07,,,delivered
ORD000168,2024-06-21,2024-06-26,,,delivered
ORD000169,2024-08-30,2024-09-03,2024-09-18,2024-09-28,returned
ORD000170,2024-05-27,2024-05-29,,,delivered
ORD000171,2024-03-29,2024-04-04,2024-04-23,2024-05-07,returned
ORD000172,2024-08-19,2024-08-23,,,delivered
ORD000173,2024-02-27,2024-03-01,,,delivered
ORD000174,2024-06-19,2024-06-22,,,delivered
ORD000175,2024-12-14,2024-12-19,,,delivered
ORD000176,2024-07-26,2024-07-31,,,delivered
ORD000177,2024-01-21,2024-01-26,2024-01-30,2024-02-07,returned
ORD000178,2024-08-13,2024-08-20,,,delivered
ORD000179,2024-08-01,2024-08-03,,,delivered
ORD000180,2024-06-01,2024-06-04,2024-06-09,2024-06-17,returned
ORD000181,2024-12-14,2024-12-21,2025-01-09,2025-01-21,returned
ORD000182,2024-02-21,2024-02-24,2024-03-06,2024-03-13,returned
ORD000183,2024-06-14,2024-06-18,,,delivered
ORD000184,2024-11-02,2024-11-09,,,delivered
ORD000185,2024-12-01,2024-12-04,,,delivered
ORD000186,2024-03-16,2024-03-20,2024-04-02,2024-04-14,returned
ORD000187,2024-11-11,2024-11-17,,,delivered
ORD000188,2024-07-14,2024-07-20,,,delivered
ORD000189,2024-08-20,2024-08-27,,,delivered
ORD000190,2024-03-19,2024-03-25,,,delivered
ORD000191,2024-07-29,2024-08-04,,,delivered
ORD000192,2024-03-11,2024-03-17,,,delivered
ORD000193,2024-07-04,2024-07-07,,,delivered
ORD000194,2024-08-07,2024-08-10,,,delivered
ORD000195,2024-12-20,2024-12-24,,,delivered
ORD000196,2024-11-08,2024-11-10,,,delivered
ORD000197,2024-07-10,2024-07-13,,,delivered
ORD000198,2024-10-30,2024-11-06,,,delivered
ORD000199,2024-09-16,2024-09-20,,,delivered
ORD000200,2024-06-05,2024-06-07,2024-06-21,2024-06-27,returned
ORD000201,2024-03-06,2024-03-09,,,delivered
ORD000202,2024-04-17,2024-04-21,,,delivered
ORD000203,2024-11-27,2024-12-02,,,delivered
ORD000204,2024-03-30,2024-04-04,2024-04-24,2024-05-08,returned
ORD000205,2024-09-26,2024-10-02,,,delivered
ORD000206,2024-05-22,2024-05-29,,,delivered
ORD000207,2024-10-08,2024-10-15,,,delivered
ORD000208,2024-04-15,2024-04-20,,,delivered
ORD000209,2024-10-24,2024-10-28,,,delivered
ORD000210,2024-01-22,2024-01-26,,,delivered
ORD000211,2024-12-25,2024-12-27,,,delivered
ORD000212,2024-07-25,2024-07-31,,,delivered
ORD000213,2024-02-13,2024-02-20,2024-02-25,2024-03-01,returned
ORD000214,2024-03-20,2024-03-22,,,delivered
ORD000215,2024-09-17,2024-09-20,2024-09-26,2024-10-03,returned
ORD000216,2024-05-05,2024-05-11,,,delivered
ORD000217,2024-06-02,2024-06-06,,,delivered
ORD000218,2024-03-02,2024-03-05,,,delivered
ORD000219,2024-07-19,2024-07-24,,,delivered
ORD000220,2024-07-21,2024-07-27,,,delivered
ORD000221,2024-03-06,2024-03-09,,,delivered
ORD000222,2024-07-23,2024-07-26,,,delivered
ORD000223,2024-03-10,2024-03-14,,,delivered
ORD000224,2024-03-10,2024-03-12,,,delivered
ORD000225,2024-07-16,2024-07-19,,,delivered
ORD000226,2024-03-17,2024-03-22,,,delivered
ORD000227,2024-03-12,2024-03-19,,,delivered
ORD000228,2024-06-13,2024-06-18,,,delivered
ORD000229,2024-10-01,2024-10-08,,,delivered
ORD000230,2024-08-19,2024-08-21,,,delivered
ORD000231,2024-10-15,2024-10-19,,,delivered
ORD000232,2024-08-13,2024-08-16,,,delivered
ORD000233,2024-07-27,2024-07-29,,,delivered
ORD000234,2024-03-14,2024-03-21,,,delivered
ORD000235,2024-05-05,2024-05-09,,,delivered
ORD000236,2024-10-28,2024-10-30,,,delivered
ORD000237,2025-01-01,2025-01-06,,,delivered
ORD000238,2024-07-20,2024-07-26,,,delivered
ORD000239,2024-07-17,2024-07-22,,,delivered
ORD000240,2024-04-11,2024-04-17,,,delivered
ORD000241,2024-08-29,2024-08-31,,,delivered
ORD000242,2024-02-08,2024-02-10,2024-02-24,2024-03-09,returned
ORD000243,2024-07-01,2024-07-04,2024-07-12,2024-07-23,returned
ORD000244,2024-04-13,2024-04-17,,,delivered
ORD000245,2024-08-27,2024-08-30,,,delivered
ORD000246,2024-12-08,2024-12-15,,,delivered
ORD000247,2024-10-09,2024-10-14,,,delivered
ORD000248,2024-04-08,2024-04-12,2024-04-26,2024-05-05,returned
ORD000249,2024-10-26,2024-11-01,2024-11-05,2024-11-13,returned
ORD000250,2024-01-14,2024-01-21,,,delivered
ORD000251,2024-11-21,2024-11-28,,,delivered
ORD000252,2024-06-02,2024-06-09,,,delivered
ORD000253,2024-12-18,2024-12-20,,,delivered
ORD000254,2024-09-10,2024-09-14,,,delivered
ORD000255,2024-05-23,2024-05-25,,,delivered
ORD000256,2024-12-30,2025-01-04,,,delivered
ORD000257,2024-01-11,2024-01-14,2024-01-23,2024-02-05,returned
ORD000258,2024-08-10,2024-08-14,,,delivered
ORD000259,2024-02-17,2024-02-21,2024-03-05,2024-03-12,returned
ORD000260,2024-12-07,2024-12-13,,,delivered
ORD000261,2024-09-26,2024-10-01,,,delivered
ORD000262,2024-02-18,2024-02-25,2024-03-04,2024-03-15,returned
ORD000263,2024-03-13,2024-03-16,2024-03-25,2024-04-04,returned
ORD000264,2024-05-29,2024-06-02,,,delivered
ORD000265,2024-04-01,2024-04-08,,,delivered
ORD000266,2024-05-11,2024-05-14,,,delivered
ORD000267,2024-08-11,2024-08-17,,,delivered
ORD000268,2024-05-07,2024-05-13,,,delivered
ORD000269,2024-04-29,2024-05-04,2024-05-23,2024-06-06,returned
ORD000270,2024-06-25,2024-07-01,,,delivered
ORD000271,2024-10-03,2024-10-07,,,delivered
ORD000272,2024-01-24,2024-01-29,,,delivered
ORD000273,2024-06-04,2024-06-10,2024-06-26,2024-07-08,returned
ORD000274,2024-09-29,2024-10-04,,,delivered
ORD000275,2024-08-26,2024-09-01,,,delivered
ORD000276,2024-01-22,2024-01-28,,,delivered
ORD000277,2024-03-20,2024-03-27,,,delivered
ORD000278,2024-05-31,2024-06-02,,,delivered
ORD000279,2024-02-17,2024-02-24,2024-03-01,2024-03-15,returned
ORD000280,2024-02-01,2024-02-07,,,delivered
ORD000281,2024-04-11,2024-04-16,,,delivered
ORD000282,2024-09-08,2024-09-13,,,delivered
ORD000283,2024-12-25,2024-12-28,2025-01-07,2025-01-13,returned
ORD000284,2024-08-21,2024-08-28,,,delivered
ORD000285,2024-05-08,2024-05-10,,,delivered
ORD000286,2024-01-28,2024-01-31,,,delivered
ORD000287,2024-03-01,2024-03-03,,,delivered
ORD000288,2024-08-11,2024-08-15,,,delivered
ORD000289,2024-12-15,2024-12-20,,,delivered
ORD000290,2024-08-21,2024-08-27,,,delivered
ORD000291,2024-03-22,2024-03-25,,,delivered
ORD000292,2024-12-02,2024-12-05,2024-12-18,2024-12-26,returned
ORD000293,2024-11-12,2024-11-15,2024-12-03,2024-12-08,returned
ORD000294,2024-11-12,2024-11-18,,,delivered
ORD000295,2024-06-23,2024-06-29,,,delivered
ORD000296,2024-02-06,2024-02-11,,,delivered
ORD000297,2024-07-23,2024-07-29,,,delivered
ORD000298,2024-03-14,2024-03-20,,,delivered
ORD000299,2024-02-04,2024-02-10,2024-02-21,2024-02-29,returned
ORD000300,2024-01-27,2024-01-29,,,delivered
ORD000301,2024-04-13,2024-04-16,,,delivered
ORD000302,2024-08-01,2024-08-03,,,delivered
ORD000303,2024-08-08,2024-08-15,2024-08-30,2024-09-09,returned
ORD000304,2024-04-03,2024-04-07,,,delivered
ORD000305,2024-04-26,2024-05-02,,,delivered
ORD000306,2024-04-12,2024-04-17,,,delivered
ORD000307,2024-07-13,2024-07-19,,,delivered
ORD000308,2024-07-21,2024-07-28,2024-08-11,2024-08-20,returned
ORD000309,2024-09-04,2024-09-07,,,delivered
ORD000310,2024-08-24,2024-08-26,,,delivered
ORD000311,2024-10-23,2024-10-27,2024-11-13,2024-11-25,returned
ORD000312,2024-12-08,2024-12-15,,,delivered
ORD000313,2024-11-03,2024-11-06,,,delivered
ORD000314,2024-03-23,2024-03-25,2024-04-01,2024-04-13,returned
ORD000315,2024-10-22,2024-10-28,,,delivered
ORD000316,2024-02-16,2024-02-18,,,delivered
ORD000317,2024-06-28,2024-07-05,,,delivered
ORD000318,2024-08-29,2024-09-04,2024-09-17,2024-09-30,returned
ORD000319,2024-01-30,2024-02-05,2024-02-22,2024-03-07,returned
ORD000320,2024-09-15,2024-09-19,2024-10-08,2024-10-17,returned
ORD000321,2024-12-03,2024-12-07,2024-12-15,2024-12-23,returned
ORD000322,2024-01-21,2024-01-25,,,delivered
ORD000323,2024-12-28,2025-01-01,,,delivered
ORD000324,2024-08-31,2024-09-03,,,delivered
ORD000325,2024-03-20,2024-03-22,,,delivered
ORD000326,2024-09-05,2024-09-09,,,delivered
ORD000327,2024-08-06,2024-08-12,,,delivered
ORD000328,2024-06-29,2024-07-01,,,delivered
ORD000329,2024-07-19,2024-07-22,,,delivered
ORD000330,2024-02-07,2024-02-09,,,delivered
ORD000331,2024-12-18,2024-12-24,,,delivered
ORD000332,2024-10-13,2024-10-19,,,delivered
ORD000333,2024-09-13,2024-09-20,,,delivered
ORD000334,2024-07-29,2024-07-31,,,delivered
ORD000335,2024-10-01,2024-10-07,,,delivered
ORD000336,2025-01-02,2025-01-09,,,delivered
ORD000337,2024-09-23,2024-09-29,,,delivered
ORD000338,2024-08-19,2024-08-21,,,delivered
ORD000339,2024-12-24,2024-12-26,,,delivered
ORD000340,2024-07-11,2024-07-18,,,delivered
ORD000341,2024-09-08,2024-09-12,,,delivered
ORD000342,2024-05-31,2024-06-04,,,delivered
ORD000343,2024-06-21,2024-06-27,2024-07-11,2024-07-16,returned
ORD000344,2024-11-19,2024-11-21,,,delivered
ORD000345,2024-02-04,2024-02-07,,,delivered
ORD000346,2024-11-14,2024-11-18,2024-12-06,2024-12-15,returned
ORD000347,2024-03-01,2024-03-04,,,delivered
ORD000348,2024-11-15,2024-11-22,,,delivered
ORD000349,2024-04-02,2024-04-05,,,delivered
ORD000350,2024-12-20,2024-12-24,,,delivered
ORD000351,2024-05-10,2024-05-13,,,delivered
ORD000352,2024-03-17,2024-03-22,,,delivered
ORD000353,2024-09-09,2024-09-14,2024-09-21,2024-10-01,returned
ORD000354,2024-08-27,2024-08-31,,,delivered
ORD000355,2024-10-26,2024-10-29,,,delivered
ORD000356,2024-08-19,2024-08-25,,,delivered
ORD000357,2024-12-24,2024-12-27,2025-01-08,2025-01-18,returned
ORD000358,2024-06-29,2024-07-05,,,delivered
ORD000359,2024-06-28,2024-07-03,,,delivered
ORD000360,2024-11-24,2024-11-28,,,delivered
ORD000361,2024-05-06,2024-05-10,,,delivered
ORD000362,2024-06-07,2024-06-13,,,delivered
ORD000363,2024-08-29,2024-09-03,,,delivered
ORD000364,2024-09-30,2024-10-07,2024-10-18,2024-10-25,returned
ORD000365,2024-11-04,2024-11-11,,,delivered
ORD000366,2024-03-23,2024-03-29,,,delivered
ORD000367,2024-02-12,2024-02-19,,,delivered
ORD000368,2024-09-06,2024-09-11,,,delivered
ORD000369,2024-01-28,2024-02-04,,,delivered
ORD000370,2024-10-29,2024-11-05,,,delivered
ORD000371,2024-07-02,2024-07-07,,,delivered
ORD000372,2024-10-31,2024-11-06,2024-11-14,2024-11-19,returned
ORD000373,2024-05-16,2024-05-18,,,delivered
ORD000374,2024-09-04,2024-09-11,,,delivered
ORD000375,2024-11-29,2024-12-01,,,delivered
ORD000376,2024-11-15,2024-11-18,2024-11-30,2024-12-11,returned
ORD000377,2024-05-17,2024-05-19,,,delivered
ORD000378,2024-12-29,2025-01-01,,,delivered
ORD000379,2024-05-18,2024-05-20,,,delivered
ORD000380,2024-07-21,2024-07-26,,,delivered
ORD000381,2024-11-07,2024-11-10,2024-11-13,2024-11-27,returned
ORD000382,2024-02-16,2024-02-22,,,delivered
ORD000383,2024-12-11,2024-12-13,,,delivered
ORD000384,2024-06-05,2024-06-10,,,delivered
ORD000385,2024-02-29,2024-03-03,,,delivered
ORD000386,2024-08-12,2024-08-14,,,delivered
ORD000387,2024-08-27,2024-08-31,,,delivered
ORD000388,2024-11-27,2024-11-29,,,delivered
ORD000389,2024-11-21,2024-11-26,,,delivered
ORD000390,2024-10-18,2024-10-25,,,delivered
ORD000391,2024-11-11,2024-11-14,,,delivered
ORD000392,2024-09-12,2024-09-17,,,delivered
ORD000393,2024-05-29,2024-06-01,,,delivered
ORD000394,2024-08-15,2024-08-19,,,delivered
ORD000395,2024-04-04,2024-04-07,,,delivered
ORD000396,2024-10-24,2024-10-30,2024-11-17,2024-11-22,returned
ORD000397,2024-04-13,2024-04-18,,,delivered
ORD000398,2024-05-14,2024-05-18,,,delivered
ORD000399,2024-02-04,2024-02-07,,,delivered
ORD000400,2024-07-21,2024-07-26,,,delivered
ORD000401,2024-11-08,2024-11-14,,,delivered
ORD000402,2024-02-19,2024-02-22,,,delivered
ORD000403,2024-04-07,2024-04-10,,,delivered
ORD000404,2024-07-16,2024-07-18,,,delivered
ORD000405,2024-08-04,2024-08-07,2024-08-11,2024-08-17,returned
ORD000406,2024-10-10,2024-10-13,,,delivered
ORD000407,2024-11-03,2024-11-06,2024-11-09,2024-11-14,returned
ORD000408,2024-09-26,2024-09-29,,,delivered
ORD000409,2024-05-22,2024-05-27,,,delivered
ORD000410,2024-09-16,2024-09-21,,,delivered
ORD000411,2024-05-14,2024-05-19,,,delivered
ORD000412,2024-10-28,2024-10-30,,,delivered
ORD000413,2024-07-03,2024-07-06,,,delivered
ORD000414,2024-06-12,2024-06-14,,,delivered
ORD000415,2024-10-17,2024-10-19,,,delivered
ORD000416,2024-04-10,2024-04-15,,,delivered
ORD000417,2024-07-22,2024-07-25,,,delivered
ORD000418,2024-01-13,2024-01-17,,,delivered
ORD000419,2024-05-08,2024-05-15,,,delivered
ORD000420,2024-06-29,2024-07-02,,,delivered
ORD000421,2024-06-05,2024-06-10,,,delivered
ORD000422,2024-08-08,2024-08-13,,,delivered
ORD000423,2024-05-20,2024-05-22,,,delivered
ORD000424,2024-07-25,2024-07-29,,,delivered
ORD000425,2024-04-17,2024-04-19,,,delivered
ORD000426,2024-11-14,2024-11-20,,,delivered
ORD000427,2024-03-21,2024-03-24,,,delivered
ORD000428,2024-04-26,2024-05-03,,,delivered
ORD000429,2024-10-04,2024-10-11,,,delivered
ORD000430,2024-12-23,2024-12-25,,,delivered
ORD000431,2024-07-31,2024-08-02,,,delivered
ORD000432,2024-03-12,2024-03-17,2024-03-30,2024-04-07,returned
ORD000433,2024-12-15,2024-12-20,,,delivered
ORD000434,2024-06-27,2024-07-02,,,delivered
ORD000435,2024-09-29,2024-10-02,,,delivered
ORD000436,2024-03-18,2024-03-22,,,delivered
ORD000437,2024-06-23,2024-06-30,2024-07-09,2024-07-19,returned
ORD000438,2024-12-26,2025-01-02,,,delivered
ORD000439,2024-09-18,2024-09-22,,,delivered
ORD000440,2024-05-09,2024-05-12,,,delivered
ORD000441,2024-09-30,2024-10-07,,,delivered
ORD000442,2024-05-05,2024-05-08,2024-05-15,2024-05-25,returned
ORD000443,2024-03-23,2024-03-26,,,delivered
ORD000444,2024-10-22,2024-10-28,,,delivered
ORD000445,2024-05-21,2024-05-25,,,delivered
ORD000446,2024-02-12,2024-02-15,2024-03-03,2024-03-17,returned
ORD000447,2024-10-17,2024-10-20,2024-10-31,2024-11-14,returned
ORD000448,2024-06-14,2024-06-18,2024-07-05,2024-07-17,returned
ORD000449,2024-02-18,2024-02-24,,,delivered
ORD000450,2024-05-01,2024-05-08,,,delivered
ORD000451,2024-12-09,2024-12-13,,,delivered
ORD000452,2024-08-05,2024-08-07,,,delivered
ORD000453,2024-07-04,2024-07-10,,,delivered
ORD000454,2024-08-26,2024-08-28,,,delivered
ORD000455,2024-02-03,2024-02-08,,,delivered
ORD000456,2024-09-24,2024-09-26,,,delivered
ORD000457,2024-07-17,2024-07-21,2024-07-26,2024-08-02,returned
ORD000458,2024-11-16,2024-11-23,,,delivered
ORD000459,2024-07-09,2024-07-16,,,delivered
ORD000460,2024-02-11,2024-02-15,,,delivered
ORD000461,2024-12-24,2024-12-26,,,delivered
ORD000462,2024-06-24,2024-06-28,,,delivered
ORD000463,2024-02-01,2024-02-06,,,delivered
ORD000464,2024-02-12,2024-02-15,,,delivered
ORD000465,2024-02-27,2024-03-03,,,delivered
ORD000466,2024-09-30,2024-10-02,,,delivered
ORD000467,2024-02-02,2024-02-07,,,delivered
ORD000468,2024-04-23,2024-04-26,,,delivered
ORD000469,2024-04-17,2024-04-24,,,delivered
ORD000470,2024-08-20,2024-08-23,,,delivered
ORD000471,2024-05-08,2024-05-12,,,delivered
ORD000472,2024-03-07,2024-03-09,,,delivered
ORD000473,2024-08-01,2024-08-03,,,delivered
ORD000474,2024-01-17,2024-01-24,,,delivered
ORD000475,2024-11-30,2024-12-03,,,delivered
ORD000476,2024-09-27,2024-10-03,,,delivered
ORD000477,2024-02-12,2024-02-17,,,delivered
ORD000478,2024-07-15,2024-07-20,,,delivered
ORD000479,2024-09-09,2024-09-12,,,delivered
ORD000480,2024-02-20,2024-02-23,,,delivered
ORD000481,2024-03-28,2024-03-30,,,delivered
ORD000482,2024-06-27,2024-07-02,,,delivered
ORD000483,2024-11-12,2024-11-19,2024-12-02,2024-12-11,returned
ORD000484,2024-06-01,2024-06-06,,,delivered
ORD000485,2024-02-09,2024-02-14,,,delivered
ORD000486,2024-12-03,2024-12-10,,,delivered
ORD000487,2024-05-18,2024-05-24,,,delivered
ORD000488,2024-10-31,2024-11-05,,,delivered
ORD000489,2024-11-28,2024-12-02,2024-12-17,2024-12-29,returned
ORD000490,2024-07-13,2024-07-16,2024-07-31,2024-08-14,returned
ORD000491,2025-01-01,2025-01-06,,,delivered
ORD000492,2024-11-26,2024-11-29,,,delivered
ORD000493,2024-09-16,2024-09-18,,,delivered
ORD000494,2024-08-21,2024-08-24,,,delivered
ORD000495,2024-05-14,2024-05-17,,,delivered
ORD000496,2024-09-02,2024-09-07,,,delivered
ORD000497,2024-07-08,2024-07-14,,,delivered
ORD000498,2024-11-04,2024-11-11,,,delivered
ORD000499,2024-05-22,2024-05-25,,,delivered
ORD000500,2024-02-07,2024-02-12,,,delivered
ORD000501,2024-11-11,2024-11-14,,,delivered
ORD000502,2024-11-20,2024-11-25,,,delivered
ORD000503,2024-07-29,2024-08-03,,,delivered
ORD000504,2024-11-09,2024-11-15,,,delivered
ORD000505,2024-04-10,2024-04-15,,,delivered
ORD000506,2024-08-01,2024-08-05,,,delivered
ORD000507,2024-05-31,2024-06-04,,,delivered
ORD000508,2024-07-05,2024-07-07,,,delivered
ORD000509,2024-02-19,2024-02-23,,,delivered
ORD000510,2024-06-13,2024-06-17,,,delivered
ORD000511,2024-03-13,2024-03-18,,,delivered
ORD000512,2024-08-28,2024-09-02,,,delivered
ORD000513,2024-05-15,2024-05-20,,,delivered
ORD000514,2024-10-13,2024-10-15,,,delivered
ORD000515,2024-02-28,2024-03-05,,,delivered
ORD000516,2024-09-17,2024-09-23,,,delivered
ORD000517,2024-07-05,2024-07-12,,,delivered
ORD000518,2024-03-01,2024-03-06,,,delivered
ORD000519,2024-03-15,2024-03-20,,,delivered
ORD000520,2024-06-05,2024-06-08,,,delivered
ORD000521,2024-07-31,2024-08-06,2024-08-23,2024-09-06,returned
ORD000522,2024-04-14,2024-04-21,,,delivered
ORD000523,2024-09-18,2024-09-20,,,delivered
ORD000524,2024-09-05,2024-09-07,2024-09-10,2024-09-24,returned
ORD000525,2024-03-17,2024-03-22,,,delivered
ORD000526,2024-05-25,2024-06-01,2024-06-15,2024-06-29,returned
ORD000527,2024-11-18,2024-11-24,,,delivered
ORD000528,2024-02-28,2024-03-02,2024-03-15,2024-03-27,returned
ORD000529,2024-12-05,2024-12-11,2024-12-15,2024-12-28,returned
ORD000530,2024-05-12,2024-05-16,,,delivered
ORD000531,2024-07-03,2024-07-08,,,delivered
ORD000532,2024-06-28,2024-06-30,2024-07-09,2024-07-14,returned
ORD000533,2024-09-25,2024-09-28,2024-10-10,2024-10-22,returned
ORD000534,2024-12-28,2025-01-04,,,delivered
ORD000535,2024-12-10,2024-12-12,,,delivered
ORD000536,2024-11-14,2024-11-17,2024-11-21,2024-11-28,returned
ORD000537,2024-10-31,2024-11-03,2024-11-06,2024-11-13,returned
ORD000538,2024-04-22,2024-04-28,2024-05-12,2024-05-26,returned
ORD000539,2024-07-06,2024-07-13,,,delivered
ORD000540,2024-10-11,2024-10-18,,,delivered
ORD000541,2024-12-09,2024-12-12,2025-01-02,2025-01-09,returned
ORD000542,2024-10-10,2024-10-15,,,delivered
ORD000543,2024-09-02,2024-09-05,2024-09-14,2024-09-19,returned
ORD000544,2024-03-21,2024-03-24,2024-04-07,2024-04-20,returned
ORD000545,2024-11-06,2024-11-09,,,delivered
ORD000546,2024-12-25,2024-12-31,,,delivered
ORD000547,2024-10-17,2024-10-23,,,delivered
ORD000548,2024-07-24,2024-07-28,,,delivered
ORD000549,2024-04-05,2024-04-07,2024-04-13,2024-04-21,returned
ORD000550,2024-11-03,2024-11-09,,,delivered
ORD000551,2024-04-10,2024-04-15,2024-05-03,2024-05-11,returned
ORD000552,2024-10-23,2024-10-30,2024-11-16,2024-11-30,returned
ORD000553,2024-09-04,2024-09-09,2024-09-29,2024-10-11,returned
ORD000554,2024-03-28,2024-04-02,2024-04-22,2024-04-29,returned
ORD000555,2024-10-05,2024-10-10,,,delivered
ORD000556,2024-10-31,2024-11-07,2024-11-27,2024-12-06,returned
ORD000557,2024-05-24,2024-05-27,,,delivered
ORD000558,2024-07-02,2024-07-07,,,delivered
ORD000559,2024-09-07,2024-09-11,,,delivered
ORD000560,2024-04-12,2024-04-16,2024-04-27,2024-05-06,returned
ORD000561,2024-04-19,2024-04-24,2024-05-07,2024-05-19,returned
ORD000562,2024-05-28,2024-05-31,,,delivered
ORD000563,2024-12-07,2024-12-12,2024-12-19,2024-12-24,returned
ORD000564,2024-07-09,2024-07-15,,,delivered
ORD000565,2024-12-10,2024-12-14,2025-01-03,2025-01-12,returned
ORD000566,2024-11-27,2024-12-03,2024-12-09,2024-12-23,returned
ORD000567,2024-11-08,2024-11-15,,,delivered
ORD000568,2024-04-01,2024-04-04,,,delivered
ORD000569,2024-02-11,2024-02-14,,,delivered
ORD000570,2024-08-05,2024-08-11,,,delivered
ORD000571,2024-03-08,2024-03-10,,,delivered
ORD000572,2024-11-30,2024-12-02,,,delivered
ORD000573,2024-09-29,2024-10-05,2024-10-16,2024-10-24,returned
ORD000574,2024-12-05,2024-12-08,,,delivered
ORD000575,2024-05-16,2024-05-18,2024-05-30,2024-06-05,returned
ORD000576,2024-08-06,2024-08-13,,,delivered
ORD000577,2024-03-12,2024-03-14,,,delivered
ORD000578,2024-06-21,2024-06-28,,,delivered
ORD000579,2024-03-07,2024-03-12,,,delivered
ORD000580,2024-05-08,2024-05-13,,,delivered
ORD000581,2024-04-29,2024-05-02,2024-05-05,2024-05-15,returned
ORD000582,2024-06-18,2024-06-23,,,delivered
ORD000583,2024-11-30,2024-12-06,,,delivered
ORD000584,2024-11-07,2024-11-09,,,delivered
ORD000585,2024-10-05,2024-10-09,,,delivered
ORD000586,2024-06-01,2024-06-04,,,delivered
ORD000587,2024-07-17,2024-07-19,,,delivered
ORD000588,2024-06-09,2024-06-12,2024-07-03,2024-07-16,returned
ORD000589,2024-09-14,2024-09-16,,,delivered
ORD000590,2024-03-03,2024-03-10,2024-03-29,2024-04-07,returned
ORD000591,2024-09-22,2024-09-26,,,delivered
ORD000592,2024-12-26,2024-12-31,,,delivered
ORD000593,2024-10-08,2024-10-15,,,delivered
ORD000594,2024-10-27,2024-11-02,,,delivered
ORD000595,2024-06-07,2024-06-14,,,delivered
ORD000596,2024-03-19,2024-03-22,2024-04-02,2024-04-07,returned
ORD000597,2024-11-19,2024-11-26,,,delivered
ORD000598,2024-06-15,2024-06-19,2024-06-25,2024-07-06,returned
ORD000599,2024-12-17,2024-12-20,,,delivered
ORD000600,2024-04-26,2024-05-02,2024-05-08,2024-05-16,returned
ORD000601,2024-05-26,2024-05-28,,,delivered
ORD000602,2024-06-15,2024-06-19,2024-07-07,2024-07-16,returned
ORD000603,2024-05-08,2024-05-10,,,delivered
ORD000604,2024-06-18,2024-06-23,2024-07-09,2024-07-16,returned
ORD000605,2024-07-30,2024-08-04,2024-08-17,2024-08-31,returned
ORD000606,2024-03-07,2024-03-09,,,delivered
ORD000607,2024-09-23,2024-09-27,2024-10-04,2024-10-14,returned
ORD000608,2024-04-05,2024-04-08,,,delivered
ORD000609,2024-11-22,2024-11-26,,,delivered
ORD000610,2024-05-17,2024-05-22,,,delivered
ORD000611,2024-04-25,2024-04-29,,,delivered
ORD000612,2024-09-22,2024-09-28,,,delivered
ORD000613,2024-04-09,2024-04-11,,,delivered
ORD000614,2024-03-03,2024-03-07,,,delivered
ORD000615,2024-12-24,2024-12-31,2025-01-16,2025-01-27,returned
ORD000616,2024-06-19,2024-06-23,2024-07-11,2024-07-17,returned
ORD000617,2024-05-02,2024-05-05,2024-05-09,2024-05-15,returned
ORD000618,2024-05-08,2024-05-11,2024-05-17,2024-05-27,returned
ORD000619,2024-04-15,2024-04-22,,,delivered
ORD000620,2024-11-22,2024-11-29,,,delivered
ORD000621,2024-07-10,2024-07-12,,,delivered
ORD000622,2024-10-15,2024-10-19,,,delivered
ORD000623,2024-11-25,2024-11-27,,,delivered
ORD000624,2024-05-13,2024-05-15,,,delivered
ORD000625,2024-05-10,2024-05-14,,,delivered
ORD000626,2024-07-16,2024-07-18,,,delivered
ORD000627,2024-07-03,2024-07-06,,,delivered
ORD000628,2024-08-09,2024-08-13,,,delivered
ORD000629,2024-08-23,2024-08-27,,,delivered
ORD000630,2024-04-10,2024-04-16,2024-05-01,2024-05-14,returned
ORD000631,2024-06-23,2024-06-29,,,delivered
ORD000632,2024-10-17,2024-10-19,,,delivered
ORD000633,2024-12-17,2024-12-21,,,delivered
ORD000634,2024-08-21,2024-08-27,2024-09-02,2024-09-09,returned
ORD000635,2024-05-14,2024-05-17,2024-05-30,2024-06-10,returned
ORD000636,2024-03-25,2024-03-27,,,delivered
ORD000637,2024-09-18,2024-09-23,,,delivered
ORD000638,2024-04-23,2024-04-28,,,delivered
ORD000639,2024-07-01,2024-07-04,,,delivered
ORD000640,2024-08-27,2024-08-29,,,delivered
ORD000641,2024-07-27,2024-08-02,2024-08-23,2024-08-30,returned
ORD000642,2024-12-31,2025-01-06,2025-01-26,2025-02-08,returned
ORD000643,2024-10-29,2024-11-03,2024-11-22,2024-12-04,returned
ORD000644,2024-05-27,2024-06-02,,,delivered
ORD000645,2024-03-14,2024-03-20,,,delivered
ORD000646,2024-04-14,2024-04-20,,,delivered
ORD000647,2024-10-03,2024-10-07,,,delivered
ORD000648,2024-10-01,2024-10-08,2024-10-25,2024-10-30,returned
ORD000649,2024-07-08,2024-07-10,,,delivered
ORD000650,2024-04-23,2024-04-30,2024-05-11,2024-05-23,returned
ORD000651,2024-03-18,2024-03-20,2024-04-09,2024-04-14,returned
ORD000652,2024-05-14,2024-05-20,,,delivered
ORD000653,2024-07-12,2024-07-14,,,delivered
ORD000654,2024-05-06,2024-05-08,,,delivered
ORD000655,2024-10-28,2024-10-30,,,delivered
ORD000656,2024-10-10,2024-10-14,,,delivered
ORD000657,2024-10-30,2024-11-02,,,delivered
ORD000658,2024-04-02,2024-04-09,2024-04-14,2024-04-23,returned
ORD000659,2024-12-05,2024-12-08,2024-12-11,2024-12-20,returned
ORD000660,2024-03-27,2024-03-31,,,delivered
ORD000661,2024-06-14,2024-06-20,,,delivered
ORD000662,2024-02-29,2024-03-06,,,delivered
ORD000663,2024-12-22,2024-12-28,,,delivered
ORD000664,2024-03-14,2024-03-17,,,delivered
ORD000665,2024-05-18,2024-05-24,,,delivered
ORD000666,2024-08-09,2024-08-12,,,delivered
ORD000667,2024-08-03,2024-08-09,,,delivered
ORD000668,2024-11-21,2024-11-23,2024-11-28,2024-12-12,returned
ORD000669,2024-07-21,2024-07-26,2024-08-14,2024-08-28,returned
ORD000670,2024-03-22,2024-03-25,,,delivered
ORD000671,2024-10-02,2024-10-06,,,delivered
ORD000672,2024-07-06,2024-07-08,,,delivered
ORD000673,2024-12-18,2024-12-20,,,delivered
ORD000674,2024-10-03,2024-10-07,,,delivered
ORD000675,2024-09-21,2024-09-28,,,delivered
ORD000676,2024-06-09,2024-06-12,,,delivered
ORD000677,2024-11-27,2024-11-29,2024-12-08,2024-12-13,returned
ORD000678,2024-07-28,2024-08-02,,,delivered
ORD000679,2024-10-09,2024-10-11,,,delivered
ORD000680,2024-06-07,2024-06-09,,,delivered
ORD000681,2024-11-28,2024-12-05,,,delivered
ORD000682,2024-03-21,2024-03-26,,,delivered
ORD000683,2024-06-04,2024-06-11,,,delivered
ORD000684,2024-12-17,2024-12-23,,,delivered
ORD000685,2024-12-23,2024-12-27,2025-01-12,2025-01-21,returned
ORD000686,2024-08-11,2024-08-17,2024-08-24,2024-08-29,returned
ORD000687,2024-05-11,2024-05-17,,,delivered
ORD000688,2024-11-26,2024-11-29,,,delivered
ORD000689,2024-08-21,2024-08-25,,,delivered
ORD000690,2024-07-15,2024-07-17,,,delivered
ORD000691,2024-08-15,2024-08-17,,,delivered
ORD000692,2024-10-10,2024-10-15,,,delivered
ORD000693,2024-07-20,2024-07-25,,,delivered
ORD000694,2024-05-25,2024-05-28,,,delivered
ORD000695,2024-05-05,2024-05-09,,,delivered
ORD000696,2024-10-26,2024-10-30,,,delivered
ORD000697,2024-05-27,2024-05-31,,,delivered
ORD000698,2024-05-09,2024-05-14,,,delivered
ORD000699,2024-11-02,2024-11-06,,,delivered
ORD000700,2024-02-25,2024-03-01,,,delivered
ORD000701,2024-11-27,2024-11-29,,,delivered
ORD000702,2024-07-22,2024-07-28,,,delivered
ORD000703,2024-03-28,2024-03-31,,,delivered
ORD000704,2024-06-14,2024-06-19,,,delivered
ORD000705,2024-12-28,2024-12-30,,,delivered
ORD000706,2024-07-12,2024-07-18,,,delivered
ORD000707,2024-10-12,2024-10-17,,,delivered
ORD000708,2024-06-26,2024-07-03,,,delivered
ORD000709,2024-04-16,2024-04-22,,,delivered
ORD000710,2024-02-13,2024-02-17,,,delivered
ORD000711,2024-02-15,2024-02-20,,,delivered
ORD000712,2024-03-25,2024-04-01,,,delivered
ORD000713,2024-07-08,2024-07-11,,,delivered
ORD000714,2024-04-13,2024-04-19,,,delivered
ORD000715,2024-06-04,2024-06-06,,,delivered
ORD000716,2024-07-22,2024-07-24,,,delivered
ORD000717,2024-11-17,2024-11-22,,,delivered
ORD000718,2024-04-11,2024-04-17,,,delivered
ORD000719,2024-12-08,2024-12-11,,,delivered
ORD000720,2024-12-09,2024-12-12,,,delivered
ORD000721,2024-03-29,2024-04-05,,,delivered
ORD000722,2024-12-30,2025-01-03,,,delivered
ORD000723,2024-11-19,2024-11-25,,,delivered
ORD000724,2024-11-25,2024-11-29,,,delivered
ORD000725,2024-11-02,2024-11-06,,,delivered
ORD000726,2024-12-27,2025-01-03,,,delivered
ORD000727,2024-06-24,2024-06-26,,,delivered
ORD000728,2024-12-16,2024-12-21,,,delivered
ORD000729,2024-03-01,2024-03-05,2024-03-22,2024-03-28,returned
ORD000730,2024-09-20,2024-09-25,,,delivered
ORD000731,2024-11-08,2024-11-13,,,delivered
ORD000732,2024-09-03,2024-09-08,,,delivered
ORD000733,2024-03-29,2024-04-02,2024-04-08,2024-04-19,returned
ORD000734,2024-03-17,2024-03-22,,,delivered
ORD000735,2024-06-16,2024-06-21,,,delivered
ORD000736,2024-03-13,2024-03-15,,,delivered
ORD000737,2024-08-17,2024-08-22,,,delivered
ORD000738,2024-12-10,2024-12-12,,,delivered
ORD000739,2024-03-16,2024-03-19,,,delivered
ORD000740,2024-09-25,2024-09-30,,,delivered
ORD000741,2024-04-23,2024-04-25,,,delivered
ORD000742,2024-05-17,2024-05-24,,,delivered
ORD000743,2024-06-29,2024-07-01,2024-07-14,2024-07-27,returned
ORD000744,2024-10-31,2024-11-03,,,delivered
ORD000745,2024-04-24,2024-04-30,2024-05-16,2024-05-28,returned
ORD000746,2024-04-29,2024-05-05,,,delivered
ORD000747,2024-12-27,2025-01-01,,,delivered
ORD000748,2024-08-23,2024-08-27,2024-09-09,2024-09-16,returned
ORD000749,2024-12-28,2025-01-02,,,delivered
ORD000750,2024-08-24,2024-08-26,,,delivered
ORD000751,2024-12-17,2024-12-19,,,delivered
ORD000752,2024-07-08,2024-07-15,,,delivered
ORD000753,2024-09-22,2024-09-25,,,delivered
ORD000754,2024-07-28,2024-08-03,,,delivered
ORD000755,2024-07-01,2024-07-07,2024-07-18,2024-07-31,returned
ORD000756,2024-09-18,2024-09-24,2024-10-10,2024-10-16,returned
ORD000757,2024-09-24,2024-09-29,,,delivered
ORD000758,2024-03-31,2024-04-07,,,delivered
ORD000759,2024-05-09,2024-05-16,,,delivered
ORD000760,2024-10-30,2024-11-06,,,delivered
ORD000761,2024-12-02,2024-12-04,,,delivered
ORD000762,2024-06-14,2024-06-17,2024-06-28,2024-07-05,returned
ORD000763,2024-06-29,2024-07-05,2024-07-23,2024-08-05,returned
ORD000764,2024-06-30,2024-07-03,2024-07-10,2024-07-16,returned
ORD000765,2024-11-01,2024-11-08,2024-11-11,2024-11-17,returned
ORD000766,2024-05-23,2024-05-26,,,delivered
ORD000767,2024-12-28,2025-01-03,,,delivered
ORD000768,2024-12-02,2024-12-08,,,delivered
ORD000769,2024-09-17,2024-09-19,,,delivered
ORD000770,2024-09-03,2024-09-05,2024-09-16,2024-09-21,returned
ORD000771,2024-04-04,2024-04-07,,,delivered
ORD000772,2024-07-23,2024-07-28,2024-08-11,2024-08-24,returned
ORD000773,2024-02-29,2024-03-07,,,delivered
ORD000774,2024-09-12,2024-09-18,,,delivered
ORD000775,2024-06-17,2024-06-19,,,delivered
ORD000776,2024-06-14,2024-06-18,,,delivered
ORD000777,2024-10-16,2024-10-20,,,delivered
ORD000778,2024-05-09,2024-05-13,,,delivered
ORD000779,2024-04-28,2024-04-30,,,delivered
ORD000780,2024-03-12,2024-03-16,,,delivered
ORD000781,2024-03-19,2024-03-25,,,delivered
ORD000782,2024-12-04,2024-12-06,2024-12-10,2024-12-24,returned
ORD000783,2024-10-03,2024-10-09,,,delivered
ORD000784,2024-10-12,2024-10-15,2024-11-01,2024-11-15,returned
ORD000785,2024-11-06,2024-11-08,2024-11-19,2024-11-30,returned
ORD000786,2024-07-25,2024-07-30,,,delivered
ORD000787,2024-05-15,2024-05-17,2024-06-07,2024-06-13,returned
ORD000788,2024-10-14,2024-10-17,,,delivered
ORD000789,2024-09-09,2024-09-14,,,delivered
ORD000790,2024-12-18,2024-12-24,,,delivered
ORD000791,2024-07-23,2024-07-26,,,delivered
ORD000792,2024-05-26,2024-05-29,,,delivered
ORD000793,2024-09-09,2024-09-15,,,delivered
ORD000794,2024-05-21,2024-05-23,,,delivered
ORD000795,2024-10-29,2024-11-05,,,delivered
ORD000796,2024-07-29,2024-08-03,,,delivered
ORD000797,2024-03-19,2024-03-26,,,delivered
ORD000798,2024-04-08,2024-04-10,,,delivered
ORD000799,2024-10-04,2024-10-11,,,delivered
ORD000800,2024-11-02,2024-11-06,,,delivered
ORD000801,2024-07-17,2024-07-23,,,delivered
ORD000802,2024-09-03,2024-09-10,,,delivered
ORD000803,2024-10-13,2024-10-19,,,delivered
ORD000804,2024-11-10,2024-11-14,,,delivered
ORD000805,2024-09-19,2024-09-22,,,delivered
ORD000806,2024-11-09,2024-11-14,,,delivered
ORD000807,2024-07-12,2024-07-14,,,delivered
ORD000808,2024-08-10,2024-08-14,,,delivered
ORD000809,2024-07-06,2024-07-12,,,delivered
ORD000810,2024-11-24,2024-11-30,,,delivered
ORD000811,2024-08-13,2024-08-19,,,delivered
ORD000812,2024-12-15,2024-12-22,,,delivered
ORD000813,2024-10-03,2024-10-10,,,delivered
ORD000814,2024-09-27,2024-10-01,,,delivered
ORD000815,2024-08-30,2024-09-06,,,delivered
ORD000816,2024-06-14,2024-06-18,,,delivered
ORD000817,2024-06-29,2024-07-02,2024-07-19,2024-07-31,returned
ORD000818,2024-09-23,2024-09-27,,,delivered
ORD000819,2024-05-05,2024-05-11,2024-05-29,2024-06-08,returned
ORD000820,2024-07-29,2024-07-31,2024-08-13,2024-08-24,returned
ORD000821,2024-09-05,2024-09-09,2024-09-21,2024-10-04,returned
ORD000822,2024-09-11,2024-09-17,2024-10-07,2024-10-20,returned
ORD000823,2024-09-02,2024-09-07,,,delivered
ORD000824,2024-03-16,2024-03-22,,,delivered
ORD000825,2024-06-26,2024-07-03,2024-07-17,2024-07-22,returned
ORD000826,2024-12-11,2024-12-14,,,delivered
ORD000827,2024-07-09,2024-07-11,,,delivered
ORD000828,2024-12-02,2024-12-05,,,delivered
ORD000829,2024-06-17,2024-06-22,,,delivered
ORD000830,2024-11-28,2024-12-03,,,delivered
ORD000831,2024-02-21,2024-02-28,,,delivered
ORD000832,2024-03-26,2024-03-30,,,delivered
ORD000833,2024-09-24,2024-09-26,,,delivered
ORD000834,2024-09-23,2024-09-26,,,delivered
ORD000835,2024-07-16,2024-07-22,2024-08-11,2024-08-20,returned
ORD000836,2024-10-14,2024-10-20,2024-10-28,2024-11-10,returned
ORD000837,2024-04-19,2024-04-21,,,delivered
ORD000838,2024-10-10,2024-10-12,,,delivered
ORD000839,2024-06-02,2024-06-07,,,delivered
ORD000840,2024-09-25,2024-09-29,,,delivered
ORD000841,2024-08-31,2024-09-06,,,delivered
ORD000842,2024-12-02,2024-12-09,,,delivered
ORD000843,2024-02-16,2024-02-19,,,delivered
ORD000844,2024-03-19,2024-03-24,,,delivered
ORD000845,2024-04-16,2024-04-19,2024-05-05,2024-05-12,returned
ORD000846,2024-09-17,2024-09-20,,,delivered
ORD000847,2024-06-20,2024-06-22,,,delivered
ORD000848,2024-07-02,2024-07-09,2024-07-30,2024-08-04,returned
ORD000849,2024-09-30,2024-10-04,,,delivered
ORD000850,2024-06-06,2024-06-10,,,delivered
ORD000851,2024-05-17,2024-05-22,,,delivered
ORD000852,2024-11-19,2024-11-25,,,delivered
ORD000853,2024-11-06,2024-11-09,2024-11-17,2024-11-23,returned
ORD000854,2024-07-03,2024-07-05,2024-07-18,2024-07-27,returned
ORD000855,2024-12-10,2024-12-15,,,delivered
ORD000856,2024-04-15,2024-04-20,,,delivered
ORD000857,2024-09-12,2024-09-17,,,delivered
ORD000858,2024-09-22,2024-09-29,2024-10-08,2024-10-13,returned
ORD000859,2024-06-22,2024-06-28,,,delivered
ORD000860,2024-03-18,2024-03-24,,,delivered
ORD000861,2024-08-12,2024-08-14,,,delivered
ORD000862,2024-03-13,2024-03-20,,,delivered
ORD000863,2024-12-19,2024-12-25,,,delivered
ORD000864,2024-12-21,2024-12-28,,,delivered
ORD000865,2024-10-23,2024-10-29,,,delivered
ORD000866,2024-03-12,2024-03-17,,,delivered
ORD000867,2024-03-29,2024-04-03,,,delivered
ORD000868,2024-05-12,2024-05-17,,,delivered
ORD000869,2024-11-04,2024-11-10,2024-12-01,2024-12-11,returned
ORD000870,2024-09-20,2024-09-22,,,delivered
ORD000871,2024-04-09,2024-04-12,,,delivered
ORD000872,2024-09-12,2024-09-16,,,delivered
ORD000873,2024-11-26,2024-12-03,,,delivered
ORD000874,2024-07-11,2024-07-15,,,delivered
ORD000875,2024-06-19,2024-06-26,,,delivered
ORD000876,2024-03-19,2024-03-22,,,delivered
ORD000877,2024-10-04,2024-10-06,,,delivered
ORD000878,2024-10-26,2024-11-02,,,delivered
ORD000879,2024-09-20,2024-09-22,,,delivered
ORD000880,2024-08-08,2024-08-14,,,delivered
ORD000881,2024-06-06,2024-06-10,,,delivered
ORD000882,2024-05-23,2024-05-29,,,delivered
ORD000883,2024-09-08,2024-09-12,,,delivered
ORD000884,2024-04-27,2024-04-29,,,delivered
ORD000885,2024-11-22,2024-11-24,,,delivered
ORD000886,2024-10-02,2024-10-06,,,delivered
ORD000887,2024-07-08,2024-07-10,2024-07-24,2024-08-04,returned
ORD000888,2024-11-01,2024-11-08,,,delivered
ORD000889,2024-10-20,2024-10-22,,,delivered
ORD000890,2024-07-11,2024-07-18,,,delivered
ORD000891,2024-05-11,2024-05-14,2024-06-01,2024-06-11,returned
ORD000892,2024-06-18,2024-06-21,2024-06-29,2024-07-04,returned
ORD000893,2024-11-23,2024-11-25,,,delivered
ORD000894,2024-05-01,2024-05-05,,,delivered
ORD000895,2024-04-04,2024-04-10,,,delivered
ORD000896,2024-09-20,2024-09-26,,,delivered
ORD000897,2024-06-10,2024-06-16,,,delivered
ORD000898,2024-11-10,2024-11-12,,,delivered
ORD000899,2024-11-17,2024-11-20,2024-12-07,2024-12-12,returned
ORD000900,2024-04-04,2024-04-11,,,delivered
ORD000901,2024-07-01,2024-07-08,,,delivered
ORD000902,2024-12-01,2024-12-08,2024-12-23,2024-12-28,returned
ORD000903,2024-09-05,2024-09-10,,,delivered
ORD000904,2024-07-05,2024-07-07,,,delivered
ORD000905,2024-09-19,2024-09-22,,,delivered
ORD000906,2024-04-04,2024-04-11,,,delivered
ORD000907,2024-06-04,2024-06-10,,,delivered
ORD000908,2024-07-25,2024-07-28,,,delivered
ORD000909,2024-04-12,2024-04-15,,,delivered
ORD000910,2024-02-21,2024-02-26,,,delivered
ORD000911,2024-08-05,2024-08-09,,,delivered
ORD000912,2024-07-25,2024-07-30,,,delivered
ORD000913,2024-05-09,2024-05-15,,,delivered
ORD000914,2024-03-06,2024-03-11,2024-03-26,2024-04-08,returned
ORD000915,2024-10-17,2024-10-20,,,delivered
ORD000916,2024-10-20,2024-10-24,,,delivered
ORD000917,2024-06-03,2024-06-07,,,delivered
ORD000918,2024-02-21,2024-02-25,2024-03-03,2024-03-14,returned
ORD000919,2024-08-15,2024-08-21,,,delivered
ORD000920,2024-07-18,2024-07-24,,,delivered
ORD000921,2024-05-20,2024-05-27,,,delivered
ORD000922,2024-08-29,2024-09-03,,,delivered
ORD000923,2024-02-17,2024-02-21,2024-03-10,2024-03-19,returned
ORD000924,2024-06-06,2024-06-10,,,delivered
ORD000925,2024-11-25,2024-11-29,,,delivered
ORD000926,2024-06-01,2024-06-08,,,delivered
ORD000927,2024-12-09,2024-12-15,,,delivered
ORD000928,2024-12-14,2024-12-19,,,delivered
ORD000929,2024-03-27,2024-03-31,2024-04-05,2024-04-19,returned
ORD000930,2024-07-21,2024-07-25,,,delivered
ORD000931,2024-12-19,2024-12-24,,,delivered
ORD000932,2024-12-06,2024-12-09,,,delivered
ORD000933,2024-08-24,2024-08-29,,,delivered
ORD000934,2024-08-31,2024-09-07,,,delivered
ORD000935,2024-05-08,2024-05-15,,,delivered
ORD000936,2024-05-22,2024-05-29,,,delivered
ORD000937,2024-03-26,2024-03-30,,,delivered
ORD000938,2024-07-29,2024-08-03,,,delivered
ORD000939,2024-05-25,2024-05-28,,,delivered
ORD000940,2024-04-25,2024-05-02,,,delivered
ORD000941,2024-10-14,2024-10-19,2024-10-28,2024-11-07,returned
ORD000942,2024-03-18,2024-03-20,,,delivered
ORD000943,2024-10-10,2024-10-15,,,delivered
ORD000944,2024-07-19,2024-07-25,,,delivered
ORD000945,2024-10-27,2024-10-30,,,delivered
ORD000946,2024-04-09,2024-04-16,,,delivered
ORD000947,2024-11-12,2024-11-16,,,delivered
ORD000948,2024-09-25,2024-10-01,,,delivered
ORD000949,2024-08-25,2024-09-01,,,delivered
ORD000950,2024-02-20,2024-02-25,,,delivered
ORD000951,2024-07-30,2024-08-04,,,delivered
ORD000952,2024-06-07,2024-06-10,,,delivered
ORD000953,2024-08-22,2024-08-27,,,delivered
ORD000954,2024-02-26,2024-03-04,2024-03-09,2024-03-14,returned
ORD000955,2024-09-20,2024-09-22,,,delivered
ORD000956,2024-12-01,2024-12-07,,,delivered
ORD000957,2024-09-22,2024-09-25,,,delivered
ORD000958,2024-03-01,2024-03-06,,,delivered
ORD000959,2024-09-28,2024-10-03,,,delivered
ORD000960,2024-10-16,2024-10-21,,,delivered
ORD000961,2024-11-03,2024-11-09,,,delivered
ORD000962,2024-07-13,2024-07-19,,,delivered
ORD000963,2024-07-06,2024-07-11,2024-07-28,2024-08-06,returned
ORD000964,2024-06-12,2024-06-15,,,delivered
ORD000965,2024-07-16,2024-07-20,,,delivered
ORD000966,2025-01-02,2025-01-09,,,delivered
ORD000967,2024-06-08,2024-06-15,,,delivered
ORD000968,2024-12-01,2024-12-06,,,delivered
ORD000969,2024-04-03,2024-04-07,,,delivered
ORD000970,2024-07-06,2024-07-09,,,delivered
ORD000971,2024-12-01,2024-12-03,2024-12-18,2024-12-26,returned
ORD000972,2024-11-21,2024-11-26,,,delivered
ORD000973,2024-10-07,2024-10-09,,,delivered
ORD000974,2024-06-22,2024-06-29,,,delivered
ORD000975,2024-08-13,2024-08-17,,,delivered
ORD000976,2024-12-02,2024-12-06,,,delivered
ORD000977,2024-04-27,2024-04-29,2024-05-06,2024-05-12,returned
ORD000978,2024-07-18,2024-07-20,,,delivered
ORD000979,2024-08-12,2024-08-15,,,delivered
ORD000980,2024-07-07,2024-07-13,,,delivered
ORD000981,2024-12-14,2024-12-21,,,delivered
ORD000982,2024-07-29,2024-08-04,,,delivered
ORD000983,2024-11-03,2024-11-08,2024-11-12,2024-11-25,returned
ORD000984,2024-05-18,2024-05-25,2024-06-10,2024-06-23,returned
ORD000985,2024-10-19,2024-10-23,,,delivered
ORD000986,2024-05-17,2024-05-24,,,delivered
ORD000987,2024-09-15,2024-09-20,2024-10-06,2024-10-11,returned
ORD000988,2024-08-22,2024-08-27,2024-08-30,2024-09-09,returned
ORD000989,2024-05-22,2024-05-25,,,delivered
ORD000990,2024-12-31,2025-01-05,,,delivered
ORD000991,2024-04-19,2024-04-21,,,delivered
ORD000992,2024-08-10,2024-08-17,,,delivered
ORD000993,2024-12-31,2025-01-04,2025-01-12,2025-01-19,returned
ORD000994,2024-04-15,2024-04-19,,,delivered
ORD000995,2024-09-20,2024-09-27,,,delivered
ORD000996,2024-10-14,2024-10-18,,,delivered
ORD000997,2024-12-14,2024-12-18,,,delivered
ORD000998,2024-10-03,2024-10-06,,,delivered
ORD000999,2024-10-27,2024-11-03,2024-11-17,2024-11-29,returned
ORD001000,2024-09-21,2024-09-26,,,delivered
ORD001001,2024-10-31,2024-11-04,,,delivered
ORD001002,2024-05-03,2024-05-08,2024-05-28,2024-06-05,returned
ORD001003,2024-03-10,2024-03-12,,,delivered
ORD001004,2024-08-20,2024-08-23,2024-09-09,2024-09-15,returned
ORD001005,2024-08-31,2024-09-03,2024-09-08,2024-09-21,returned
ORD001006,2024-12-02,2024-12-04,,,delivered
ORD001007,2024-10-12,2024-10-14,2024-10-25,2024-11-08,returned
ORD001008,2024-03-09,2024-03-11,2024-03-15,2024-03-28,returned
ORD001009,2024-04-26,2024-05-01,,,delivered
ORD001010,2024-07-26,2024-07-30,,,delivered
ORD001011,2024-06-02,2024-06-06,2024-06-23,2024-07-05,returned
ORD001012,2024-10-18,2024-10-22,,,delivered
ORD001013,2024-12-08,2024-12-15,2024-12-24,2024-12-31,returned
ORD001014,2024-07-22,2024-07-25,,,delivered
ORD001015,2024-04-02,2024-04-08,2024-04-13,2024-04-21,returned
ORD001016,2024-05-17,2024-05-24,,,delivered
ORD001017,2024-05-19,2024-05-21,,,delivered
ORD001018,2024-11-10,2024-11-17,2024-11-27,2024-12-08,returned
ORD001019,2024-10-24,2024-10-30,,,delivered
ORD001020,2024-12-29,2025-01-02,,,delivered
ORD001021,2024-07-01,2024-07-07,,,delivered
ORD001022,2024-11-04,2024-11-08,2024-11-29,2024-12-12,returned
ORD001023,2024-03-17,2024-03-19,,,delivered
ORD001024,2024-07-15,2024-07-19,2024-08-03,2024-08-17,returned
ORD001025,2024-08-27,2024-09-01,,,delivered
ORD001026,2024-04-23,2024-04-26,,,delivered
ORD001027,2024-03-21,2024-03-26,,,delivered
ORD001028,2024-08-20,2024-08-26,2024-09-06,2024-09-16,returned
ORD001029,2024-09-05,2024-09-08,,,delivered
ORD001030,2024-11-04,2024-11-06,2024-11-15,2024-11-27,returned
ORD001031,2024-05-25,2024-06-01,,,delivered
ORD001032,2024-09-11,2024-09-15,2024-09-27,2024-10-08,returned
ORD001033,2024-04-08,2024-04-14,,,delivered
ORD001034,2024-05-04,2024-05-08,,,delivered
ORD001035,2024-05-27,2024-06-02,2024-06-05,2024-06-19,returned
ORD001036,2024-12-04,2024-12-09,,,delivered
ORD001037,2024-11-18,2024-11-20,,,delivered
ORD001038,2024-09-23,2024-09-27,,,delivered
ORD001039,2024-06-24,2024-06-30,,,delivered
ORD001040,2024-06-20,2024-06-22,2024-07-08,2024-07-15,returned
ORD001041,2024-07-21,2024-07-25,,,delivered
ORD001042,2024-07-31,2024-08-07,2024-08-20,2024-09-02,returned
ORD001043,2024-03-23,2024-03-29,,,delivered
ORD001044,2024-03-07,2024-03-13,2024-03-31,2024-04-07,returned
ORD001045,2024-09-17,2024-09-21,2024-10-03,2024-10-14,returned
ORD001046,2024-09-04,2024-09-06,,,delivered
ORD001047,2024-07-11,2024-07-18,2024-08-06,2024-08-15,returned
ORD001048,2024-06-04,2024-06-11,,,delivered
ORD001049,2024-08-31,2024-09-06,2024-09-14,2024-09-26,returned
ORD001050,2024-08-28,2024-09-03,,,delivered
ORD001051,2024-04-18,2024-04-25,,,delivered
ORD001052,2024-10-21,2024-10-23,2024-11-13,2024-11-26,returned
ORD001053,2024-06-03,2024-06-10,2024-06-15,2024-06-22,returned
ORD001054,2024-09-27,2024-09-29,,,delivered
ORD001055,2024-12-24,2024-12-26,2025-01-08,2025-01-14,returned
ORD001056,2024-09-26,2024-10-03,,,delivered
ORD001057,2024-10-31,2024-11-06,,,delivered
ORD001058,2024-10-09,2024-10-11,2024-10-20,2024-10-31,returned
ORD001059,2024-03-06,2024-03-10,2024-03-14,2024-03-24,returned
ORD001060,2024-10-02,2024-10-04,,,delivered
ORD001061,2024-11-19,2024-11-24,2024-12-07,2024-12-14,returned
ORD001062,2024-08-12,2024-08-17,,,delivered
ORD001063,2024-11-03,2024-11-05,,,delivered
ORD001064,2024-08-18,2024-08-23,,,delivered
ORD001065,2024-08-01,2024-08-06,2024-08-20,2024-08-26,returned
ORD001066,2024-08-08,2024-08-10,,,delivered
ORD001067,2024-05-01,2024-05-04,,,delivered
ORD001068,2024-03-21,2024-03-24,,,delivered
ORD001069,2024-07-04,2024-07-09,,,delivered
ORD001070,2024-11-25,2024-11-30,2024-12-10,2024-12-19,returned
ORD001071,2024-07-22,2024-07-28,2024-08-09,2024-08-17,returned
ORD001072,2024-11-17,2024-11-22,2024-12-09,2024-12-18,returned
ORD001073,2024-04-18,2024-04-22,2024-05-08,2024-05-17,returned
ORD001074,2024-12-20,2024-12-23,2024-12-28,2025-01-02,returned
ORD001075,2024-11-19,2024-11-22,,,delivered
ORD001076,2024-03-23,2024-03-26,2024-04-15,2024-04-25,returned
ORD001077,2024-05-16,2024-05-19,,,delivered
ORD001078,2024-06-08,2024-06-15,,,delivered
ORD001079,2024-04-16,2024-04-21,,,delivered
ORD001080,2024-10-30,2024-11-01,,,delivered
ORD001081,2024-12-09,2024-12-13,2025-01-02,2025-01-12,returned
ORD001082,2024-09-16,2024-09-19,,,delivered
ORD001083,2024-09-27,2024-10-03,,,delivered
ORD001084,2024-09-15,2024-09-22,2024-10-03,2024-10-13,returned
ORD001085,2024-10-12,2024-10-18,,,delivered
ORD001086,2024-10-03,2024-10-09,,,delivered
ORD001087,2024-07-12,2024-07-15,,,delivered
ORD001088,2024-05-29,2024-06-01,2024-06-06,2024-06-13,returned
ORD001089,2024-09-03,2024-09-10,2024-09-15,2024-09-22,returned
ORD001090,2024-07-24,2024-07-28,,,delivered
ORD001091,2024-12-16,2024-12-22,2025-01-10,2025-01-18,returned
ORD001092,2024-06-14,2024-06-20,,,delivered
ORD001093,2024-12-22,2024-12-29,2025-01-07,2025-01-12,returned
ORD001094,2024-09-19,2024-09-25,,,delivered
ORD001095,2024-10-07,2024-10-11,2024-10-17,2024-10-24,returned
ORD001096,2024-06-19,2024-06-24,2024-06-27,2024-07-08,returned
ORD001097,2024-05-18,2024-05-20,,,delivered
ORD001098,2024-07-28,2024-08-02,,,delivered
ORD001099,2024-12-11,2024-12-18,,,delivered
ORD001100,2024-09-21,2024-09-28,2024-10-06,2024-10-15,returned
ORD001101,2024-03-15,2024-03-22,2024-04-04,2024-04-13,returned
ORD001102,2024-09-07,2024-09-12,,,delivered
ORD001103,2024-04-17,2024-04-24,,,delivered
ORD001104,2024-04-20,2024-04-25,,,delivered
ORD001105,2024-09-11,2024-09-13,,,delivered
ORD001106,2024-06-28,2024-06-30,,,delivered
ORD001107,2024-09-02,2024-09-09,,,delivered
ORD001108,2024-06-02,2024-06-08,,,delivered
ORD001109,2024-10-28,2024-10-31,,,delivered
ORD001110,2024-08-09,2024-08-16,2024-08-20,2024-08-27,returned
ORD001111,2024-08-27,2024-08-30,2024-09-14,2024-09-23,returned
ORD001112,2024-08-08,2024-08-14,,,delivered
ORD001113,2024-03-31,2024-04-05,2024-04-15,2024-04-29,returned
ORD001114,2024-05-28,2024-06-02,,,delivered
ORD001115,2024-09-12,2024-09-16,,,delivered
ORD001116,2024-10-25,2024-10-31,,,delivered
ORD001117,2024-08-02,2024-08-09,,,delivered
ORD001118,2024-10-28,2024-10-30,2024-11-20,2024-11-25,returned
ORD001119,2024-12-03,2024-12-07,2024-12-27,2025-01-06,returned
ORD001120,2024-11-01,2024-11-08,,,delivered
ORD001121,2024-09-03,2024-09-06,,,delivered
ORD001122,2024-05-26,2024-05-29,,,delivered
ORD001123,2024-11-26,2024-11-29,2024-12-17,2024-12-27,returned
ORD001124,2024-10-12,2024-10-15,,,delivered
ORD001125,2024-08-25,2024-09-01,2024-09-06,2024-09-20,returned
ORD001126,2024-05-31,2024-06-05,,,delivered
ORD001127,2024-06-30,2024-07-03,2024-07-09,2024-07-14,returned
ORD001128,2024-03-18,2024-03-21,2024-04-10,2024-04-22,returned
ORD001129,2024-05-22,2024-05-28,,,delivered
ORD001130,2024-07-31,2024-08-02,2024-08-20,2024-08-28,returned
ORD001131,2024-06-19,2024-06-24,,,delivered
ORD001132,2024-04-06,2024-04-13,,,delivered
ORD001133,2024-12-14,2024-12-18,,,delivered
ORD001134,2024-06-24,2024-06-29,,,delivered
ORD001135,2024-10-16,2024-10-21,2024-11-03,2024-11-17,returned
ORD001136,2024-06-22,2024-06-28,2024-07-01,2024-07-07,returned
ORD001137,2024-08-31,2024-09-05,,,delivered
ORD001138,2024-05-26,2024-06-02,2024-06-13,2024-06-21,returned
ORD001139,2024-08-12,2024-08-19,2024-08-29,2024-09-08,returned
ORD001140,2024-04-26,2024-04-29,,,delivered
ORD001141,2024-05-17,2024-05-23,,,delivered
ORD001142,2024-04-21,2024-04-23,,,delivered
ORD001143,2024-07-03,2024-07-05,,,delivered
ORD001144,2024-08-17,2024-08-19,,,delivered
ORD001145,2024-09-11,2024-09-16,,,delivered
ORD001146,2024-03-29,2024-04-05,,,delivered
ORD001147,2024-06-23,2024-06-25,2024-06-29,2024-07-12,returned
ORD001148,2024-04-26,2024-04-29,,,delivered
ORD001149,2024-07-28,2024-07-30,,,delivered
ORD001150,2024-11-26,2024-11-29,,,delivered
ORD001151,2024-09-13,2024-09-20,,,delivered
ORD001152,2024-11-05,2024-11-07,,,delivered
ORD001153,2024-05-26,2024-06-01,,,delivered
ORD001154,2024-07-02,2024-07-08,,,delivered
ORD001155,2024-04-27,2024-05-01,,,delivered
ORD001156,2024-10-16,2024-10-18,,,delivered
ORD001157,2024-10-20,2024-10-26,,,delivered
ORD001158,2024-10-28,2024-10-30,2024-11-11,2024-11-22,returned
ORD001159,2024-04-10,2024-04-12,,,delivered
ORD001160,2024-07-09,2024-07-11,,,delivered
ORD001161,2024-09-17,2024-09-19,,,delivered
ORD001162,2024-12-21,2024-12-26,,,delivered
ORD001163,2024-09-09,2024-09-12,2024-09-23,2024-10-05,returned
ORD001164,2024-08-26,2024-09-01,,,delivered
ORD001165,2024-06-08,2024-06-15,,,delivered
ORD001166,2024-10-23,2024-10-25,,,delivered
ORD001167,2024-03-23,2024-03-26,,,delivered
ORD001168,2024-12-03,2024-12-05,,,delivered
ORD001169,2024-09-12,2024-09-17,,,delivered
ORD001170,2024-06-28,2024-06-30,2024-07-15,2024-07-28,returned
ORD001171,2024-05-28,2024-06-04,,,delivered
ORD001172,2024-10-14,2024-10-20,2024-11-03,2024-11-15,returned
ORD001173,2024-08-21,2024-08-26,,,delivered
ORD001174,2024-05-01,2024-05-04,,,delivered
ORD001175,2024-04-05,2024-04-08,,,delivered
ORD001176,2024-04-09,2024-04-14,2024-04-17,2024-04-25,returned
ORD001177,2024-11-14,2024-11-16,2024-11-23,2024-12-02,returned
ORD001178,2024-06-14,2024-06-16,,,delivered
ORD001179,2024-05-09,2024-05-12,2024-05-19,2024-05-31,returned
ORD001180,2024-08-10,2024-08-17,,,delivered
ORD001181,2024-10-15,2024-10-22,2024-11-05,2024-11-12,returned
ORD001182,2024-08-10,2024-08-12,,,delivered
ORD001183,2024-09-11,2024-09-16,,,delivered
ORD001184,2024-06-03,2024-06-07,,,delivered
ORD001185,2024-08-04,2024-08-11,,,delivered
ORD001186,2024-09-13,2024-09-18,,,delivered
ORD001187,2024-06-16,2024-06-21,,,delivered
ORD001188,2024-07-05,2024-07-10,,,delivered
ORD001189,2024-05-18,2024-05-23,,,delivered
ORD001190,2024-07-11,2024-07-18,,,delivered
ORD001191,2024-11-26,2024-12-03,,,delivered
ORD001192,2024-04-10,2024-04-14,,,delivered
ORD001193,2024-05-27,2024-06-02,,,delivered
ORD001194,2024-04-18,2024-04-22,2024-04-30,2024-05-13,returned
ORD001195,2024-04-02,2024-04-04,,,delivered
ORD001196,2024-05-21,2024-05-23,2024-05-26,2024-06-01,returned
ORD001197,2024-10-05,2024-10-10,,,delivered
ORD001198,2024-10-05,2024-10-08,,,delivered
ORD001199,2024-05-26,2024-06-01,,,delivered
ORD001200,2024-03-22,2024-03-27,,,delivered
ORD001201,2024-06-01,2024-06-03,,,delivered
ORD001202,2024-07-08,2024-07-13,,,delivered
ORD001203,2024-07-05,2024-07-11,,,delivered
ORD001204,2024-11-10,2024-11-13,,,delivered
ORD001205,2024-09-09,2024-09-12,2024-09-25,2024-10-08,returned
ORD001206,2024-12-14,2024-12-17,,,delivered
ORD001207,2024-03-29,2024-04-03,,,delivered
ORD001208,2024-08-15,2024-08-18,,,delivered
ORD001209,2024-04-10,2024-04-17,,,delivered
ORD001210,2024-06-21,2024-06-24,,,delivered
ORD001211,2024-09-19,2024-09-22,,,delivered
ORD001212,2024-08-26,2024-08-30,,,delivered
ORD001213,2024-08-15,2024-08-17,,,delivered
ORD001214,2024-04-08,2024-04-12,,,delivered
ORD001215,2024-10-15,2024-10-20,,,delivered
ORD001216,2024-09-20,2024-09-25,,,delivered
ORD001217,2024-09-23,2024-09-28,,,delivered
ORD001218,2024-10-08,2024-10-13,,,delivered
ORD001219,2024-08-09,2024-08-11,,,delivered
ORD001220,2024-12-27,2025-01-03,,,delivered
ORD001221,2024-05-27,2024-05-29,,,delivered
ORD001222,2024-08-12,2024-08-14,,,delivered
ORD001223,2024-04-29,2024-05-05,,,delivered
ORD001224,2024-10-20,2024-10-22,,,delivered
ORD001225,2024-09-27,2024-10-02,,,delivered
ORD001226,2024-07-17,2024-07-24,2024-08-04,2024-08-16,returned
ORD001227,2024-06-07,2024-06-10,,,delivered
ORD001228,2024-09-22,2024-09-25,,,delivered
ORD001229,2024-08-27,2024-08-30,,,delivered
ORD001230,2024-04-04,2024-04-10,,,delivered
ORD001231,2024-05-14,2024-05-20,,,delivered
ORD001232,2024-12-22,2024-12-26,,,delivered
ORD001233,2024-04-10,2024-04-13,,,delivered
ORD001234,2024-04-27,2024-05-03,,,delivered
ORD001235,2024-03-14,2024-03-21,,,delivered
ORD001236,2024-05-15,2024-05-18,,,delivered
ORD001237,2024-11-01,2024-11-05,,,delivered
ORD001238,2024-11-01,2024-11-05,,,delivered
ORD001239,2024-07-01,2024-07-05,,,delivered
ORD001240,2024-04-04,2024-04-10,,,delivered
ORD001241,2024-08-19,2024-08-26,,,delivered
ORD001242,2024-10-09,2024-10-15,,,delivered
ORD001243,2024-04-19,2024-04-23,,,delivered
ORD001244,2024-11-12,2024-11-16,,,delivered
ORD001245,2024-10-14,2024-10-18,2024-10-24,2024-11-01,returned
ORD001246,2024-06-05,2024-06-11,,,delivered
ORD001247,2024-07-31,2024-08-07,,,delivered
ORD001248,2024-06-18,2024-06-24,,,delivered
ORD001249,2024-11-28,2024-12-01,,,delivered
ORD001250,2024-12-13,2024-12-15,,,delivered
ORD001251,2024-08-19,2024-08-26,2024-09-15,2024-09-24,returned
ORD001252,2024-11-11,2024-11-15,2024-11-30,2024-12-13,returned
ORD001253,2024-10-22,2024-10-26,,,delivered
ORD001254,2024-04-19,2024-04-21,,,delivered
ORD001255,2024-12-09,2024-12-12,,,delivered
ORD001256,2024-08-03,2024-08-09,,,delivered
ORD001257,2024-03-23,2024-03-26,,,delivered
ORD001258,2024-08-26,2024-08-30,,,delivered
ORD001259,2024-04-10,2024-04-17,,,delivered
ORD001260,2024-05-22,2024-05-24,,,delivered
ORD001261,2024-03-18,2024-03-22,2024-03-30,2024-04-13,returned
ORD001262,2024-07-20,2024-07-23,,,delivered
ORD001263,2024-08-29,2024-09-05,,,delivered
ORD001264,2024-05-13,2024-05-17,,,delivered
ORD001265,2024-05-22,2024-05-24,2024-05-29,2024-06-10,returned
ORD001266,2024-09-09,2024-09-12,,,delivered
ORD001267,2024-11-03,2024-11-08,,,delivered
ORD001268,2024-09-28,2024-09-30,2024-10-05,2024-10-10,returned
ORD001269,2024-12-05,2024-12-09,2024-12-18,2024-12-29,returned
ORD001270,2024-11-14,2024-11-18,,,delivered
ORD001271,2024-06-16,2024-06-23,,,delivered
ORD001272,2024-12-12,2024-12-17,,,delivered
ORD001273,2024-12-29,2025-01-01,2025-01-19,2025-02-02,returned
ORD001274,2024-04-15,2024-04-17,,,delivered
ORD001275,2024-12-28,2024-12-30,,,delivered
ORD001276,2024-06-15,2024-06-18,,,delivered
ORD001277,2024-09-26,2024-09-29,,,delivered
ORD001278,2024-06-11,2024-06-18,,,delivered
ORD001279,2024-04-24,2024-04-29,,,delivered
ORD001280,2025-01-01,2025-01-06,,,delivered
ORD001281,2024-10-02,2024-10-08,,,delivered
ORD001282,2024-06-04,2024-06-11,2024-06-14,2024-06-25,returned
ORD001283,2024-03-28,2024-03-30,,,delivered
ORD001284,2024-10-30,2024-11-01,,,delivered
ORD001285,2024-10-29,2024-11-03,,,delivered
ORD001286,2024-12-20,2024-12-25,,,delivered
ORD001287,2024-08-10,2024-08-16,,,delivered
ORD001288,2024-12-31,2025-01-05,,,delivered
ORD001289,2024-06-09,2024-06-11,2024-06-16,2024-06-29,returned
ORD001290,2024-11-17,2024-11-23,,,delivered
ORD001291,2024-04-15,2024-04-18,,,delivered
ORD001292,2024-03-31,2024-04-07,,,delivered
ORD001293,2024-06-23,2024-06-28,2024-07-11,2024-07-24,returned
ORD001294,2024-10-06,2024-10-10,,,delivered
ORD001295,2024-04-08,2024-04-12,,,delivered
ORD001296,2024-05-30,2024-06-02,,,delivered
ORD001297,2024-12-22,2024-12-28,2025-01-15,2025-01-25,returned
ORD001298,2024-09-10,2024-09-13,,,delivered
ORD001299,2024-11-15,2024-11-20,,,delivered
ORD001300,2024-03-25,2024-03-27,,,delivered
ORD001301,2024-09-13,2024-09-19,,,delivered
ORD001302,2024-10-19,2024-10-25,,,delivered
ORD001303,2024-12-18,2024-12-24,,,delivered
ORD001304,2024-07-05,2024-07-11,2024-07-17,2024-07-30,returned
ORD001305,2024-11-26,2024-12-01,2024-12-07,2024-12-19,returned
ORD001306,2024-05-08,2024-05-15,,,delivered
ORD001307,2024-12-03,2024-12-09,,,delivered
ORD001308,2024-11-02,2024-11-05,2024-11-16,2024-11-26,returned
ORD001309,2024-06-11,2024-06-15,,,delivered
ORD001310,2024-07-03,2024-07-08,,,delivered
ORD001311,2024-08-18,2024-08-25,,,delivered
ORD001312,2024-07-28,2024-07-31,,,delivered
ORD001313,2024-09-24,2024-09-26,,,delivered
ORD001314,2024-12-18,2024-12-24,,,delivered
ORD001315,2024-11-29,2024-12-06,,,delivered
ORD001316,2024-03-24,2024-03-28,,,delivered
ORD001317,2024-07-22,2024-07-28,,,delivered
ORD001318,2024-07-12,2024-07-14,,,delivered
ORD001319,2024-07-25,2024-07-28,,,delivered
ORD001320,2024-04-11,2024-04-17,,,delivered
ORD001321,2024-07-29,2024-08-05,,,delivered
ORD001322,2024-11-19,2024-11-26,2024-12-16,2024-12-28,returned
ORD001323,2024-10-20,2024-10-25,,,delivered
ORD001324,2024-03-22,2024-03-25,,,delivered
ORD001325,2024-06-20,2024-06-27,2024-07-09,2024-07-23,returned
ORD001326,2024-04-30,2024-05-07,,,delivered
ORD001327,2024-08-19,2024-08-25,2024-09-13,2024-09-23,returned
ORD001328,2024-03-31,2024-04-04,,,delivered
ORD001329,2024-04-20,2024-04-26,,,delivered
ORD001330,2024-11-19,2024-11-21,2024-11-29,2024-12-11,returned
ORD001331,2025-01-02,2025-01-05,2025-01-22,2025-02-03,returned
ORD001332,2024-11-22,2024-11-25,,,delivered
ORD001333,2024-05-17,2024-05-19,2024-06-06,2024-06-20,returned
ORD001334,2024-10-28,2024-11-04,,,delivered
ORD001335,2024-08-10,2024-08-13,,,delivered
ORD001336,2024-03-14,2024-03-16,,,delivered
ORD001337,2024-09-19,2024-09-21,,,delivered
ORD001338,2024-12-28,2025-01-04,,,delivered
ORD001339,2024-05-13,2024-05-15,2024-06-02,2024-06-14,returned
ORD001340,2024-04-15,2024-04-17,,,delivered
ORD001341,2024-06-27,2024-06-29,,,delivered
ORD001342,2024-08-13,2024-08-17,,,delivered
ORD001343,2024-12-06,2024-12-09,2024-12-13,2024-12-25,returned
ORD001344,2024-03-13,2024-03-18,,,delivered
ORD001345,2024-04-21,2024-04-26,,,delivered
ORD001346,2024-08-05,2024-08-09,,,delivered
ORD001347,2024-06-28,2024-07-02,,,delivered
ORD001348,2024-04-02,2024-04-07,,,delivered
ORD001349,2024-08-27,2024-09-02,,,delivered
ORD001350,2024-06-01,2024-06-07,,,delivered
ORD001351,2024-12-24,2024-12-31,,,delivered
ORD001352,2024-07-09,2024-07-11,,,delivered
ORD001353,2024-08-07,2024-08-09,,,delivered
ORD001354,2024-10-15,2024-10-17,,,delivered
ORD001355,2024-03-25,2024-03-28,2024-04-07,2024-04-12,returned
ORD001356,2024-09-15,2024-09-22,,,delivered
ORD001357,2024-07-10,2024-07-17,,,delivered
ORD001358,2024-04-28,2024-05-02,,,delivered
ORD001359,2024-12-07,2024-12-13,,,delivered
ORD001360,2024-03-23,2024-03-27,,,delivered
ORD001361,2024-11-29,2024-12-01,,,delivered
ORD001362,2024-07-23,2024-07-30,,,delivered
ORD001363,2024-11-03,2024-11-10,,,delivered
ORD001364,2024-03-24,2024-03-27,2024-04-02,2024-04-12,returned
ORD001365,2024-08-30,2024-09-06,,,delivered
ORD001366,2024-10-21,2024-10-28,,,delivered
ORD001367,2024-11-26,2024-12-02,,,delivered
ORD001368,2024-05-23,2024-05-28,,,delivered
ORD001369,2024-04-22,2024-04-25,2024-05-06,2024-05-15,returned
ORD001370,2024-12-04,2024-12-11,,,delivered
ORD001371,2024-07-11,2024-07-18,,,delivered
ORD001372,2024-04-04,2024-04-08,,,delivered
ORD001373,2024-10-31,2024-11-05,,,delivered
ORD001374,2024-07-08,2024-07-14,,,delivered
ORD001375,2024-08-01,2024-08-08,,,delivered
ORD001376,2024-12-11,2024-12-16,,,delivered
ORD001377,2024-10-21,2024-10-27,,,delivered
ORD001378,2024-07-24,2024-07-28,,,delivered
ORD001379,2024-04-21,2024-04-28,,,delivered
ORD001380,2024-06-21,2024-06-28,,,delivered
ORD001381,2024-08-22,2024-08-25,,,delivered
ORD001382,2024-07-03,2024-07-07,,,delivered
ORD001383,2024-05-05,2024-05-10,2024-05-22,2024-06-03,returned
ORD001384,2024-10-12,2024-10-19,,,delivered
ORD001385,2024-06-15,2024-06-17,,,delivered
ORD001386,2024-09-16,2024-09-22,,,delivered
ORD001387,2024-08-31,2024-09-07,,,delivered
ORD001388,2024-05-18,2024-05-20,,,delivered
ORD001389,2024-09-22,2024-09-25,,,delivered
ORD001390,2024-08-29,2024-09-05,,,delivered
ORD001391,2024-12-31,2025-01-02,,,delivered
ORD001392,2024-12-05,2024-12-08,,,delivered
ORD001393,2024-03-30,2024-04-05,,,delivered
ORD001394,2024-05-12,2024-05-19,,,delivered
ORD001395,2024-06-29,2024-07-03,,,delivered
ORD001396,2024-10-27,2024-10-29,,,delivered
ORD001397,2024-04-23,2024-04-28,,,delivered
ORD001398,2024-03-28,2024-04-04,,,delivered
ORD001399,2024-11-28,2024-12-03,,,delivered
ORD001400,2024-03-20,2024-03-22,,,delivered
ORD001401,2024-06-04,2024-06-09,,,delivered
ORD001402,2024-11-12,2024-11-17,,,delivered
ORD001403,2024-09-06,2024-09-12,,,delivered
ORD001404,2024-12-28,2024-12-30,,,delivered
ORD001405,2024-07-25,2024-08-01,,,delivered
ORD001406,2024-10-31,2024-11-06,,,delivered
ORD001407,2024-07-26,2024-08-02,,,delivered
ORD001408,2024-04-28,2024-05-03,,,delivered
ORD001409,2024-04-16,2024-04-23,2024-04-26,2024-05-09,returned
ORD001410,2024-12-04,2024-12-09,,,delivered
ORD001411,2024-08-25,2024-08-30,,,delivered
ORD001412,2024-08-26,2024-08-31,2024-09-12,2024-09-25,returned
ORD001413,2024-06-03,2024-06-08,,,delivered
ORD001414,2024-08-23,2024-08-29,,,delivered
ORD001415,2024-07-01,2024-07-06,,,delivered
ORD001416,2024-11-20,2024-11-24,,,delivered
ORD001417,2024-12-05,2024-12-10,,,delivered
ORD001418,2024-10-04,2024-10-09,,,delivered
ORD001419,2024-04-07,2024-04-10,,,delivered
ORD001420,2024-11-22,2024-11-29,2024-12-18,2024-12-23,returned
ORD001421,2024-12-18,2024-12-23,,,delivered
ORD001422,2024-08-25,2024-08-27,,,delivered
ORD001423,2024-10-25,2024-10-30,,,delivered
ORD001424,2024-10-08,2024-10-11,,,delivered
ORD001425,2024-12-10,2024-12-17,,,delivered
ORD001426,2024-11-04,2024-11-07,2024-11-25,2024-12-03,returned
ORD001427,2024-05-23,2024-05-29,,,delivered
ORD001428,2024-05-16,2024-05-20,,,delivered
ORD001429,2024-07-28,2024-08-01,,,delivered
ORD001430,2024-05-18,2024-05-20,,,delivered
ORD001431,2024-12-12,2024-12-19,,,delivered
ORD001432,2024-10-05,2024-10-10,,,delivered
ORD001433,2024-10-22,2024-10-28,,,delivered
ORD001434,2024-07-17,2024-07-22,,,delivered
ORD001435,2024-04-24,2024-04-29,,,delivered
ORD001436,2024-11-03,2024-11-08,,,delivered
ORD001437,2024-11-18,2024-11-25,,,delivered
ORD001438,2024-04-11,2024-04-15,,,delivered
ORD001439,2024-09-20,2024-09-25,,,delivered
ORD001440,2024-12-14,2024-12-21,,,delivered
ORD001441,2024-09-14,2024-09-18,,,delivered
ORD001442,2024-10-20,2024-10-22,,,delivered
ORD001443,2024-05-04,2024-05-07,,,delivered
ORD001444,2024-08-28,2024-08-30,,,delivered
ORD001445,2024-09-28,2024-10-01,,,delivered
ORD001446,2024-10-02,2024-10-09,,,delivered
ORD001447,2024-07-12,2024-07-18,,,delivered
ORD001448,2024-08-15,2024-08-22,,,delivered
ORD001449,2024-04-29,2024-05-05,,,delivered
ORD001450,2024-06-29,2024-07-06,,,delivered
ORD001451,2024-09-05,2024-09-11,,,delivered
ORD001452,2024-05-30,2024-06-02,,,delivered
ORD001453,2024-03-21,2024-03-28,,,delivered
ORD001454,2024-04-05,2024-04-11,,,delivered
ORD001455,2024-04-10,2024-04-14,,,delivered
ORD001456,2024-06-04,2024-06-09,,,delivered
ORD001457,2024-07-23,2024-07-29,,,delivered
ORD001458,2024-06-09,2024-06-11,,,delivered
ORD001459,2024-06-06,2024-06-12,,,delivered
ORD001460,2024-08-31,2024-09-03,,,delivered
ORD001461,2024-11-09,2024-11-16,,,delivered
ORD001462,2024-10-21,2024-10-26,,,delivered
ORD001463,2024-07-04,2024-07-11,,,delivered
ORD001464,2024-09-18,2024-09-25,,,delivered
ORD001465,2024-07-15,2024-07-22,2024-07-25,2024-08-05,returned
ORD001466,2024-07-24,2024-07-27,,,delivered
ORD001467,2024-03-31,2024-04-07,,,delivered
ORD001468,2024-05-09,2024-05-11,,,delivered
ORD001469,2024-07-12,2024-07-19,,,delivered
ORD001470,2024-04-25,2024-04-28,,,delivered
ORD001471,2024-05-15,2024-05-19,,,delivered
ORD001472,2024-06-12,2024-06-14,,,delivered
ORD001473,2024-08-29,2024-09-03,,,delivered
ORD001474,2024-11-06,2024-11-11,,,delivered
ORD001475,2024-09-02,2024-09-09,,,delivered
ORD001476,2024-06-01,2024-06-05,,,delivered
ORD001477,2024-11-05,2024-11-12,,,delivered
ORD001478,2024-06-22,2024-06-27,,,delivered
ORD001479,2024-12-28,2024-12-30,,,delivered
ORD001480,2024-08-07,2024-08-12,,,delivered
ORD001481,2024-07-04,2024-07-08,,,delivered
ORD001482,2024-05-31,2024-06-06,,,delivered
ORD001483,2024-03-11,2024-03-15,,,delivered
ORD001484,2024-11-21,2024-11-26,,,delivered
ORD001485,2024-09-27,2024-10-01,,,delivered
ORD001486,2024-05-28,2024-06-02,,,delivered
ORD001487,2024-07-24,2024-07-31,,,delivered
ORD001488,2024-09-10,2024-09-16,,,delivered
ORD001489,2024-05-27,2024-05-29,,,delivered
ORD001490,2024-11-01,2024-11-04,,,delivered
ORD001491,2024-11-10,2024-11-17,,,delivered
ORD001492,2024-07-27,2024-08-01,,,delivered
ORD001493,2024-11-24,2024-11-27,,,delivered
ORD001494,2024-07-12,2024-07-14,,,delivered
ORD001495,2024-05-26,2024-06-01,,,delivered
ORD001496,2024-05-28,2024-05-31,,,delivered
ORD001497,2024-10-20,2024-10-27,2024-11-14,2024-11-19,returned
ORD001498,2024-11-29,2024-12-06,,,delivered
ORD001499,2024-12-12,2024-12-15,,,delivered
ORD001500,2024-11-12,2024-11-16,,,delivered
ORD001501,2024-12-29,2025-01-03,2025-01-20,2025-01-25,returned
ORD001502,2024-05-20,2024-05-27,,,delivered
ORD001503,2024-08-15,2024-08-17,,,delivered
ORD001504,2024-11-16,2024-11-21,,,delivered
ORD001505,2024-06-20,2024-06-25,,,delivered
ORD001506,2024-11-22,2024-11-24,,,delivered
ORD001507,2024-06-01,2024-06-05,,,delivered
ORD001508,2024-11-15,2024-11-21,,,delivered
ORD001509,2024-05-07,2024-05-13,,,delivered
ORD001510,2024-10-30,2024-11-06,,,delivered
ORD001511,2024-10-30,2024-11-04,,,delivered
ORD001512,2024-07-07,2024-07-13,,,delivered
ORD001513,2024-08-17,2024-08-23,,,delivered
ORD001514,2024-12-26,2024-12-28,2025-01-04,2025-01-11,returned
ORD001515,2024-08-16,2024-08-19,2024-08-25,2024-09-07,returned
ORD001516,2024-08-27,2024-09-03,,,delivered
ORD001517,2024-07-21,2024-07-23,,,delivered
ORD001518,2024-10-13,2024-10-15,,,delivered
ORD001519,2024-05-11,2024-05-15,,,delivered
ORD001520,2024-11-19,2024-11-21,2024-11-26,2024-12-08,returned
ORD001521,2024-12-24,2024-12-28,2025-01-02,2025-01-14,returned
ORD001522,2024-08-18,2024-08-22,2024-08-27,2024-09-05,returned
ORD001523,2024-10-03,2024-10-07,2024-10-21,2024-10-30,returned
ORD001524,2024-08-23,2024-08-25,,,delivered
ORD001525,2024-10-23,2024-10-26,2024-11-04,2024-11-14,returned
ORD001526,2024-10-07,2024-10-13,,,delivered
ORD001527,2024-07-08,2024-07-13,,,delivered
ORD001528,2024-08-11,2024-08-18,2024-08-23,2024-09-02,returned
ORD001529,2024-09-07,2024-09-12,,,delivered
ORD001530,2024-09-20,2024-09-23,2024-09-26,2024-10-04,returned
ORD001531,2024-07-13,2024-07-16,,,delivered
ORD001532,2024-08-13,2024-08-19,,,delivered
ORD001533,2024-12-22,2024-12-29,2025-01-10,2025-01-23,returned
ORD001534,2024-07-03,2024-07-07,,,delivered
ORD001535,2024-08-18,2024-08-20,,,delivered
ORD001536,2024-05-19,2024-05-23,,,delivered
ORD001537,2024-08-03,2024-08-06,,,delivered
ORD001538,2024-06-01,2024-06-04,,,delivered
ORD001539,2024-06-11,2024-06-18,,,delivered
ORD001540,2024-04-24,2024-04-26,,,delivered
ORD001541,2024-05-30,2024-06-01,,,delivered
ORD001542,2024-09-13,2024-09-17,,,delivered
ORD001543,2024-07-09,2024-07-14,,,delivered
ORD001544,2024-05-27,2024-06-01,2024-06-04,2024-06-15,returned
ORD001545,2024-05-02,2024-05-07,,,delivered
ORD001546,2024-09-13,2024-09-18,,,delivered
ORD001547,2024-06-24,2024-07-01,,,delivered
ORD001548,2024-07-30,2024-08-04,,,delivered
ORD001549,2024-10-08,2024-10-15,,,delivered
ORD001550,2024-06-02,2024-06-05,,,delivered
ORD001551,2024-12-05,2024-12-07,,,delivered
ORD001552,2024-11-17,2024-11-21,,,delivered
ORD001553,2024-05-30,2024-06-03,2024-06-14,2024-06-27,returned
ORD001554,2024-11-25,2024-11-29,,,delivered
ORD001555,2024-07-17,2024-07-19,2024-08-01,2024-08-09,returned
ORD001556,2024-09-27,2024-09-29,,,delivered
ORD001557,2024-10-25,2024-10-27,2024-11-07,2024-11-15,returned
ORD001558,2024-05-20,2024-05-27,,,delivered
ORD001559,2024-11-26,2024-12-02,,,delivered
ORD001560,2024-04-21,2024-04-23,2024-05-08,2024-05-16,returned
ORD001561,2024-10-01,2024-10-04,,,delivered
ORD001562,2024-05-06,2024-05-13,,,delivered
ORD001563,2024-08-20,2024-08-27,2024-09-11,2024-09-21,returned
ORD001564,2024-12-20,2024-12-23,,,delivered
ORD001565,2024-05-19,2024-05-24,,,delivered
ORD001566,2024-10-12,2024-10-14,,,delivered
ORD001567,2024-10-06,2024-10-10,2024-10-31,2024-11-06,returned
ORD001568,2024-08-09,2024-08-14,2024-08-25,2024-09-02,returned
ORD001569,2024-10-29,2024-11-02,,,delivered
ORD001570,2024-04-28,2024-05-05,2024-05-08,2024-05-22,returned
ORD001571,2024-08-12,2024-08-14,,,delivered
ORD001572,2024-07-30,2024-08-02,2024-08-05,2024-08-15,returned
ORD001573,2024-07-30,2024-08-05,2024-08-11,2024-08-22,returned
ORD001574,2024-08-24,2024-08-27,2024-09-17,2024-09-24,returned
ORD001575,2024-09-20,2024-09-23,,,delivered
ORD001576,2024-05-21,2024-05-24,,,delivered
ORD001577,2024-07-05,2024-07-11,2024-07-21,2024-07-28,returned
ORD001578,2024-06-06,2024-06-11,,,delivered
ORD001579,2024-12-24,2024-12-29,2025-01-04,2025-01-10,returned
ORD001580,2024-08-20,2024-08-26,2024-09-03,2024-09-12,returned
ORD001581,2024-08-06,2024-08-13,,,delivered
ORD001582,2024-10-12,2024-10-15,,,delivered
ORD001583,2024-11-28,2024-12-05,2024-12-14,2024-12-19,returned
ORD001584,2024-09-23,2024-09-28,,,delivered
ORD001585,2024-10-04,2024-10-07,,,delivered
ORD001586,2024-09-30,2024-10-02,2024-10-21,2024-10-29,returned
ORD001587,2024-05-25,2024-05-31,2024-06-08,2024-06-17,returned
ORD001588,2024-07-21,2024-07-23,,,delivered
ORD001589,2024-08-07,2024-08-12,,,delivered
ORD001590,2024-09-03,2024-09-05,,,delivered
ORD001591,2024-06-12,2024-06-17,,,delivered
ORD001592,2024-06-14,2024-06-16,,,delivered
ORD001593,2024-10-25,2024-11-01,2024-11-22,2024-12-03,returned
ORD001594,2024-10-04,2024-10-09,,,delivered
ORD001595,2024-08-27,2024-08-29,2024-09-04,2024-09-16,returned
ORD001596,2024-11-02,2024-11-08,,,delivered
ORD001597,2024-11-17,2024-11-20,,,delivered
ORD001598,2024-11-03,2024-11-10,2024-11-23,2024-12-07,returned
ORD001599,2024-12-22,2024-12-25,,,delivered
ORD001600,2024-10-11,2024-10-14,,,delivered
ORD001601,2024-05-06,2024-05-09,,,delivered
ORD001602,2024-09-25,2024-09-29,,,delivered
ORD001603,2024-07-30,2024-08-03,,,delivered
ORD001604,2024-07-16,2024-07-19,,,delivered
ORD001605,2024-06-18,2024-06-24,,,delivered
ORD001606,2024-09-13,2024-09-20,,,delivered
ORD001607,2024-11-18,2024-11-25,,,delivered
ORD001608,2024-11-14,2024-11-18,2024-11-21,2024-11-30,returned
ORD001609,2024-09-16,2024-09-23,2024-09-26,2024-10-10,returned
ORD001610,2024-10-21,2024-10-23,,,delivered
ORD001611,2024-07-22,2024-07-27,,,delivered
ORD001612,2024-04-19,2024-04-24,2024-04-29,2024-05-10,returned
ORD001613,2024-11-22,2024-11-25,2024-12-15,2024-12-29,returned
ORD001614,2024-12-22,2024-12-25,,,delivered
ORD001615,2024-05-25,2024-05-31,,,delivered
ORD001616,2024-05-19,2024-05-22,,,delivered
ORD001617,2024-11-25,2024-11-29,,,delivered
ORD001618,2024-12-17,2024-12-23,2024-12-31,2025-01-06,returned
ORD001619,2024-06-05,2024-06-08,,,delivered
ORD001620,2024-10-04,2024-10-07,,,delivered
ORD001621,2024-12-19,2024-12-24,2024-12-27,2025-01-04,returned
ORD001622,2024-07-16,2024-07-21,,,delivered
ORD001623,2024-05-25,2024-05-29,,,delivered
ORD001624,2024-06-05,2024-06-12,,,delivered
ORD001625,2024-08-23,2024-08-30,,,delivered
ORD001626,2024-05-30,2024-06-04,,,delivered
ORD001627,2024-06-13,2024-06-16,,,delivered
ORD001628,2024-11-25,2024-11-28,2024-12-07,2024-12-14,returned
ORD001629,2024-07-27,2024-07-31,,,delivered
ORD001630,2024-06-23,2024-06-28,,,delivered
ORD001631,2024-10-01,2024-10-06,,,delivered
ORD001632,2024-12-30,2025-01-06,2025-01-15,2025-01-26,returned
ORD001633,2024-11-28,2024-12-05,,,delivered
ORD001634,2024-07-17,2024-07-20,,,delivered
ORD001635,2024-07-10,2024-07-14,2024-07-20,2024-07-29,returned
ORD001636,2024-09-01,2024-09-04,,,delivered
ORD001637,2024-04-30,2024-05-05,,,delivered
ORD001638,2024-10-29,2024-11-02,,,delivered
ORD001639,2024-09-16,2024-09-20,,,delivered
ORD001640,2024-12-19,2024-12-21,,,delivered
ORD001641,2024-08-20,2024-08-24,,,delivered
ORD001642,2024-08-14,2024-08-18,2024-08-23,2024-09-04,returned
ORD001643,2024-05-24,2024-05-28,2024-06-06,2024-06-15,returned
ORD001644,2024-05-03,2024-05-05,,,delivered
ORD001645,2024-12-24,2024-12-28,2025-01-14,2025-01-28,returned
ORD001646,2024-12-30,2025-01-06,2025-01-10,2025-01-21,returned
ORD001647,2024-05-21,2024-05-25,,,delivered
ORD001648,2024-12-12,2024-12-16,,,delivered
ORD001649,2024-11-19,2024-11-22,2024-12-13,2024-12-21,returned
ORD001650,2024-08-25,2024-08-28,2024-09-08,2024-09-17,returned
ORD001651,2024-06-11,2024-06-18,,,delivered
ORD001652,2024-09-03,2024-09-06,2024-09-17,2024-09-27,returned
ORD001653,2024-11-03,2024-11-09,2024-11-30,2024-12-10,returned
ORD001654,2025-01-01,2025-01-03,,,delivered
ORD001655,2024-08-04,2024-08-11,,,delivered
ORD001656,2024-06-06,2024-06-12,2024-06-29,2024-07-11,returned
ORD001657,2024-09-19,2024-09-23,,,delivered
ORD001658,2024-12-11,2024-12-14,2025-01-03,2025-01-09,returned
ORD001659,2024-04-30,2024-05-04,2024-05-21,2024-05-26,returned
ORD001660,2024-08-28,2024-09-02,,,delivered
ORD001661,2024-11-04,2024-11-08,,,delivered
ORD001662,2024-10-15,2024-10-17,2024-10-23,2024-11-03,returned
ORD001663,2024-11-19,2024-11-22,,,delivered
ORD001664,2024-11-07,2024-11-11,,,delivered
ORD001665,2024-12-20,2024-12-27,,,delivered
ORD001666,2024-09-25,2024-09-30,2024-10-06,2024-10-15,returned
ORD001667,2024-04-21,2024-04-25,,,delivered
ORD001668,2024-10-17,2024-10-22,,,delivered
ORD001669,2024-11-17,2024-11-21,,,delivered
ORD001670,2024-04-22,2024-04-26,,,delivered
ORD001671,2024-08-08,2024-08-11,,,delivered
ORD001672,2024-04-17,2024-04-19,,,delivered
ORD001673,2024-07-30,2024-08-02,,,delivered
ORD001674,2024-05-28,2024-06-04,,,delivered
ORD001675,2024-07-21,2024-07-24,,,delivered
ORD001676,2024-05-09,2024-05-13,2024-05-29,2024-06-11,returned
ORD001677,2024-08-03,2024-08-10,,,delivered
ORD001678,2024-12-22,2024-12-28,,,delivered
ORD001679,2024-11-04,2024-11-10,,,delivered
ORD001680,2024-04-28,2024-04-30,,,delivered
ORD001681,2024-07-27,2024-08-01,2024-08-20,2024-08-25,returned
ORD001682,2024-05-10,2024-05-16,2024-06-04,2024-06-11,returned
ORD001683,2024-07-21,2024-07-23,2024-08-13,2024-08-20,returned
ORD001684,2024-08-31,2024-09-03,,,delivered
ORD001685,2024-06-10,2024-06-12,,,delivered
ORD001686,2024-07-02,2024-07-09,,,delivered
ORD001687,2024-12-27,2025-01-02,,,delivered
ORD001688,2024-06-28,2024-07-01,,,delivered
ORD001689,2024-05-28,2024-06-04,,,delivered
ORD001690,2024-06-22,2024-06-29,,,delivered
ORD001691,2024-12-24,2024-12-29,2025-01-19,2025-01-25,returned
ORD001692,2024-08-20,2024-08-22,,,delivered
ORD001693,2024-05-30,2024-06-02,,,delivered
ORD001694,2024-09-10,2024-09-16,,,delivered
ORD001695,2024-09-18,2024-09-24,,,delivered
ORD001696,2024-04-26,2024-04-28,,,delivered
ORD001697,2024-07-12,2024-07-16,,,delivered
ORD001698,2024-05-07,2024-05-09,,,delivered
ORD001699,2024-06-11,2024-06-18,,,delivered
ORD001700,2024-07-24,2024-07-27,,,delivered
ORD001701,2024-10-18,2024-10-24,2024-11-13,2024-11-20,returned
ORD001702,2024-11-29,2024-12-04,,,delivered
ORD001703,2024-09-09,2024-09-15,,,delivered
ORD001704,2024-11-10,2024-11-16,,,delivered
ORD001705,2024-10-19,2024-10-23,,,delivered
ORD001706,2024-08-16,2024-08-23,,,delivered
ORD001707,2024-07-04,2024-07-11,,,delivered
ORD001708,2024-11-07,2024-11-10,,,delivered
ORD001709,2024-08-17,2024-08-22,,,delivered
ORD001710,2024-08-19,2024-08-22,,,delivered
ORD001711,2024-05-25,2024-05-28,,,delivered
ORD001712,2024-09-29,2024-10-01,,,delivered
ORD001713,2024-12-20,2024-12-22,,,delivered
ORD001714,2024-11-15,2024-11-20,,,delivered
ORD001715,2024-11-09,2024-11-16,,,delivered
ORD001716,2024-06-06,2024-06-08,2024-06-18,2024-06-30,returned
ORD001717,2024-11-03,2024-11-05,,,delivered
ORD001718,2024-12-27,2024-12-29,2025-01-12,2025-01-17,returned
ORD001719,2024-07-12,2024-07-18,,,delivered
ORD001720,2024-05-28,2024-05-31,,,delivered
ORD001721,2024-08-23,2024-08-28,2024-08-31,2024-09-13,returned
ORD001722,2024-06-25,2024-07-01,2024-07-22,2024-08-01,returned
ORD001723,2024-07-30,2024-08-02,,,delivered
ORD001724,2024-12-03,2024-12-05,,,delivered
ORD001725,2024-07-29,2024-08-02,,,delivered
ORD001726,2024-12-07,2024-12-11,,,delivered
ORD001727,2024-06-07,2024-06-10,,,delivered
ORD001728,2024-10-21,2024-10-28,,,delivered
ORD001729,2024-11-25,2024-11-30,,,delivered
ORD001730,2024-06-21,2024-06-23,,,delivered
ORD001731,2024-05-08,2024-05-14,,,delivered
ORD001732,2024-10-12,2024-10-18,,,delivered
ORD001733,2024-07-23,2024-07-28,,,delivered
ORD001734,2024-11-04,2024-11-08,,,delivered
ORD001735,2024-08-03,2024-08-07,,,delivered
ORD001736,2024-09-25,2024-09-27,,,delivered
ORD001737,2024-07-30,2024-08-01,,,delivered
ORD001738,2024-08-14,2024-08-20,2024-08-24,2024-09-01,returned
ORD001739,2024-09-29,2024-10-03,,,delivered
ORD001740,2024-11-15,2024-11-22,,,delivered
ORD001741,2024-06-23,2024-06-26,,,delivered
ORD001742,2024-06-17,2024-06-20,,,delivered
ORD001743,2024-07-09,2024-07-13,,,delivered
ORD001744,2024-07-13,2024-07-20,,,delivered
ORD001745,2024-12-01,2024-12-03,,,delivered
ORD001746,2024-04-18,2024-04-21,,,delivered
ORD001747,2024-11-20,2024-11-26,,,delivered
ORD001748,2024-04-23,2024-04-28,,,delivered
ORD001749,2024-11-27,2024-12-01,,,delivered
ORD001750,2024-08-14,2024-08-21,2024-08-30,2024-09-08,returned
ORD001751,2024-07-19,2024-07-26,2024-08-02,2024-08-16,returned
ORD001752,2024-06-11,2024-06-18,,,delivered
ORD001753,2024-05-08,2024-05-14,,,delivered
ORD001754,2024-05-12,2024-05-17,,,delivered
ORD001755,2024-04-18,2024-04-23,,,delivered
ORD001756,2024-06-05,2024-06-09,,,delivered
ORD001757,2024-04-17,2024-04-24,,,delivered
ORD001758,2024-04-16,2024-04-23,,,delivered
ORD001759,2024-12-26,2025-01-02,,,delivered
ORD001760,2024-07-17,2024-07-24,,,delivered
ORD001761,2024-07-23,2024-07-29,,,delivered
ORD001762,2024-05-09,2024-05-14,,,delivered
ORD001763,2024-11-25,2024-12-01,,,delivered
ORD001764,2024-07-06,2024-07-11,,,delivered
ORD001765,2024-08-20,2024-08-27,,,delivered
ORD001766,2024-09-08,2024-09-10,,,delivered
ORD001767,2024-07-06,2024-07-11,,,delivered
ORD001768,2024-12-05,2024-12-11,,,delivered
ORD001769,2024-04-29,2024-05-06,,,delivered
ORD001770,2024-06-12,2024-06-19,,,delivered
ORD001771,2024-05-24,2024-05-26,,,delivered
ORD001772,2024-11-28,2024-12-02,2024-12-11,2024-12-19,returned
ORD001773,2024-07-27,2024-07-30,2024-08-13,2024-08-27,returned
ORD001774,2024-08-20,2024-08-22,,,delivered
ORD001775,2024-06-17,2024-06-22,,,delivered
ORD001776,2024-10-04,2024-10-07,,,delivered
ORD001777,2024-09-08,2024-09-10,,,delivered
ORD001778,2024-07-28,2024-08-04,,,delivered
ORD001779,2024-05-26,2024-05-30,,,delivered
ORD001780,2024-07-06,2024-07-12,2024-08-01,2024-08-12,returned
ORD001781,2024-09-29,2024-10-02,,,delivered
ORD001782,2024-09-05,2024-09-12,,,delivered
ORD001783,2024-09-18,2024-09-22,,,delivered
ORD001784,2024-11-19,2024-11-22,,,delivered
ORD001785,2024-09-24,2024-09-29,,,delivered
ORD001786,2024-11-19,2024-11-24,,,delivered
ORD001787,2024-12-21,2024-12-23,,,delivered
ORD001788,2024-11-13,2024-11-17,,,delivered
ORD001789,2024-12-15,2024-12-17,,,delivered
ORD001790,2024-07-16,2024-07-23,2024-08-11,2024-08-24,returned
ORD001791,2024-11-26,2024-11-30,,,delivered
ORD001792,2024-05-03,2024-05-07,,,delivered
ORD001793,2024-09-22,2024-09-29,,,delivered
ORD001794,2024-04-27,2024-05-03,,,delivered
ORD001795,2024-10-23,2024-10-30,,,delivered
ORD001796,2024-11-04,2024-11-09,,,delivered
ORD001797,2024-10-25,2024-11-01,,,delivered
ORD001798,2024-09-17,2024-09-21,2024-09-27,2024-10-09,returned
ORD001799,2024-05-31,2024-06-03,2024-06-18,2024-06-29,returned
ORD001800,2024-05-10,2024-05-14,,,delivered
ORD001801,2024-10-19,2024-10-21,,,delivered
ORD001802,2024-06-02,2024-06-05,,,delivered
ORD001803,2024-09-24,2024-09-27,,,delivered
ORD001804,2024-08-29,2024-09-02,,,delivered
ORD001805,2024-08-24,2024-08-31,,,delivered
ORD001806,2024-09-05,2024-09-12,,,delivered
ORD001807,2024-06-20,2024-06-26,2024-07-16,2024-07-21,returned
ORD001808,2024-04-16,2024-04-18,,,delivered
ORD001809,2024-05-20,2024-05-25,,,delivered
ORD001810,2024-05-20,2024-05-26,,,delivered
ORD001811,2024-06-06,2024-06-09,,,delivered
ORD001812,2024-08-25,2024-08-29,,,delivered
ORD001813,2024-10-30,2024-11-02,,,delivered
ORD001814,2024-09-22,2024-09-26,,,delivered
ORD001815,2024-09-19,2024-09-25,,,delivered
ORD001816,2024-05-08,2024-05-12,,,delivered
ORD001817,2024-06-20,2024-06-27,,,delivered
ORD001818,2024-09-03,2024-09-09,,,delivered
ORD001819,2024-10-26,2024-11-02,2024-11-21,2024-11-27,returned
ORD001820,2024-12-27,2025-01-02,,,delivered
ORD001821,2024-09-08,2024-09-14,,,delivered
ORD001822,2024-07-02,2024-07-09,2024-07-22,2024-08-01,returned
ORD001823,2024-04-26,2024-05-01,2024-05-07,2024-05-17,returned
ORD001824,2024-06-29,2024-07-02,,,delivered
ORD001825,2024-04-28,2024-05-04,2024-05-24,2024-05-29,returned
ORD001826,2024-05-16,2024-05-19,,,delivered
ORD001827,2024-11-09,2024-11-13,,,delivered
ORD001828,2024-08-01,2024-08-08,,,delivered
ORD001829,2024-05-07,2024-05-13,,,delivered
ORD001830,2024-09-22,2024-09-25,,,delivered
ORD001831,2024-05-30,2024-06-03,,,delivered
ORD001832,2024-11-13,2024-11-17,,,delivered
ORD001833,2024-08-30,2024-09-05,,,delivered
ORD001834,2024-08-15,2024-08-21,,,delivered
ORD001835,2024-12-13,2024-12-15,,,delivered
ORD001836,2024-06-19,2024-06-24,2024-07-15,2024-07-25,returned
ORD001837,2024-10-16,2024-10-22,,,delivered
ORD001838,2024-11-04,2024-11-06,2024-11-26,2024-12-04,returned
ORD001839,2024-05-27,2024-05-30,,,delivered
ORD001840,2024-12-22,2024-12-27,,,delivered
ORD001841,2024-10-09,2024-10-15,,,delivered
ORD001842,2024-10-07,2024-10-12,,,delivered
ORD001843,2024-07-08,2024-07-12,,,delivered
ORD001844,2024-08-12,2024-08-19,,,delivered
ORD001845,2024-12-26,2025-01-02,,,delivered
ORD001846,2024-10-05,2024-10-10,,,delivered
ORD001847,2024-05-20,2024-05-22,,,delivered
ORD001848,2024-10-08,2024-10-14,,,delivered
ORD001849,2024-11-30,2024-12-06,,,delivered
ORD001850,2024-04-14,2024-04-21,,,delivered
ORD001851,2024-07-27,2024-07-31,,,delivered
ORD001852,2024-08-16,2024-08-22,,,delivered
ORD001853,2024-06-03,2024-06-05,,,delivered
ORD001854,2024-05-10,2024-05-15,,,delivered
ORD001855,2024-08-18,2024-08-20,,,delivered
ORD001856,2024-09-10,2024-09-12,,,delivered
ORD001857,2024-11-26,2024-12-02,,,delivered
ORD001858,2024-10-16,2024-10-20,2024-10-26,2024-10-31,returned
ORD001859,2024-05-06,2024-05-12,2024-05-20,2024-05-25,returned
ORD001860,2024-06-12,2024-06-17,,,delivered
ORD001861,2024-12-04,2024-12-07,,,delivered
ORD001862,2024-09-12,2024-09-17,,,delivered
ORD001863,2024-06-18,2024-06-24,,,delivered
ORD001864,2024-06-29,2024-07-03,2024-07-17,2024-07-30,returned
ORD001865,2024-05-06,2024-05-12,,,delivered
ORD001866,2024-06-16,2024-06-18,,,delivered
ORD001867,2024-09-24,2024-09-28,,,delivered
ORD001868,2024-09-01,2024-09-06,,,delivered
ORD001869,2024-04-12,2024-04-19,,,delivered
ORD001870,2024-12-19,2024-12-23,,,delivered
ORD001871,2024-12-01,2024-12-07,,,delivered
ORD001872,2024-04-30,2024-05-04,,,delivered
ORD001873,2025-01-01,2025-01-07,,,delivered
ORD001874,2024-05-08,2024-05-11,,,delivered
ORD001875,2024-09-30,2024-10-06,,,delivered
ORD001876,2024-08-03,2024-08-09,,,delivered
ORD001877,2024-07-19,2024-07-21,,,delivered
ORD001878,2024-12-29,2025-01-03,,,delivered
ORD001879,2024-10-16,2024-10-23,,,delivered
ORD001880,2024-08-02,2024-08-08,,,delivered
ORD001881,2024-11-17,2024-11-24,,,delivered
ORD001882,2024-06-06,2024-06-13,,,delivered
ORD001883,2024-07-20,2024-07-23,,,delivered
ORD001884,2024-10-13,2024-10-15,,,delivered
ORD001885,2024-05-13,2024-05-18,,,delivered
ORD001886,2024-05-04,2024-05-11,,,delivered
ORD001887,2024-09-18,2024-09-20,2024-10-08,2024-10-21,returned
ORD001888,2024-08-10,2024-08-15,,,delivered
ORD001889,2024-04-23,2024-04-28,,,delivered
ORD001890,2024-06-18,2024-06-21,,,delivered
ORD001891,2024-08-20,2024-08-23,2024-09-05,2024-09-15,returned
ORD001892,2024-11-12,2024-11-18,,,delivered
ORD001893,2024-08-24,2024-08-26,,,delivered
ORD001894,2024-04-24,2024-05-01,,,delivered
ORD001895,2024-11-27,2024-12-03,,,delivered
ORD001896,2024-10-02,2024-10-04,,,delivered
ORD001897,2024-07-19,2024-07-26,,,delivered
ORD001898,2024-08-31,2024-09-05,,,delivered
ORD001899,2024-06-04,2024-06-06,2024-06-20,2024-06-26,returned
ORD001900,2024-06-11,2024-06-13,,,delivered
ORD001901,2024-07-18,2024-07-24,,,delivered
ORD001902,2024-06-17,2024-06-21,,,delivered
ORD001903,2024-10-28,2024-11-01,,,delivered
ORD001904,2024-08-18,2024-08-23,,,delivered
ORD001905,2024-05-06,2024-05-13,,,delivered
ORD001906,2024-08-13,2024-08-15,,,delivered
ORD001907,2024-08-26,2024-09-02,,,delivered
ORD001908,2024-09-13,2024-09-17,,,delivered
ORD001909,2024-09-14,2024-09-19,,,delivered
ORD001910,2024-06-17,2024-06-21,,,delivered
ORD001911,2024-09-19,2024-09-21,,,delivered
ORD001912,2024-07-10,2024-07-14,,,delivered
ORD001913,2024-10-19,2024-10-23,,,delivered
ORD001914,2024-09-02,2024-09-08,,,delivered
ORD001915,2024-09-14,2024-09-19,,,delivered
ORD001916,2024-07-30,2024-08-06,,,delivered
ORD001917,2024-10-22,2024-10-24,2024-11-08,2024-11-14,returned
ORD001918,2024-12-20,2024-12-26,,,delivered
ORD001919,2024-12-22,2024-12-24,,,delivered
ORD001920,2024-07-05,2024-07-12,,,delivered
ORD001921,2024-11-23,2024-11-27,2024-11-30,2024-12-14,returned
ORD001922,2024-05-09,2024-05-13,2024-05-25,2024-06-03,returned
ORD001923,2024-07-22,2024-07-28,,,delivered
ORD001924,2024-07-08,2024-07-11,,,delivered
ORD001925,2024-09-07,2024-09-14,,,delivered
ORD001926,2024-05-02,2024-05-05,,,delivered
ORD001927,2024-12-09,2024-12-14,,,delivered
ORD001928,2024-06-27,2024-06-30,,,delivered
ORD001929,2024-05-28,2024-06-03,,,delivered
ORD001930,2024-11-17,2024-11-24,,,delivered
ORD001931,2024-08-05,2024-08-11,,,delivered
ORD001932,2024-10-17,2024-10-19,,,delivered
ORD001933,2024-08-27,2024-09-01,,,delivered
ORD001934,2024-06-19,2024-06-26,,,delivered
ORD001935,2024-04-26,2024-05-01,,,delivered
ORD001936,2024-05-25,2024-06-01,,,delivered
ORD001937,2024-08-18,2024-08-22,,,delivered
ORD001938,2024-05-09,2024-05-13,,,delivered
ORD001939,2024-09-22,2024-09-24,,,delivered
ORD001940,2024-05-26,2024-05-28,,,delivered
ORD001941,2024-04-27,2024-05-02,,,delivered
ORD001942,2024-11-04,2024-11-10,,,delivered
ORD001943,2024-08-07,2024-08-09,,,delivered
ORD001944,2024-08-09,2024-08-13,,,delivered
ORD001945,2024-05-17,2024-05-19,,,delivered
ORD001946,2024-09-30,2024-10-03,,,delivered
ORD001947,2024-11-11,2024-11-15,,,delivered
ORD001948,2024-05-14,2024-05-19,,,delivered
ORD001949,2024-10-03,2024-10-09,,,delivered
ORD001950,2024-05-20,2024-05-25,2024-06-04,2024-06-14,returned
ORD001951,2024-06-23,2024-06-30,,,delivered
ORD001952,2024-09-18,2024-09-23,,,delivered
ORD001953,2024-12-26,2025-01-01,,,delivered
ORD001954,2024-10-22,2024-10-24,,,delivered
ORD001955,2024-04-19,2024-04-22,,,delivered
ORD001956,2024-10-18,2024-10-23,,,delivered
ORD001957,2024-10-17,2024-10-22,,,delivered
ORD001958,2024-05-06,2024-05-09,,,delivered
ORD001959,2024-05-18,2024-05-24,,,delivered
ORD001960,2024-10-06,2024-10-09,,,delivered
ORD001961,2024-05-06,2024-05-09,,,delivered
ORD001962,2024-08-28,2024-08-30,2024-09-04,2024-09-16,returned
ORD001963,2024-05-22,2024-05-27,,,delivered
ORD001964,2024-08-24,2024-08-29,,,delivered
ORD001965,2024-12-18,2024-12-22,,,delivered
ORD001966,2024-10-22,2024-10-24,,,delivered
ORD001967,2024-06-12,2024-06-15,,,delivered
ORD001968,2024-06-22,2024-06-24,,,delivered
ORD001969,2024-10-03,2024-10-07,,,delivered
ORD001970,2024-04-16,2024-04-20,,,delivered
ORD001971,2024-10-23,2024-10-28,,,delivered
ORD001972,2024-06-20,2024-06-22,,,delivered
ORD001973,2024-12-28,2025-01-03,,,delivered
ORD001974,2024-09-09,2024-09-12,,,delivered
ORD001975,2024-07-04,2024-07-11,,,delivered
ORD001976,2024-09-25,2024-10-02,,,delivered
ORD001977,2024-05-28,2024-05-30,,,delivered
ORD001978,2024-11-14,2024-11-17,,,delivered
ORD001979,2024-05-01,2024-05-08,,,delivered
ORD001980,2024-09-09,2024-09-11,,,delivered
ORD001981,2024-07-06,2024-07-13,,,delivered
ORD001982,2024-04-14,2024-04-19,,,delivered
ORD001983,2024-12-13,2024-12-17,,,delivered
ORD001984,2024-09-16,2024-09-21,,,delivered
ORD001985,2024-07-08,2024-07-14,,,delivered
ORD001986,2024-09-12,2024-09-16,2024-09-26,2024-10-04,returned
ORD001987,2024-12-21,2024-12-23,2025-01-05,2025-01-16,returned
ORD001988,2024-08-29,2024-09-05,2024-09-24,2024-10-02,returned
ORD001989,2024-10-30,2024-11-04,,,delivered
ORD001990,2024-11-26,2024-12-03,,,delivered
ORD001991,2024-06-20,2024-06-25,2024-07-08,2024-07-16,returned
ORD001992,2024-12-11,2024-12-13,,,delivered
ORD001993,2024-12-15,2024-12-19,,,delivered
ORD001994,2024-09-02,2024-09-05,,,delivered
ORD001995,2024-10-19,2024-10-24,2024-11-05,2024-11-19,returned
ORD001996,2024-11-02,2024-11-04,2024-11-18,2024-11-25,returned
ORD001997,2024-07-02,2024-07-08,,,delivered
ORD001998,2024-12-15,2024-12-19,,,delivered
ORD001999,2024-06-26,2024-07-02,2024-07-19,2024-07-25,returned
ORD002000,2024-09-25,2024-09-30,2024-10-09,2024-10-23,returned
ORD002001,2024-10-25,2024-11-01,2024-11-05,2024-11-13,returned
ORD002002,2024-12-05,2024-12-08,,,delivered
ORD002003,2024-08-25,2024-08-30,,,delivered
ORD002004,2024-10-01,2024-10-08,,,delivered
ORD002005,2024-12-29,2024-12-31,,,delivered
ORD002006,2024-08-02,2024-08-04,,,delivered
ORD002007,2024-06-12,2024-06-18,,,delivered
ORD002008,2024-07-12,2024-07-14,2024-07-27,2024-08-06,returned
ORD002009,2024-08-19,2024-08-23,,,delivered
ORD002010,2024-06-24,2024-06-26,,,delivered
ORD002011,2024-12-08,2024-12-12,2024-12-18,2024-12-25,returned
ORD002012,2024-12-16,2024-12-22,,,delivered
ORD002013,2024-08-19,2024-08-22,,,delivered
ORD002014,2024-06-17,2024-06-20,,,delivered
ORD002015,2024-07-09,2024-07-11,2024-07-16,2024-07-28,returned
ORD002016,2024-08-06,2024-08-13,,,delivered
ORD002017,2024-06-08,2024-06-14,2024-06-26,2024-07-05,returned
ORD002018,2024-10-22,2024-10-29,2024-11-11,2024-11-21,returned
ORD002019,2024-09-14,2024-09-19,2024-10-04,2024-10-18,returned
ORD002020,2024-09-15,2024-09-20,,,delivered
ORD002021,2024-06-03,2024-06-07,2024-06-16,2024-06-27,returned
ORD002022,2024-06-30,2024-07-02,,,delivered
ORD002023,2024-12-24,2024-12-29,,,delivered
ORD002024,2024-07-24,2024-07-31,,,delivered
ORD002025,2024-10-30,2024-11-01,2024-11-11,2024-11-20,returned
ORD002026,2024-06-19,2024-06-26,2024-07-14,2024-07-23,returned
ORD002027,2024-06-17,2024-06-24,,,delivered
ORD002028,2024-08-02,2024-08-06,,,delivered
ORD002029,2024-06-08,2024-06-12,,,delivered
ORD002030,2024-06-15,2024-06-22,,,delivered
ORD002031,2024-07-26,2024-07-29,2024-08-01,2024-08-06,returned
ORD002032,2024-11-07,2024-11-10,,,delivered
ORD002033,2024-08-01,2024-08-04,2024-08-11,2024-08-19,returned
ORD002034,2024-08-21,2024-08-23,,,delivered
ORD002035,2024-06-02,2024-06-07,,,delivered
ORD002036,2024-07-14,2024-07-17,,,delivered
ORD002037,2024-10-22,2024-10-29,,,delivered
ORD002038,2024-09-01,2024-09-04,2024-09-18,2024-09-24,returned
ORD002039,2024-11-15,2024-11-21,2024-12-08,2024-12-15,returned
ORD002040,2024-07-27,2024-07-29,2024-08-03,2024-08-13,returned
ORD002041,2024-07-10,2024-07-16,,,delivered
ORD002042,2024-10-11,2024-10-16,,,delivered
ORD002043,2024-10-20,2024-10-26,,,delivered
ORD002044,2024-08-16,2024-08-22,,,delivered
ORD002045,2024-08-28,2024-09-04,2024-09-08,2024-09-19,returned
ORD002046,2024-06-16,2024-06-21,,,delivered
ORD002047,2024-10-11,2024-10-15,,,delivered
ORD002048,2024-10-31,2024-11-02,,,delivered
ORD002049,2024-11-05,2024-11-12,,,delivered
ORD002050,2024-10-22,2024-10-24,2024-10-29,2024-11-10,returned
ORD002051,2024-08-10,2024-08-13,,,delivered
ORD002052,2024-06-14,2024-06-16,,,delivered
ORD002053,2024-09-14,2024-09-16,,,delivered
ORD002054,2024-11-14,2024-11-16,,,delivered
ORD002055,2024-08-18,2024-08-25,,,delivered
ORD002056,2024-09-14,2024-09-19,,,delivered
ORD002057,2024-11-01,2024-11-03,,,delivered
ORD002058,2024-08-22,2024-08-25,,,delivered
ORD002059,2025-01-01,2025-01-03,,,delivered
ORD002060,2024-07-06,2024-07-12,,,delivered
ORD002061,2024-11-30,2024-12-05,,,delivered
ORD002062,2024-12-09,2024-12-15,,,delivered
ORD002063,2024-08-26,2024-09-02,,,delivered
ORD002064,2024-10-05,2024-10-07,2024-10-10,2024-10-18,returned
ORD002065,2024-06-20,2024-06-26,,,delivered
ORD002066,2024-12-26,2024-12-29,2025-01-16,2025-01-23,returned
ORD002067,2024-09-22,2024-09-27,,,delivered
ORD002068,2024-11-23,2024-11-29,,,delivered
ORD002069,2024-07-21,2024-07-27,2024-08-04,2024-08-18,returned
ORD002070,2024-11-26,2024-11-29,,,delivered
ORD002071,2024-07-15,2024-07-18,,,delivered
ORD002072,2024-06-07,2024-06-11,2024-06-22,2024-07-05,returned
ORD002073,2024-10-07,2024-10-13,2024-10-16,2024-10-28,returned
ORD002074,2024-10-10,2024-10-16,2024-11-01,2024-11-11,returned
ORD002075,2024-12-04,2024-12-09,,,delivered
ORD002076,2024-10-21,2024-10-25,,,delivered
ORD002077,2024-12-10,2024-12-13,,,delivered
ORD002078,2024-06-03,2024-06-07,,,delivered
ORD002079,2024-12-26,2024-12-29,,,delivered
ORD002080,2024-09-24,2024-09-30,,,delivered
ORD002081,2024-07-27,2024-07-31,,,delivered
ORD002082,2024-05-27,2024-05-30,2024-06-04,2024-06-11,returned
ORD002083,2024-07-22,2024-07-26,2024-08-08,2024-08-16,returned
ORD002084,2024-09-30,2024-10-05,2024-10-16,2024-10-30,returned
ORD002085,2024-06-27,2024-07-04,2024-07-09,2024-07-15,returned
ORD002086,2024-05-12,2024-05-14,,,delivered
ORD002087,2024-12-15,2024-12-21,,,delivered
ORD002088,2024-10-12,2024-10-19,,,delivered
ORD002089,2024-12-26,2025-01-01,,,delivered
ORD002090,2024-12-11,2024-12-13,,,delivered
ORD002091,2024-09-28,2024-10-01,,,delivered
ORD002092,2024-12-03,2024-12-06,,,delivered
ORD002093,2024-10-26,2024-11-02,,,delivered
ORD002094,2024-10-05,2024-10-09,,,delivered
ORD002095,2024-06-10,2024-06-14,2024-07-05,2024-07-14,returned
ORD002096,2024-08-02,2024-08-07,,,delivered
ORD002097,2025-01-02,2025-01-06,2025-01-26,2025-02-04,returned
ORD002098,2024-07-27,2024-07-31,,,delivered
ORD002099,2024-08-11,2024-08-16,2024-08-28,2024-09-06,returned
ORD002100,2024-11-30,2024-12-02,2024-12-13,2024-12-20,returned
ORD002101,2024-12-26,2025-01-02,,,delivered
ORD002102,2024-08-20,2024-08-25,2024-09-01,2024-09-15,returned
ORD002103,2024-10-30,2024-11-05,,,delivered
ORD002104,2024-06-17,2024-06-21,2024-06-28,2024-07-09,returned
ORD002105,2024-10-15,2024-10-17,,,delivered
ORD002106,2024-12-25,2024-12-27,,,delivered
ORD002107,2024-12-25,2024-12-28,2025-01-18,2025-01-24,returned
ORD002108,2024-06-19,2024-06-22,,,delivered
ORD002109,2024-07-31,2024-08-03,,,delivered
ORD002110,2024-07-06,2024-07-11,,,delivered
ORD002111,2024-07-01,2024-07-08,,,delivered
ORD002112,2024-06-14,2024-06-16,,,delivered
ORD002113,2024-08-27,2024-08-30,,,delivered
ORD002114,2024-10-08,2024-10-14,2024-10-28,2024-11-07,returned
ORD002115,2024-06-06,2024-06-10,2024-06-17,2024-06-27,returned
ORD002116,2024-08-14,2024-08-20,2024-08-26,2024-09-03,returned
ORD002117,2024-10-16,2024-10-19,,,delivered
ORD002118,2024-09-12,2024-09-17,,,delivered
ORD002119,2024-06-03,2024-06-08,,,delivered
ORD002120,2024-09-26,2024-10-03,,,delivered
ORD002121,2024-09-08,2024-09-10,,,delivered
ORD002122,2024-10-21,2024-10-28,,,delivered
ORD002123,2024-06-08,2024-06-14,,,delivered
ORD002124,2024-10-18,2024-10-21,,,delivered
ORD002125,2024-12-15,2024-12-21,2024-12-30,2025-01-08,returned
ORD002126,2024-07-10,2024-07-16,,,delivered
ORD002127,2024-06-16,2024-06-19,,,delivered
ORD002128,2024-12-31,2025-01-07,2025-01-25,2025-02-04,returned
ORD002129,2024-06-20,2024-06-26,,,delivered
ORD002130,2024-10-13,2024-10-19,,,delivered
ORD002131,2024-07-26,2024-08-02,,,delivered
ORD002132,2024-09-08,2024-09-14,,,delivered
ORD002133,2024-07-06,2024-07-12,2024-07-20,2024-08-02,returned
ORD002134,2024-11-26,2024-12-02,2024-12-07,2024-12-20,returned
ORD002135,2024-11-22,2024-11-25,2024-12-08,2024-12-13,returned
ORD002136,2024-07-11,2024-07-14,2024-08-02,2024-08-11,returned
ORD002137,2024-08-30,2024-09-06,,,delivered
ORD002138,2024-05-21,2024-05-25,,,delivered
ORD002139,2024-12-16,2024-12-20,,,delivered
ORD002140,2024-10-02,2024-10-07,,,delivered
ORD002141,2024-12-10,2024-12-12,,,delivered
ORD002142,2024-08-21,2024-08-23,,,delivered
ORD002143,2024-07-14,2024-07-16,2024-07-27,2024-08-07,returned
ORD002144,2024-08-03,2024-08-08,2024-08-27,2024-09-06,returned
ORD002145,2024-11-15,2024-11-22,,,delivered
ORD002146,2024-06-19,2024-06-22,,,delivered
ORD002147,2024-09-22,2024-09-27,,,delivered
ORD002148,2024-09-18,2024-09-23,2024-10-01,2024-10-13,returned
ORD002149,2024-05-26,2024-05-29,,,delivered
ORD002150,2024-06-28,2024-07-01,2024-07-20,2024-07-26,returned
ORD002151,2024-07-06,2024-07-10,2024-07-24,2024-08-04,returned
ORD002152,2024-12-03,2024-12-05,,,delivered
ORD002153,2024-10-07,2024-10-11,,,delivered
ORD002154,2024-12-25,2024-12-31,,,delivered
ORD002155,2024-12-05,2024-12-09,2024-12-18,2024-12-23,returned
ORD002156,2024-08-02,2024-08-06,2024-08-17,2024-08-28,returned
ORD002157,2024-11-26,2024-11-29,,,delivered
ORD002158,2024-10-13,2024-10-19,,,delivered
ORD002159,2024-05-10,2024-05-14,,,delivered
ORD002160,2024-11-24,2024-11-28,,,delivered
ORD002161,2024-11-24,2024-11-26,,,delivered
ORD002162,2024-08-08,2024-08-11,,,delivered
ORD002163,2024-09-21,2024-09-24,,,delivered
ORD002164,2024-11-19,2024-11-21,,,delivered
ORD002165,2024-06-01,2024-06-08,,,delivered
ORD002166,2024-08-01,2024-08-08,2024-08-27,2024-09-05,returned
ORD002167,2024-07-17,2024-07-19,,,delivered
ORD002168,2024-08-18,2024-08-20,,,delivered
ORD002169,2024-11-05,2024-11-07,,,delivered
ORD002170,2024-12-12,2024-12-18,,,delivered
ORD002171,2024-05-26,2024-05-28,,,delivered
ORD002172,2024-07-19,2024-07-25,,,delivered
ORD002173,2024-05-23,2024-05-29,,,delivered
ORD002174,2024-07-17,2024-07-20,2024-07-23,2024-08-06,returned
ORD002175,2024-09-04,2024-09-07,,,delivered
ORD002176,2024-07-30,2024-08-02,2024-08-09,2024-08-14,returned
ORD002177,2024-12-11,2024-12-18,,,delivered
ORD002178,2024-12-05,2024-12-07,,,delivered
ORD002179,2024-08-07,2024-08-12,2024-08-28,2024-09-11,returned
ORD002180,2024-09-29,2024-10-01,,,delivered
ORD002181,2024-12-06,2024-12-11,,,delivered
ORD002182,2024-09-27,2024-09-30,,,delivered
ORD002183,2024-12-30,2025-01-05,,,delivered
ORD002184,2024-08-31,2024-09-06,,,delivered
ORD002185,2024-11-22,2024-11-27,,,delivered
ORD002186,2024-10-16,2024-10-21,,,delivered
ORD002187,2024-06-21,2024-06-25,,,delivered
ORD002188,2024-10-16,2024-10-23,,,delivered
ORD002189,2024-11-21,2024-11-28,,,delivered
ORD002190,2024-09-26,2024-10-02,,,delivered
ORD002191,2024-08-19,2024-08-24,,,delivered
ORD002192,2024-09-14,2024-09-17,,,delivered
ORD002193,2024-09-01,2024-09-08,,,delivered
ORD002194,2024-08-15,2024-08-21,,,delivered
ORD002195,2024-06-02,2024-06-07,2024-06-15,2024-06-25,returned
ORD002196,2024-12-15,2024-12-21,,,delivered
ORD002197,2024-06-04,2024-06-10,2024-06-13,2024-06-19,returned
ORD002198,2024-08-18,2024-08-20,,,delivered
ORD002199,2024-07-28,2024-08-01,,,delivered
ORD002200,2024-12-17,2024-12-20,,,delivered
ORD002201,2024-11-25,2024-11-27,,,delivered
ORD002202,2024-06-11,2024-06-15,,,delivered
ORD002203,2024-09-07,2024-09-11,,,delivered
ORD002204,2024-11-10,2024-11-13,2024-11-29,2024-12-08,returned
ORD002205,2024-12-23,2024-12-28,2025-01-18,2025-01-26,returned
ORD002206,2024-12-31,2025-01-02,,,delivered
ORD002207,2024-08-06,2024-08-11,,,delivered
ORD002208,2024-11-18,2024-11-22,2024-12-08,2024-12-17,returned
ORD002209,2024-09-12,2024-09-14,,,delivered
ORD002210,2024-08-21,2024-08-28,,,delivered
ORD002211,2024-08-20,2024-08-24,,,delivered
ORD002212,2024-11-19,2024-11-22,,,delivered
ORD002213,2024-08-14,2024-08-16,,,delivered
ORD002214,2024-11-25,2024-12-01,,,delivered
ORD002215,2024-11-19,2024-11-23,,,delivered
ORD002216,2024-12-20,2024-12-27,,,delivered
ORD002217,2024-10-06,2024-10-09,,,delivered
ORD002218,2024-11-21,2024-11-25,2024-12-09,2024-12-19,returned
ORD002219,2024-11-25,2024-11-28,,,delivered
ORD002220,2024-07-17,2024-07-22,,,delivered
ORD002221,2024-09-21,2024-09-28,,,delivered
ORD002222,2024-09-01,2024-09-07,,,delivered
ORD002223,2024-07-03,2024-07-07,,,delivered
ORD002224,2024-08-06,2024-08-08,,,delivered
ORD002225,2024-09-27,2024-10-02,,,delivered
ORD002226,2024-10-14,2024-10-18,2024-11-01,2024-11-06,returned
ORD002227,2024-05-31,2024-06-06,2024-06-15,2024-06-26,returned
ORD002228,2024-06-20,2024-06-25,2024-07-03,2024-07-10,returned
ORD002229,2024-07-09,2024-07-15,,,delivered
ORD002230,2024-09-10,2024-09-16,,,delivered
ORD002231,2024-11-28,2024-12-01,,,delivered
ORD002232,2024-07-08,2024-07-11,,,delivered
ORD002233,2024-08-26,2024-09-01,,,delivered
ORD002234,2024-10-09,2024-10-15,,,delivered
ORD002235,2024-08-05,2024-08-12,,,delivered
ORD002236,2024-10-23,2024-10-28,2024-11-12,2024-11-25,returned
ORD002237,2024-08-17,2024-08-23,,,delivered
ORD002238,2024-06-17,2024-06-19,2024-06-22,2024-07-03,returned
ORD002239,2024-07-21,2024-07-28,,,delivered
ORD002240,2024-09-03,2024-09-10,,,delivered
ORD002241,2024-08-13,2024-08-19,,,delivered
ORD002242,2024-10-26,2024-10-30,2024-11-11,2024-11-19,returned
ORD002243,2024-12-05,2024-12-09,,,delivered
ORD002244,2024-05-21,2024-05-28,,,delivered
ORD002245,2024-10-05,2024-10-12,,,delivered
ORD002246,2024-10-03,2024-10-05,,,delivered
ORD002247,2024-09-15,2024-09-17,,,delivered
ORD002248,2024-11-04,2024-11-07,,,delivered
ORD002249,2024-06-02,2024-06-07,,,delivered
ORD002250,2024-07-01,2024-07-06,2024-07-14,2024-07-26,returned
ORD002251,2024-08-01,2024-08-08,,,delivered
ORD002252,2024-10-23,2024-10-25,,,delivered
ORD002253,2024-12-28,2025-01-04,,,delivered
ORD002254,2024-09-28,2024-10-02,,,delivered
ORD002255,2024-09-10,2024-09-13,,,delivered
ORD002256,2024-07-13,2024-07-19,,,delivered
ORD002257,2024-06-01,2024-06-03,,,delivered
ORD002258,2024-09-13,2024-09-19,,,delivered
ORD002259,2024-06-08,2024-06-11,,,delivered
ORD002260,2024-12-22,2024-12-27,,,delivered
ORD002261,2024-11-08,2024-11-15,,,delivered
ORD002262,2024-11-18,2024-11-24,,,delivered
ORD002263,2024-07-11,2024-07-13,,,delivered
ORD002264,2024-08-25,2024-08-31,,,delivered
ORD002265,2024-11-20,2024-11-26,,,delivered
ORD002266,2024-12-09,2024-12-13,,,delivered
ORD002267,2024-11-21,2024-11-23,,,delivered
ORD002268,2024-12-04,2024-12-08,,,delivered
ORD002269,2024-11-26,2024-11-29,,,delivered
ORD002270,2024-12-01,2024-12-07,,,delivered
ORD002271,2024-12-08,2024-12-14,,,delivered
ORD002272,2024-12-15,2024-12-22,,,delivered
ORD002273,2024-12-08,2024-12-12,2024-12-18,2024-12-27,returned
ORD002274,2024-07-14,2024-07-16,,,delivered
ORD002275,2024-10-15,2024-10-17,,,delivered
ORD002276,2024-06-10,2024-06-16,,,delivered
ORD002277,2024-06-04,2024-06-09,,,delivered
ORD002278,2024-06-08,2024-06-14,,,delivered
ORD002279,2024-08-02,2024-08-04,,,delivered
ORD002280,2025-01-01,2025-01-08,,,delivered
ORD002281,2024-12-13,2024-12-19,,,delivered
ORD002282,2024-06-03,2024-06-06,,,delivered
ORD002283,2024-08-29,2024-09-04,2024-09-10,2024-09-18,returned
ORD002284,2024-10-16,2024-10-23,2024-11-13,2024-11-18,returned
ORD002285,2024-05-24,2024-05-26,,,delivered
ORD002286,2024-08-12,2024-08-18,,,delivered
ORD002287,2024-08-06,2024-08-10,2024-08-13,2024-08-22,returned
ORD002288,2024-09-27,2024-10-02,,,delivered
ORD002289,2024-09-25,2024-10-02,,,delivered
ORD002290,2024-06-16,2024-06-19,2024-06-22,2024-07-06,returned
ORD002291,2024-12-27,2025-01-02,2025-01-14,2025-01-26,returned
ORD002292,2024-11-05,2024-11-11,2024-11-17,2024-11-26,returned
ORD002293,2024-05-21,2024-05-25,,,delivered
ORD002294,2024-09-01,2024-09-07,,,delivered
ORD002295,2024-10-04,2024-10-10,,,delivered
ORD002296,2024-07-25,2024-07-28,,,delivered
ORD002297,2024-10-16,2024-10-21,,,delivered
ORD002298,2024-09-14,2024-09-19,,,delivered
ORD002299,2024-08-23,2024-08-25,,,delivered
ORD002300,2024-08-01,2024-08-05,,,delivered
ORD002301,2024-11-25,2024-11-30,,,delivered
ORD002302,2024-11-27,2024-12-02,,,delivered
ORD002303,2024-08-09,2024-08-14,,,delivered
ORD002304,2024-09-05,2024-09-11,,,delivered
ORD002305,2024-10-11,2024-10-16,,,delivered
ORD002306,2024-07-08,2024-07-15,,,delivered
ORD002307,2024-11-03,2024-11-05,,,delivered
ORD002308,2024-11-25,2024-11-29,,,delivered
ORD002309,2024-05-15,2024-05-20,,,delivered
ORD002310,2024-11-27,2024-12-04,2024-12-10,2024-12-16,returned
ORD002311,2024-12-25,2024-12-31,,,delivered
ORD002312,2024-11-30,2024-12-06,,,delivered
ORD002313,2024-11-03,2024-11-06,,,delivered
ORD002314,2024-10-18,2024-10-20,,,delivered
ORD002315,2024-11-19,2024-11-21,2024-12-07,2024-12-20,returned
ORD002316,2024-10-16,2024-10-20,,,delivered
ORD002317,2024-08-03,2024-08-09,2024-08-17,2024-08-27,returned
ORD002318,2024-06-29,2024-07-06,,,delivered
ORD002319,2024-06-05,2024-06-09,,,delivered
ORD002320,2024-08-22,2024-08-29,,,delivered
ORD002321,2024-11-08,2024-11-11,,,delivered
ORD002322,2024-12-12,2024-12-14,,,delivered
ORD002323,2024-08-18,2024-08-20,,,delivered
ORD002324,2024-09-21,2024-09-23,,,delivered
ORD002325,2024-11-30,2024-12-07,,,delivered
ORD002326,2024-12-06,2024-12-12,,,delivered
ORD002327,2024-07-03,2024-07-10,,,delivered
ORD002328,2024-10-24,2024-10-28,,,delivered
ORD002329,2024-12-19,2024-12-26,,,delivered
ORD002330,2024-06-14,2024-06-18,,,delivered
ORD002331,2024-07-29,2024-07-31,,,delivered
ORD002332,2024-11-08,2024-11-10,2024-11-17,2024-11-22,returned
ORD002333,2024-06-22,2024-06-29,,,delivered
ORD002334,2024-07-04,2024-07-08,,,delivered
ORD002335,2024-08-03,2024-08-07,,,delivered
ORD002336,2024-11-27,2024-12-03,2024-12-08,2024-12-18,returned
ORD002337,2024-07-29,2024-08-03,2024-08-24,2024-09-04,returned
ORD002338,2024-09-07,2024-09-13,,,delivered
ORD002339,2024-06-01,2024-06-04,,,delivered
ORD002340,2024-05-10,2024-05-16,,,delivered
ORD002341,2024-10-24,2024-10-27,2024-11-01,2024-11-08,returned
ORD002342,2024-11-07,2024-11-11,,,delivered
ORD002343,2024-08-07,2024-08-13,,,delivered
ORD002344,2024-07-18,2024-07-22,2024-08-09,2024-08-14,returned
ORD002345,2024-05-30,2024-06-01,,,delivered
ORD002346,2024-07-12,2024-07-17,,,delivered
ORD002347,2024-07-06,2024-07-12,2024-07-20,2024-08-01,returned
ORD002348,2025-01-01,2025-01-08,,,delivered
ORD002349,2024-07-18,2024-07-23,2024-08-03,2024-08-11,returned
ORD002350,2024-08-31,2024-09-07,,,delivered
ORD002351,2024-12-24,2024-12-27,,,delivered
ORD002352,2024-09-24,2024-09-28,,,delivered
ORD002353,2024-10-06,2024-10-13,2024-10-25,2024-11-06,returned
ORD002354,2024-11-06,2024-11-09,,,delivered
ORD002355,2024-11-16,2024-11-22,,,delivered
ORD002356,2024-09-21,2024-09-28,,,delivered
ORD002357,2024-08-25,2024-09-01,,,delivered
ORD002358,2024-12-10,2024-12-15,2024-12-30,2025-01-10,returned
ORD002359,2024-12-22,2024-12-29,,,delivered
ORD002360,2024-08-05,2024-08-07,,,delivered
ORD002361,2024-11-02,2024-11-09,,,delivered
ORD002362,2024-09-10,2024-09-16,,,delivered
ORD002363,2024-11-03,2024-11-06,,,delivered
ORD002364,2024-11-10,2024-11-13,,,delivered
ORD002365,2024-08-23,2024-08-25,,,delivered
ORD002366,2024-07-28,2024-08-03,,,delivered
ORD002367,2024-12-11,2024-12-16,,,delivered
ORD002368,2024-11-03,2024-11-09,,,delivered
ORD002369,2024-05-07,2024-05-14,,,delivered
ORD002370,2024-10-11,2024-10-14,,,delivered
ORD002371,2024-07-20,2024-07-27,,,delivered
ORD002372,2024-06-09,2024-06-13,,,delivered
ORD002373,2024-07-01,2024-07-07,,,delivered
ORD002374,2024-07-03,2024-07-07,,,delivered
ORD002375,2024-07-08,2024-07-14,,,delivered
ORD002376,2024-09-22,2024-09-28,,,delivered
ORD002377,2025-01-02,2025-01-04,2025-01-13,2025-01-26,returned
ORD002378,2024-08-29,2024-09-02,,,delivered
ORD002379,2024-12-04,2024-12-11,,,delivered
ORD002380,2024-07-17,2024-07-23,,,delivered
ORD002381,2024-09-15,2024-09-18,,,delivered
ORD002382,2024-11-07,2024-11-11,,,delivered
ORD002383,2024-06-01,2024-06-03,,,delivered
ORD002384,2024-07-26,2024-07-31,,,delivered
ORD002385,2024-06-02,2024-06-05,,,delivered
ORD002386,2024-05-24,2024-05-31,,,delivered
ORD002387,2024-10-07,2024-10-14,,,delivered
ORD002388,2024-06-29,2024-07-05,,,delivered
ORD002389,2024-09-25,2024-09-29,,,delivered
ORD002390,2024-09-12,2024-09-16,,,delivered
ORD002391,2024-07-05,2024-07-12,,,delivered
ORD002392,2024-10-07,2024-10-11,,,delivered
ORD002393,2024-09-16,2024-09-22,,,delivered
ORD002394,2024-09-28,2024-10-02,,,delivered
ORD002395,2024-10-03,2024-10-08,,,delivered
ORD002396,2024-09-28,2024-09-30,,,delivered
ORD002397,2024-08-18,2024-08-21,,,delivered
ORD002398,2024-07-22,2024-07-29,,,delivered
ORD002399,2024-07-26,2024-07-29,,,delivered
ORD002400,2024-12-25,2025-01-01,,,delivered
ORD002401,2024-08-15,2024-08-20,2024-08-23,2024-09-05,returned
ORD002402,2024-08-07,2024-08-10,,,delivered
ORD002403,2024-06-21,2024-06-27,,,delivered
ORD002404,2024-09-03,2024-09-05,,,delivered
ORD002405,2024-08-30,2024-09-01,2024-09-04,2024-09-11,returned
ORD002406,2024-07-31,2024-08-05,2024-08-25,2024-08-30,returned
ORD002407,2024-11-26,2024-12-03,,,delivered
ORD002408,2024-12-20,2024-12-27,,,delivered
ORD002409,2024-09-24,2024-09-27,,,delivered
ORD002410,2024-09-10,2024-09-14,,,delivered
ORD002411,2024-06-07,2024-06-11,,,delivered
ORD002412,2024-09-19,2024-09-23,,,delivered
ORD002413,2024-10-18,2024-10-20,,,delivered
ORD002414,2024-07-11,2024-07-14,2024-07-21,2024-07-28,returned
ORD002415,2024-06-30,2024-07-02,,,delivered
ORD002416,2024-12-09,2024-12-15,,,delivered
ORD002417,2024-07-15,2024-07-17,,,delivered
ORD002418,2024-09-11,2024-09-17,,,delivered
ORD002419,2024-12-16,2024-12-19,,,delivered
ORD002420,2024-10-23,2024-10-29,2024-11-07,2024-11-14,returned
ORD002421,2024-08-15,2024-08-18,,,delivered
ORD002422,2024-12-25,2024-12-28,,,delivered
ORD002423,2024-11-01,2024-11-04,,,delivered
ORD002424,2024-07-18,2024-07-22,,,delivered
ORD002425,2024-12-25,2024-12-28,,,delivered
ORD002426,2024-07-11,2024-07-13,,,delivered
ORD002427,2024-12-14,2024-12-16,,,delivered
ORD002428,2024-09-18,2024-09-21,2024-10-11,2024-10-24,returned
ORD002429,2024-06-06,2024-06-13,,,delivered
ORD002430,2024-12-23,2024-12-27,,,delivered
ORD002431,2024-06-13,2024-06-19,,,delivered
ORD002432,2024-05-13,2024-05-19,,,delivered
ORD002433,2024-09-06,2024-09-12,,,delivered
ORD002434,2024-10-01,2024-10-04,,,delivered
ORD002435,2024-05-29,2024-06-01,,,delivered
ORD002436,2024-11-04,2024-11-11,,,delivered
ORD002437,2024-10-16,2024-10-19,,,delivered
ORD002438,2024-07-30,2024-08-05,,,delivered
ORD002439,2024-12-16,2024-12-20,,,delivered
ORD002440,2024-10-30,2024-11-04,,,delivered
ORD002441,2024-11-14,2024-11-20,,,delivered
ORD002442,2024-10-07,2024-10-13,,,delivered
ORD002443,2024-08-29,2024-08-31,,,delivered
ORD002444,2024-11-11,2024-11-17,2024-11-23,2024-12-06,returned
ORD002445,2024-06-07,2024-06-10,,,delivered
ORD002446,2024-11-07,2024-11-09,,,delivered
ORD002447,2024-12-02,2024-12-09,,,delivered
ORD002448,2024-12-07,2024-12-12,,,delivered
ORD002449,2024-11-04,2024-11-08,,,delivered
ORD002450,2024-07-01,2024-07-08,,,delivered
ORD002451,2024-09-03,2024-09-05,2024-09-16,2024-09-26,returned
ORD002452,2024-12-26,2024-12-30,,,delivered
ORD002453,2024-12-24,2024-12-28,,,delivered
ORD002454,2024-10-22,2024-10-25,,,delivered
ORD002455,2024-07-10,2024-07-15,,,delivered
ORD002456,2024-08-21,2024-08-28,,,delivered
ORD002457,2024-06-25,2024-06-29,,,delivered
ORD002458,2024-08-03,2024-08-09,,,delivered
ORD002459,2024-11-15,2024-11-22,,,delivered
ORD002460,2024-08-31,2024-09-05,,,delivered
ORD002461,2024-07-21,2024-07-25,,,delivered
ORD002462,2024-09-15,2024-09-18,,,delivered
ORD002463,2024-07-25,2024-07-29,,,delivered
ORD002464,2024-06-04,2024-06-11,,,delivered
ORD002465,2024-06-27,2024-06-30,,,delivered
ORD002466,2024-12-22,2024-12-25,,,delivered
ORD002467,2024-07-10,2024-07-14,,,delivered
ORD002468,2024-10-20,2024-10-24,,,delivered
ORD002469,2024-08-01,2024-08-03,,,delivered
ORD002470,2024-08-23,2024-08-26,,,delivered
ORD002471,2024-08-09,2024-08-13,,,delivered
ORD002472,2024-12-08,2024-12-11,,,delivered
ORD002473,2024-05-17,2024-05-19,,,delivered
ORD002474,2024-08-12,2024-08-17,,,delivered
ORD002475,2024-11-09,2024-11-11,,,delivered
ORD002476,2024-06-07,2024-06-13,,,delivered
ORD002477,2024-07-05,2024-07-07,,,delivered
ORD002478,2024-09-03,2024-09-08,,,delivered
ORD002479,2024-05-06,2024-05-09,,,delivered
ORD002480,2024-06-29,2024-07-06,,,delivered
ORD002481,2024-07-04,2024-07-09,,,delivered
ORD002482,2024-09-28,2024-10-02,,,delivered
ORD002483,2024-08-31,2024-09-04,,,delivered
ORD002484,2024-08-28,2024-09-03,,,delivered
ORD002485,2024-08-24,2024-08-29,,,delivered
ORD002486,2024-07-09,2024-07-16,,,delivered
ORD002487,2024-08-18,2024-08-25,,,delivered
ORD002488,2024-05-16,2024-05-21,,,delivered
ORD002489,2024-12-27,2024-12-30,,,delivered
ORD002490,2024-11-18,2024-11-22,,,delivered
ORD002491,2024-12-16,2024-12-22,,,delivered
ORD002492,2024-10-10,2024-10-15,,,delivered
ORD002493,2024-07-30,2024-08-01,,,delivered
ORD002494,2024-06-01,2024-06-04,,,delivered
ORD002495,2024-12-29,2025-01-05,,,delivered
ORD002496,2024-10-09,2024-10-15,2024-10-27,2024-11-01,returned
ORD002497,2024-11-12,2024-11-17,2024-11-29,2024-12-11,returned
ORD002498,2024-10-07,2024-10-09,2024-10-17,2024-10-29,returned
ORD002499,2024-09-19,2024-09-25,,,delivered
ORD002500,2024-07-10,2024-07-13,2024-07-17,2024-07-29,returned
ORD002501,2024-10-19,2024-10-26,2024-11-10,2024-11-17,returned
ORD002502,2024-06-27,2024-07-03,,,delivered
ORD002503,2024-12-09,2024-12-15,,,delivered
ORD002504,2024-10-16,2024-10-20,2024-10-28,2024-11-04,returned
ORD002505,2024-07-12,2024-07-19,,,delivered
ORD002506,2024-07-05,2024-07-10,,,delivered
ORD002507,2024-08-26,2024-08-31,,,delivered
ORD002508,2024-07-19,2024-07-24,,,delivered
ORD002509,2024-07-09,2024-07-12,2024-07-29,2024-08-05,returned
ORD002510,2024-09-29,2024-10-01,,,delivered
ORD002511,2024-10-02,2024-10-09,,,delivered
ORD002512,2024-11-08,2024-11-10,2024-11-15,2024-11-21,returned
ORD002513,2024-06-27,2024-07-01,,,delivered
ORD002514,2024-07-04,2024-07-08,,,delivered
ORD002515,2024-10-25,2024-11-01,2024-11-16,2024-11-28,returned
ORD002516,2024-12-14,2024-12-18,2025-01-05,2025-01-13,returned
ORD002517,2024-11-21,2024-11-23,,,delivered
ORD002518,2024-08-22,2024-08-27,,,delivered
ORD002519,2024-09-02,2024-09-09,,,delivered
ORD002520,2024-11-03,2024-11-07,2024-11-18,2024-12-02,returned
ORD002521,2024-09-08,2024-09-14,2024-10-05,2024-10-10,returned
ORD002522,2024-11-18,2024-11-23,2024-11-29,2024-12-10,returned
ORD002523,2024-12-21,2024-12-28,,,delivered
ORD002524,2024-08-05,2024-08-11,,,delivered
ORD002525,2024-08-21,2024-08-28,2024-09-16,2024-09-21,returned
ORD002526,2024-11-07,2024-11-09,,,delivered
ORD002527,2024-08-23,2024-08-27,,,delivered
ORD002528,2024-11-02,2024-11-05,,,delivered
ORD002529,2024-09-09,2024-09-16,2024-09-19,2024-09-24,returned
ORD002530,2024-12-08,2024-12-11,,,delivered
ORD002531,2024-06-25,2024-06-29,,,delivered
ORD002532,2024-11-17,2024-11-23,,,delivered
ORD002533,2024-09-23,2024-09-25,2024-10-08,2024-10-18,returned
ORD002534,2024-12-21,2024-12-23,,,delivered
ORD002535,2024-07-29,2024-08-04,,,delivered
ORD002536,2024-07-01,2024-07-04,,,delivered
ORD002537,2024-11-13,2024-11-16,,,delivered
ORD002538,2024-07-25,2024-07-27,,,delivered
ORD002539,2024-09-12,2024-09-16,,,delivered
ORD002540,2024-07-22,2024-07-25,,,delivered
ORD002541,2024-07-02,2024-07-05,,,delivered
ORD002542,2024-12-05,2024-12-12,2024-12-22,2024-12-28,returned
ORD002543,2024-08-04,2024-08-11,,,delivered
ORD002544,2024-11-05,2024-11-09,,,delivered
ORD002545,2024-10-20,2024-10-22,,,delivered
ORD002546,2024-07-17,2024-07-23,,,delivered
ORD002547,2024-12-16,2024-12-23,,,delivered
ORD002548,2024-11-06,2024-11-12,,,delivered
ORD002549,2024-10-11,2024-10-17,2024-11-06,2024-11-18,returned
ORD002550,2024-09-27,2024-10-01,,,delivered
ORD002551,2024-12-02,2024-12-08,,,delivered
ORD002552,2024-10-06,2024-10-09,2024-10-16,2024-10-23,returned
ORD002553,2024-08-31,2024-09-06,,,delivered
ORD002554,2024-11-23,2024-11-28,,,delivered
ORD002555,2024-07-29,2024-07-31,,,delivered
ORD002556,2024-11-08,2024-11-14,2024-11-21,2024-12-04,returned
ORD002557,2024-09-14,2024-09-21,,,delivered
ORD002558,2024-09-02,2024-09-08,,,delivered
ORD002559,2024-12-26,2024-12-31,,,delivered
ORD002560,2024-10-25,2024-10-31,,,delivered
ORD002561,2024-07-28,2024-08-04,,,delivered
ORD002562,2024-11-19,2024-11-24,2024-12-02,2024-12-07,returned
ORD002563,2024-11-04,2024-11-09,,,delivered
ORD002564,2024-10-05,2024-10-11,2024-10-27,2024-11-04,returned
ORD002565,2024-06-29,2024-07-02,2024-07-22,2024-07-28,returned
ORD002566,2024-08-09,2024-08-15,2024-08-20,2024-09-03,returned
ORD002567,2024-09-29,2024-10-05,,,delivered
ORD002568,2024-12-17,2024-12-22,2024-12-26,2025-01-07,returned
ORD002569,2024-10-19,2024-10-24,,,delivered
ORD002570,2024-06-06,2024-06-12,2024-07-02,2024-07-13,returned
ORD002571,2024-11-02,2024-11-06,2024-11-17,2024-12-01,returned
ORD002572,2024-12-18,2024-12-20,2025-01-09,2025-01-19,returned
ORD002573,2024-10-29,2024-10-31,2024-11-06,2024-11-16,returned
ORD002574,2024-07-16,2024-07-23,2024-07-31,2024-08-12,returned
ORD002575,2024-07-25,2024-07-29,2024-08-11,2024-08-23,returned
ORD002576,2024-12-12,2024-12-14,2024-12-20,2025-01-02,returned
ORD002577,2024-07-01,2024-07-03,2024-07-22,2024-08-03,returned
ORD002578,2024-11-30,2024-12-04,2024-12-23,2025-01-01,returned
ORD002579,2024-06-29,2024-07-02,,,delivered
ORD002580,2024-11-30,2024-12-03,,,delivered
ORD002581,2024-08-29,2024-09-05,2024-09-23,2024-09-30,returned
ORD002582,2024-09-16,2024-09-23,2024-10-07,2024-10-14,returned
ORD002583,2024-11-28,2024-12-05,2024-12-19,2024-12-26,returned
ORD002584,2024-11-10,2024-11-17,,,delivered
ORD002585,2024-08-03,2024-08-06,2024-08-16,2024-08-22,returned
ORD002586,2024-12-03,2024-12-10,,,delivered
ORD002587,2024-08-07,2024-08-10,,,delivered
ORD002588,2024-08-06,2024-08-08,,,delivered
ORD002589,2024-08-30,2024-09-04,,,delivered
ORD002590,2024-12-25,2024-12-28,,,delivered
ORD002591,2024-11-15,2024-11-18,,,delivered
ORD002592,2024-10-23,2024-10-28,,,delivered
ORD002593,2024-09-21,2024-09-25,,,delivered
ORD002594,2025-01-01,2025-01-06,2025-01-13,2025-01-25,returned
ORD002595,2024-12-26,2024-12-31,,,delivered
ORD002596,2024-11-25,2024-12-02,,,delivered
ORD002597,2024-08-02,2024-08-08,2024-08-19,2024-08-30,returned
ORD002598,2024-11-08,2024-11-12,,,delivered
ORD002599,2024-10-16,2024-10-23,,,delivered
ORD002600,2024-07-18,2024-07-23,,,delivered
ORD002601,2024-10-16,2024-10-20,,,delivered
ORD002602,2024-07-29,2024-08-03,,,delivered
ORD002603,2024-11-14,2024-11-16,,,delivered
ORD002604,2025-01-01,2025-01-06,,,delivered
ORD002605,2024-08-03,2024-08-06,,,delivered
ORD002606,2024-11-25,2024-12-02,,,delivered
ORD002607,2024-11-21,2024-11-27,,,delivered
ORD002608,2024-09-06,2024-09-13,,,delivered
ORD002609,2024-08-11,2024-08-17,,,delivered
ORD002610,2024-07-31,2024-08-02,,,delivered
ORD002611,2024-06-30,2024-07-07,2024-07-19,2024-07-30,returned
ORD002612,2024-10-30,2024-11-05,,,delivered
ORD002613,2024-12-28,2025-01-03,,,delivered
ORD002614,2024-09-12,2024-09-17,,,delivered
ORD002615,2024-06-17,2024-06-20,,,delivered
ORD002616,2024-10-03,2024-10-05,,,delivered
ORD002617,2024-10-16,2024-10-19,2024-10-22,2024-11-04,returned
ORD002618,2024-09-12,2024-09-14,,,delivered
ORD002619,2024-10-26,2024-10-28,,,delivered
ORD002620,2024-09-19,2024-09-24,,,delivered
ORD002621,2024-06-26,2024-07-01,,,delivered
ORD002622,2024-12-13,2024-12-16,2024-12-22,2025-01-04,returned
ORD002623,2024-11-01,2024-11-08,,,delivered
ORD002624,2024-08-30,2024-09-02,,,delivered
ORD002625,2024-08-27,2024-09-03,,,delivered
ORD002626,2024-12-04,2024-12-06,,,delivered
ORD002627,2024-10-07,2024-10-13,2024-10-31,2024-11-05,returned
ORD002628,2024-08-28,2024-08-31,2024-09-08,2024-09-18,returned
ORD002629,2024-10-06,2024-10-13,,,delivered
ORD002630,2024-12-25,2024-12-27,2025-01-05,2025-01-13,returned
ORD002631,2024-08-07,2024-08-14,,,delivered
ORD002632,2024-10-12,2024-10-15,,,delivered
ORD002633,2024-09-23,2024-09-27,2024-10-09,2024-10-19,returned
ORD002634,2024-08-23,2024-08-30,,,delivered
ORD002635,2024-08-27,2024-08-31,,,delivered
ORD002636,2024-07-05,2024-07-09,2024-07-21,2024-08-02,returned
ORD002637,2024-10-24,2024-10-29,,,delivered
ORD002638,2024-09-23,2024-09-28,,,delivered
ORD002639,2024-06-20,2024-06-26,,,delivered
ORD002640,2024-08-17,2024-08-21,,,delivered
ORD002641,2024-11-06,2024-11-11,,,delivered
ORD002642,2024-11-07,2024-11-14,,,delivered
ORD002643,2024-09-04,2024-09-09,,,delivered
ORD002644,2024-10-06,2024-10-11,,,delivered
ORD002645,2024-08-21,2024-08-23,2024-09-08,2024-09-19,returned
ORD002646,2024-10-05,2024-10-10,2024-10-27,2024-11-10,returned
ORD002647,2024-08-05,2024-08-12,,,delivered
ORD002648,2024-08-20,2024-08-23,,,delivered
ORD002649,2024-06-30,2024-07-07,,,delivered
ORD002650,2024-10-15,2024-10-17,2024-10-26,2024-11-07,returned
ORD002651,2024-10-13,2024-10-19,,,delivered
ORD002652,2024-11-16,2024-11-19,,,delivered
ORD002653,2024-09-16,2024-09-21,,,delivered
ORD002654,2024-08-20,2024-08-22,,,delivered
ORD002655,2024-07-03,2024-07-06,,,delivered
ORD002656,2024-08-16,2024-08-23,,,delivered
ORD002657,2024-10-05,2024-10-08,,,delivered
ORD002658,2024-08-19,2024-08-25,2024-09-12,2024-09-25,returned
ORD002659,2024-12-02,2024-12-08,,,delivered
ORD002660,2024-07-25,2024-07-31,2024-08-05,2024-08-12,returned
ORD002661,2024-12-17,2024-12-19,,,delivered
ORD002662,2024-10-13,2024-10-15,2024-10-23,2024-11-03,returned
ORD002663,2024-08-17,2024-08-21,,,delivered
ORD002664,2024-12-08,2024-12-14,,,delivered
ORD002665,2024-06-20,2024-06-24,2024-07-10,2024-07-22,returned
ORD002666,2024-07-04,2024-07-06,,,delivered
ORD002667,2024-10-19,2024-10-24,,,delivered
ORD002668,2024-08-01,2024-08-04,,,delivered
ORD002669,2024-07-09,2024-07-13,2024-07-19,2024-08-02,returned
ORD002670,2024-12-10,2024-12-13,,,delivered
ORD002671,2024-06-22,2024-06-27,,,delivered
ORD002672,2024-12-09,2024-12-15,,,delivered
ORD002673,2024-12-22,2024-12-26,,,delivered
ORD002674,2024-12-30,2025-01-04,2025-01-12,2025-01-25,returned
ORD002675,2024-07-17,2024-07-23,2024-08-03,2024-08-08,returned
ORD002676,2024-08-02,2024-08-04,,,delivered
ORD002677,2024-12-20,2024-12-24,2024-12-31,2025-01-05,returned
ORD002678,2024-07-25,2024-07-29,,,delivered
ORD002679,2024-11-10,2024-11-13,,,delivered
ORD002680,2024-11-06,2024-11-12,2024-11-17,2024-11-30,returned
ORD002681,2024-06-29,2024-07-05,,,delivered
ORD002682,2024-06-18,2024-06-20,2024-06-27,2024-07-06,returned
ORD002683,2024-12-07,2024-12-13,,,delivered
ORD002684,2024-06-27,2024-07-04,2024-07-20,2024-07-31,returned
ORD002685,2024-12-06,2024-12-11,,,delivered
ORD002686,2024-09-08,2024-09-11,,,delivered
ORD002687,2024-12-01,2024-12-04,,,delivered
ORD002688,2024-10-21,2024-10-26,,,delivered
ORD002689,2024-09-18,2024-09-24,,,delivered
ORD002690,2024-11-16,2024-11-20,,,delivered
ORD002691,2024-06-17,2024-06-23,,,delivered
ORD002692,2024-12-17,2024-12-20,,,delivered
ORD002693,2024-09-05,2024-09-09,,,delivered
ORD002694,2024-11-07,2024-11-10,,,delivered
ORD002695,2024-11-28,2024-12-03,,,delivered
ORD002696,2024-06-14,2024-06-20,,,delivered
ORD002697,2024-12-10,2024-12-16,,,delivered
ORD002698,2024-11-06,2024-11-10,,,delivered
ORD002699,2024-12-31,2025-01-07,,,delivered
ORD002700,2024-08-16,2024-08-23,,,delivered
ORD002701,2024-10-17,2024-10-24,,,delivered
ORD002702,2024-09-22,2024-09-27,,,delivered
ORD002703,2024-08-02,2024-08-08,,,delivered
ORD002704,2024-12-24,2024-12-30,2025-01-11,2025-01-21,returned
ORD002705,2024-11-23,2024-11-29,,,delivered
ORD002706,2024-10-14,2024-10-16,2024-11-04,2024-11-13,returned
ORD002707,2024-10-30,2024-11-06,,,delivered
ORD002708,2024-12-06,2024-12-10,,,delivered
ORD002709,2024-12-27,2025-01-02,,,delivered
ORD002710,2024-08-10,2024-08-12,,,delivered
ORD002711,2024-12-24,2024-12-28,,,delivered
ORD002712,2024-08-06,2024-08-10,,,delivered
ORD002713,2024-07-26,2024-08-01,2024-08-13,2024-08-23,returned
ORD002714,2024-09-27,2024-10-03,,,delivered
ORD002715,2024-09-24,2024-10-01,,,delivered
ORD002716,2024-12-29,2024-12-31,,,delivered
ORD002717,2024-11-05,2024-11-07,,,delivered
ORD002718,2024-08-16,2024-08-20,,,delivered
ORD002719,2024-10-07,2024-10-13,,,delivered
ORD002720,2024-12-16,2024-12-23,,,delivered
ORD002721,2024-12-24,2024-12-30,,,delivered
ORD002722,2024-12-28,2024-12-31,,,delivered
ORD002723,2024-10-12,2024-10-16,,,delivered
ORD002724,2024-07-04,2024-07-11,,,delivered
ORD002725,2024-07-24,2024-07-31,,,delivered
ORD002726,2024-08-07,2024-08-09,2024-08-16,2024-08-23,returned
ORD002727,2024-08-29,2024-09-04,,,delivered
ORD002728,2024-07-13,2024-07-20,,,delivered
ORD002729,2024-12-31,2025-01-07,,,delivered
ORD002730,2024-10-03,2024-10-06,,,delivered
ORD002731,2024-11-04,2024-11-07,,,delivered
ORD002732,2024-09-05,2024-09-09,2024-09-21,2024-10-05,returned
ORD002733,2024-09-19,2024-09-23,,,delivered
ORD002734,2024-11-20,2024-11-22,2024-12-02,2024-12-07,returned
ORD002735,2024-09-03,2024-09-09,,,delivered
ORD002736,2024-10-08,2024-10-14,,,delivered
ORD002737,2024-08-21,2024-08-25,,,delivered
ORD002738,2024-12-23,2024-12-28,,,delivered
ORD002739,2024-10-03,2024-10-08,,,delivered
ORD002740,2024-07-05,2024-07-08,,,delivered
ORD002741,2024-06-10,2024-06-15,,,delivered
ORD002742,2024-11-19,2024-11-26,,,delivered
ORD002743,2024-10-03,2024-10-09,,,delivered
ORD002744,2024-09-12,2024-09-18,,,delivered
ORD002745,2024-12-23,2024-12-28,,,delivered
ORD002746,2024-09-04,2024-09-06,,,delivered
ORD002747,2024-10-10,2024-10-13,,,delivered
ORD002748,2024-12-25,2024-12-27,,,delivered
ORD002749,2024-11-21,2024-11-26,,,delivered
ORD002750,2024-12-26,2024-12-31,2025-01-18,2025-02-01,returned
ORD002751,2024-08-02,2024-08-04,,,delivered
ORD002752,2024-08-09,2024-08-16,,,delivered
ORD002753,2024-11-23,2024-11-25,,,delivered
ORD002754,2024-06-24,2024-06-27,,,delivered
ORD002755,2024-08-20,2024-08-27,,,delivered
ORD002756,2024-09-07,2024-09-10,,,delivered
ORD002757,2024-08-07,2024-08-14,,,delivered
ORD002758,2024-07-05,2024-07-10,,,delivered
ORD002759,2024-11-26,2024-11-30,,,delivered
ORD002760,2024-07-07,2024-07-09,,,delivered
ORD002761,2024-12-29,2025-01-03,,,delivered
ORD002762,2024-11-07,2024-11-11,,,delivered
ORD002763,2024-08-03,2024-08-10,,,delivered
ORD002764,2024-07-02,2024-07-06,,,delivered
ORD002765,2024-10-20,2024-10-22,2024-10-30,2024-11-13,returned
ORD002766,2024-07-25,2024-07-31,,,delivered
ORD002767,2024-06-22,2024-06-27,,,delivered
ORD002768,2024-08-05,2024-08-07,,,delivered
ORD002769,2024-12-27,2024-12-31,,,delivered
ORD002770,2024-12-02,2024-12-08,,,delivered
ORD002771,2024-10-01,2024-10-07,,,delivered
ORD002772,2024-07-06,2024-07-08,,,delivered
ORD002773,2024-11-19,2024-11-23,,,delivered
ORD002774,2024-10-28,2024-10-31,,,delivered
ORD002775,2024-09-17,2024-09-23,,,delivered
ORD002776,2024-08-25,2024-08-29,,,delivered
ORD002777,2024-10-27,2024-11-01,,,delivered
ORD002778,2024-11-01,2024-11-08,,,delivered
ORD002779,2024-10-19,2024-10-22,,,delivered
ORD002780,2024-11-18,2024-11-21,2024-12-05,2024-12-11,returned
ORD002781,2024-10-09,2024-10-16,,,delivered
ORD002782,2024-06-25,2024-06-29,,,delivered
ORD002783,2024-07-28,2024-08-04,,,delivered
ORD002784,2024-10-30,2024-11-02,,,delivered
ORD002785,2024-06-27,2024-07-03,,,delivered
ORD002786,2024-10-07,2024-10-13,,,delivered
ORD002787,2024-09-24,2024-09-26,,,delivered
ORD002788,2024-08-06,2024-08-12,,,delivered
ORD002789,2024-07-09,2024-07-14,,,delivered
ORD002790,2024-09-16,2024-09-21,,,delivered
ORD002791,2024-10-08,2024-10-15,,,delivered
ORD002792,2024-11-08,2024-11-11,,,delivered
ORD002793,2024-09-06,2024-09-13,,,delivered
ORD002794,2024-07-08,2024-07-10,,,delivered
ORD002795,2024-12-03,2024-12-07,,,delivered
ORD002796,2024-08-29,2024-09-01,2024-09-06,2024-09-18,returned
ORD002797,2024-11-08,2024-11-13,,,delivered
ORD002798,2024-12-30,2025-01-01,,,delivered
ORD002799,2024-12-14,2024-12-21,,,delivered
ORD002800,2024-11-03,2024-11-07,,,delivered
ORD002801,2024-08-23,2024-08-26,2024-08-31,2024-09-09,returned
ORD002802,2024-09-27,2024-10-04,,,delivered
ORD002803,2024-08-22,2024-08-27,,,delivered
ORD002804,2024-09-19,2024-09-22,,,delivered
ORD002805,2024-10-07,2024-10-11,,,delivered
ORD002806,2024-08-28,2024-09-03,,,delivered
ORD002807,2024-06-17,2024-06-24,,,delivered
ORD002808,2024-07-13,2024-07-19,,,delivered
ORD002809,2024-08-05,2024-08-09,,,delivered
ORD002810,2024-06-26,2024-07-02,,,delivered
ORD002811,2024-09-17,2024-09-20,,,delivered
ORD002812,2024-08-24,2024-08-30,,,delivered
ORD002813,2024-10-16,2024-10-23,2024-11-10,2024-11-23,returned
ORD002814,2024-11-25,2024-11-27,,,delivered
ORD002815,2024-12-29,2025-01-05,,,delivered
ORD002816,2024-11-02,2024-11-08,,,delivered
ORD002817,2024-11-18,2024-11-20,,,delivered
ORD002818,2024-07-24,2024-07-29,,,delivered
ORD002819,2024-08-22,2024-08-24,2024-08-30,2024-09-13,returned
ORD002820,2024-09-25,2024-10-01,2024-10-21,2024-11-02,returned
ORD002821,2024-07-03,2024-07-10,,,delivered
ORD002822,2024-11-14,2024-11-21,,,delivered
ORD002823,2024-07-21,2024-07-24,2024-08-01,2024-08-07,returned
ORD002824,2024-08-08,2024-08-15,,,delivered
ORD002825,2024-08-27,2024-09-02,,,delivered
ORD002826,2024-11-22,2024-11-26,,,delivered
ORD002827,2024-10-02,2024-10-07,,,delivered
ORD002828,2024-09-26,2024-10-01,2024-10-18,2024-10-23,returned
ORD002829,2024-07-17,2024-07-19,,,delivered
ORD002830,2024-09-13,2024-09-20,2024-10-03,2024-10-13,returned
ORD002831,2024-09-16,2024-09-23,,,delivered
ORD002832,2024-09-07,2024-09-14,,,delivered
ORD002833,2024-12-13,2024-12-17,2025-01-06,2025-01-16,returned
ORD002834,2024-06-14,2024-06-18,,,delivered
ORD002835,2024-11-01,2024-11-04,,,delivered
ORD002836,2024-11-30,2024-12-05,,,delivered
ORD002837,2024-11-09,2024-11-13,,,delivered
ORD002838,2024-08-29,2024-08-31,,,delivered
ORD002839,2024-11-16,2024-11-23,,,delivered
ORD002840,2024-09-20,2024-09-25,2024-10-09,2024-10-16,returned
ORD002841,2024-06-19,2024-06-24,,,delivered
ORD002842,2024-08-01,2024-08-03,2024-08-17,2024-08-28,returned
ORD002843,2024-10-04,2024-10-09,,,delivered
ORD002844,2024-08-23,2024-08-29,,,delivered
ORD002845,2024-09-29,2024-10-05,,,delivered
ORD002846,2024-12-03,2024-12-09,,,delivered
ORD002847,2024-12-11,2024-12-15,2024-12-22,2025-01-03,returned
ORD002848,2024-06-30,2024-07-03,,,delivered
ORD002849,2024-09-08,2024-09-10,,,delivered
ORD002850,2024-07-24,2024-07-28,2024-08-08,2024-08-19,returned
ORD002851,2024-11-29,2024-12-01,,,delivered
ORD002852,2024-11-16,2024-11-23,2024-12-04,2024-12-15,returned
ORD002853,2024-11-11,2024-11-16,,,delivered
ORD002854,2024-07-17,2024-07-22,2024-08-03,2024-08-17,returned
ORD002855,2024-07-16,2024-07-19,2024-07-29,2024-08-10,returned
ORD002856,2024-06-29,2024-07-03,2024-07-23,2024-07-31,returned
ORD002857,2024-11-13,2024-11-19,2024-11-28,2024-12-06,returned
ORD002858,2024-06-27,2024-07-04,,,delivered
ORD002859,2024-07-30,2024-08-03,,,delivered
ORD002860,2024-08-16,2024-08-19,,,delivered
ORD002861,2024-10-03,2024-10-06,,,delivered
ORD002862,2024-10-19,2024-10-23,,,delivered
ORD002863,2024-12-01,2024-12-05,2024-12-26,2025-01-02,returned
ORD002864,2024-08-01,2024-08-08,,,delivered
ORD002865,2024-12-14,2024-12-21,,,delivered
ORD002866,2024-11-23,2024-11-28,,,delivered
ORD002867,2024-12-29,2025-01-03,2025-01-16,2025-01-24,returned
ORD002868,2024-12-02,2024-12-07,2024-12-24,2024-12-30,returned
ORD002869,2024-07-12,2024-07-18,,,delivered
ORD002870,2024-11-10,2024-11-12,,,delivered
ORD002871,2024-08-09,2024-08-15,,,delivered
ORD002872,2024-12-27,2024-12-29,2025-01-02,2025-01-07,returned
ORD002873,2024-12-21,2024-12-24,,,delivered
ORD002874,2024-08-18,2024-08-23,,,delivered
ORD002875,2024-09-01,2024-09-06,,,delivered
ORD002876,2024-10-25,2024-10-30,,,delivered
ORD002877,2024-08-03,2024-08-05,,,delivered
ORD002878,2024-07-16,2024-07-23,,,delivered
ORD002879,2024-10-09,2024-10-14,2024-10-25,2024-11-03,returned
ORD002880,2024-08-05,2024-08-11,,,delivered
ORD002881,2024-12-13,2024-12-19,,,delivered
ORD002882,2024-07-28,2024-08-02,,,delivered
ORD002883,2024-07-10,2024-07-15,,,delivered
ORD002884,2024-09-29,2024-10-04,,,delivered
ORD002885,2024-09-06,2024-09-10,2024-09-13,2024-09-20,returned
ORD002886,2024-09-06,2024-09-12,,,delivered
ORD002887,2024-11-05,2024-11-08,,,delivered
ORD002888,2024-06-25,2024-06-27,,,delivered
ORD002889,2024-12-06,2024-12-09,,,delivered
ORD002890,2024-12-18,2024-12-24,,,delivered
ORD002891,2024-07-17,2024-07-21,,,delivered
ORD002892,2024-08-03,2024-08-07,,,delivered
ORD002893,2024-07-10,2024-07-15,,,delivered
ORD002894,2024-12-04,2024-12-10,,,delivered
ORD002895,2024-12-30,2025-01-04,,,delivered
ORD002896,2024-09-26,2024-10-02,,,delivered
ORD002897,2024-11-16,2024-11-21,,,delivered
ORD002898,2024-07-22,2024-07-27,2024-08-02,2024-08-13,returned
ORD002899,2024-06-14,2024-06-18,2024-06-25,2024-07-09,returned
ORD002900,2024-07-08,2024-07-11,,,delivered
ORD002901,2024-09-07,2024-09-09,,,delivered
ORD002902,2024-09-05,2024-09-12,,,delivered
ORD002903,2024-07-30,2024-08-04,2024-08-08,2024-08-14,returned
ORD002904,2024-06-25,2024-06-30,,,delivered
ORD002905,2024-08-10,2024-08-14,,,delivered
ORD002906,2024-11-25,2024-11-27,,,delivered
ORD002907,2024-06-24,2024-06-27,,,delivered
ORD002908,2024-11-10,2024-11-16,,,delivered
ORD002909,2024-10-19,2024-10-23,,,delivered
ORD002910,2024-11-27,2024-11-29,2024-12-17,2024-12-27,returned
ORD002911,2024-10-02,2024-10-07,2024-10-27,2024-11-04,returned
ORD002912,2024-12-17,2024-12-20,,,delivered
ORD002913,2024-11-14,2024-11-17,,,delivered
ORD002914,2024-08-03,2024-08-07,,,delivered
ORD002915,2024-09-05,2024-09-08,,,delivered
ORD002916,2024-12-22,2024-12-28,,,delivered
ORD002917,2024-12-05,2024-12-10,,,delivered
ORD002918,2024-08-13,2024-08-15,,,delivered
ORD002919,2024-09-03,2024-09-07,,,delivered
ORD002920,2024-07-01,2024-07-08,,,delivered
ORD002921,2024-11-14,2024-11-21,,,delivered
ORD002922,2024-09-01,2024-09-06,,,delivered
ORD002923,2024-07-23,2024-07-25,,,delivered
ORD002924,2024-07-28,2024-07-30,,,delivered
ORD002925,2024-07-25,2024-07-29,,,delivered
ORD002926,2024-08-12,2024-08-19,,,delivered
ORD002927,2024-09-12,2024-09-17,,,delivered
ORD002928,2024-07-04,2024-07-09,,,delivered
ORD002929,2024-10-29,2024-11-05,2024-11-26,2024-12-09,returned
ORD002930,2024-06-08,2024-06-11,,,delivered
ORD002931,2024-08-21,2024-08-28,,,delivered
ORD002932,2024-08-06,2024-08-13,,,delivered
ORD002933,2024-12-31,2025-01-07,,,delivered
ORD002934,2024-06-12,2024-06-17,,,delivered
ORD002935,2024-11-10,2024-11-15,,,delivered
ORD002936,2024-09-30,2024-10-03,,,delivered
ORD002937,2024-07-05,2024-07-09,,,delivered
ORD002938,2024-11-06,2024-11-12,,,delivered
ORD002939,2024-12-28,2024-12-31,,,delivered
ORD002940,2024-08-08,2024-08-12,,,delivered
ORD002941,2024-12-11,2024-12-18,,,delivered
ORD002942,2024-10-04,2024-10-06,,,delivered
ORD002943,2024-08-27,2024-08-30,,,delivered
ORD002944,2024-12-18,2024-12-25,,,delivered
ORD002945,2024-09-13,2024-09-20,,,delivered
ORD002946,2024-07-20,2024-07-22,,,delivered
ORD002947,2024-10-27,2024-11-03,,,delivered
ORD002948,2024-06-27,2024-07-04,,,delivered
ORD002949,2024-11-15,2024-11-19,,,delivered
ORD002950,2024-06-30,2024-07-04,,,delivered
ORD002951,2024-09-21,2024-09-25,,,delivered
ORD002952,2024-09-19,2024-09-23,,,delivered
ORD002953,2024-10-23,2024-10-25,,,delivered
ORD002954,2024-10-06,2024-10-12,,,delivered
ORD002955,2024-10-27,2024-10-31,,,delivered
ORD002956,2024-08-28,2024-09-03,,,delivered
ORD002957,2024-10-17,2024-10-22,,,delivered
ORD002958,2024-10-09,2024-10-13,,,delivered
ORD002959,2024-10-25,2024-10-29,,,delivered
ORD002960,2024-08-27,2024-08-31,,,delivered
ORD002961,2024-08-17,2024-08-24,,,delivered
ORD002962,2024-11-11,2024-11-17,,,delivered
ORD002963,2024-12-04,2024-12-08,,,delivered
ORD002964,2024-08-27,2024-08-30,,,delivered
ORD002965,2024-06-29,2024-07-01,,,delivered
ORD002966,2024-06-27,2024-06-29,,,delivered
ORD002967,2024-06-12,2024-06-15,,,delivered
ORD002968,2024-10-05,2024-10-11,,,delivered
ORD002969,2024-10-15,2024-10-20,,,delivered
ORD002970,2024-11-06,2024-11-13,,,delivered
ORD002971,2024-07-01,2024-07-03,2024-07-13,2024-07-24,returned
ORD002972,2024-07-11,2024-07-15,,,delivered
ORD002973,2024-11-06,2024-11-08,2024-11-15,2024-11-21,returned
ORD002974,2024-10-30,2024-11-01,,,delivered
ORD002975,2024-10-15,2024-10-20,,,delivered
ORD002976,2024-09-18,2024-09-23,,,delivered
ORD002977,2024-10-24,2024-10-29,2024-11-12,2024-11-19,returned
ORD002978,2024-10-24,2024-10-26,,,delivered
ORD002979,2024-12-03,2024-12-09,,,delivered
ORD002980,2024-12-26,2025-01-01,,,delivered
ORD002981,2024-08-16,2024-08-20,,,delivered
ORD002982,2024-10-13,2024-10-16,,,delivered
ORD002983,2024-07-11,2024-07-18,,,delivered
ORD002984,2024-11-02,2024-11-09,,,delivered
ORD002985,2024-12-28,2025-01-04,,,delivered
ORD002986,2024-11-25,2024-11-30,,,delivered
ORD002987,2024-07-31,2024-08-03,,,delivered
ORD002988,2024-06-27,2024-07-03,2024-07-07,2024-07-17,returned
ORD002989,2024-07-09,2024-07-13,,,delivered
ORD002990,2024-09-11,2024-09-16,,,delivered
ORD002991,2024-11-06,2024-11-08,,,delivered
ORD002992,2024-07-16,2024-07-21,,,delivered
ORD002993,2024-07-29,2024-08-01,2024-08-08,2024-08-22,returned
ORD002994,2024-11-15,2024-11-22,,,delivered
ORD002995,2024-11-05,2024-11-10,,,delivered
ORD002996,2024-07-19,2024-07-21,2024-08-07,2024-08-12,returned
ORD002997,2024-10-02,2024-10-06,,,delivered
ORD002998,2024-08-31,2024-09-06,,,delivered
ORD002999,2024-11-12,2024-11-17,,,delivered
ORD003000,2024-10-08,2024-10-15,2024-10-25,2024-11-04,returned
ORD003001,2024-12-15,2024-12-22,,,delivered
ORD003002,2024-06-22,2024-06-28,,,delivered
ORD003003,2024-12-09,2024-12-15,,,delivered
ORD003004,2024-11-08,2024-11-15,,,delivered
ORD003005,2024-08-01,2024-08-03,,,delivered
ORD003006,2024-10-25,2024-10-29,,,delivered
ORD003007,2024-09-10,2024-09-13,,,delivered
ORD003008,2024-07-15,2024-07-19,,,delivered
ORD003009,2024-12-30,2025-01-04,,,delivered
ORD003010,2024-08-03,2024-08-05,,,delivered
ORD003011,2024-10-28,2024-11-03,,,delivered
ORD003012,2024-11-18,2024-11-25,,,delivered
ORD003013,2024-07-08,2024-07-15,,,delivered
ORD003014,2024-12-28,2025-01-02,,,delivered
ORD003015,2024-08-15,2024-08-20,,,delivered
ORD003016,2024-08-05,2024-08-08,,,delivered
ORD003017,2024-10-22,2024-10-26,,,delivered
ORD003018,2024-06-15,2024-06-21,,,delivered
ORD003019,2024-08-25,2024-08-30,,,delivered
ORD003020,2024-06-30,2024-07-04,,,delivered
ORD003021,2024-10-27,2024-11-02,,,delivered
ORD003022,2024-07-20,2024-07-23,,,delivered
ORD003023,2024-07-16,2024-07-21,,,delivered
ORD003024,2024-10-31,2024-11-03,,,delivered
ORD003025,2024-10-25,2024-10-27,,,delivered
ORD003026,2024-12-11,2024-12-14,,,delivered
ORD003027,2024-07-04,2024-07-10,,,delivered
ORD003028,2024-09-28,2024-10-03,,,delivered
ORD003029,2024-12-23,2024-12-30,,,delivered
ORD003030,2024-11-14,2024-11-21,,,delivered
ORD003031,2024-07-03,2024-07-06,,,delivered
ORD003032,2024-08-12,2024-08-14,,,delivered
ORD003033,2024-07-24,2024-07-29,,,delivered
ORD003034,2024-06-10,2024-06-15,,,delivered
ORD003035,2024-06-21,2024-06-25,,,delivered
ORD003036,2024-07-25,2024-07-28,,,delivered
ORD003037,2024-11-21,2024-11-23,,,delivered
ORD003038,2024-11-30,2024-12-04,,,delivered
ORD003039,2024-12-31,2025-01-04,,,delivered
ORD003040,2024-12-12,2024-12-18,,,delivered
ORD003041,2024-10-29,2024-11-05,,,delivered
ORD003042,2024-10-02,2024-10-04,,,delivered
ORD003043,2024-10-19,2024-10-25,,,delivered
ORD003044,2024-08-11,2024-08-13,,,delivered
ORD003045,2024-12-26,2024-12-28,,,delivered
ORD003046,2024-07-07,2024-07-09,,,delivered
ORD003047,2024-09-21,2024-09-25,,,delivered
ORD003048,2024-08-23,2024-08-26,,,delivered
ORD003049,2024-06-23,2024-06-27,,,delivered
ORD003050,2024-12-01,2024-12-07,,,delivered
ORD003051,2024-08-01,2024-08-03,,,delivered
ORD003052,2024-10-18,2024-10-24,,,delivered
ORD003053,2024-11-21,2024-11-25,,,delivered
ORD003054,2024-11-15,2024-11-22,,,delivered
ORD003055,2024-11-03,2024-11-08,,,delivered
ORD003056,2024-07-03,2024-07-05,,,delivered
ORD003057,2024-09-27,2024-10-04,,,delivered
ORD003058,2024-08-13,2024-08-18,,,delivered
ORD003059,2024-11-10,2024-11-16,,,delivered
ORD003060,2024-10-10,2024-10-17,,,delivered
ORD003061,2024-07-25,2024-07-30,,,delivered
ORD003062,2024-11-06,2024-11-10,,,delivered
ORD003063,2024-08-26,2024-09-02,,,delivered
ORD003064,2024-11-20,2024-11-23,,,delivered
ORD003065,2024-08-04,2024-08-08,,,delivered
ORD003066,2024-07-13,2024-07-18,,,delivered
ORD003067,2024-09-01,2024-09-06,,,delivered
ORD003068,2024-07-06,2024-07-10,,,delivered
ORD003069,2024-12-11,2024-12-15,,,delivered
ORD003070,2024-12-06,2024-12-13,,,delivered
ORD003071,2024-08-06,2024-08-10,,,delivered
ORD003072,2024-07-20,2024-07-23,,,delivered
ORD003073,2024-12-30,2025-01-02,2025-01-20,2025-02-01,returned
ORD003074,2024-11-07,2024-11-09,,,delivered
ORD003075,2024-10-13,2024-10-19,,,delivered
ORD003076,2024-11-18,2024-11-21,,,delivered
ORD003077,2024-12-03,2024-12-06,,,delivered
ORD003078,2024-08-07,2024-08-12,,,delivered
ORD003079,2024-08-10,2024-08-14,,,delivered
ORD003080,2024-08-28,2024-09-01,,,delivered
ORD003081,2024-10-16,2024-10-19,,,delivered
ORD003082,2024-11-21,2024-11-23,2024-12-09,2024-12-20,returned
ORD003083,2024-08-14,2024-08-20,,,delivered
ORD003084,2024-09-29,2024-10-02,,,delivered
ORD003085,2024-09-28,2024-10-04,,,delivered
ORD003086,2024-10-04,2024-10-08,,,delivered
ORD003087,2024-12-24,2024-12-30,,,delivered
ORD003088,2024-12-12,2024-12-14,,,delivered
ORD003089,2024-11-05,2024-11-09,,,delivered
ORD003090,2024-07-25,2024-08-01,,,delivered
ORD003091,2024-12-06,2024-12-13,,,delivered
ORD003092,2024-08-22,2024-08-25,,,delivered
ORD003093,2024-07-17,2024-07-21,,,delivered
ORD003094,2024-11-10,2024-11-15,,,delivered
ORD003095,2024-09-01,2024-09-07,,,delivered
ORD003096,2024-08-04,2024-08-06,,,delivered
ORD003097,2024-09-20,2024-09-24,,,delivered
ORD003098,2024-12-04,2024-12-08,2024-12-29,2025-01-06,returned
ORD003099,2024-11-05,2024-11-10,,,delivered
ORD003100,2024-11-01,2024-11-04,,,delivered
ORD003101,2024-12-07,2024-12-10,,,delivered
ORD003102,2024-11-22,2024-11-24,2024-12-12,2024-12-22,returned
ORD003103,2024-08-24,2024-08-28,,,delivered
ORD003104,2024-08-30,2024-09-02,,,delivered
ORD003105,2024-11-24,2024-11-29,,,delivered
ORD003106,2024-08-12,2024-08-19,,,delivered
ORD003107,2024-12-15,2024-12-20,,,delivered
ORD003108,2024-07-26,2024-08-02,,,delivered
ORD003109,2024-09-13,2024-09-16,,,delivered
ORD003110,2024-08-06,2024-08-13,2024-08-29,2024-09-08,returned
ORD003111,2024-08-12,2024-08-16,2024-09-04,2024-09-11,returned
ORD003112,2024-10-30,2024-11-04,2024-11-18,2024-11-27,returned
ORD003113,2024-09-14,2024-09-19,2024-10-10,2024-10-16,returned
ORD003114,2024-11-18,2024-11-25,,,delivered
ORD003115,2024-10-30,2024-11-05,2024-11-26,2024-12-08,returned
ORD003116,2024-10-15,2024-10-22,,,delivered
ORD003117,2024-09-12,2024-09-19,,,delivered
ORD003118,2024-11-08,2024-11-15,,,delivered
ORD003119,2024-11-08,2024-11-14,,,delivered
ORD003120,2024-08-11,2024-08-17,2024-08-23,2024-09-01,returned
ORD003121,2024-12-07,2024-12-14,,,delivered
ORD003122,2024-08-24,2024-08-31,2024-09-12,2024-09-19,returned
ORD003123,2024-09-11,2024-09-17,,,delivered
ORD003124,2024-11-16,2024-11-19,,,delivered
ORD003125,2024-12-20,2024-12-26,,,delivered
ORD003126,2024-11-06,2024-11-11,,,delivered
ORD003127,2024-09-18,2024-09-24,,,delivered
ORD003128,2024-10-18,2024-10-23,,,delivered
ORD003129,2024-11-11,2024-11-13,2024-11-26,2024-12-07,returned
ORD003130,2024-08-10,2024-08-12,,,delivered
ORD003131,2024-09-22,2024-09-26,2024-10-10,2024-10-20,returned
ORD003132,2024-09-19,2024-09-21,2024-10-09,2024-10-18,returned
ORD003133,2024-08-30,2024-09-06,2024-09-26,2024-10-02,returned
ORD003134,2024-07-29,2024-08-04,,,delivered
ORD003135,2024-09-18,2024-09-24,2024-10-09,2024-10-15,returned
ORD003136,2024-12-05,2024-12-09,,,delivered
ORD003137,2024-12-08,2024-12-14,,,delivered
ORD003138,2024-08-24,2024-08-26,2024-08-31,2024-09-12,returned
ORD003139,2024-12-28,2025-01-04,2025-01-23,2025-02-04,returned
ORD003140,2024-10-18,2024-10-24,,,delivered
ORD003141,2024-10-12,2024-10-14,,,delivered
ORD003142,2024-08-19,2024-08-26,2024-09-03,2024-09-14,returned
ORD003143,2024-07-22,2024-07-25,,,delivered
ORD003144,2024-08-08,2024-08-10,2024-08-24,2024-09-04,returned
ORD003145,2024-09-23,2024-09-30,,,delivered
ORD003146,2024-12-02,2024-12-05,,,delivered
ORD003147,2024-10-05,2024-10-10,,,delivered
ORD003148,2024-10-26,2024-10-30,,,delivered
ORD003149,2024-08-28,2024-08-30,2024-09-05,2024-09-16,returned
ORD003150,2024-12-16,2024-12-21,,,delivered
ORD003151,2024-12-15,2024-12-21,,,delivered
ORD003152,2024-09-02,2024-09-06,,,delivered
ORD003153,2024-11-28,2024-12-01,,,delivered
ORD003154,2024-11-06,2024-11-09,2024-11-24,2024-12-07,returned
ORD003155,2024-08-18,2024-08-25,,,delivered
ORD003156,2024-12-14,2024-12-20,,,delivered
ORD003157,2024-07-26,2024-08-02,,,delivered
ORD003158,2024-12-16,2024-12-18,,,delivered
ORD003159,2024-08-27,2024-09-03,,,delivered
ORD003160,2024-08-10,2024-08-17,2024-08-24,2024-09-01,returned
ORD003161,2024-09-15,2024-09-20,2024-09-26,2024-10-01,returned
ORD003162,2024-07-28,2024-08-02,,,delivered
ORD003163,2024-08-29,2024-09-01,2024-09-14,2024-09-26,returned
ORD003164,2024-09-14,2024-09-20,,,delivered
ORD003165,2024-12-30,2025-01-01,2025-01-09,2025-01-17,returned
ORD003166,2024-10-04,2024-10-07,2024-10-19,2024-11-01,returned
ORD003167,2024-08-17,2024-08-23,,,delivered
ORD003168,2024-09-11,2024-09-13,,,delivered
ORD003169,2024-09-07,2024-09-12,,,delivered
ORD003170,2024-10-07,2024-10-11,2024-10-20,2024-10-26,returned
ORD003171,2024-10-12,2024-10-15,,,delivered
ORD003172,2024-10-16,2024-10-23,2024-10-27,2024-11-05,returned
ORD003173,2024-08-29,2024-09-01,,,delivered
ORD003174,2024-10-11,2024-10-13,,,delivered
ORD003175,2024-12-09,2024-12-16,2024-12-31,2025-01-12,returned
ORD003176,2024-08-05,2024-08-12,,,delivered
ORD003177,2024-11-01,2024-11-07,,,delivered
ORD003178,2024-08-28,2024-09-02,,,delivered
ORD003179,2024-10-30,2024-11-02,,,delivered
ORD003180,2024-10-20,2024-10-22,2024-11-04,2024-11-13,returned
ORD003181,2024-09-14,2024-09-18,,,delivered
ORD003182,2024-07-28,2024-07-31,2024-08-06,2024-08-19,returned
ORD003183,2024-10-10,2024-10-13,,,delivered
ORD003184,2024-11-03,2024-11-06,2024-11-20,2024-11-29,returned
ORD003185,2024-10-06,2024-10-08,,,delivered
ORD003186,2024-10-23,2024-10-29,2024-11-16,2024-11-24,returned
ORD003187,2024-09-16,2024-09-18,2024-09-28,2024-10-08,returned
ORD003188,2024-08-02,2024-08-04,,,delivered
ORD003189,2024-08-25,2024-08-29,,,delivered
ORD003190,2024-07-26,2024-07-28,,,delivered
ORD003191,2024-09-12,2024-09-17,,,delivered
ORD003192,2024-09-23,2024-09-28,2024-10-04,2024-10-17,returned
ORD003193,2024-08-07,2024-08-12,,,delivered
ORD003194,2024-10-06,2024-10-09,,,delivered
ORD003195,2024-09-10,2024-09-16,,,delivered
ORD003196,2024-11-20,2024-11-23,2024-12-09,2024-12-22,returned
ORD003197,2024-09-08,2024-09-10,,,delivered
ORD003198,2024-09-06,2024-09-08,,,delivered
ORD003199,2024-12-19,2024-12-23,,,delivered
ORD003200,2024-12-25,2024-12-31,2025-01-12,2025-01-25,returned
ORD003201,2024-07-07,2024-07-09,2024-07-26,2024-08-02,returned
ORD003202,2024-08-01,2024-08-06,,,delivered
ORD003203,2024-12-10,2024-12-14,,,delivered
ORD003204,2024-09-02,2024-09-06,,,delivered
ORD003205,2024-10-25,2024-10-31,,,delivered
ORD003206,2024-11-30,2024-12-04,,,delivered
ORD003207,2024-08-23,2024-08-27,,,delivered
ORD003208,2024-12-06,2024-12-09,2024-12-16,2024-12-23,returned
ORD003209,2024-11-08,2024-11-15,,,delivered
ORD003210,2024-11-20,2024-11-25,,,delivered
ORD003211,2024-09-16,2024-09-18,2024-09-25,2024-10-01,returned
ORD003212,2024-08-06,2024-08-08,,,delivered
ORD003213,2024-09-17,2024-09-22,2024-10-10,2024-10-17,returned
ORD003214,2024-07-31,2024-08-03,,,delivered
ORD003215,2024-12-28,2025-01-03,,,delivered
ORD003216,2024-09-09,2024-09-16,2024-09-28,2024-10-07,returned
ORD003217,2024-11-14,2024-11-18,,,delivered
ORD003218,2024-12-18,2024-12-25,,,delivered
ORD003219,2024-11-01,2024-11-03,2024-11-18,2024-11-30,returned
ORD003220,2024-10-19,2024-10-23,,,delivered
ORD003221,2024-08-26,2024-08-29,2024-09-03,2024-09-08,returned
ORD003222,2024-12-17,2024-12-20,,,delivered
ORD003223,2024-08-01,2024-08-06,2024-08-15,2024-08-24,returned
ORD003224,2024-11-08,2024-11-11,,,delivered
ORD003225,2024-09-15,2024-09-20,2024-09-26,2024-10-01,returned
ORD003226,2024-11-12,2024-11-19,,,delivered
ORD003227,2024-09-23,2024-09-27,,,delivered
ORD003228,2024-07-26,2024-07-30,2024-08-16,2024-08-26,returned
ORD003229,2024-08-21,2024-08-24,,,delivered
ORD003230,2024-10-08,2024-10-13,2024-10-23,2024-11-02,returned
ORD003231,2024-08-08,2024-08-15,,,delivered
ORD003232,2024-09-09,2024-09-15,,,delivered
ORD003233,2024-08-08,2024-08-11,,,delivered
ORD003234,2024-09-29,2024-10-05,,,delivered
ORD003235,2024-10-10,2024-10-16,,,delivered
ORD003236,2024-12-26,2025-01-01,,,delivered
ORD003237,2024-08-27,2024-09-03,,,delivered
ORD003238,2024-12-05,2024-12-08,,,delivered
ORD003239,2024-11-13,2024-11-16,,,delivered
ORD003240,2024-08-03,2024-08-06,,,delivered
ORD003241,2024-10-12,2024-10-14,2024-10-22,2024-10-29,returned
ORD003242,2024-12-06,2024-12-11,2024-12-22,2025-01-02,returned
ORD003243,2024-08-27,2024-09-02,,,delivered
ORD003244,2024-08-27,2024-08-30,,,delivered
ORD003245,2024-09-11,2024-09-17,,,delivered
ORD003246,2024-08-10,2024-08-15,,,delivered
ORD003247,2024-11-26,2024-11-29,,,delivered
ORD003248,2024-12-24,2024-12-26,2025-01-08,2025-01-21,returned
ORD003249,2024-08-08,2024-08-15,,,delivered
ORD003250,2024-12-23,2024-12-28,2025-01-10,2025-01-17,returned
ORD003251,2024-12-19,2024-12-22,,,delivered
ORD003252,2024-10-03,2024-10-10,,,delivered
ORD003253,2024-10-16,2024-10-23,,,delivered
ORD003254,2024-07-25,2024-08-01,,,delivered
ORD003255,2024-10-23,2024-10-25,2024-11-06,2024-11-11,returned
ORD003256,2024-09-23,2024-09-26,,,delivered
ORD003257,2024-09-16,2024-09-23,2024-10-04,2024-10-11,returned
ORD003258,2024-09-18,2024-09-21,,,delivered
ORD003259,2024-08-14,2024-08-21,,,delivered
ORD003260,2024-08-27,2024-09-01,,,delivered
ORD003261,2024-08-31,2024-09-03,2024-09-23,2024-10-02,returned
ORD003262,2024-12-15,2024-12-18,,,delivered
ORD003263,2024-10-23,2024-10-25,,,delivered
ORD003264,2024-10-27,2024-10-30,2024-11-05,2024-11-15,returned
ORD003265,2024-12-05,2024-12-12,,,delivered
ORD003266,2024-12-30,2025-01-02,,,delivered
ORD003267,2024-11-19,2024-11-22,,,delivered
ORD003268,2024-11-30,2024-12-05,2024-12-21,2025-01-04,returned
ORD003269,2024-09-09,2024-09-16,2024-09-25,2024-10-06,returned
ORD003270,2024-09-17,2024-09-23,,,delivered
ORD003271,2024-08-05,2024-08-12,,,delivered
ORD003272,2025-01-01,2025-01-05,,,delivered
ORD003273,2024-08-03,2024-08-05,,,delivered
ORD003274,2024-10-07,2024-10-13,2024-10-31,2024-11-13,returned
ORD003275,2024-11-03,2024-11-07,,,delivered
ORD003276,2024-12-30,2025-01-01,,,delivered
ORD003277,2024-10-10,2024-10-17,2024-10-29,2024-11-07,returned
ORD003278,2024-11-12,2024-11-19,2024-12-02,2024-12-10,returned
ORD003279,2024-07-31,2024-08-03,,,delivered
ORD003280,2024-10-29,2024-11-03,2024-11-21,2024-12-03,returned
ORD003281,2024-10-21,2024-10-26,,,delivered
ORD003282,2024-11-27,2024-12-03,2024-12-15,2024-12-22,returned
ORD003283,2024-10-06,2024-10-09,2024-10-14,2024-10-27,returned
ORD003284,2024-07-25,2024-07-31,,,delivered
ORD003285,2024-12-08,2024-12-15,2024-12-30,2025-01-05,returned
ORD003286,2024-12-25,2024-12-30,,,delivered
ORD003287,2024-09-29,2024-10-02,,,delivered
ORD003288,2024-10-13,2024-10-17,2024-10-25,2024-11-07,returned
ORD003289,2024-11-21,2024-11-27,,,delivered
ORD003290,2024-10-11,2024-10-13,2024-10-26,2024-11-04,returned
ORD003291,2024-09-30,2024-10-02,,,delivered
ORD003292,2024-09-23,2024-09-29,,,delivered
ORD003293,2024-10-09,2024-10-13,2024-10-30,2024-11-11,returned
ORD003294,2024-11-10,2024-11-14,,,delivered
ORD003295,2024-08-06,2024-08-10,,,delivered
ORD003296,2024-12-08,2024-12-14,,,delivered
ORD003297,2024-07-25,2024-07-27,,,delivered
ORD003298,2024-08-09,2024-08-16,,,delivered
ORD003299,2024-10-25,2024-10-27,,,delivered
ORD003300,2024-09-13,2024-09-17,,,delivered
ORD003301,2024-11-22,2024-11-26,,,delivered
ORD003302,2024-09-02,2024-09-07,,,delivered
ORD003303,2024-10-21,2024-10-23,,,delivered
ORD003304,2024-11-20,2024-11-25,2024-12-13,2024-12-22,returned
ORD003305,2024-07-16,2024-07-18,,,delivered
ORD003306,2024-10-21,2024-10-25,,,delivered
ORD003307,2024-11-03,2024-11-07,,,delivered
ORD003308,2024-12-28,2024-12-31,,,delivered
ORD003309,2024-10-17,2024-10-20,2024-10-31,2024-11-10,returned
ORD003310,2024-09-21,2024-09-24,,,delivered
ORD003311,2024-09-06,2024-09-09,,,delivered
ORD003312,2024-12-23,2024-12-27,,,delivered
ORD003313,2024-08-08,2024-08-14,,,delivered
ORD003314,2024-12-17,2024-12-22,,,delivered
ORD003315,2024-11-07,2024-11-09,2024-11-22,2024-12-05,returned
ORD003316,2024-09-10,2024-09-13,,,delivered
ORD003317,2024-12-05,2024-12-08,,,delivered
ORD003318,2024-11-29,2024-12-05,,,delivered
ORD003319,2024-12-27,2025-01-01,,,delivered
ORD003320,2024-12-31,2025-01-02,,,delivered
ORD003321,2024-10-17,2024-10-23,2024-11-08,2024-11-20,returned
ORD003322,2024-10-10,2024-10-17,,,delivered
ORD003323,2024-07-08,2024-07-15,2024-07-31,2024-08-06,returned
ORD003324,2024-09-13,2024-09-17,,,delivered
ORD003325,2024-10-26,2024-11-01,2024-11-10,2024-11-18,returned
ORD003326,2024-10-03,2024-10-07,,,delivered
ORD003327,2024-09-05,2024-09-09,,,delivered
ORD003328,2024-12-04,2024-12-09,,,delivered
ORD003329,2024-08-11,2024-08-16,,,delivered
ORD003330,2024-10-22,2024-10-29,,,delivered
ORD003331,2024-10-06,2024-10-09,,,delivered
ORD003332,2024-07-11,2024-07-17,,,delivered
ORD003333,2024-12-31,2025-01-04,,,delivered
ORD003334,2024-09-21,2024-09-24,,,delivered
ORD003335,2024-11-03,2024-11-05,,,delivered
ORD003336,2024-10-29,2024-11-05,2024-11-15,2024-11-27,returned
ORD003337,2024-11-13,2024-11-17,,,delivered
ORD003338,2024-11-26,2024-12-03,,,delivered
ORD003339,2024-07-21,2024-07-24,,,delivered
ORD003340,2024-08-03,2024-08-05,,,delivered
ORD003341,2024-12-26,2024-12-29,,,delivered
ORD003342,2024-10-23,2024-10-30,2024-11-04,2024-11-15,returned
ORD003343,2024-10-18,2024-10-25,2024-11-13,2024-11-24,returned
ORD003344,2024-08-07,2024-08-14,,,delivered
ORD003345,2024-11-19,2024-11-23,2024-12-10,2024-12-23,returned
ORD003346,2024-10-29,2024-11-04,,,delivered
ORD003347,2024-12-14,2024-12-17,,,delivered
ORD003348,2024-08-17,2024-08-19,,,delivered
ORD003349,2024-08-13,2024-08-15,,,delivered
ORD003350,2024-11-15,2024-11-17,,,delivered
ORD003351,2024-12-14,2024-12-19,,,delivered
ORD003352,2024-08-05,2024-08-09,,,delivered
ORD003353,2024-12-31,2025-01-02,,,delivered
ORD003354,2024-08-20,2024-08-26,2024-09-02,2024-09-13,returned
ORD003355,2024-12-06,2024-12-11,,,delivered
ORD003356,2024-10-10,2024-10-12,,,delivered
ORD003357,2024-11-16,2024-11-23,,,delivered
ORD003358,2024-08-19,2024-08-26,,,delivered
ORD003359,2024-10-30,2024-11-06,,,delivered
ORD003360,2024-12-21,2024-12-25,,,delivered
ORD003361,2024-12-31,2025-01-07,2025-01-28,2025-02-10,returned
ORD003362,2024-10-08,2024-10-13,,,delivered
ORD003363,2024-08-23,2024-08-25,2024-09-08,2024-09-17,returned
ORD003364,2024-08-19,2024-08-25,,,delivered
ORD003365,2024-09-30,2024-10-06,,,delivered
ORD003366,2024-09-30,2024-10-06,,,delivered
ORD003367,2024-10-09,2024-10-16,,,delivered
ORD003368,2024-11-13,2024-11-19,,,delivered
ORD003369,2024-10-30,2024-11-06,,,delivered
ORD003370,2024-12-19,2024-12-26,,,delivered
ORD003371,2024-07-26,2024-07-28,,,delivered
ORD003372,2024-09-27,2024-10-01,,,delivered
ORD003373,2024-08-30,2024-09-04,,,delivered
ORD003374,2024-11-08,2024-11-12,,,delivered
ORD003375,2024-11-17,2024-11-20,,,delivered
ORD003376,2024-10-11,2024-10-15,2024-10-18,2024-10-27,returned
ORD003377,2024-09-21,2024-09-23,,,delivered
ORD003378,2024-07-27,2024-07-30,,,delivered
ORD003379,2024-12-28,2025-01-04,,,delivered
ORD003380,2024-07-23,2024-07-29,,,delivered
ORD003381,2024-11-09,2024-11-16,,,delivered
ORD003382,2024-08-16,2024-08-23,,,delivered
ORD003383,2024-07-31,2024-08-02,,,delivered
ORD003384,2024-10-10,2024-10-12,,,delivered
ORD003385,2024-09-20,2024-09-27,,,delivered
ORD003386,2024-09-11,2024-09-15,,,delivered
ORD003387,2024-09-20,2024-09-27,,,delivered
ORD003388,2024-11-07,2024-11-10,,,delivered
ORD003389,2024-07-02,2024-07-08,2024-07-29,2024-08-04,returned
ORD003390,2024-11-07,2024-11-09,,,delivered
ORD003391,2024-09-10,2024-09-17,,,delivered
ORD003392,2024-09-25,2024-09-28,,,delivered
ORD003393,2024-10-30,2024-11-04,2024-11-08,2024-11-14,returned
ORD003394,2024-07-12,2024-07-18,,,delivered
ORD003395,2024-07-17,2024-07-21,,,delivered
ORD003396,2024-12-29,2025-01-05,,,delivered
ORD003397,2024-12-27,2025-01-02,,,delivered
ORD003398,2024-12-28,2025-01-04,,,delivered
ORD003399,2024-11-18,2024-11-23,,,delivered
ORD003400,2024-11-30,2024-12-05,,,delivered
ORD003401,2024-12-13,2024-12-15,,,delivered
ORD003402,2024-10-05,2024-10-09,,,delivered
ORD003403,2024-09-24,2024-09-30,,,delivered
ORD003404,2024-07-30,2024-08-01,,,delivered
ORD003405,2024-11-10,2024-11-15,2024-12-01,2024-12-13,returned
ORD003406,2024-12-17,2024-12-21,,,delivered
ORD003407,2024-11-12,2024-11-15,,,delivered
ORD003408,2024-08-21,2024-08-27,,,delivered
ORD003409,2024-08-01,2024-08-08,,,delivered
ORD003410,2024-10-11,2024-10-17,,,delivered
ORD003411,2024-09-22,2024-09-25,,,delivered
ORD003412,2024-10-12,2024-10-16,2024-10-20,2024-10-31,returned
ORD003413,2024-10-28,2024-10-31,,,delivered
ORD003414,2024-10-15,2024-10-22,,,delivered
ORD003415,2024-11-22,2024-11-25,,,delivered
ORD003416,2024-07-14,2024-07-18,,,delivered
ORD003417,2024-08-18,2024-08-24,2024-09-04,2024-09-17,returned
ORD003418,2024-11-19,2024-11-24,,,delivered
ORD003419,2024-09-05,2024-09-11,,,delivered
ORD003420,2024-08-15,2024-08-17,,,delivered
ORD003421,2024-09-19,2024-09-26,,,delivered
ORD003422,2024-08-22,2024-08-26,,,delivered
ORD003423,2024-12-13,2024-12-20,,,delivered
ORD003424,2024-08-26,2024-08-28,,,delivered
ORD003425,2024-10-02,2024-10-04,,,delivered
ORD003426,2024-09-23,2024-09-26,,,delivered
ORD003427,2024-08-14,2024-08-20,,,delivered
ORD003428,2024-09-03,2024-09-05,,,delivered
ORD003429,2024-08-19,2024-08-25,,,delivered
ORD003430,2024-12-03,2024-12-06,,,delivered
ORD003431,2024-09-06,2024-09-08,,,delivered
ORD003432,2024-07-26,2024-07-31,,,delivered
ORD003433,2024-08-03,2024-08-08,,,delivered
ORD003434,2024-10-29,2024-11-01,2024-11-14,2024-11-21,returned
ORD003435,2024-09-12,2024-09-16,,,delivered
ORD003436,2024-12-25,2024-12-28,,,delivered
ORD003437,2024-09-10,2024-09-12,,,delivered
ORD003438,2024-10-04,2024-10-07,,,delivered
ORD003439,2024-11-27,2024-12-03,,,delivered
ORD003440,2024-12-07,2024-12-09,,,delivered
ORD003441,2024-10-25,2024-10-29,,,delivered
ORD003442,2024-10-21,2024-10-23,,,delivered
ORD003443,2025-01-01,2025-01-04,,,delivered
ORD003444,2024-11-20,2024-11-26,,,delivered
ORD003445,2024-09-05,2024-09-10,2024-09-24,2024-10-03,returned
ORD003446,2024-09-07,2024-09-12,,,delivered
ORD003447,2024-11-03,2024-11-10,,,delivered
ORD003448,2024-12-16,2024-12-22,,,delivered
ORD003449,2024-09-04,2024-09-08,,,delivered
ORD003450,2024-08-17,2024-08-19,,,delivered
ORD003451,2024-10-18,2024-10-23,2024-11-13,2024-11-27,returned
ORD003452,2024-12-11,2024-12-17,,,delivered
ORD003453,2024-11-21,2024-11-27,,,delivered
ORD003454,2024-08-11,2024-08-15,,,delivered
ORD003455,2024-09-02,2024-09-09,,,delivered
ORD003456,2024-12-14,2024-12-16,,,delivered
ORD003457,2024-09-26,2024-10-01,,,delivered
ORD003458,2024-10-17,2024-10-21,,,delivered
ORD003459,2024-08-25,2024-08-30,,,delivered
ORD003460,2024-09-14,2024-09-19,,,delivered
ORD003461,2024-11-30,2024-12-06,,,delivered
ORD003462,2024-12-18,2024-12-21,,,delivered
ORD003463,2024-08-09,2024-08-12,,,delivered
ORD003464,2024-08-14,2024-08-20,,,delivered
ORD003465,2024-12-29,2025-01-02,,,delivered
ORD003466,2024-07-26,2024-08-01,2024-08-10,2024-08-15,returned
ORD003467,2024-08-27,2024-09-03,,,delivered
ORD003468,2024-11-06,2024-11-08,,,delivered
ORD003469,2024-12-27,2025-01-02,,,delivered
ORD003470,2024-10-13,2024-10-16,,,delivered
ORD003471,2024-12-11,2024-12-16,,,delivered
ORD003472,2024-12-13,2024-12-15,,,delivered
ORD003473,2024-11-20,2024-11-26,,,delivered
ORD003474,2024-08-15,2024-08-22,,,delivered
ORD003475,2024-10-30,2024-11-01,,,delivered
ORD003476,2024-12-09,2024-12-13,,,delivered
ORD003477,2024-12-31,2025-01-05,,,delivered
ORD003478,2024-09-20,2024-09-24,,,delivered
ORD003479,2024-12-11,2024-12-18,,,delivered
ORD003480,2024-10-09,2024-10-14,,,delivered
ORD003481,2024-12-22,2024-12-25,,,delivered
ORD003482,2024-08-12,2024-08-19,,,delivered
ORD003483,2024-11-09,2024-11-11,2024-11-20,2024-12-02,returned
ORD003484,2024-07-14,2024-07-19,,,delivered
ORD003485,2024-08-07,2024-08-13,,,delivered
ORD003486,2024-09-28,2024-10-02,,,delivered
ORD003487,2024-08-13,2024-08-19,,,delivered
ORD003488,2024-11-29,2024-12-04,,,delivered
ORD003489,2024-10-16,2024-10-21,,,delivered
ORD003490,2024-12-16,2024-12-23,,,delivered
ORD003491,2024-08-08,2024-08-10,,,delivered
ORD003492,2024-11-09,2024-11-14,,,delivered
ORD003493,2024-11-28,2024-12-02,,,delivered
ORD003494,2024-08-27,2024-09-01,,,delivered
ORD003495,2024-11-19,2024-11-24,,,delivered
ORD003496,2024-11-27,2024-11-30,,,delivered
ORD003497,2024-08-29,2024-09-03,,,delivered
ORD003498,2024-09-11,2024-09-14,,,delivered
ORD003499,2024-09-10,2024-09-13,2024-10-03,2024-10-09,returned
ORD003500,2024-11-06,2024-11-12,2024-11-19,2024-11-26,returned
ORD003501,2024-08-30,2024-09-02,,,delivered
ORD003502,2024-07-08,2024-07-12,,,delivered
ORD003503,2024-12-03,2024-12-05,,,delivered
ORD003504,2024-11-18,2024-11-21,,,delivered
ORD003505,2024-12-15,2024-12-21,,,delivered
ORD003506,2024-10-04,2024-10-10,,,delivered
ORD003507,2024-11-01,2024-11-04,,,delivered
ORD003508,2024-12-10,2024-12-14,,,delivered
ORD003509,2024-08-06,2024-08-12,,,delivered
ORD003510,2024-10-11,2024-10-17,2024-10-26,2024-11-07,returned
ORD003511,2024-09-23,2024-09-25,2024-09-30,2024-10-07,returned
ORD003512,2024-07-30,2024-08-02,,,delivered
ORD003513,2024-10-28,2024-11-02,2024-11-23,2024-12-01,returned
ORD003514,2024-11-04,2024-11-09,,,delivered
ORD003515,2024-07-18,2024-07-23,,,delivered
ORD003516,2024-12-15,2024-12-22,,,delivered
ORD003517,2024-09-04,2024-09-10,,,delivered
ORD003518,2024-11-03,2024-11-05,,,delivered
ORD003519,2024-12-10,2024-12-16,,,delivered
ORD003520,2024-10-24,2024-10-30,,,delivered
ORD003521,2024-11-10,2024-11-16,,,delivered
ORD003522,2024-09-09,2024-09-15,,,delivered
ORD003523,2024-10-27,2024-10-29,,,delivered
ORD003524,2024-11-29,2024-12-02,,,delivered
ORD003525,2024-11-11,2024-11-16,2024-11-19,2024-11-28,returned
ORD003526,2024-12-14,2024-12-19,,,delivered
ORD003527,2024-09-23,2024-09-30,,,delivered
ORD003528,2024-09-05,2024-09-12,,,delivered
ORD003529,2024-07-23,2024-07-27,,,delivered
ORD003530,2024-11-18,2024-11-25,,,delivered
ORD003531,2024-11-08,2024-11-15,,,delivered
ORD003532,2024-11-26,2024-12-02,,,delivered
ORD003533,2024-08-30,2024-09-01,2024-09-06,2024-09-14,returned
ORD003534,2024-08-03,2024-08-06,,,delivered
ORD003535,2024-10-29,2024-11-01,,,delivered
ORD003536,2024-12-15,2024-12-20,,,delivered
ORD003537,2024-11-08,2024-11-13,2024-11-25,2024-12-09,returned
ORD003538,2024-10-05,2024-10-11,,,delivered
ORD003539,2024-09-13,2024-09-18,2024-10-08,2024-10-16,returned
ORD003540,2024-11-07,2024-11-10,2024-11-30,2024-12-05,returned
ORD003541,2024-09-24,2024-09-26,,,delivered
ORD003542,2024-09-25,2024-10-02,,,delivered
ORD003543,2024-10-24,2024-10-27,,,delivered
ORD003544,2024-11-10,2024-11-13,,,delivered
ORD003545,2024-12-09,2024-12-14,,,delivered
ORD003546,2024-11-27,2024-12-02,,,delivered
ORD003547,2024-09-03,2024-09-06,,,delivered
ORD003548,2024-10-08,2024-10-13,,,delivered
ORD003549,2024-10-14,2024-10-18,,,delivered
ORD003550,2024-08-17,2024-08-19,,,delivered
ORD003551,2024-08-30,2024-09-04,,,delivered
ORD003552,2024-11-03,2024-11-08,,,delivered
ORD003553,2024-12-18,2024-12-24,,,delivered
ORD003554,2024-09-16,2024-09-20,,,delivered
ORD003555,2024-09-24,2024-09-26,2024-10-09,2024-10-22,returned
ORD003556,2024-12-10,2024-12-16,,,delivered
ORD003557,2024-12-21,2024-12-28,,,delivered
ORD003558,2024-10-15,2024-10-17,,,delivered
ORD003559,2024-12-07,2024-12-14,,,delivered
ORD003560,2024-08-11,2024-08-17,,,delivered
ORD003561,2024-11-16,2024-11-23,,,delivered
ORD003562,2024-08-28,2024-09-03,,,delivered
ORD003563,2024-10-13,2024-10-16,,,delivered
ORD003564,2024-09-16,2024-09-18,,,delivered
ORD003565,2024-10-16,2024-10-22,,,delivered
ORD003566,2024-08-30,2024-09-06,,,delivered
ORD003567,2024-09-27,2024-10-03,,,delivered
ORD003568,2024-10-27,2024-10-31,,,delivered
ORD003569,2024-10-09,2024-10-16,,,delivered
ORD003570,2024-11-10,2024-11-16,,,delivered
ORD003571,2024-08-27,2024-09-03,2024-09-10,2024-09-15,returned
ORD003572,2024-08-30,2024-09-01,,,delivered
ORD003573,2024-10-12,2024-10-18,,,delivered
ORD003574,2024-09-23,2024-09-29,,,delivered
ORD003575,2024-10-05,2024-10-07,,,delivered
ORD003576,2024-10-11,2024-10-16,2024-10-24,2024-11-01,returned
ORD003577,2024-08-10,2024-08-17,,,delivered
ORD003578,2024-07-26,2024-08-02,,,delivered
ORD003579,2024-09-15,2024-09-20,,,delivered
ORD003580,2024-07-30,2024-08-06,,,delivered
ORD003581,2024-10-05,2024-10-11,,,delivered
ORD003582,2024-09-04,2024-09-06,,,delivered
ORD003583,2024-10-26,2024-11-01,,,delivered
ORD003584,2024-11-08,2024-11-12,,,delivered
ORD003585,2024-11-19,2024-11-21,,,delivered
ORD003586,2024-08-20,2024-08-26,,,delivered
ORD003587,2024-08-12,2024-08-16,,,delivered
ORD003588,2024-10-04,2024-10-08,,,delivered
ORD003589,2024-12-21,2024-12-25,,,delivered
ORD003590,2024-09-28,2024-10-03,2024-10-15,2024-10-22,returned
ORD003591,2024-10-22,2024-10-28,,,delivered
ORD003592,2024-11-19,2024-11-21,2024-12-09,2024-12-22,returned
ORD003593,2024-12-21,2024-12-27,,,delivered
ORD003594,2024-07-28,2024-08-02,,,delivered
ORD003595,2024-07-25,2024-07-30,2024-08-03,2024-08-10,returned
ORD003596,2024-08-09,2024-08-15,,,delivered
ORD003597,2024-09-19,2024-09-25,,,delivered
ORD003598,2024-10-21,2024-10-28,2024-11-06,2024-11-12,returned
ORD003599,2024-10-02,2024-10-08,,,delivered
ORD003600,2024-08-25,2024-08-29,,,delivered
ORD003601,2024-09-15,2024-09-17,,,delivered
ORD003602,2024-12-06,2024-12-08,2024-12-11,2024-12-20,returned
ORD003603,2024-07-30,2024-08-02,,,delivered
ORD003604,2024-11-06,2024-11-12,,,delivered
ORD003605,2024-10-06,2024-10-12,,,delivered
ORD003606,2024-12-25,2024-12-28,2025-01-07,2025-01-16,returned
ORD003607,2024-07-31,2024-08-02,2024-08-09,2024-08-18,returned
ORD003608,2024-08-07,2024-08-11,,,delivered
ORD003609,2024-07-17,2024-07-21,,,delivered
ORD003610,2024-09-23,2024-09-30,,,delivered
ORD003611,2024-09-12,2024-09-15,,,delivered
ORD003612,2024-12-01,2024-12-03,,,delivered
ORD003613,2024-10-24,2024-10-27,,,delivered
ORD003614,2024-09-25,2024-10-01,,,delivered
ORD003615,2024-09-26,2024-09-30,,,delivered
ORD003616,2024-07-21,2024-07-27,,,delivered
ORD003617,2024-10-30,2024-11-04,,,delivered
ORD003618,2024-12-02,2024-12-09,,,delivered
ORD003619,2024-10-05,2024-10-11,,,delivered
ORD003620,2024-11-11,2024-11-13,,,delivered
ORD003621,2024-12-09,2024-12-14,,,delivered
ORD003622,2024-11-13,2024-11-20,,,delivered
ORD003623,2024-10-20,2024-10-25,,,delivered
ORD003624,2024-10-01,2024-10-04,,,delivered
ORD003625,2024-12-16,2024-12-21,,,delivered
ORD003626,2024-11-24,2024-12-01,,,delivered
ORD003627,2024-11-03,2024-11-07,,,delivered
ORD003628,2024-09-08,2024-09-14,,,delivered
ORD003629,2024-09-21,2024-09-25,,,delivered
ORD003630,2024-09-15,2024-09-21,,,delivered
ORD003631,2024-12-28,2024-12-30,,,delivered
ORD003632,2024-09-05,2024-09-07,,,delivered
ORD003633,2024-09-30,2024-10-04,,,delivered
ORD003634,2024-12-11,2024-12-13,,,delivered
ORD003635,2024-08-05,2024-08-07,,,delivered
ORD003636,2024-08-20,2024-08-27,,,delivered
ORD003637,2024-08-16,2024-08-20,,,delivered
ORD003638,2024-11-02,2024-11-09,,,delivered
ORD003639,2024-07-11,2024-07-14,,,delivered
ORD003640,2024-10-03,2024-10-08,,,delivered
ORD003641,2024-12-13,2024-12-15,,,delivered
ORD003642,2024-10-24,2024-10-29,2024-11-14,2024-11-27,returned
ORD003643,2024-10-13,2024-10-17,,,delivered
ORD003644,2024-07-18,2024-07-22,,,delivered
ORD003645,2024-08-08,2024-08-14,,,delivered
ORD003646,2024-10-13,2024-10-15,,,delivered
ORD003647,2024-09-25,2024-09-29,,,delivered
ORD003648,2024-10-28,2024-11-02,,,delivered
ORD003649,2024-09-25,2024-09-29,,,delivered
ORD003650,2024-07-17,2024-07-22,,,delivered
ORD003651,2024-12-05,2024-12-07,2024-12-21,2024-12-26,returned
ORD003652,2024-07-15,2024-07-19,2024-08-09,2024-08-19,returned
ORD003653,2024-10-18,2024-10-20,,,delivered
ORD003654,2024-09-28,2024-10-05,,,delivered
ORD003655,2024-10-06,2024-10-10,,,delivered
ORD003656,2024-08-29,2024-08-31,,,delivered
ORD003657,2024-12-27,2025-01-01,,,delivered
ORD003658,2024-10-04,2024-10-06,,,delivered
ORD003659,2024-12-18,2024-12-23,2025-01-12,2025-01-25,returned
ORD003660,2024-10-23,2024-10-27,2024-11-03,2024-11-14,returned
ORD003661,2024-12-05,2024-12-08,,,delivered
ORD003662,2024-08-25,2024-09-01,,,delivered
ORD003663,2024-11-30,2024-12-04,,,delivered
ORD003664,2024-08-29,2024-08-31,2024-09-10,2024-09-18,returned
ORD003665,2024-08-22,2024-08-25,,,delivered
ORD003666,2024-12-09,2024-12-15,,,delivered
ORD003667,2024-10-23,2024-10-25,,,delivered
ORD003668,2024-09-10,2024-09-17,,,delivered
ORD003669,2024-10-02,2024-10-04,,,delivered
ORD003670,2024-08-15,2024-08-20,,,delivered
ORD003671,2024-09-13,2024-09-18,,,delivered
ORD003672,2024-12-12,2024-12-14,,,delivered
ORD003673,2024-10-11,2024-10-14,,,delivered
ORD003674,2024-10-28,2024-11-01,,,delivered
ORD003675,2024-07-30,2024-08-02,,,delivered
ORD003676,2024-10-26,2024-10-30,,,delivered
ORD003677,2024-10-29,2024-11-03,,,delivered
ORD003678,2024-11-01,2024-11-06,,,delivered
ORD003679,2024-09-29,2024-10-06,,,delivered
ORD003680,2024-11-24,2024-12-01,2024-12-15,2024-12-27,returned
ORD003681,2024-08-18,2024-08-24,,,delivered
ORD003682,2024-09-01,2024-09-04,,,delivered
ORD003683,2024-09-25,2024-10-01,,,delivered
ORD003684,2024-08-21,2024-08-23,,,delivered
ORD003685,2024-07-30,2024-08-01,,,delivered
ORD003686,2024-11-25,2024-11-27,,,delivered
ORD003687,2024-07-28,2024-07-31,,,delivered
ORD003688,2024-08-25,2024-08-29,,,delivered
ORD003689,2024-10-15,2024-10-22,,,delivered
ORD003690,2024-09-12,2024-09-18,,,delivered
ORD003691,2024-08-08,2024-08-15,,,delivered
ORD003692,2024-11-01,2024-11-08,,,delivered
ORD003693,2024-11-07,2024-11-13,,,delivered
ORD003694,2024-09-11,2024-09-15,,,delivered
ORD003695,2024-10-13,2024-10-20,,,delivered
ORD003696,2024-12-25,2024-12-30,,,delivered
ORD003697,2024-12-07,2024-12-11,,,delivered
ORD003698,2024-11-07,2024-11-12,,,delivered
ORD003699,2024-07-22,2024-07-26,,,delivered
ORD003700,2024-12-15,2024-12-18,,,delivered
ORD003701,2024-12-30,2025-01-02,,,delivered
ORD003702,2024-10-05,2024-10-09,,,delivered
ORD003703,2024-12-07,2024-12-10,,,delivered
ORD003704,2024-10-06,2024-10-13,,,delivered
ORD003705,2024-10-26,2024-11-02,,,delivered
ORD003706,2024-08-20,2024-08-26,,,delivered
ORD003707,2024-08-30,2024-09-05,,,delivered
ORD003708,2024-08-31,2024-09-04,,,delivered
ORD003709,2024-08-28,2024-09-03,,,delivered
ORD003710,2024-10-01,2024-10-04,,,delivered
ORD003711,2024-12-22,2024-12-24,2025-01-09,2025-01-16,returned
ORD003712,2024-10-23,2024-10-26,,,delivered
ORD003713,2024-12-05,2024-12-11,2024-12-15,2024-12-29,returned
ORD003714,2024-10-01,2024-10-05,,,delivered
ORD003715,2024-10-04,2024-10-06,2024-10-27,2024-11-05,returned
ORD003716,2024-10-04,2024-10-09,2024-10-18,2024-10-26,returned
ORD003717,2024-12-20,2024-12-22,,,delivered
ORD003718,2024-12-17,2024-12-23,,,delivered
ORD003719,2024-09-22,2024-09-29,,,delivered
ORD003720,2024-11-08,2024-11-13,2024-11-27,2024-12-07,returned
ORD003721,2024-09-19,2024-09-25,,,delivered
ORD003722,2024-12-06,2024-12-13,,,delivered
ORD003723,2024-11-03,2024-11-06,,,delivered
ORD003724,2024-11-02,2024-11-04,,,delivered
ORD003725,2024-12-14,2024-12-20,,,delivered
ORD003726,2024-11-19,2024-11-23,,,delivered
ORD003727,2024-10-11,2024-10-17,2024-10-29,2024-11-10,returned
ORD003728,2024-12-09,2024-12-16,,,delivered
ORD003729,2024-09-21,2024-09-28,,,delivered
ORD003730,2024-12-09,2024-12-14,,,delivered
ORD003731,2024-11-09,2024-11-13,,,delivered
ORD003732,2024-10-16,2024-10-19,,,delivered
ORD003733,2024-09-25,2024-10-02,,,delivered
ORD003734,2024-12-31,2025-01-05,2025-01-18,2025-01-24,returned
ORD003735,2024-10-08,2024-10-11,2024-10-25,2024-11-08,returned
ORD003736,2024-11-19,2024-11-23,2024-12-09,2024-12-15,returned
ORD003737,2024-09-02,2024-09-05,2024-09-09,2024-09-15,returned
ORD003738,2024-10-31,2024-11-04,2024-11-08,2024-11-20,returned
ORD003739,2024-12-14,2024-12-20,,,delivered
ORD003740,2024-12-20,2024-12-24,,,delivered
ORD003741,2024-08-05,2024-08-07,2024-08-24,2024-09-05,returned
ORD003742,2024-11-16,2024-11-23,,,delivered
ORD003743,2024-10-02,2024-10-07,2024-10-11,2024-10-17,returned
ORD003744,2024-11-05,2024-11-07,2024-11-27,2024-12-05,returned
ORD003745,2024-10-15,2024-10-20,,,delivered
ORD003746,2024-11-22,2024-11-26,2024-12-17,2024-12-28,returned
ORD003747,2024-08-27,2024-08-30,,,delivered
ORD003748,2024-11-23,2024-11-27,,,delivered
ORD003749,2024-10-30,2024-11-02,,,delivered
ORD003750,2024-11-02,2024-11-05,,,delivered
ORD003751,2024-12-26,2024-12-31,2025-01-13,2025-01-21,returned
ORD003752,2024-10-25,2024-10-30,,,delivered
ORD003753,2024-09-15,2024-09-18,2024-10-08,2024-10-19,returned
ORD003754,2024-12-18,2024-12-21,,,delivered
ORD003755,2024-11-07,2024-11-10,2024-11-21,2024-11-26,returned
ORD003756,2024-09-23,2024-09-30,,,delivered
ORD003757,2024-12-01,2024-12-03,,,delivered
ORD003758,2024-12-30,2025-01-03,,,delivered
ORD003759,2024-12-28,2024-12-31,,,delivered
ORD003760,2024-11-17,2024-11-24,,,delivered
ORD003761,2024-09-27,2024-10-03,,,delivered
ORD003762,2024-12-11,2024-12-17,,,delivered
ORD003763,2024-08-15,2024-08-19,2024-08-23,2024-08-28,returned
ORD003764,2024-12-13,2024-12-16,,,delivered
ORD003765,2024-12-19,2024-12-24,,,delivered
ORD003766,2024-08-18,2024-08-22,2024-08-25,2024-09-07,returned
ORD003767,2024-12-20,2024-12-25,,,delivered
ORD003768,2024-09-05,2024-09-12,2024-09-30,2024-10-13,returned
ORD003769,2024-10-24,2024-10-28,,,delivered
ORD003770,2024-12-22,2024-12-25,2025-01-08,2025-01-14,returned
ORD003771,2024-12-14,2024-12-20,,,delivered
ORD003772,2024-10-03,2024-10-05,2024-10-13,2024-10-24,returned
ORD003773,2024-09-18,2024-09-21,,,delivered
ORD003774,2024-11-26,2024-12-03,2024-12-15,2024-12-29,returned
ORD003775,2024-12-22,2024-12-28,2025-01-16,2025-01-25,returned
ORD003776,2024-12-17,2024-12-22,,,delivered
ORD003777,2024-10-29,2024-11-01,2024-11-12,2024-11-21,returned
ORD003778,2024-10-14,2024-10-19,,,delivered
ORD003779,2024-11-24,2024-11-30,2024-12-08,2024-12-20,returned
ORD003780,2024-11-28,2024-12-04,,,delivered
ORD003781,2024-12-20,2024-12-26,,,delivered
ORD003782,2024-09-25,2024-09-28,,,delivered
ORD003783,2024-08-30,2024-09-06,2024-09-13,2024-09-18,returned
ORD003784,2024-10-26,2024-10-30,,,delivered
ORD003785,2024-08-31,2024-09-04,2024-09-21,2024-09-26,returned
ORD003786,2024-11-13,2024-11-17,2024-11-26,2024-12-04,returned
ORD003787,2024-09-27,2024-10-01,,,delivered
ORD003788,2024-12-24,2024-12-28,2025-01-08,2025-01-21,returned
ORD003789,2024-09-10,2024-09-14,,,delivered
ORD003790,2024-10-08,2024-10-14,2024-11-02,2024-11-09,returned
ORD003791,2024-10-09,2024-10-14,,,delivered
ORD003792,2024-12-29,2025-01-03,2025-01-15,2025-01-24,returned
ORD003793,2024-12-14,2024-12-17,2025-01-04,2025-01-12,returned
ORD003794,2024-10-19,2024-10-23,,,delivered
ORD003795,2024-12-11,2024-12-13,,,delivered
ORD003796,2024-12-19,2024-12-25,2024-12-28,2025-01-05,returned
ORD003797,2024-10-13,2024-10-15,2024-11-04,2024-11-10,returned
ORD003798,2024-11-08,2024-11-10,2024-11-20,2024-12-04,returned
ORD003799,2024-09-12,2024-09-14,,,delivered
ORD003800,2024-12-06,2024-12-13,2024-12-25,2024-12-30,returned
ORD003801,2024-09-02,2024-09-06,2024-09-20,2024-10-04,returned
ORD003802,2024-11-28,2024-12-04,,,delivered
ORD003803,2024-09-21,2024-09-24,,,delivered
ORD003804,2024-09-14,2024-09-19,2024-09-28,2024-10-07,returned
ORD003805,2024-10-22,2024-10-26,2024-11-07,2024-11-15,returned
ORD003806,2024-10-25,2024-10-29,,,delivered
ORD003807,2024-08-27,2024-08-31,,,delivered
ORD003808,2024-09-16,2024-09-23,,,delivered
ORD003809,2024-10-28,2024-11-01,,,delivered
ORD003810,2024-08-17,2024-08-19,,,delivered
ORD003811,2024-10-18,2024-10-21,,,delivered
ORD003812,2024-09-18,2024-09-24,,,delivered
ORD003813,2024-09-22,2024-09-28,,,delivered
ORD003814,2024-10-19,2024-10-25,2024-11-14,2024-11-20,returned
ORD003815,2024-10-31,2024-11-02,,,delivered
ORD003816,2024-10-14,2024-10-19,2024-10-24,2024-11-07,returned
ORD003817,2024-10-12,2024-10-19,2024-11-07,2024-11-20,returned
ORD003818,2024-11-03,2024-11-08,,,delivered
ORD003819,2024-10-27,2024-10-30,2024-11-17,2024-11-23,returned
ORD003820,2024-10-17,2024-10-22,,,delivered
ORD003821,2024-12-11,2024-12-15,,,delivered
ORD003822,2024-09-02,2024-09-06,,,delivered
ORD003823,2024-11-04,2024-11-10,,,delivered
ORD003824,2024-11-20,2024-11-25,,,delivered
ORD003825,2024-11-15,2024-11-20,2024-11-29,2024-12-12,returned
ORD003826,2024-12-02,2024-12-05,,,delivered
ORD003827,2024-10-08,2024-10-11,,,delivered
ORD003828,2024-10-28,2024-10-31,,,delivered
ORD003829,2024-09-16,2024-09-19,,,delivered
ORD003830,2024-09-23,2024-09-26,,,delivered
ORD003831,2024-11-12,2024-11-14,,,delivered
ORD003832,2024-09-16,2024-09-22,,,delivered
ORD003833,2024-12-10,2024-12-13,2024-12-20,2025-01-01,returned
ORD003834,2024-12-02,2024-12-06,2024-12-09,2024-12-16,returned
ORD003835,2024-10-29,2024-11-02,2024-11-15,2024-11-28,returned
ORD003836,2024-09-25,2024-10-01,,,delivered
ORD003837,2024-11-20,2024-11-24,,,delivered
ORD003838,2024-10-17,2024-10-23,,,delivered
ORD003839,2024-10-20,2024-10-23,2024-11-02,2024-11-10,returned
ORD003840,2024-08-17,2024-08-19,2024-09-07,2024-09-13,returned
ORD003841,2024-12-15,2024-12-19,,,delivered
ORD003842,2024-12-08,2024-12-12,2025-01-01,2025-01-06,returned
ORD003843,2024-10-15,2024-10-22,,,delivered
ORD003844,2024-10-04,2024-10-06,,,delivered
ORD003845,2024-10-09,2024-10-12,2024-10-31,2024-11-13,returned
ORD003846,2024-10-11,2024-10-14,,,delivered
ORD003847,2024-12-02,2024-12-05,,,delivered
ORD003848,2024-12-28,2025-01-04,,,delivered
ORD003849,2024-09-09,2024-09-15,2024-09-19,2024-10-03,returned
ORD003850,2024-11-24,2024-11-28,2024-12-09,2024-12-21,returned
ORD003851,2024-12-27,2025-01-02,,,delivered
ORD003852,2024-10-03,2024-10-05,,,delivered
ORD003853,2024-08-29,2024-09-01,2024-09-08,2024-09-17,returned
ORD003854,2024-09-16,2024-09-21,2024-09-28,2024-10-04,returned
ORD003855,2024-12-01,2024-12-05,2024-12-21,2024-12-27,returned
ORD003856,2024-10-15,2024-10-18,,,delivered
ORD003857,2024-12-17,2024-12-21,2025-01-07,2025-01-15,returned
ORD003858,2024-09-10,2024-09-13,2024-10-01,2024-10-06,returned
ORD003859,2024-11-09,2024-11-13,,,delivered
ORD003860,2025-01-01,2025-01-05,2025-01-20,2025-01-28,returned
ORD003861,2024-09-04,2024-09-11,,,delivered
ORD003862,2024-12-24,2024-12-26,,,delivered
ORD003863,2024-10-06,2024-10-08,2024-10-22,2024-11-03,returned
ORD003864,2024-09-05,2024-09-12,2024-09-18,2024-10-01,returned
ORD003865,2024-08-22,2024-08-29,,,delivered
ORD003866,2024-08-18,2024-08-22,,,delivered
ORD003867,2024-12-07,2024-12-10,,,delivered
ORD003868,2024-09-25,2024-10-02,,,delivered
ORD003869,2024-09-05,2024-09-08,,,delivered
ORD003870,2024-08-16,2024-08-21,,,delivered
ORD003871,2024-12-06,2024-12-10,,,delivered
ORD003872,2024-09-02,2024-09-08,,,delivered
ORD003873,2024-10-12,2024-10-16,,,delivered
ORD003874,2024-10-03,2024-10-05,,,delivered
ORD003875,2024-10-24,2024-10-28,,,delivered
ORD003876,2024-10-16,2024-10-22,,,delivered
ORD003877,2024-10-15,2024-10-21,,,delivered
ORD003878,2024-11-05,2024-11-10,,,delivered
ORD003879,2024-09-16,2024-09-20,,,delivered
ORD003880,2024-12-05,2024-12-10,,,delivered
ORD003881,2024-08-27,2024-08-31,2024-09-16,2024-09-26,returned
ORD003882,2024-09-18,2024-09-25,,,delivered
ORD003883,2024-10-10,2024-10-13,2024-10-27,2024-11-01,returned
ORD003884,2024-11-01,2024-11-06,,,delivered
ORD003885,2024-12-19,2024-12-22,,,delivered
ORD003886,2024-08-22,2024-08-29,,,delivered
ORD003887,2024-11-09,2024-11-14,,,delivered
ORD003888,2024-09-28,2024-10-01,,,delivered
ORD003889,2024-09-27,2024-09-30,,,delivered
ORD003890,2024-08-13,2024-08-15,,,delivered
ORD003891,2024-08-31,2024-09-02,,,delivered
ORD003892,2024-11-15,2024-11-20,,,delivered
ORD003893,2024-11-19,2024-11-21,,,delivered
ORD003894,2024-11-22,2024-11-24,,,delivered
ORD003895,2024-10-09,2024-10-11,,,delivered
ORD003896,2025-01-01,2025-01-05,,,delivered
ORD003897,2024-09-23,2024-09-26,,,delivered
ORD003898,2024-10-27,2024-10-31,,,delivered
ORD003899,2024-08-22,2024-08-28,,,delivered
ORD003900,2024-11-21,2024-11-24,,,delivered
ORD003901,2024-10-11,2024-10-14,,,delivered
ORD003902,2024-09-16,2024-09-18,,,delivered
ORD003903,2024-12-04,2024-12-09,2024-12-23,2025-01-02,returned
ORD003904,2024-08-25,2024-08-29,,,delivered
ORD003905,2024-08-05,2024-08-09,2024-08-21,2024-09-04,returned
ORD003906,2024-08-23,2024-08-28,,,delivered
ORD003907,2024-11-22,2024-11-27,,,delivered
ORD003908,2024-10-27,2024-10-31,,,delivered
ORD003909,2024-12-01,2024-12-03,,,delivered
ORD003910,2024-08-17,2024-08-19,,,delivered
ORD003911,2024-08-18,2024-08-21,,,delivered
ORD003912,2024-10-20,2024-10-22,,,delivered
ORD003913,2024-11-13,2024-11-19,,,delivered
ORD003914,2024-10-16,2024-10-21,,,delivered
ORD003915,2024-12-01,2024-12-03,,,delivered
ORD003916,2024-09-10,2024-09-13,2024-10-04,2024-10-12,returned
ORD003917,2024-12-25,2024-12-31,,,delivered
ORD003918,2024-11-15,2024-11-22,,,delivered
ORD003919,2024-09-06,2024-09-10,,,delivered
ORD003920,2024-10-04,2024-10-10,,,delivered
ORD003921,2024-09-21,2024-09-25,,,delivered
ORD003922,2024-11-30,2024-12-06,,,delivered
ORD003923,2024-11-26,2024-11-30,,,delivered
ORD003924,2024-11-03,2024-11-06,,,delivered
ORD003925,2024-11-01,2024-11-08,,,delivered
ORD003926,2024-09-13,2024-09-17,,,delivered
ORD003927,2024-09-30,2024-10-07,2024-10-23,2024-10-30,returned
ORD003928,2024-09-01,2024-09-06,,,delivered
ORD003929,2024-09-20,2024-09-26,,,delivered
ORD003930,2024-12-26,2025-01-01,,,delivered
ORD003931,2024-12-23,2024-12-26,,,delivered
ORD003932,2024-10-29,2024-11-05,2024-11-23,2024-11-28,returned
ORD003933,2024-08-23,2024-08-26,,,delivered
ORD003934,2024-10-16,2024-10-18,,,delivered
ORD003935,2024-10-05,2024-10-07,,,delivered
ORD003936,2024-08-28,2024-09-02,,,delivered
ORD003937,2024-09-20,2024-09-23,2024-10-01,2024-10-08,returned
ORD003938,2024-12-18,2024-12-25,,,delivered
ORD003939,2024-09-09,2024-09-16,,,delivered
ORD003940,2024-10-02,2024-10-09,,,delivered
ORD003941,2024-10-21,2024-10-25,,,delivered
ORD003942,2024-09-03,2024-09-07,,,delivered
ORD003943,2024-11-29,2024-12-03,,,delivered
ORD003944,2024-12-22,2024-12-27,,,delivered
ORD003945,2024-09-15,2024-09-22,,,delivered
ORD003946,2024-12-19,2024-12-21,,,delivered
ORD003947,2024-10-12,2024-10-16,,,delivered
ORD003948,2024-12-06,2024-12-09,,,delivered
ORD003949,2024-09-17,2024-09-24,,,delivered
ORD003950,2024-11-21,2024-11-27,,,delivered
ORD003951,2024-11-24,2024-11-30,,,delivered
ORD003952,2024-10-24,2024-10-31,,,delivered
ORD003953,2024-09-04,2024-09-07,,,delivered
ORD003954,2024-08-31,2024-09-05,,,delivered
ORD003955,2024-11-30,2024-12-04,,,delivered
ORD003956,2024-09-08,2024-09-14,2024-09-30,2024-10-05,returned
ORD003957,2024-10-02,2024-10-05,2024-10-09,2024-10-14,returned
ORD003958,2024-10-25,2024-10-31,2024-11-19,2024-11-26,returned
ORD003959,2024-12-11,2024-12-18,2024-12-27,2025-01-09,returned
ORD003960,2024-10-17,2024-10-19,,,delivered
ORD003961,2024-10-05,2024-10-11,,,delivered
ORD003962,2024-09-17,2024-09-20,,,delivered
ORD003963,2024-11-15,2024-11-22,,,delivered
ORD003964,2024-11-29,2024-12-04,,,delivered
ORD003965,2024-11-01,2024-11-07,,,delivered
ORD003966,2024-10-06,2024-10-08,,,delivered
ORD003967,2024-10-24,2024-10-30,,,delivered
ORD003968,2024-08-31,2024-09-06,,,delivered
ORD003969,2024-09-09,2024-09-16,,,delivered
ORD003970,2024-09-24,2024-09-27,,,delivered
ORD003971,2024-10-26,2024-11-02,,,delivered
ORD003972,2024-11-22,2024-11-28,,,delivered
ORD003973,2024-09-13,2024-09-18,,,delivered
ORD003974,2024-09-27,2024-10-01,,,delivered
ORD003975,2024-09-10,2024-09-17,2024-09-23,2024-09-28,returned
ORD003976,2025-01-01,2025-01-08,,,delivered
ORD003977,2024-08-27,2024-09-02,,,delivered
ORD003978,2024-12-19,2024-12-22,,,delivered
ORD003979,2024-09-02,2024-09-06,2024-09-22,2024-10-05,returned
ORD003980,2024-11-25,2024-11-27,,,delivered
ORD003981,2024-10-20,2024-10-26,,,delivered
ORD003982,2024-09-23,2024-09-28,,,delivered
ORD003983,2024-10-20,2024-10-27,2024-11-07,2024-11-19,returned
ORD003984,2024-09-15,2024-09-21,,,delivered
ORD003985,2024-09-24,2024-09-30,,,delivered
ORD003986,2024-12-12,2024-12-19,,,delivered
ORD003987,2024-08-31,2024-09-07,2024-09-13,2024-09-24,returned
ORD003988,2024-09-11,2024-09-14,,,delivered
ORD003989,2024-09-15,2024-09-22,2024-09-26,2024-10-09,returned
ORD003990,2024-11-07,2024-11-13,,,delivered
ORD003991,2024-09-08,2024-09-14,2024-09-29,2024-10-12,returned
ORD003992,2024-11-15,2024-11-18,2024-12-04,2024-12-16,returned
ORD003993,2024-09-30,2024-10-05,,,delivered
ORD003994,2024-10-12,2024-10-18,,,delivered
ORD003995,2024-10-09,2024-10-14,,,delivered
ORD003996,2024-11-16,2024-11-20,,,delivered
ORD003997,2024-10-05,2024-10-10,,,delivered
ORD003998,2024-09-11,2024-09-16,,,delivered
ORD003999,2024-11-25,2024-11-27,2024-12-14,2024-12-24,returned
ORD004000,2024-09-23,2024-09-25,,,delivered
ORD004001,2024-08-22,2024-08-24,,,delivered
ORD004002,2024-09-30,2024-10-06,,,delivered
ORD004003,2024-11-04,2024-11-06,2024-11-15,2024-11-28,returned
ORD004004,2024-08-30,2024-09-05,,,delivered
ORD004005,2024-11-28,2024-11-30,,,delivered
ORD004006,2024-12-19,2024-12-21,,,delivered
ORD004007,2024-10-31,2024-11-04,,,delivered
ORD004008,2024-09-20,2024-09-26,,,delivered
ORD004009,2024-08-30,2024-09-02,2024-09-05,2024-09-17,returned
ORD004010,2024-10-31,2024-11-02,2024-11-20,2024-12-02,returned
ORD004011,2024-11-02,2024-11-08,,,delivered
ORD004012,2024-09-15,2024-09-21,2024-10-11,2024-10-22,returned
ORD004013,2024-11-10,2024-11-16,,,delivered
ORD004014,2024-11-17,2024-11-21,2024-12-07,2024-12-13,returned
ORD004015,2024-10-04,2024-10-09,,,delivered
ORD004016,2024-09-22,2024-09-24,,,delivered
ORD004017,2024-10-03,2024-10-09,2024-10-12,2024-10-19,returned
ORD004018,2024-10-11,2024-10-13,,,delivered
ORD004019,2024-11-30,2024-12-03,,,delivered
ORD004020,2024-10-16,2024-10-23,,,delivered
ORD004021,2024-09-29,2024-10-03,,,delivered
ORD004022,2024-12-18,2024-12-23,,,delivered
ORD004023,2024-10-08,2024-10-15,,,delivered
ORD004024,2024-08-27,2024-08-31,2024-09-05,2024-09-17,returned
ORD004025,2024-10-28,2024-11-01,,,delivered
ORD004026,2024-11-13,2024-11-18,,,delivered
ORD004027,2024-09-04,2024-09-09,,,delivered
ORD004028,2024-12-22,2024-12-27,,,delivered
ORD004029,2024-08-16,2024-08-21,,,delivered
ORD004030,2024-12-24,2024-12-28,,,delivered
ORD004031,2024-11-28,2024-12-04,,,delivered
ORD004032,2024-09-18,2024-09-21,,,delivered
ORD004033,2024-09-04,2024-09-10,,,delivered
ORD004034,2024-10-11,2024-10-14,,,delivered
ORD004035,2024-12-10,2024-12-17,,,delivered
ORD004036,2024-12-28,2025-01-01,,,delivered
ORD004037,2024-09-26,2024-10-02,,,delivered
ORD004038,2024-12-16,2024-12-23,,,delivered
ORD004039,2024-12-17,2024-12-20,,,delivered
ORD004040,2024-11-04,2024-11-10,,,delivered
ORD004041,2024-11-28,2024-12-03,,,delivered
ORD004042,2024-09-02,2024-09-06,,,delivered
ORD004043,2024-09-28,2024-10-04,,,delivered
ORD004044,2024-11-24,2024-11-29,,,delivered
ORD004045,2024-09-11,2024-09-15,,,delivered
ORD004046,2024-10-06,2024-10-11,,,delivered
ORD004047,2024-08-29,2024-09-02,,,delivered
ORD004048,2024-08-09,2024-08-15,,,delivered
ORD004049,2024-10-25,2024-10-27,,,delivered
ORD004050,2024-11-29,2024-12-06,,,delivered
ORD004051,2024-11-20,2024-11-25,,,delivered
ORD004052,2024-12-13,2024-12-20,,,delivered
ORD004053,2024-09-20,2024-09-24,,,delivered
ORD004054,2024-10-08,2024-10-11,,,delivered
ORD004055,2024-12-05,2024-12-11,,,delivered
ORD004056,2024-08-08,2024-08-13,,,delivered
ORD004057,2024-08-29,2024-09-03,,,delivered
ORD004058,2024-12-31,2025-01-04,,,delivered
ORD004059,2024-08-28,2024-09-03,,,delivered
ORD004060,2024-11-05,2024-11-10,,,delivered
ORD004061,2024-10-13,2024-10-19,,,delivered
ORD004062,2024-10-21,2024-10-26,,,delivered
ORD004063,2024-11-15,2024-11-21,,,delivered
ORD004064,2024-12-26,2024-12-28,,,delivered
ORD004065,2024-12-25,2024-12-30,,,delivered
ORD004066,2024-08-29,2024-09-04,,,delivered
ORD004067,2024-09-25,2024-09-30,,,delivered
ORD004068,2024-11-13,2024-11-20,,,delivered
ORD004069,2024-08-13,2024-08-20,,,delivered
ORD004070,2024-12-22,2024-12-24,,,delivered
ORD004071,2024-12-07,2024-12-12,,,delivered
ORD004072,2024-11-17,2024-11-22,2024-12-10,2024-12-21,returned
ORD004073,2024-10-01,2024-10-08,,,delivered
ORD004074,2024-12-14,2024-12-16,,,delivered
ORD004075,2024-09-01,2024-09-04,,,delivered
ORD004076,2024-10-21,2024-10-23,,,delivered
ORD004077,2024-10-24,2024-10-27,,,delivered
ORD004078,2024-12-21,2024-12-28,,,delivered
ORD004079,2024-09-22,2024-09-26,,,delivered
ORD004080,2024-09-10,2024-09-13,,,delivered
ORD004081,2024-10-27,2024-10-30,,,delivered
ORD004082,2024-12-11,2024-12-14,,,delivered
ORD004083,2024-10-25,2024-10-29,,,delivered
ORD004084,2024-11-07,2024-11-10,,,delivered
ORD004085,2024-11-09,2024-11-15,,,delivered
ORD004086,2024-09-16,2024-09-18,,,delivered
ORD004087,2024-09-15,2024-09-19,,,delivered
ORD004088,2024-10-21,2024-10-28,,,delivered
ORD004089,2024-10-11,2024-10-16,2024-10-24,2024-10-30,returned
ORD004090,2024-10-21,2024-10-28,,,delivered
ORD004091,2024-12-26,2024-12-29,,,delivered
ORD004092,2024-10-17,2024-10-21,,,delivered
ORD004093,2024-12-08,2024-12-10,2024-12-31,2025-01-09,returned
ORD004094,2024-08-23,2024-08-25,,,delivered
ORD004095,2024-09-22,2024-09-28,,,delivered
ORD004096,2024-10-20,2024-10-24,2024-11-04,2024-11-14,returned
ORD004097,2024-11-23,2024-11-27,,,delivered
ORD004098,2024-10-30,2024-11-03,,,delivered
ORD004099,2024-12-19,2024-12-24,,,delivered
ORD004100,2024-10-14,2024-10-18,,,delivered
ORD004101,2024-10-22,2024-10-29,,,delivered
ORD004102,2024-10-27,2024-11-02,,,delivered
ORD004103,2024-12-06,2024-12-11,,,delivered
ORD004104,2024-11-03,2024-11-09,,,delivered
ORD004105,2024-10-07,2024-10-09,,,delivered
ORD004106,2024-10-28,2024-11-04,,,delivered
ORD004107,2024-10-11,2024-10-16,,,delivered
ORD004108,2024-10-31,2024-11-06,,,delivered
ORD004109,2024-10-01,2024-10-06,,,delivered
ORD004110,2024-10-10,2024-10-17,,,delivered
ORD004111,2024-08-21,2024-08-24,,,delivered
ORD004112,2024-09-19,2024-09-26,,,delivered
ORD004113,2024-08-27,2024-09-03,,,delivered
ORD004114,2024-10-18,2024-10-25,,,delivered
ORD004115,2024-10-19,2024-10-23,,,delivered
ORD004116,2024-12-22,2024-12-25,,,delivered
ORD004117,2024-09-18,2024-09-23,2024-09-29,2024-10-08,returned
ORD004118,2024-09-09,2024-09-12,,,delivered
ORD004119,2024-09-06,2024-09-12,,,delivered
ORD004120,2024-12-29,2025-01-04,,,delivered
ORD004121,2024-08-25,2024-08-31,,,delivered
ORD004122,2024-12-09,2024-12-14,,,delivered
ORD004123,2024-10-29,2024-11-04,,,delivered
ORD004124,2024-08-15,2024-08-21,,,delivered
ORD004125,2024-11-09,2024-11-14,,,delivered
ORD004126,2024-10-31,2024-11-06,,,delivered
ORD004127,2024-10-01,2024-10-08,,,delivered
ORD004128,2024-09-15,2024-09-17,,,delivered
ORD004129,2024-09-10,2024-09-16,2024-09-23,2024-10-01,returned
ORD004130,2024-09-12,2024-09-14,,,delivered
ORD004131,2024-08-11,2024-08-15,,,delivered
ORD004132,2024-10-29,2024-11-04,,,delivered
ORD004133,2024-10-10,2024-10-15,,,delivered
ORD004134,2024-11-08,2024-11-15,,,delivered
ORD004135,2024-09-14,2024-09-17,,,delivered
ORD004136,2024-09-15,2024-09-20,,,delivered
ORD004137,2024-09-16,2024-09-21,,,delivered
ORD004138,2024-12-20,2024-12-26,,,delivered
ORD004139,2024-09-01,2024-09-06,,,delivered
ORD004140,2024-08-08,2024-08-14,,,delivered
ORD004141,2024-10-29,2024-11-03,,,delivered
ORD004142,2024-10-08,2024-10-12,,,delivered
ORD004143,2024-09-26,2024-09-28,2024-10-07,2024-10-21,returned
ORD004144,2024-12-26,2024-12-29,,,delivered
ORD004145,2024-09-18,2024-09-23,,,delivered
ORD004146,2024-10-16,2024-10-22,,,delivered
ORD004147,2024-09-08,2024-09-12,,,delivered
ORD004148,2024-09-24,2024-10-01,,,delivered
ORD004149,2024-12-05,2024-12-12,,,delivered
ORD004150,2024-11-01,2024-11-05,,,delivered
ORD004151,2024-11-17,2024-11-24,,,delivered
ORD004152,2024-09-25,2024-10-01,2024-10-14,2024-10-22,returned
ORD004153,2024-08-16,2024-08-20,,,delivered
ORD004154,2024-11-12,2024-11-18,,,delivered
ORD004155,2024-08-11,2024-08-18,,,delivered
ORD004156,2024-09-15,2024-09-18,2024-10-09,2024-10-21,returned
ORD004157,2024-10-16,2024-10-21,,,delivered
ORD004158,2024-12-28,2024-12-31,,,delivered
ORD004159,2024-08-24,2024-08-26,,,delivered
ORD004160,2024-12-01,2024-12-05,,,delivered
ORD004161,2024-11-01,2024-11-05,,,delivered
ORD004162,2024-11-19,2024-11-22,,,delivered
ORD004163,2024-10-29,2024-11-05,,,delivered
ORD004164,2024-09-01,2024-09-06,,,delivered
ORD004165,2024-09-19,2024-09-26,2024-10-08,2024-10-17,returned
ORD004166,2024-11-30,2024-12-02,,,delivered
ORD004167,2024-11-29,2024-12-02,,,delivered
ORD004168,2024-10-15,2024-10-18,,,delivered
ORD004169,2024-09-08,2024-09-10,,,delivered
ORD004170,2024-10-28,2024-11-04,,,delivered
ORD004171,2024-10-12,2024-10-17,,,delivered
ORD004172,2024-09-04,2024-09-10,,,delivered
ORD004173,2024-09-05,2024-09-08,2024-09-17,2024-09-25,returned
ORD004174,2024-12-02,2024-12-08,,,delivered
ORD004175,2024-12-02,2024-12-08,2024-12-13,2024-12-27,returned
ORD004176,2024-12-22,2024-12-26,,,delivered
ORD004177,2024-12-24,2024-12-26,,,delivered
ORD004178,2024-11-01,2024-11-05,,,delivered
ORD004179,2024-10-07,2024-10-14,,,delivered
ORD004180,2024-12-05,2024-12-10,,,delivered
ORD004181,2024-11-17,2024-11-21,,,delivered
ORD004182,2024-09-25,2024-09-28,2024-10-06,2024-10-16,returned
ORD004183,2024-11-21,2024-11-28,,,delivered
ORD004184,2024-11-09,2024-11-13,,,delivered
ORD004185,2024-11-19,2024-11-23,,,delivered
ORD004186,2024-10-17,2024-10-19,,,delivered
ORD004187,2024-10-07,2024-10-10,,,delivered
ORD004188,2024-11-23,2024-11-26,,,delivered
ORD004189,2024-10-26,2024-10-29,,,delivered
ORD004190,2024-12-13,2024-12-15,,,delivered
ORD004191,2024-12-07,2024-12-13,2024-12-30,2025-01-13,returned
ORD004192,2024-11-15,2024-11-19,,,delivered
ORD004193,2024-10-08,2024-10-15,,,delivered
ORD004194,2024-10-09,2024-10-14,,,delivered
ORD004195,2024-12-24,2024-12-29,,,delivered
ORD004196,2024-10-05,2024-10-07,,,delivered
ORD004197,2024-11-20,2024-11-24,2024-12-03,2024-12-08,returned
ORD004198,2024-12-20,2024-12-24,2025-01-08,2025-01-21,returned
ORD004199,2024-11-02,2024-11-04,2024-11-21,2024-11-28,returned
ORD004200,2024-12-11,2024-12-14,,,delivered
ORD004201,2024-12-27,2024-12-29,2025-01-13,2025-01-27,returned
ORD004202,2024-10-25,2024-10-29,,,delivered
ORD004203,2024-10-10,2024-10-12,,,delivered
ORD004204,2024-10-14,2024-10-17,2024-11-01,2024-11-09,returned
ORD004205,2024-11-12,2024-11-19,,,delivered
ORD004206,2024-12-08,2024-12-15,2024-12-21,2024-12-31,returned
ORD004207,2024-09-27,2024-10-03,,,delivered
ORD004208,2024-11-25,2024-12-01,,,delivered
ORD004209,2024-12-13,2024-12-16,,,delivered
ORD004210,2024-12-05,2024-12-11,2024-12-20,2024-12-25,returned
ORD004211,2024-10-16,2024-10-19,2024-10-26,2024-11-01,returned
ORD004212,2024-11-24,2024-11-27,,,delivered
ORD004213,2024-10-02,2024-10-04,2024-10-15,2024-10-25,returned
ORD004214,2024-10-10,2024-10-12,,,delivered
ORD004215,2024-10-10,2024-10-17,,,delivered
ORD004216,2024-12-28,2025-01-02,,,delivered
ORD004217,2024-11-08,2024-11-13,,,delivered
ORD004218,2024-09-15,2024-09-21,,,delivered
ORD004219,2024-11-04,2024-11-07,,,delivered
ORD004220,2024-10-29,2024-11-03,,,delivered
ORD004221,2024-12-01,2024-12-07,,,delivered
ORD004222,2024-12-21,2024-12-24,,,delivered
ORD004223,2024-10-03,2024-10-07,,,delivered
ORD004224,2024-09-29,2024-10-02,,,delivered
ORD004225,2024-12-20,2024-12-24,,,delivered
ORD004226,2024-11-25,2024-12-01,,,delivered
ORD004227,2024-11-14,2024-11-21,2024-11-28,2024-12-11,returned
ORD004228,2024-12-13,2024-12-17,,,delivered
ORD004229,2024-12-30,2025-01-05,,,delivered
ORD004230,2024-10-05,2024-10-10,2024-10-20,2024-10-26,returned
ORD004231,2024-12-05,2024-12-07,,,delivered
ORD004232,2024-11-08,2024-11-11,,,delivered
ORD004233,2024-10-03,2024-10-09,,,delivered
ORD004234,2024-10-25,2024-10-28,,,delivered
ORD004235,2024-11-05,2024-11-12,2024-11-24,2024-12-07,returned
ORD004236,2024-12-29,2025-01-03,,,delivered
ORD004237,2024-11-28,2024-12-05,2024-12-20,2024-12-26,returned
ORD004238,2024-10-30,2024-11-05,,,delivered
ORD004239,2024-12-02,2024-12-07,,,delivered
ORD004240,2024-10-27,2024-10-31,,,delivered
ORD004241,2024-11-07,2024-11-10,,,delivered
ORD004242,2024-12-25,2024-12-27,2024-12-31,2025-01-14,returned
ORD004243,2024-11-17,2024-11-20,,,delivered
ORD004244,2024-10-24,2024-10-29,,,delivered
ORD004245,2024-12-02,2024-12-06,2024-12-21,2025-01-01,returned
ORD004246,2024-10-13,2024-10-20,2024-11-09,2024-11-19,returned
ORD004247,2024-11-10,2024-11-15,,,delivered
ORD004248,2024-12-19,2024-12-22,,,delivered
ORD004249,2024-12-23,2024-12-25,,,delivered
ORD004250,2024-09-09,2024-09-12,,,delivered
ORD004251,2024-09-11,2024-09-14,,,delivered
ORD004252,2024-10-17,2024-10-23,,,delivered
ORD004253,2024-09-16,2024-09-22,,,delivered
ORD004254,2024-12-04,2024-12-06,2024-12-17,2024-12-24,returned
ORD004255,2024-10-27,2024-11-02,,,delivered
ORD004256,2024-10-19,2024-10-26,,,delivered
ORD004257,2024-12-11,2024-12-18,2024-12-26,2025-01-04,returned
ORD004258,2024-11-22,2024-11-28,,,delivered
ORD004259,2024-11-06,2024-11-10,,,delivered
ORD004260,2024-09-27,2024-10-01,,,delivered
ORD004261,2024-09-27,2024-10-01,,,delivered
ORD004262,2024-12-26,2025-01-01,,,delivered
ORD004263,2024-12-15,2024-12-19,2024-12-30,2025-01-12,returned
ORD004264,2024-11-14,2024-11-18,,,delivered
ORD004265,2024-11-13,2024-11-19,,,delivered
ORD004266,2024-10-15,2024-10-22,,,delivered
ORD004267,2024-10-04,2024-10-09,,,delivered
ORD004268,2024-12-28,2024-12-30,2025-01-11,2025-01-19,returned
ORD004269,2024-10-24,2024-10-30,,,delivered
ORD004270,2024-10-27,2024-11-02,,,delivered
ORD004271,2024-11-10,2024-11-16,,,delivered
ORD004272,2024-10-13,2024-10-19,,,delivered
ORD004273,2024-12-24,2024-12-28,,,delivered
ORD004274,2024-10-24,2024-10-31,,,delivered
ORD004275,2024-11-27,2024-12-01,,,delivered
ORD004276,2024-12-03,2024-12-05,2024-12-20,2024-12-25,returned
ORD004277,2024-11-07,2024-11-12,,,delivered
ORD004278,2025-01-02,2025-01-04,,,delivered
ORD004279,2024-12-22,2024-12-29,2025-01-12,2025-01-26,returned
ORD004280,2024-09-30,2024-10-02,,,delivered
ORD004281,2024-11-06,2024-11-13,2024-11-20,2024-11-26,returned
ORD004282,2024-10-03,2024-10-09,2024-10-30,2024-11-13,returned
ORD004283,2024-10-15,2024-10-18,2024-10-21,2024-11-02,returned
ORD004284,2024-12-01,2024-12-06,,,delivered
ORD004285,2024-12-19,2024-12-21,,,delivered
ORD004286,2024-10-13,2024-10-19,2024-10-24,2024-11-03,returned
ORD004287,2024-12-30,2025-01-01,,,delivered
ORD004288,2024-11-20,2024-11-26,,,delivered
ORD004289,2024-10-20,2024-10-23,2024-11-01,2024-11-12,returned
ORD004290,2024-10-15,2024-10-20,,,delivered
ORD004291,2024-10-14,2024-10-18,,,delivered
ORD004292,2024-12-17,2024-12-23,2025-01-10,2025-01-24,returned
ORD004293,2024-11-08,2024-11-12,,,delivered
ORD004294,2024-12-20,2024-12-26,,,delivered
ORD004295,2024-11-03,2024-11-05,,,delivered
ORD004296,2024-11-01,2024-11-04,,,delivered
ORD004297,2024-11-28,2024-12-03,,,delivered
ORD004298,2024-11-26,2024-12-03,2024-12-09,2024-12-17,returned
ORD004299,2024-11-10,2024-11-14,,,delivered
ORD004300,2024-12-12,2024-12-15,,,delivered
ORD004301,2024-09-24,2024-10-01,,,delivered
ORD004302,2024-09-23,2024-09-29,,,delivered
ORD004303,2024-11-11,2024-11-17,,,delivered
ORD004304,2024-11-09,2024-11-16,,,delivered
ORD004305,2024-11-13,2024-11-15,,,delivered
ORD004306,2024-11-28,2024-11-30,,,delivered
ORD004307,2024-11-17,2024-11-20,,,delivered
ORD004308,2024-10-04,2024-10-08,,,delivered
ORD004309,2024-10-16,2024-10-19,,,delivered
ORD004310,2024-10-07,2024-10-10,,,delivered
ORD004311,2024-09-26,2024-09-28,2024-10-03,2024-10-13,returned
ORD004312,2024-09-19,2024-09-26,,,delivered
ORD004313,2024-12-03,2024-12-07,2024-12-26,2025-01-05,returned
ORD004314,2024-11-19,2024-11-22,,,delivered
ORD004315,2024-10-20,2024-10-24,2024-11-09,2024-11-15,returned
ORD004316,2024-10-11,2024-10-18,,,delivered
ORD004317,2024-11-05,2024-11-07,2024-11-22,2024-12-05,returned
ORD004318,2024-12-20,2024-12-22,2025-01-09,2025-01-15,returned
ORD004319,2024-10-20,2024-10-25,,,delivered
ORD004320,2024-10-13,2024-10-20,,,delivered
ORD004321,2024-11-05,2024-11-12,2024-11-30,2024-12-08,returned
ORD004322,2024-12-12,2024-12-18,2024-12-31,2025-01-06,returned
ORD004323,2024-09-30,2024-10-04,,,delivered
ORD004324,2025-01-01,2025-01-06,2025-01-09,2025-01-21,returned
ORD004325,2024-09-21,2024-09-26,2024-10-04,2024-10-09,returned
ORD004326,2024-11-15,2024-11-17,,,delivered
ORD004327,2024-10-27,2024-11-03,,,delivered
ORD004328,2024-11-26,2024-12-03,,,delivered
ORD004329,2024-10-26,2024-10-28,,,delivered
ORD004330,2024-10-03,2024-10-07,,,delivered
ORD004331,2024-11-18,2024-11-20,,,delivered
ORD004332,2024-09-29,2024-10-01,,,delivered
ORD004333,2024-10-26,2024-11-01,,,delivered
ORD004334,2024-12-05,2024-12-10,,,delivered
ORD004335,2024-12-06,2024-12-13,,,delivered
ORD004336,2024-11-22,2024-11-29,,,delivered
ORD004337,2024-12-09,2024-12-12,,,delivered
ORD004338,2024-10-13,2024-10-15,,,delivered
ORD004339,2024-09-25,2024-09-29,,,delivered
ORD004340,2024-12-18,2024-12-20,,,delivered
ORD004341,2024-12-20,2024-12-23,,,delivered
ORD004342,2024-10-23,2024-10-25,,,delivered
ORD004343,2024-11-01,2024-11-04,,,delivered
ORD004344,2024-10-17,2024-10-20,,,delivered
ORD004345,2025-01-01,2025-01-06,,,delivered
ORD004346,2024-11-21,2024-11-26,,,delivered
ORD004347,2024-11-15,2024-11-20,,,delivered
ORD004348,2024-11-27,2024-12-01,,,delivered
ORD004349,2024-12-06,2024-12-10,,,delivered
ORD004350,2024-10-01,2024-10-07,,,delivered
ORD004351,2024-10-13,2024-10-20,,,delivered
ORD004352,2024-09-27,2024-10-02,,,delivered
ORD004353,2024-11-16,2024-11-19,2024-11-26,2024-12-01,returned
ORD004354,2024-10-20,2024-10-24,,,delivered
ORD004355,2024-11-16,2024-11-23,,,delivered
ORD004356,2024-12-22,2024-12-27,,,delivered
ORD004357,2024-10-24,2024-10-28,,,delivered
ORD004358,2024-12-31,2025-01-02,2025-01-23,2025-02-06,returned
ORD004359,2024-12-03,2024-12-09,,,delivered
ORD004360,2024-10-06,2024-10-13,,,delivered
ORD004361,2024-10-23,2024-10-28,,,delivered
ORD004362,2024-12-15,2024-12-17,,,delivered
ORD004363,2024-10-12,2024-10-17,,,delivered
ORD004364,2024-10-08,2024-10-14,,,delivered
ORD004365,2024-12-14,2024-12-16,2024-12-24,2025-01-05,returned
ORD004366,2024-12-15,2024-12-18,,,delivered
ORD004367,2024-09-29,2024-10-02,,,delivered
ORD004368,2024-12-23,2024-12-28,,,delivered
ORD004369,2024-11-24,2024-11-30,,,delivered
ORD004370,2024-10-07,2024-10-09,2024-10-21,2024-11-01,returned
ORD004371,2024-12-21,2024-12-24,,,delivered
ORD004372,2024-11-01,2024-11-03,,,delivered
ORD004373,2024-12-25,2024-12-31,,,delivered
ORD004374,2024-11-14,2024-11-17,,,delivered
ORD004375,2024-10-31,2024-11-03,,,delivered
ORD004376,2024-11-09,2024-11-16,,,delivered
ORD004377,2024-11-29,2024-12-05,2024-12-21,2025-01-04,returned
ORD004378,2024-11-13,2024-11-20,,,delivered
ORD004379,2024-12-24,2024-12-28,,,delivered
ORD004380,2024-11-08,2024-11-15,2024-12-02,2024-12-14,returned
ORD004381,2024-11-12,2024-11-15,,,delivered
ORD004382,2024-09-28,2024-10-03,,,delivered
ORD004383,2024-11-06,2024-11-10,,,delivered
ORD004384,2024-12-05,2024-12-12,,,delivered
ORD004385,2024-11-12,2024-11-15,2024-11-23,2024-11-29,returned
ORD004386,2024-12-26,2024-12-29,,,delivered
ORD004387,2024-11-01,2024-11-05,,,delivered
ORD004388,2024-11-19,2024-11-24,,,delivered
ORD004389,2024-11-19,2024-11-25,,,delivered
ORD004390,2024-12-23,2024-12-30,,,delivered
ORD004391,2024-11-26,2024-12-03,,,delivered
ORD004392,2024-11-15,2024-11-20,,,delivered
ORD004393,2024-10-25,2024-10-29,,,delivered
ORD004394,2024-11-17,2024-11-23,,,delivered
ORD004395,2024-10-04,2024-10-09,,,delivered
ORD004396,2024-12-20,2024-12-24,,,delivered
ORD004397,2024-10-31,2024-11-04,,,delivered
ORD004398,2024-09-27,2024-10-04,2024-10-20,2024-11-03,returned
ORD004399,2024-10-17,2024-10-24,,,delivered
ORD004400,2024-11-12,2024-11-15,,,delivered
ORD004401,2024-10-13,2024-10-15,,,delivered
ORD004402,2024-10-11,2024-10-18,,,delivered
ORD004403,2025-01-01,2025-01-03,,,delivered
ORD004404,2024-10-19,2024-10-23,,,delivered
ORD004405,2024-12-08,2024-12-15,,,delivered
ORD004406,2024-12-24,2024-12-31,,,delivered
ORD004407,2024-10-08,2024-10-11,,,delivered
ORD004408,2024-11-22,2024-11-28,,,delivered
ORD004409,2024-12-19,2024-12-22,,,delivered
ORD004410,2024-11-23,2024-11-28,,,delivered
ORD004411,2024-11-06,2024-11-08,,,delivered
ORD004412,2024-12-26,2024-12-31,,,delivered
ORD004413,2024-11-29,2024-12-04,,,delivered
ORD004414,2024-11-11,2024-11-13,2024-11-25,2024-12-04,returned
ORD004415,2024-10-12,2024-10-16,,,delivered
ORD004416,2024-09-26,2024-09-30,,,delivered
ORD004417,2024-11-04,2024-11-08,,,delivered
ORD004418,2024-11-29,2024-12-06,,,delivered
ORD004419,2024-09-25,2024-09-30,2024-10-13,2024-10-24,returned
ORD004420,2024-11-16,2024-11-21,,,delivered
ORD004421,2024-12-02,2024-12-07,,,delivered
ORD004422,2024-12-24,2024-12-28,,,delivered
ORD004423,2024-12-13,2024-12-17,,,delivered
ORD004424,2024-11-05,2024-11-07,,,delivered
ORD004425,2024-11-30,2024-12-02,,,delivered
ORD004426,2024-12-20,2024-12-23,,,delivered
ORD004427,2024-09-22,2024-09-27,,,delivered
ORD004428,2024-12-06,2024-12-11,2024-12-14,2024-12-24,returned
ORD004429,2024-09-29,2024-10-02,,,delivered
ORD004430,2024-10-25,2024-10-28,,,delivered
ORD004431,2024-11-04,2024-11-11,,,delivered
ORD004432,2024-11-01,2024-11-07,,,delivered
ORD004433,2024-12-07,2024-12-12,,,delivered
ORD004434,2024-10-31,2024-11-05,,,delivered
ORD004435,2024-09-17,2024-09-22,,,delivered
ORD004436,2024-12-13,2024-12-19,,,delivered
ORD004437,2024-10-12,2024-10-17,,,delivered
ORD004438,2024-12-02,2024-12-09,,,delivered
ORD004439,2024-12-20,2024-12-23,,,delivered
ORD004440,2024-09-26,2024-10-03,,,delivered
ORD004441,2024-12-05,2024-12-09,,,delivered
ORD004442,2024-09-09,2024-09-14,,,delivered
ORD004443,2024-11-29,2024-12-03,2024-12-08,2024-12-15,returned
ORD004444,2024-11-21,2024-11-28,,,delivered
ORD004445,2024-12-18,2024-12-25,,,delivered
ORD004446,2024-11-17,2024-11-19,2024-11-26,2024-12-09,returned
ORD004447,2024-09-21,2024-09-26,,,delivered
ORD004448,2024-11-02,2024-11-05,,,delivered
ORD004449,2024-09-29,2024-10-06,2024-10-27,2024-11-10,returned
ORD004450,2024-11-03,2024-11-08,2024-11-25,2024-12-09,returned
ORD004451,2024-09-09,2024-09-15,,,delivered
ORD004452,2024-11-08,2024-11-15,,,delivered
ORD004453,2024-09-30,2024-10-02,,,delivered
ORD004454,2024-11-29,2024-12-03,,,delivered
ORD004455,2024-12-23,2024-12-25,,,delivered
ORD004456,2024-10-18,2024-10-25,,,delivered
ORD004457,2024-10-05,2024-10-07,,,delivered
ORD004458,2024-12-20,2024-12-25,,,delivered
ORD004459,2024-12-13,2024-12-18,,,delivered
ORD004460,2024-09-27,2024-10-04,,,delivered
ORD004461,2024-09-24,2024-09-28,,,delivered
ORD004462,2024-12-16,2024-12-22,2025-01-07,2025-01-19,returned
ORD004463,2024-12-05,2024-12-08,,,delivered
ORD004464,2024-11-29,2024-12-05,2024-12-20,2025-01-02,returned
ORD004465,2024-12-01,2024-12-07,,,delivered
ORD004466,2024-10-28,2024-10-30,,,delivered
ORD004467,2024-10-03,2024-10-06,,,delivered
ORD004468,2024-11-19,2024-11-24,,,delivered
ORD004469,2024-12-02,2024-12-07,,,delivered
ORD004470,2024-10-10,2024-10-15,,,delivered
ORD004471,2024-12-29,2025-01-01,,,delivered
ORD004472,2024-12-25,2025-01-01,,,delivered
ORD004473,2024-10-22,2024-10-29,,,delivered
ORD004474,2024-11-11,2024-11-15,,,delivered
ORD004475,2024-09-22,2024-09-25,,,delivered
ORD004476,2024-10-28,2024-11-01,,,delivered
ORD004477,2024-11-27,2024-11-29,,,delivered
ORD004478,2024-10-12,2024-10-15,,,delivered
ORD004479,2024-11-09,2024-11-11,,,delivered
ORD004480,2024-10-22,2024-10-27,,,delivered
ORD004481,2024-10-08,2024-10-13,2024-10-25,2024-11-06,returned
ORD004482,2024-12-02,2024-12-04,,,delivered
ORD004483,2024-10-05,2024-10-10,,,delivered
ORD004484,2024-10-08,2024-10-13,,,delivered
ORD004485,2024-11-01,2024-11-03,,,delivered
ORD004486,2024-09-25,2024-09-28,,,delivered
ORD004487,2024-10-06,2024-10-09,,,delivered
ORD004488,2024-09-30,2024-10-05,,,delivered
ORD004489,2024-11-28,2024-12-03,,,delivered
ORD004490,2024-10-09,2024-10-14,,,delivered
ORD004491,2024-11-15,2024-11-18,2024-12-08,2024-12-14,returned
ORD004492,2024-11-08,2024-11-13,,,delivered
ORD004493,2024-12-16,2024-12-22,,,delivered
ORD004494,2025-01-01,2025-01-06,,,delivered
ORD004495,2024-11-11,2024-11-14,,,delivered
ORD004496,2024-12-09,2024-12-13,,,delivered
ORD004497,2024-11-05,2024-11-08,,,delivered
ORD004498,2024-12-01,2024-12-08,,,delivered
ORD004499,2024-12-07,2024-12-10,,,delivered
ORD004500,2024-12-31,2025-01-02,2025-01-14,2025-01-24,returned
ORD004501,2024-10-17,2024-10-23,,,delivered
ORD004502,2024-12-21,2024-12-24,,,delivered
ORD004503,2024-10-14,2024-10-20,2024-11-03,2024-11-17,returned
ORD004504,2024-11-29,2024-12-02,,,delivered
ORD004505,2024-10-30,2024-11-01,2024-11-14,2024-11-19,returned
ORD004506,2024-11-02,2024-11-06,,,delivered
ORD004507,2024-09-20,2024-09-22,,,delivered
ORD004508,2024-12-05,2024-12-07,,,delivered
ORD004509,2024-11-05,2024-11-10,,,delivered
ORD004510,2024-11-10,2024-11-15,,,delivered
ORD004511,2024-10-15,2024-10-17,,,delivered
ORD004512,2024-09-20,2024-09-26,,,delivered
ORD004513,2024-12-23,2024-12-25,2025-01-15,2025-01-25,returned
ORD004514,2024-09-16,2024-09-19,,,delivered
ORD004515,2024-11-25,2024-11-29,,,delivered
ORD004516,2024-10-25,2024-10-31,,,delivered
ORD004517,2024-11-18,2024-11-25,,,delivered
ORD004518,2024-10-24,2024-10-26,,,delivered
ORD004519,2024-11-21,2024-11-27,,,delivered
ORD004520,2024-11-02,2024-11-08,,,delivered
ORD004521,2024-12-04,2024-12-07,2024-12-14,2024-12-24,returned
ORD004522,2024-11-24,2024-11-26,,,delivered
ORD004523,2024-10-07,2024-10-09,2024-10-15,2024-10-26,returned
ORD004524,2024-12-04,2024-12-11,,,delivered
ORD004525,2024-11-15,2024-11-20,,,delivered
ORD004526,2024-10-06,2024-10-08,,,delivered
ORD004527,2024-11-13,2024-11-19,,,delivered
ORD004528,2024-10-23,2024-10-30,,,delivered
ORD004529,2024-12-06,2024-12-09,,,delivered
ORD004530,2024-12-01,2024-12-03,,,delivered
ORD004531,2024-11-12,2024-11-18,,,delivered
ORD004532,2024-12-10,2024-12-16,2024-12-31,2025-01-10,returned
ORD004533,2024-10-16,2024-10-23,,,delivered
ORD004534,2024-10-29,2024-11-05,,,delivered
ORD004535,2024-09-13,2024-09-20,,,delivered
ORD004536,2024-12-06,2024-12-12,,,delivered
ORD004537,2024-10-01,2024-10-05,,,delivered
ORD004538,2024-10-17,2024-10-24,,,delivered
ORD004539,2024-10-10,2024-10-17,,,delivered
ORD004540,2024-10-28,2024-11-02,,,delivered
ORD004541,2024-12-02,2024-12-09,,,delivered
ORD004542,2024-11-10,2024-11-14,,,delivered
ORD004543,2024-09-14,2024-09-20,,,delivered
ORD004544,2024-11-10,2024-11-13,,,delivered
ORD004545,2024-11-18,2024-11-23,,,delivered
ORD004546,2024-10-10,2024-10-14,2024-10-26,2024-11-09,returned
ORD004547,2024-11-27,2024-12-01,,,delivered
ORD004548,2024-12-03,2024-12-10,,,delivered
ORD004549,2024-10-12,2024-10-15,,,delivered
ORD004550,2024-11-06,2024-11-09,,,delivered
ORD004551,2024-12-27,2025-01-03,,,delivered
ORD004552,2024-09-25,2024-09-30,,,delivered
ORD004553,2024-12-27,2025-01-02,,,delivered
ORD004554,2024-11-11,2024-11-15,2024-11-28,2024-12-09,returned
ORD004555,2024-12-14,2024-12-21,,,delivered
ORD004556,2024-12-13,2024-12-15,,,delivered
ORD004557,2024-11-25,2024-11-29,,,delivered
ORD004558,2024-12-24,2024-12-30,,,delivered
ORD004559,2024-12-31,2025-01-02,,,delivered
ORD004560,2024-11-14,2024-11-16,2024-12-01,2024-12-10,returned
ORD004561,2024-11-02,2024-11-04,,,delivered
ORD004562,2024-11-05,2024-11-10,,,delivered
ORD004563,2024-10-15,2024-10-20,,,delivered
ORD004564,2024-11-05,2024-11-10,2024-11-13,2024-11-19,returned
ORD004565,2024-12-03,2024-12-09,,,delivered
ORD004566,2024-10-03,2024-10-10,,,delivered
ORD004567,2024-09-21,2024-09-26,,,delivered
ORD004568,2024-11-24,2024-11-28,2024-12-16,2024-12-24,returned
ORD004569,2024-09-27,2024-10-02,,,delivered
ORD004570,2024-10-02,2024-10-08,,,delivered
ORD004571,2024-12-23,2024-12-25,,,delivered
ORD004572,2024-09-16,2024-09-21,,,delivered
ORD004573,2024-12-14,2024-12-19,,,delivered
ORD004574,2024-11-17,2024-11-24,,,delivered
ORD004575,2024-09-28,2024-10-01,,,delivered
ORD004576,2024-11-15,2024-11-18,,,delivered
ORD004577,2024-11-10,2024-11-12,,,delivered
ORD004578,2024-10-04,2024-10-10,,,delivered
ORD004579,2024-11-16,2024-11-22,,,delivered
ORD004580,2024-12-16,2024-12-20,,,delivered
ORD004581,2024-11-25,2024-11-29,,,delivered
ORD004582,2024-09-17,2024-09-19,,,delivered
ORD004583,2024-10-30,2024-11-03,,,delivered
ORD004584,2024-11-12,2024-11-19,,,delivered
ORD004585,2024-10-27,2024-10-31,,,delivered
ORD004586,2024-11-16,2024-11-22,,,delivered
ORD004587,2024-11-02,2024-11-08,,,delivered
ORD004588,2024-11-01,2024-11-05,,,delivered
ORD004589,2024-09-25,2024-10-01,,,delivered
ORD004590,2024-12-24,2024-12-30,,,delivered
ORD004591,2024-11-16,2024-11-20,2024-11-30,2024-12-13,returned
ORD004592,2024-12-16,2024-12-23,,,delivered
ORD004593,2024-09-28,2024-10-04,,,delivered
ORD004594,2024-09-20,2024-09-22,,,delivered
ORD004595,2024-11-07,2024-11-11,,,delivered
ORD004596,2024-10-30,2024-11-05,,,delivered
ORD004597,2024-12-14,2024-12-18,,,delivered
ORD004598,2024-10-03,2024-10-10,,,delivered
ORD004599,2024-11-23,2024-11-26,,,delivered
ORD004600,2024-12-17,2024-12-19,,,delivered
ORD004601,2024-10-31,2024-11-07,,,delivered
ORD004602,2024-12-06,2024-12-13,,,delivered
ORD004603,2024-12-02,2024-12-08,,,delivered
ORD004604,2024-11-04,2024-11-09,,,delivered
ORD004605,2024-10-15,2024-10-18,,,delivered
ORD004606,2024-11-07,2024-11-09,,,delivered
ORD004607,2024-11-28,2024-12-03,,,delivered
ORD004608,2024-12-30,2025-01-02,,,delivered
ORD004609,2024-11-30,2024-12-02,,,delivered
ORD004610,2024-09-10,2024-09-17,,,delivered
ORD004611,2024-09-15,2024-09-18,,,delivered
ORD004612,2025-01-01,2025-01-06,,,delivered
ORD004613,2024-10-07,2024-10-13,,,delivered
ORD004614,2024-10-26,2024-10-31,,,delivered
ORD004615,2024-11-02,2024-11-09,,,delivered
ORD004616,2024-11-13,2024-11-17,,,delivered
ORD004617,2024-12-22,2024-12-27,,,delivered
ORD004618,2024-10-08,2024-10-14,,,delivered
ORD004619,2024-12-27,2025-01-01,,,delivered
ORD004620,2024-10-10,2024-10-15,,,delivered
ORD004621,2024-11-29,2024-12-06,,,delivered
ORD004622,2024-12-26,2024-12-30,,,delivered
ORD004623,2024-11-03,2024-11-08,,,delivered
ORD004624,2024-11-25,2024-11-30,,,delivered
ORD004625,2024-09-04,2024-09-10,,,delivered
ORD004626,2024-12-27,2025-01-03,,,delivered
ORD004627,2024-11-06,2024-11-10,,,delivered
ORD004628,2024-11-29,2024-12-03,,,delivered
ORD004629,2024-09-21,2024-09-27,,,delivered
ORD004630,2024-09-24,2024-09-26,,,delivered
ORD004631,2024-11-01,2024-11-07,2024-11-24,2024-12-04,returned
ORD004632,2024-11-27,2024-11-29,,,delivered
ORD004633,2024-11-05,2024-11-09,,,delivered
ORD004634,2024-10-01,2024-10-04,,,delivered
ORD004635,2024-11-06,2024-11-10,,,delivered
ORD004636,2024-09-26,2024-10-01,,,delivered
ORD004637,2024-11-13,2024-11-16,,,delivered
ORD004638,2024-12-21,2024-12-23,,,delivered
ORD004639,2024-12-16,2024-12-18,,,delivered
ORD004640,2024-12-24,2024-12-27,2025-01-12,2025-01-26,returned
ORD004641,2024-11-28,2024-12-04,2024-12-20,2025-01-01,returned
ORD004642,2024-11-13,2024-11-18,,,delivered
ORD004643,2024-11-09,2024-11-16,,,delivered
ORD004644,2024-12-20,2024-12-23,2024-12-31,2025-01-07,returned
ORD004645,2024-11-25,2024-11-28,2024-12-16,2024-12-24,returned
ORD004646,2024-12-01,2024-12-07,,,delivered
ORD004647,2024-12-17,2024-12-23,,,delivered
ORD004648,2024-11-06,2024-11-10,2024-11-19,2024-11-30,returned
ORD004649,2024-12-07,2024-12-13,,,delivered
ORD004650,2024-12-18,2024-12-21,,,delivered
ORD004651,2024-11-21,2024-11-23,,,delivered
ORD004652,2024-11-13,2024-11-18,,,delivered
ORD004653,2024-10-26,2024-11-02,,,delivered
ORD004654,2024-10-26,2024-10-31,,,delivered
ORD004655,2024-11-10,2024-11-15,,,delivered
ORD004656,2024-11-03,2024-11-05,,,delivered
ORD004657,2024-12-10,2024-12-15,2025-01-05,2025-01-11,returned
ORD004658,2024-12-04,2024-12-08,2024-12-25,2024-12-30,returned
ORD004659,2024-12-23,2024-12-26,2025-01-15,2025-01-23,returned
ORD004660,2024-10-20,2024-10-26,,,delivered
ORD004661,2024-10-30,2024-11-03,,,delivered
ORD004662,2024-12-01,2024-12-05,2024-12-17,2024-12-23,returned
ORD004663,2024-12-19,2024-12-23,2025-01-07,2025-01-12,returned
ORD004664,2024-12-24,2024-12-31,,,delivered
ORD004665,2024-11-29,2024-12-03,,,delivered
ORD004666,2024-12-26,2024-12-28,2025-01-13,2025-01-24,returned
ORD004667,2024-10-13,2024-10-16,,,delivered
ORD004668,2024-12-28,2025-01-01,,,delivered
ORD004669,2024-10-28,2024-10-30,,,delivered
ORD004670,2024-12-13,2024-12-17,2024-12-30,2025-01-09,returned
ORD004671,2024-10-31,2024-11-07,2024-11-26,2024-12-07,returned
ORD004672,2024-11-03,2024-11-07,,,delivered
ORD004673,2024-11-24,2024-11-27,2024-12-04,2024-12-11,returned
ORD004674,2024-12-22,2024-12-29,,,delivered
ORD004675,2024-12-26,2024-12-28,2025-01-12,2025-01-22,returned
ORD004676,2024-12-07,2024-12-14,2025-01-01,2025-01-13,returned
ORD004677,2024-11-07,2024-11-14,,,delivered
ORD004678,2024-10-06,2024-10-10,2024-10-21,2024-10-28,returned
ORD004679,2024-11-11,2024-11-13,,,delivered
ORD004680,2024-11-16,2024-11-22,,,delivered
ORD004681,2024-11-16,2024-11-18,,,delivered
ORD004682,2024-12-22,2024-12-26,2025-01-02,2025-01-07,returned
ORD004683,2024-12-30,2025-01-04,,,delivered
ORD004684,2024-11-13,2024-11-19,2024-12-06,2024-12-13,returned
ORD004685,2024-10-22,2024-10-27,,,delivered
ORD004686,2024-12-01,2024-12-05,,,delivered
ORD004687,2024-10-28,2024-11-02,,,delivered
ORD004688,2024-11-02,2024-11-08,,,delivered
ORD004689,2024-11-06,2024-11-13,,,delivered
ORD004690,2024-12-03,2024-12-10,,,delivered
ORD004691,2024-10-27,2024-11-03,,,delivered
ORD004692,2024-10-27,2024-10-29,,,delivered
ORD004693,2024-12-25,2024-12-31,2025-01-15,2025-01-22,returned
ORD004694,2024-11-21,2024-11-23,,,delivered
ORD004695,2024-12-21,2024-12-26,,,delivered
ORD004696,2024-11-01,2024-11-04,,,delivered
ORD004697,2024-11-27,2024-11-29,,,delivered
ORD004698,2024-10-28,2024-11-02,,,delivered
ORD004699,2024-11-20,2024-11-24,,,delivered
ORD004700,2024-12-01,2024-12-04,,,delivered
ORD004701,2024-11-14,2024-11-18,2024-12-08,2024-12-13,returned
ORD004702,2024-11-18,2024-11-25,,,delivered
ORD004703,2024-11-27,2024-12-04,,,delivered
ORD004704,2024-12-26,2024-12-28,,,delivered
ORD004705,2024-11-21,2024-11-28,2024-12-14,2024-12-24,returned
ORD004706,2024-11-20,2024-11-27,,,delivered
ORD004707,2024-11-27,2024-11-30,,,delivered
ORD004708,2024-12-08,2024-12-13,,,delivered
ORD004709,2024-12-14,2024-12-17,2024-12-25,2025-01-01,returned
ORD004710,2024-11-18,2024-11-24,2024-12-09,2024-12-15,returned
ORD004711,2024-10-25,2024-10-27,,,delivered
ORD004712,2024-11-22,2024-11-24,2024-12-04,2024-12-09,returned
ORD004713,2024-12-12,2024-12-19,,,delivered
ORD004714,2024-12-05,2024-12-07,,,delivered
ORD004715,2024-12-02,2024-12-07,,,delivered
ORD004716,2024-12-06,2024-12-12,,,delivered
ORD004717,2024-10-30,2024-11-03,2024-11-21,2024-12-04,returned
ORD004718,2024-11-30,2024-12-04,,,delivered
ORD004719,2024-12-08,2024-12-14,2024-12-19,2024-12-28,returned
ORD004720,2024-12-12,2024-12-14,,,delivered
ORD004721,2024-12-26,2025-01-01,,,delivered
ORD004722,2024-10-04,2024-10-08,,,delivered
ORD004723,2024-11-16,2024-11-21,,,delivered
ORD004724,2024-12-25,2024-12-27,2025-01-13,2025-01-27,returned
ORD004725,2024-12-12,2024-12-16,2024-12-25,2025-01-03,returned
ORD004726,2024-12-01,2024-12-05,2024-12-11,2024-12-23,returned
ORD004727,2024-12-10,2024-12-15,,,delivered
ORD004728,2024-11-05,2024-11-10,,,delivered
ORD004729,2024-10-29,2024-11-04,,,delivered
ORD004730,2024-12-15,2024-12-18,,,delivered
ORD004731,2024-12-17,2024-12-20,,,delivered
ORD004732,2024-10-31,2024-11-03,,,delivered
ORD004733,2024-10-21,2024-10-24,2024-11-07,2024-11-12,returned
ORD004734,2024-11-11,2024-11-18,,,delivered
ORD004735,2024-12-19,2024-12-24,,,delivered
ORD004736,2024-12-09,2024-12-11,,,delivered
ORD004737,2024-11-20,2024-11-23,2024-11-30,2024-12-06,returned
ORD004738,2024-11-09,2024-11-13,,,delivered
ORD004739,2024-11-24,2024-12-01,,,delivered
ORD004740,2024-11-03,2024-11-09,2024-11-26,2024-12-03,returned
ORD004741,2024-12-31,2025-01-07,,,delivered
ORD004742,2024-11-27,2024-12-04,,,delivered
ORD004743,2024-12-12,2024-12-19,,,delivered
ORD004744,2024-11-25,2024-12-02,,,delivered
ORD004745,2024-11-01,2024-11-08,,,delivered
ORD004746,2024-12-18,2024-12-24,,,delivered
ORD004747,2024-12-28,2025-01-03,2025-01-23,2025-01-31,returned
ORD004748,2024-12-31,2025-01-02,,,delivered
ORD004749,2024-12-19,2024-12-21,2025-01-01,2025-01-11,returned
ORD004750,2024-12-06,2024-12-12,,,delivered
ORD004751,2024-12-19,2024-12-24,,,delivered
ORD004752,2024-11-06,2024-11-11,,,delivered
ORD004753,2024-12-30,2025-01-05,,,delivered
ORD004754,2024-11-13,2024-11-19,,,delivered
ORD004755,2024-10-12,2024-10-14,2024-10-25,2024-11-01,returned
ORD004756,2024-10-30,2024-11-01,,,delivered
ORD004757,2024-12-09,2024-12-13,,,delivered
ORD004758,2024-11-04,2024-11-06,2024-11-20,2024-11-27,returned
ORD004759,2024-12-25,2024-12-28,,,delivered
ORD004760,2024-12-30,2025-01-01,,,delivered
ORD004761,2024-12-17,2024-12-22,,,delivered
ORD004762,2024-11-01,2024-11-05,,,delivered
ORD004763,2024-11-15,2024-11-20,,,delivered
ORD004764,2024-12-02,2024-12-05,,,delivered
ORD004765,2024-10-31,2024-11-02,2024-11-10,2024-11-23,returned
ORD004766,2024-11-14,2024-11-18,,,delivered
ORD004767,2024-10-19,2024-10-21,,,delivered
ORD004768,2024-11-27,2024-11-30,,,delivered
ORD004769,2024-12-19,2024-12-23,,,delivered
ORD004770,2024-10-10,2024-10-12,2024-10-18,2024-11-01,returned
ORD004771,2024-12-19,2024-12-25,2025-01-02,2025-01-09,returned
ORD004772,2024-12-19,2024-12-23,2025-01-13,2025-01-20,returned
ORD004773,2024-12-18,2024-12-22,,,delivered
ORD004774,2024-11-26,2024-11-30,,,delivered
ORD004775,2024-11-15,2024-11-22,2024-12-07,2024-12-18,returned
ORD004776,2024-11-17,2024-11-21,,,delivered
ORD004777,2024-12-11,2024-12-18,,,delivered
ORD004778,2024-11-04,2024-11-11,,,delivered
ORD004779,2024-10-21,2024-10-24,,,delivered
ORD004780,2024-10-15,2024-10-21,,,delivered
ORD004781,2024-11-29,2024-12-04,,,delivered
ORD004782,2024-11-22,2024-11-29,,,delivered
ORD004783,2024-11-22,2024-11-28,,,delivered
ORD004784,2024-11-04,2024-11-06,2024-11-26,2024-12-04,returned
ORD004785,2024-12-21,2024-12-27,,,delivered
ORD004786,2024-12-13,2024-12-17,2024-12-30,2025-01-13,returned
ORD004787,2024-12-19,2024-12-23,,,delivered
ORD004788,2024-11-03,2024-11-06,,,delivered
ORD004789,2024-12-07,2024-12-09,,,delivered
ORD004790,2024-11-27,2024-12-02,2024-12-10,2024-12-19,returned
ORD004791,2024-11-12,2024-11-17,2024-11-21,2024-12-01,returned
ORD004792,2024-12-25,2024-12-31,,,delivered
ORD004793,2024-11-04,2024-11-06,,,delivered
ORD004794,2024-12-28,2025-01-04,,,delivered
ORD004795,2024-10-26,2024-11-01,,,delivered
ORD004796,2024-12-08,2024-12-10,,,delivered
ORD004797,2024-11-17,2024-11-23,,,delivered
ORD004798,2024-12-25,2024-12-31,,,delivered
ORD004799,2024-11-25,2024-11-27,,,delivered
ORD004800,2024-11-13,2024-11-17,,,delivered
ORD004801,2024-12-28,2025-01-03,,,delivered
ORD004802,2024-12-15,2024-12-19,,,delivered
ORD004803,2024-12-07,2024-12-10,,,delivered
ORD004804,2024-11-04,2024-11-08,,,delivered
ORD004805,2024-12-14,2024-12-16,,,delivered
ORD004806,2024-12-07,2024-12-11,2024-12-28,2025-01-02,returned
ORD004807,2024-11-17,2024-11-20,2024-12-06,2024-12-16,returned
ORD004808,2024-12-22,2024-12-26,2025-01-16,2025-01-23,returned
ORD004809,2024-10-25,2024-10-30,,,delivered
ORD004810,2024-12-26,2024-12-31,,,delivered
ORD004811,2024-12-17,2024-12-20,,,delivered
ORD004812,2024-11-18,2024-11-25,,,delivered
ORD004813,2024-11-30,2024-12-06,,,delivered
ORD004814,2024-12-25,2024-12-31,,,delivered
ORD004815,2024-12-03,2024-12-10,,,delivered
ORD004816,2024-11-19,2024-11-26,2024-12-12,2024-12-26,returned
ORD004817,2024-11-19,2024-11-25,,,delivered
ORD004818,2024-10-28,2024-10-30,,,delivered
ORD004819,2024-10-09,2024-10-16,,,delivered
ORD004820,2024-12-02,2024-12-05,,,delivered
ORD004821,2024-12-19,2024-12-26,2025-01-05,2025-01-17,returned
ORD004822,2024-12-08,2024-12-11,,,delivered
ORD004823,2024-10-30,2024-11-04,,,delivered
ORD004824,2024-11-10,2024-11-12,,,delivered
ORD004825,2024-11-15,2024-11-20,,,delivered
ORD004826,2024-11-13,2024-11-18,,,delivered
ORD004827,2024-10-30,2024-11-04,,,delivered
ORD004828,2024-10-16,2024-10-21,,,delivered
ORD004829,2024-12-16,2024-12-19,,,delivered
ORD004830,2024-12-18,2024-12-25,,,delivered
ORD004831,2024-11-10,2024-11-12,,,delivered
ORD004832,2024-11-19,2024-11-22,2024-12-08,2024-12-15,returned
ORD004833,2024-10-29,2024-10-31,2024-11-20,2024-11-28,returned
ORD004834,2024-12-07,2024-12-13,,,delivered
ORD004835,2024-10-31,2024-11-03,2024-11-06,2024-11-20,returned
ORD004836,2024-12-09,2024-12-13,,,delivered
ORD004837,2024-11-12,2024-11-15,,,delivered
ORD004838,2024-12-01,2024-12-03,2024-12-24,2025-01-01,returned
ORD004839,2024-10-25,2024-10-29,,,delivered
ORD004840,2024-11-27,2024-12-01,,,delivered
ORD004841,2024-11-28,2024-11-30,,,delivered
ORD004842,2024-11-07,2024-11-09,2024-11-28,2024-12-12,returned
ORD004843,2024-12-16,2024-12-19,,,delivered
ORD004844,2024-11-26,2024-12-01,,,delivered
ORD004845,2024-12-28,2024-12-30,,,delivered
ORD004846,2024-12-10,2024-12-16,,,delivered
ORD004847,2024-10-23,2024-10-26,2024-11-16,2024-11-29,returned
ORD004848,2024-10-17,2024-10-22,,,delivered
ORD004849,2024-11-27,2024-12-03,,,delivered
ORD004850,2024-11-21,2024-11-26,,,delivered
ORD004851,2024-11-12,2024-11-15,,,delivered
ORD004852,2024-12-16,2024-12-18,2024-12-30,2025-01-06,returned
ORD004853,2024-12-07,2024-12-13,,,delivered
ORD004854,2024-11-09,2024-11-16,,,delivered
ORD004855,2024-12-21,2024-12-27,,,delivered
ORD004856,2024-11-01,2024-11-08,,,delivered
ORD004857,2024-12-21,2024-12-23,,,delivered
ORD004858,2024-12-09,2024-12-16,,,delivered
ORD004859,2024-11-03,2024-11-10,,,delivered
ORD004860,2024-11-13,2024-11-18,,,delivered
ORD004861,2024-11-25,2024-11-30,,,delivered
ORD004862,2024-12-05,2024-12-08,2024-12-25,2025-01-06,returned
ORD004863,2024-11-05,2024-11-07,,,delivered
ORD004864,2024-12-14,2024-12-19,,,delivered
ORD004865,2024-11-23,2024-11-27,,,delivered
ORD004866,2024-10-08,2024-10-12,,,delivered
ORD004867,2024-12-23,2024-12-29,,,delivered
ORD004868,2024-12-31,2025-01-02,,,delivered
ORD004869,2024-11-11,2024-11-17,,,delivered
ORD004870,2024-11-29,2024-12-03,,,delivered
ORD004871,2024-12-10,2024-12-13,,,delivered
ORD004872,2024-10-13,2024-10-20,,,delivered
ORD004873,2024-12-12,2024-12-19,,,delivered
ORD004874,2024-12-09,2024-12-13,,,delivered
ORD004875,2024-12-09,2024-12-15,,,delivered
ORD004876,2024-12-14,2024-12-21,,,delivered
ORD004877,2024-10-27,2024-11-03,,,delivered
ORD004878,2024-11-26,2024-12-02,2024-12-16,2024-12-25,returned
ORD004879,2024-12-11,2024-12-14,,,delivered
ORD004880,2024-11-14,2024-11-17,,,delivered
ORD004881,2024-12-30,2025-01-03,,,delivered
ORD004882,2024-11-25,2024-11-27,,,delivered
ORD004883,2024-12-06,2024-12-10,2024-12-30,2025-01-12,returned
ORD004884,2024-12-02,2024-12-06,,,delivered
ORD004885,2024-12-06,2024-12-08,,,delivered
ORD004886,2024-12-18,2024-12-24,,,delivered
ORD004887,2024-12-01,2024-12-04,,,delivered
ORD004888,2024-11-21,2024-11-23,,,delivered
ORD004889,2024-12-05,2024-12-07,,,delivered
ORD004890,2024-10-27,2024-11-02,,,delivered
ORD004891,2024-12-21,2024-12-26,,,delivered
ORD004892,2024-11-15,2024-11-21,,,delivered
ORD004893,2024-12-15,2024-12-18,,,delivered
ORD004894,2024-12-06,2024-12-10,,,delivered
ORD004895,2024-11-17,2024-11-24,,,delivered
ORD004896,2024-10-23,2024-10-29,,,delivered
ORD004897,2024-12-13,2024-12-17,,,delivered
ORD004898,2024-12-26,2024-12-31,,,delivered
ORD004899,2024-12-26,2024-12-28,,,delivered
ORD004900,2024-11-30,2024-12-07,,,delivered
ORD004901,2024-10-27,2024-11-03,,,delivered
ORD004902,2024-11-15,2024-11-19,,,delivered
ORD004903,2024-12-14,2024-12-19,,,delivered
ORD004904,2024-10-31,2024-11-05,,,delivered
ORD004905,2024-10-29,2024-11-01,,,delivered
ORD004906,2024-10-28,2024-11-03,,,delivered
ORD004907,2024-12-04,2024-12-11,2024-12-28,2025-01-08,returned
ORD004908,2024-12-26,2024-12-29,,,delivered
ORD004909,2024-11-21,2024-11-24,,,delivered
ORD004910,2024-12-20,2024-12-24,,,delivered
ORD004911,2024-10-23,2024-10-29,2024-11-03,2024-11-09,returned
ORD004912,2024-12-12,2024-12-19,,,delivered
ORD004913,2024-10-24,2024-10-29,,,delivered
ORD004914,2024-12-01,2024-12-03,,,delivered
ORD004915,2024-12-02,2024-12-08,,,delivered
ORD004916,2024-10-26,2024-10-31,,,delivered
ORD004917,2024-11-08,2024-11-12,,,delivered
ORD004918,2024-12-09,2024-12-15,,,delivered
ORD004919,2024-11-12,2024-11-14,,,delivered
ORD004920,2024-10-06,2024-10-12,,,delivered
ORD004921,2024-10-27,2024-10-29,,,delivered
ORD004922,2024-12-05,2024-12-09,,,delivered
ORD004923,2024-11-10,2024-11-17,,,delivered
ORD004924,2024-11-10,2024-11-15,,,delivered
ORD004925,2024-10-11,2024-10-17,,,delivered
ORD004926,2024-11-25,2024-12-02,,,delivered
ORD004927,2024-11-04,2024-11-06,,,delivered
ORD004928,2024-10-24,2024-10-26,,,delivered
ORD004929,2024-12-13,2024-12-17,,,delivered
ORD004930,2024-12-06,2024-12-10,2024-12-16,2024-12-30,returned
ORD004931,2024-12-07,2024-12-12,,,delivered
ORD004932,2024-11-03,2024-11-09,,,delivered
ORD004933,2024-10-15,2024-10-18,,,delivered
ORD004934,2024-12-07,2024-12-09,2024-12-24,2025-01-04,returned
ORD004935,2024-11-11,2024-11-17,,,delivered
ORD004936,2024-11-09,2024-11-11,2024-11-29,2024-12-08,returned
ORD004937,2024-12-30,2025-01-03,2025-01-11,2025-01-21,returned
ORD004938,2024-12-15,2024-12-19,,,delivered
ORD004939,2024-10-13,2024-10-18,2024-10-24,2024-11-07,returned
ORD004940,2024-10-05,2024-10-07,,,delivered
ORD004941,2024-11-20,2024-11-27,,,delivered
ORD004942,2024-12-07,2024-12-11,,,delivered
ORD004943,2024-11-01,2024-11-04,,,delivered
ORD004944,2024-11-11,2024-11-17,2024-11-20,2024-12-03,returned
ORD004945,2024-12-23,2024-12-27,,,delivered
ORD004946,2024-12-21,2024-12-25,,,delivered
ORD004947,2024-12-18,2024-12-25,,,delivered
ORD004948,2024-12-04,2024-12-10,,,delivered
ORD004949,2024-10-31,2024-11-03,,,delivered
ORD004950,2024-12-27,2024-12-31,,,delivered
ORD004951,2024-12-16,2024-12-20,,,delivered
ORD004952,2024-11-03,2024-11-09,,,delivered
ORD004953,2024-12-07,2024-12-11,,,delivered
ORD004954,2024-11-19,2024-11-22,,,delivered
ORD004955,2024-12-05,2024-12-08,,,delivered
ORD004956,2024-11-15,2024-11-22,,,delivered
ORD004957,2024-11-01,2024-11-08,,,delivered
ORD004958,2024-12-24,2024-12-28,,,delivered
ORD004959,2024-11-29,2024-12-02,,,delivered
ORD004960,2024-10-20,2024-10-23,2024-10-31,2024-11-09,returned
ORD004961,2024-10-23,2024-10-29,,,delivered
ORD004962,2024-10-24,2024-10-28,,,delivered
ORD004963,2024-11-17,2024-11-19,2024-12-05,2024-12-19,returned
ORD004964,2024-11-08,2024-11-14,2024-12-03,2024-12-11,returned
ORD004965,2024-12-19,2024-12-24,,,delivered
ORD004966,2024-12-20,2024-12-25,,,delivered
ORD004967,2024-12-17,2024-12-19,,,delivered
ORD004968,2024-12-16,2024-12-19,2025-01-09,2025-01-21,returned
ORD004969,2024-12-22,2024-12-28,,,delivered
ORD004970,2024-10-15,2024-10-21,,,delivered
ORD004971,2024-12-27,2024-12-31,2025-01-07,2025-01-19,returned
ORD004972,2024-12-23,2024-12-30,2025-01-14,2025-01-28,returned
ORD004973,2024-11-08,2024-11-12,,,delivered
ORD004974,2024-11-09,2024-11-13,2024-11-27,2024-12-07,returned
ORD004975,2024-12-12,2024-12-15,2024-12-23,2025-01-05,returned
ORD004976,2024-12-24,2024-12-26,,,delivered
ORD004977,2024-11-22,2024-11-26,2024-12-14,2024-12-25,returned
ORD004978,2024-12-05,2024-12-10,,,delivered
ORD004979,2024-11-13,2024-11-20,,,delivered
ORD004980,2024-11-17,2024-11-24,,,delivered
ORD004981,2024-11-20,2024-11-24,2024-11-27,2024-12-08,returned
ORD004982,2024-10-23,2024-10-29,,,delivered
ORD004983,2024-12-31,2025-01-06,,,delivered
ORD004984,2024-11-15,2024-11-19,,,delivered
ORD004985,2024-11-17,2024-11-21,,,delivered
ORD004986,2024-11-11,2024-11-14,,,delivered
ORD004987,2024-11-01,2024-11-04,,,delivered
ORD004988,2024-12-07,2024-12-13,,,delivered
ORD004989,2024-12-04,2024-12-06,2024-12-26,2024-12-31,returned
ORD004990,2024-12-11,2024-12-13,,,delivered
ORD004991,2024-11-16,2024-11-23,,,delivered
ORD004992,2024-12-05,2024-12-10,,,delivered
ORD004993,2024-11-20,2024-11-22,,,delivered
ORD004994,2024-12-30,2025-01-02,2025-01-23,2025-02-05,returned
ORD004995,2024-11-28,2024-12-01,,,delivered
ORD004996,2024-12-10,2024-12-12,,,delivered
ORD004997,2024-12-04,2024-12-06,,,delivered
ORD004998,2024-12-24,2024-12-26,,,delivered
ORD004999,2024-12-16,2024-12-21,,,delivered
ORD005000,2024-11-28,2024-12-05,2024-12-18,2024-12-30,returned
ORD005001,2024-12-05,2024-12-12,,,delivered
ORD005002,2024-10-22,2024-10-28,,,delivered
ORD005003,2024-10-31,2024-11-07,2024-11-13,2024-11-24,returned
ORD005004,2024-11-14,2024-11-16,,,delivered
ORD005005,2024-12-06,2024-12-12,,,delivered
ORD005006,2024-10-19,2024-10-21,2024-11-11,2024-11-17,returned
ORD005007,2024-10-14,2024-10-21,,,delivered
ORD005008,2024-11-14,2024-11-21,,,delivered
ORD005009,2024-11-16,2024-11-18,,,delivered
ORD005010,2024-12-09,2024-12-14,,,delivered
ORD005011,2024-12-26,2024-12-30,,,delivered
ORD005012,2024-11-08,2024-11-10,,,delivered
ORD005013,2024-11-14,2024-11-21,,,delivered
ORD005014,2024-11-19,2024-11-25,,,delivered
ORD005015,2024-11-26,2024-11-28,,,delivered
ORD005016,2024-10-26,2024-11-02,,,delivered
ORD005017,2024-12-11,2024-12-16,,,delivered
ORD005018,2024-12-22,2024-12-26,2024-12-30,2025-01-07,returned
ORD005019,2024-12-18,2024-12-24,2025-01-12,2025-01-21,returned
ORD005020,2024-10-29,2024-11-03,,,delivered
ORD005021,2024-12-14,2024-12-16,,,delivered
ORD005022,2024-12-30,2025-01-02,,,delivered
ORD005023,2024-11-20,2024-11-23,,,delivered
ORD005024,2024-11-22,2024-11-26,,,delivered
ORD005025,2024-12-06,2024-12-11,2024-12-21,2024-12-29,returned
ORD005026,2024-12-22,2024-12-27,2024-12-30,2025-01-06,returned
ORD005027,2024-12-13,2024-12-17,,,delivered
ORD005028,2024-12-20,2024-12-27,,,delivered
ORD005029,2024-11-18,2024-11-23,,,delivered
ORD005030,2024-11-14,2024-11-20,,,delivered
ORD005031,2024-11-28,2024-12-01,2024-12-07,2024-12-13,returned
ORD005032,2024-12-25,2024-12-28,,,delivered
ORD005033,2024-11-11,2024-11-17,,,delivered
ORD005034,2024-10-31,2024-11-03,,,delivered
ORD005035,2024-11-24,2024-12-01,,,delivered
ORD005036,2024-10-25,2024-10-27,,,delivered
ORD005037,2024-12-07,2024-12-10,,,delivered
ORD005038,2024-11-09,2024-11-11,,,delivered
ORD005039,2024-12-22,2024-12-24,,,delivered
ORD005040,2024-11-03,2024-11-10,,,delivered
ORD005041,2024-12-10,2024-12-12,,,delivered
ORD005042,2024-12-27,2025-01-01,,,delivered
ORD005043,2024-11-16,2024-11-22,,,delivered
ORD005044,2025-01-01,2025-01-08,,,delivered
ORD005045,2024-11-23,2024-11-30,2024-12-13,2024-12-24,returned
ORD005046,2024-11-26,2024-11-29,,,delivered
ORD005047,2024-10-31,2024-11-02,,,delivered
ORD005048,2024-12-23,2024-12-27,,,delivered
ORD005049,2024-11-06,2024-11-12,,,delivered
ORD005050,2024-12-24,2024-12-31,,,delivered
ORD005051,2024-12-31,2025-01-05,2025-01-24,2025-02-06,returned
ORD005052,2024-12-12,2024-12-19,,,delivered
ORD005053,2024-10-23,2024-10-26,,,delivered
ORD005054,2024-10-23,2024-10-30,,,delivered
ORD005055,2024-11-22,2024-11-26,,,delivered
ORD005056,2024-12-11,2024-12-17,,,delivered
ORD005057,2024-10-12,2024-10-18,,,delivered
ORD005058,2024-12-20,2024-12-24,,,delivered
ORD005059,2024-11-25,2024-11-28,,,delivered
ORD005060,2024-12-28,2024-12-31,,,delivered
ORD005061,2024-10-06,2024-10-09,2024-10-12,2024-10-17,returned
ORD005062,2024-12-06,2024-12-13,,,delivered
ORD005063,2024-12-12,2024-12-16,,,delivered
ORD005064,2024-12-15,2024-12-17,,,delivered
ORD005065,2024-11-28,2024-12-05,,,delivered
ORD005066,2024-12-16,2024-12-19,,,delivered
ORD005067,2024-12-01,2024-12-05,,,delivered
ORD005068,2024-11-06,2024-11-09,,,delivered
ORD005069,2024-11-27,2024-11-30,,,delivered
ORD005070,2024-12-18,2024-12-25,,,delivered
ORD005071,2024-11-23,2024-11-25,,,delivered
ORD005072,2024-11-13,2024-11-20,,,delivered
ORD005073,2024-11-11,2024-11-18,,,delivered
ORD005074,2024-11-24,2024-11-30,,,delivered
ORD005075,2024-11-02,2024-11-04,,,delivered
ORD005076,2024-11-16,2024-11-18,,,delivered
ORD005077,2024-10-31,2024-11-03,,,delivered
ORD005078,2024-11-10,2024-11-14,,,delivered
ORD005079,2024-12-28,2024-12-30,,,delivered
ORD005080,2024-10-24,2024-10-31,,,delivered
ORD005081,2024-12-15,2024-12-21,,,delivered
ORD005082,2024-12-11,2024-12-17,,,delivered
ORD005083,2024-11-13,2024-11-20,,,delivered
ORD005084,2024-12-20,2024-12-24,,,delivered
ORD005085,2024-11-17,2024-11-21,,,delivered
ORD005086,2024-11-08,2024-11-12,,,delivered
ORD005087,2024-10-25,2024-10-30,2024-11-09,2024-11-21,returned
ORD005088,2024-12-19,2024-12-24,,,delivered
ORD005089,2024-12-18,2024-12-25,2025-01-05,2025-01-13,returned
ORD005090,2024-11-14,2024-11-21,,,delivered
ORD005091,2024-10-23,2024-10-26,,,delivered
ORD005092,2024-12-12,2024-12-19,2025-01-02,2025-01-08,returned
ORD005093,2024-11-17,2024-11-20,,,delivered
ORD005094,2024-10-31,2024-11-03,,,delivered
ORD005095,2024-11-19,2024-11-23,,,delivered
ORD005096,2024-12-25,2024-12-29,,,delivered
ORD005097,2024-12-28,2025-01-04,,,delivered
ORD005098,2024-12-08,2024-12-11,,,delivered
ORD005099,2024-11-13,2024-11-20,,,delivered
ORD005100,2024-12-06,2024-12-13,,,delivered
ORD005101,2024-11-15,2024-11-20,,,delivered
ORD005102,2024-11-22,2024-11-27,,,delivered
ORD005103,2024-12-10,2024-12-12,,,delivered
ORD005104,2024-11-03,2024-11-08,,,delivered
ORD005105,2024-11-08,2024-11-14,,,delivered
ORD005106,2024-11-20,2024-11-26,,,delivered
ORD005107,2024-11-05,2024-11-12,,,delivered
ORD005108,2024-10-25,2024-10-30,,,delivered
ORD005109,2024-12-31,2025-01-06,,,delivered
ORD005110,2024-11-06,2024-11-10,,,delivered
ORD005111,2024-11-21,2024-11-23,,,delivered
ORD005112,2024-12-08,2024-12-10,,,delivered
ORD005113,2024-11-02,2024-11-04,,,delivered
ORD005114,2024-12-28,2025-01-01,,,delivered
ORD005115,2024-10-09,2024-10-13,,,delivered
ORD005116,2024-12-10,2024-12-12,2024-12-24,2025-01-06,returned
ORD005117,2024-12-28,2025-01-02,,,delivered
ORD005118,2024-12-21,2024-12-26,,,delivered
ORD005119,2024-12-13,2024-12-19,,,delivered
ORD005120,2024-12-23,2024-12-28,2025-01-18,2025-01-28,returned
ORD005121,2024-10-11,2024-10-18,,,delivered
ORD005122,2024-11-06,2024-11-12,,,delivered
ORD005123,2024-11-27,2024-12-02,,,delivered
ORD005124,2024-12-12,2024-12-19,,,delivered
ORD005125,2024-12-21,2024-12-26,,,delivered
ORD005126,2024-12-05,2024-12-09,,,delivered
ORD005127,2024-11-23,2024-11-28,,,delivered
ORD005128,2024-11-02,2024-11-05,,,delivered
ORD005129,2024-10-31,2024-11-04,,,delivered
ORD005130,2024-10-13,2024-10-15,,,delivered
ORD005131,2024-11-25,2024-12-02,,,delivered
ORD005132,2024-10-20,2024-10-23,,,delivered
ORD005133,2024-10-05,2024-10-11,,,delivered
ORD005134,2024-11-12,2024-11-16,,,delivered
ORD005135,2024-10-16,2024-10-23,,,delivered
ORD005136,2024-12-04,2024-12-08,,,delivered
ORD005137,2024-10-30,2024-11-04,,,delivered
ORD005138,2024-11-03,2024-11-06,,,delivered
ORD005139,2024-12-12,2024-12-19,,,delivered
ORD005140,2024-11-08,2024-11-11,,,delivered
ORD005141,2024-11-11,2024-11-13,,,delivered
ORD005142,2024-12-03,2024-12-10,,,delivered
ORD005143,2024-10-09,2024-10-14,,,delivered
ORD005144,2024-12-10,2024-12-13,2024-12-17,2024-12-31,returned
ORD005145,2024-11-16,2024-11-19,,,delivered
ORD005146,2024-10-20,2024-10-23,2024-10-31,2024-11-05,returned
ORD005147,2024-10-16,2024-10-19,,,delivered
ORD005148,2024-12-25,2024-12-27,,,delivered
ORD005149,2024-12-19,2024-12-25,,,delivered
ORD005150,2025-01-02,2025-01-09,,,delivered
ORD005151,2024-11-30,2024-12-05,,,delivered
ORD005152,2024-12-25,2025-01-01,,,delivered
ORD005153,2024-11-13,2024-11-18,,,delivered
ORD005154,2024-11-15,2024-11-19,,,delivered
ORD005155,2024-11-26,2024-12-03,2024-12-13,2024-12-25,returned
ORD005156,2024-11-14,2024-11-17,,,delivered
ORD005157,2024-12-15,2024-12-22,2025-01-08,2025-01-16,returned
ORD005158,2024-12-21,2024-12-26,,,delivered
ORD005159,2024-11-23,2024-11-30,2024-12-09,2024-12-20,returned
ORD005160,2024-11-27,2024-11-29,,,delivered
ORD005161,2024-12-19,2024-12-24,,,delivered
ORD005162,2024-11-28,2024-12-02,2024-12-23,2025-01-04,returned
ORD005163,2024-12-18,2024-12-24,,,delivered
ORD005164,2024-12-22,2024-12-25,2025-01-08,2025-01-15,returned
ORD005165,2024-12-30,2025-01-05,,,delivered
ORD005166,2024-12-08,2024-12-11,,,delivered
ORD005167,2024-12-19,2024-12-23,2025-01-13,2025-01-23,returned
ORD005168,2024-12-18,2024-12-22,2025-01-02,2025-01-08,returned
ORD005169,2024-12-01,2024-12-04,2024-12-20,2024-12-25,returned
ORD005170,2024-12-01,2024-12-04,,,delivered
ORD005171,2024-12-07,2024-12-12,2024-12-19,2024-12-28,returned
ORD005172,2024-12-27,2024-12-29,2025-01-18,2025-01-31,returned
ORD005173,2024-12-22,2024-12-28,,,delivered
ORD005174,2024-11-26,2024-12-03,2024-12-07,2024-12-18,returned
ORD005175,2024-12-20,2024-12-27,2025-01-02,2025-01-11,returned
ORD005176,2024-12-02,2024-12-09,2024-12-16,2024-12-26,returned
ORD005177,2024-12-29,2025-01-05,,,delivered
ORD005178,2024-12-14,2024-12-20,,,delivered
ORD005179,2024-11-18,2024-11-23,,,delivered
ORD005180,2024-12-16,2024-12-19,,,delivered
ORD005181,2024-12-05,2024-12-10,2024-12-23,2025-01-04,returned
ORD005182,2024-12-30,2025-01-06,2025-01-10,2025-01-16,returned
ORD005183,2025-01-01,2025-01-05,2025-01-08,2025-01-21,returned
ORD005184,2024-12-12,2024-12-14,,,delivered
ORD005185,2024-12-08,2024-12-11,,,delivered
ORD005186,2024-11-26,2024-11-30,,,delivered
ORD005187,2024-12-01,2024-12-05,2024-12-18,2024-12-27,returned
ORD005188,2024-12-18,2024-12-20,2025-01-02,2025-01-09,returned
ORD005189,2024-12-24,2024-12-29,2025-01-12,2025-01-20,returned
ORD005190,2024-11-26,2024-11-28,,,delivered
ORD005191,2024-11-24,2024-11-29,,,delivered
ORD005192,2024-12-22,2024-12-29,,,delivered
ORD005193,2024-12-02,2024-12-04,,,delivered
ORD005194,2024-12-13,2024-12-19,,,delivered
ORD005195,2024-12-05,2024-12-10,,,delivered
ORD005196,2024-12-07,2024-12-10,2024-12-23,2024-12-28,returned
ORD005197,2024-12-08,2024-12-10,2024-12-29,2025-01-06,returned
ORD005198,2024-11-27,2024-12-01,,,delivered
ORD005199,2024-12-13,2024-12-16,,,delivered
ORD005200,2024-12-15,2024-12-19,,,delivered
ORD005201,2024-12-27,2024-12-31,2025-01-18,2025-01-23,returned
ORD005202,2024-12-23,2024-12-27,,,delivered
ORD005203,2024-11-28,2024-12-04,2024-12-17,2024-12-22,returned
ORD005204,2024-12-22,2024-12-29,2025-01-07,2025-01-18,returned
ORD005205,2024-12-31,2025-01-03,2025-01-18,2025-01-31,returned
ORD005206,2024-12-08,2024-12-12,,,delivered
ORD005207,2024-12-10,2024-12-13,,,delivered
ORD005208,2024-11-18,2024-11-20,,,delivered
ORD005209,2024-12-04,2024-12-08,,,delivered
ORD005210,2024-12-21,2024-12-25,,,delivered
ORD005211,2024-11-25,2024-12-01,,,delivered
ORD005212,2024-12-10,2024-12-17,,,delivered
ORD005213,2024-12-16,2024-12-23,,,delivered
ORD005214,2024-12-21,2024-12-26,,,delivered
ORD005215,2024-12-29,2025-01-03,,,delivered
ORD005216,2024-12-07,2024-12-10,,,delivered
ORD005217,2024-12-11,2024-12-18,,,delivered
ORD005218,2024-12-30,2025-01-02,,,delivered
ORD005219,2024-12-18,2024-12-24,2025-01-09,2025-01-20,returned
ORD005220,2024-12-06,2024-12-09,,,delivered
ORD005221,2024-12-14,2024-12-20,2024-12-26,2025-01-06,returned
ORD005222,2024-12-02,2024-12-04,,,delivered
ORD005223,2024-12-04,2024-12-11,2024-12-24,2025-01-05,returned
ORD005224,2024-12-15,2024-12-18,2025-01-08,2025-01-13,returned
ORD005225,2024-11-19,2024-11-23,,,delivered
ORD005226,2024-12-22,2024-12-29,2025-01-10,2025-01-18,returned
ORD005227,2024-12-09,2024-12-12,2024-12-22,2024-12-30,returned
ORD005228,2024-12-11,2024-12-17,,,delivered
ORD005229,2024-12-29,2025-01-01,,,delivered
ORD005230,2024-11-30,2024-12-07,2024-12-14,2024-12-20,returned
ORD005231,2024-12-09,2024-12-11,,,delivered
ORD005232,2024-12-17,2024-12-19,,,delivered
ORD005233,2024-11-17,2024-11-24,2024-11-28,2024-12-06,returned
ORD005234,2024-11-24,2024-11-29,2024-12-17,2024-12-25,returned
ORD005235,2024-12-05,2024-12-11,,,delivered
ORD005236,2024-12-11,2024-12-13,2024-12-30,2025-01-11,returned
ORD005237,2024-12-30,2025-01-05,,,delivered
ORD005238,2024-11-24,2024-11-26,,,delivered
ORD005239,2024-11-25,2024-12-02,,,delivered
ORD005240,2024-12-03,2024-12-09,2024-12-26,2024-12-31,returned
ORD005241,2024-11-21,2024-11-26,,,delivered
ORD005242,2024-12-18,2024-12-23,,,delivered
ORD005243,2024-12-01,2024-12-08,,,delivered
ORD005244,2024-11-30,2024-12-04,,,delivered
ORD005245,2024-12-30,2025-01-02,,,delivered
ORD005246,2024-12-24,2024-12-29,2025-01-11,2025-01-16,returned
ORD005247,2024-11-29,2024-12-05,,,delivered
ORD005248,2024-11-29,2024-12-02,,,delivered
ORD005249,2024-12-24,2024-12-26,,,delivered
ORD005250,2024-12-13,2024-12-16,2025-01-03,2025-01-10,returned
ORD005251,2024-11-28,2024-12-04,,,delivered
ORD005252,2024-11-16,2024-11-18,,,delivered
ORD005253,2024-11-18,2024-11-22,,,delivered
ORD005254,2024-12-28,2025-01-01,,,delivered
ORD005255,2024-12-23,2024-12-26,2025-01-05,2025-01-14,returned
ORD005256,2024-12-27,2025-01-02,,,delivered
ORD005257,2024-12-13,2024-12-19,,,delivered
ORD005258,2024-12-28,2025-01-01,2025-01-19,2025-01-27,returned
ORD005259,2024-11-10,2024-11-14,2024-11-24,2024-12-08,returned
ORD005260,2025-01-01,2025-01-04,,,delivered
ORD005261,2024-11-27,2024-11-30,,,delivered
ORD005262,2024-12-10,2024-12-17,,,delivered
ORD005263,2024-12-11,2024-12-13,2024-12-18,2024-12-28,returned
ORD005264,2024-12-31,2025-01-07,2025-01-21,2025-02-03,returned
ORD005265,2024-12-25,2024-12-31,2025-01-16,2025-01-23,returned
ORD005266,2024-12-29,2024-12-31,,,delivered
ORD005267,2024-11-08,2024-11-11,,,delivered
ORD005268,2024-11-15,2024-11-17,,,delivered
ORD005269,2024-12-25,2024-12-27,,,delivered
ORD005270,2024-12-10,2024-12-17,,,delivered
ORD005271,2024-12-01,2024-12-04,,,delivered
ORD005272,2024-12-04,2024-12-11,2024-12-31,2025-01-11,returned
ORD005273,2024-11-29,2024-12-01,,,delivered
ORD005274,2024-12-04,2024-12-07,,,delivered
ORD005275,2024-12-23,2024-12-27,,,delivered
ORD005276,2024-11-07,2024-11-14,,,delivered
ORD005277,2024-12-31,2025-01-04,,,delivered
ORD005278,2024-12-24,2024-12-26,2025-01-09,2025-01-15,returned
ORD005279,2024-11-12,2024-11-18,,,delivered
ORD005280,2024-12-28,2025-01-04,2025-01-21,2025-02-01,returned
ORD005281,2024-12-20,2024-12-24,2025-01-01,2025-01-12,returned
ORD005282,2024-12-24,2024-12-27,,,delivered
ORD005283,2024-12-18,2024-12-22,2025-01-01,2025-01-12,returned
ORD005284,2024-12-15,2024-12-20,2024-12-23,2025-01-01,returned
ORD005285,2024-12-13,2024-12-20,,,delivered
ORD005286,2024-11-29,2024-12-01,,,delivered
ORD005287,2024-12-14,2024-12-20,,,delivered
ORD005288,2024-12-30,2025-01-01,,,delivered
ORD005289,2025-01-02,2025-01-05,,,delivered
ORD005290,2024-12-14,2024-12-19,2024-12-30,2025-01-13,returned
ORD005291,2024-12-26,2024-12-29,2025-01-11,2025-01-25,returned
ORD005292,2024-11-17,2024-11-21,,,delivered
ORD005293,2024-11-22,2024-11-28,,,delivered
ORD005294,2024-12-14,2024-12-19,2024-12-30,2025-01-06,returned
ORD005295,2024-12-31,2025-01-03,,,delivered
ORD005296,2024-12-23,2024-12-27,,,delivered
ORD005297,2024-12-28,2024-12-31,2025-01-05,2025-01-17,returned
ORD005298,2024-12-20,2024-12-26,,,delivered
ORD005299,2024-11-15,2024-11-17,2024-12-01,2024-12-09,returned
ORD005300,2024-12-12,2024-12-15,,,delivered
ORD005301,2024-12-22,2024-12-27,2025-01-10,2025-01-21,returned
ORD005302,2024-12-10,2024-12-13,,,delivered
ORD005303,2024-11-30,2024-12-03,,,delivered
ORD005304,2024-12-26,2024-12-29,2025-01-10,2025-01-23,returned
ORD005305,2024-12-26,2025-01-01,,,delivered
ORD005306,2024-11-14,2024-11-20,,,delivered
ORD005307,2024-12-21,2024-12-23,,,delivered
ORD005308,2024-11-24,2024-11-26,,,delivered
ORD005309,2024-11-23,2024-11-27,2024-12-05,2024-12-10,returned
ORD005310,2024-12-22,2024-12-25,,,delivered
ORD005311,2024-12-21,2024-12-26,,,delivered
ORD005312,2024-12-05,2024-12-07,2024-12-22,2025-01-02,returned
ORD005313,2024-12-28,2025-01-01,,,delivered
ORD005314,2024-11-16,2024-11-22,,,delivered
ORD005315,2024-11-23,2024-11-28,,,delivered
ORD005316,2024-12-27,2025-01-01,,,delivered
ORD005317,2024-11-27,2024-12-01,2024-12-07,2024-12-13,returned
ORD005318,2024-12-07,2024-12-14,,,delivered
ORD005319,2024-12-31,2025-01-04,2025-01-23,2025-02-01,returned
ORD005320,2024-12-20,2024-12-22,,,delivered
ORD005321,2024-12-30,2025-01-06,2025-01-14,2025-01-26,returned
ORD005322,2024-11-29,2024-12-06,2024-12-13,2024-12-19,returned
ORD005323,2024-12-03,2024-12-09,,,delivered
ORD005324,2024-12-09,2024-12-11,,,delivered
ORD005325,2025-01-01,2025-01-08,,,delivered
ORD005326,2024-11-28,2024-12-03,2024-12-23,2025-01-06,returned
ORD005327,2024-11-25,2024-11-27,,,delivered
ORD005328,2024-12-31,2025-01-05,2025-01-23,2025-01-29,returned
ORD005329,2024-11-28,2024-11-30,,,delivered
ORD005330,2024-12-30,2025-01-04,2025-01-23,2025-02-01,returned
ORD005331,2024-11-30,2024-12-07,,,delivered
ORD005332,2024-12-01,2024-12-08,,,delivered
ORD005333,2024-12-04,2024-12-10,,,delivered
ORD005334,2024-12-01,2024-12-08,,,delivered
ORD005335,2024-12-27,2025-01-03,2025-01-10,2025-01-21,returned
ORD005336,2024-12-29,2025-01-05,2025-01-24,2025-01-31,returned
ORD005337,2024-12-17,2024-12-23,,,delivered
ORD005338,2024-12-15,2024-12-17,2024-12-29,2025-01-08,returned
ORD005339,2024-11-17,2024-11-21,,,delivered
ORD005340,2024-12-25,2024-12-31,2025-01-17,2025-01-25,returned
ORD005341,2024-12-15,2024-12-18,,,delivered
ORD005342,2024-12-25,2024-12-31,,,delivered
ORD005343,2024-12-08,2024-12-13,2024-12-17,2024-12-25,returned
ORD005344,2024-12-27,2024-12-30,,,delivered
ORD005345,2024-12-29,2025-01-02,2025-01-10,2025-01-24,returned
ORD005346,2024-12-28,2025-01-01,,,delivered
ORD005347,2024-12-21,2024-12-24,,,delivered
ORD005348,2024-12-29,2024-12-31,,,delivered
ORD005349,2024-12-06,2024-12-12,,,delivered
ORD005350,2024-12-02,2024-12-09,,,delivered
ORD005351,2024-11-28,2024-12-01,,,delivered
ORD005352,2024-12-11,2024-12-15,2024-12-27,2025-01-07,returned
ORD005353,2024-12-22,2024-12-29,2025-01-10,2025-01-21,returned
ORD005354,2024-12-23,2024-12-28,,,delivered
ORD005355,2024-11-27,2024-12-03,,,delivered
ORD005356,2024-12-01,2024-12-05,,,delivered
ORD005357,2024-11-30,2024-12-02,,,delivered
ORD005358,2024-11-30,2024-12-02,,,delivered
ORD005359,2024-12-28,2024-12-30,,,delivered
ORD005360,2024-12-10,2024-12-14,2024-12-21,2024-12-28,returned
ORD005361,2024-11-18,2024-11-20,,,delivered
ORD005362,2024-12-08,2024-12-14,,,delivered
ORD005363,2024-12-04,2024-12-08,,,delivered
ORD005364,2024-12-03,2024-12-07,,,delivered
ORD005365,2024-12-02,2024-12-08,,,delivered
ORD005366,2024-12-06,2024-12-09,,,delivered
ORD005367,2024-12-12,2024-12-17,,,delivered
ORD005368,2024-11-12,2024-11-18,,,delivered
ORD005369,2024-12-29,2025-01-03,,,delivered
ORD005370,2024-11-15,2024-11-17,,,delivered
ORD005371,2024-12-18,2024-12-25,2025-01-14,2025-01-21,returned
ORD005372,2024-12-24,2024-12-27,,,delivered
ORD005373,2024-12-29,2025-01-02,2025-01-08,2025-01-14,returned
ORD005374,2024-12-23,2024-12-30,,,delivered
ORD005375,2024-11-25,2024-11-29,2024-12-07,2024-12-14,returned
ORD005376,2024-12-23,2024-12-30,2025-01-10,2025-01-24,returned
ORD005377,2024-11-28,2024-12-02,2024-12-16,2024-12-28,returned
ORD005378,2024-12-31,2025-01-03,,,delivered
ORD005379,2024-11-13,2024-11-18,,,delivered
ORD005380,2024-12-26,2025-01-01,,,delivered
ORD005381,2024-11-22,2024-11-24,,,delivered
ORD005382,2024-12-07,2024-12-09,2024-12-18,2024-12-25,returned
ORD005383,2024-11-26,2024-12-01,2024-12-05,2024-12-17,returned
ORD005384,2024-11-30,2024-12-02,,,delivered
ORD005385,2024-11-10,2024-11-12,,,delivered
ORD005386,2024-12-11,2024-12-13,2024-12-24,2024-12-31,returned
ORD005387,2024-11-12,2024-11-17,,,delivered
ORD005388,2024-11-11,2024-11-16,2024-11-27,2024-12-07,returned
ORD005389,2024-11-21,2024-11-25,2024-12-09,2024-12-15,returned
ORD005390,2024-12-18,2024-12-21,2024-12-30,2025-01-04,returned
ORD005391,2024-11-19,2024-11-24,2024-12-07,2024-12-16,returned
ORD005392,2024-12-14,2024-12-19,2025-01-03,2025-01-13,returned
ORD005393,2024-12-08,2024-12-14,,,delivered
ORD005394,2024-12-29,2025-01-02,,,delivered
ORD005395,2024-12-13,2024-12-19,,,delivered
ORD005396,2024-12-31,2025-01-05,,,delivered
ORD005397,2024-12-01,2024-12-05,,,delivered
ORD005398,2024-12-19,2024-12-26,,,delivered
ORD005399,2024-11-06,2024-11-08,,,delivered
ORD005400,2024-12-29,2025-01-01,,,delivered
ORD005401,2024-12-20,2024-12-25,,,delivered
ORD005402,2024-12-05,2024-12-08,,,delivered
ORD005403,2024-11-20,2024-11-23,,,delivered
ORD005404,2024-12-25,2024-12-27,,,delivered
ORD005405,2024-11-25,2024-11-30,,,delivered
ORD005406,2024-12-09,2024-12-13,,,delivered
ORD005407,2024-12-23,2024-12-26,,,delivered
ORD005408,2024-11-20,2024-11-27,,,delivered
ORD005409,2024-12-15,2024-12-21,,,delivered
ORD005410,2024-11-24,2024-11-28,,,delivered
ORD005411,2024-12-18,2024-12-21,,,delivered
ORD005412,2024-11-16,2024-11-22,,,delivered
ORD005413,2024-12-30,2025-01-06,,,delivered
ORD005414,2025-01-01,2025-01-03,,,delivered
ORD005415,2024-12-26,2024-12-30,,,delivered
ORD005416,2024-11-11,2024-11-13,,,delivered
ORD005417,2024-12-22,2024-12-29,2025-01-01,2025-01-11,returned
ORD005418,2024-12-13,2024-12-15,,,delivered
ORD005419,2024-12-20,2024-12-26,,,delivered
ORD005420,2024-11-20,2024-11-27,,,delivered
ORD005421,2024-11-26,2024-12-02,2024-12-05,2024-12-19,returned
ORD005422,2024-12-21,2024-12-24,,,delivered
ORD005423,2024-12-20,2024-12-25,,,delivered
ORD005424,2024-12-17,2024-12-22,,,delivered
ORD005425,2024-12-24,2024-12-26,,,delivered
ORD005426,2024-12-13,2024-12-19,,,delivered
ORD005427,2025-01-01,2025-01-03,,,delivered
ORD005428,2024-12-26,2025-01-01,,,delivered
ORD005429,2024-12-10,2024-12-16,,,delivered
ORD005430,2024-12-31,2025-01-06,,,delivered
ORD005431,2024-12-12,2024-12-16,,,delivered
ORD005432,2024-12-01,2024-12-07,,,delivered
ORD005433,2024-12-16,2024-12-18,,,delivered
ORD005434,2024-12-29,2024-12-31,,,delivered
ORD005435,2024-12-28,2025-01-03,,,delivered
ORD005436,2025-01-01,2025-01-03,2025-01-22,2025-02-03,returned
ORD005437,2024-12-11,2024-12-18,,,delivered
ORD005438,2024-12-28,2025-01-01,2025-01-18,2025-01-27,returned
ORD005439,2024-11-12,2024-11-18,,,delivered
ORD005440,2024-12-22,2024-12-24,,,delivered
ORD005441,2025-01-01,2025-01-06,,,delivered
ORD005442,2024-12-05,2024-12-10,,,delivered
ORD005443,2024-11-29,2024-12-04,,,delivered
ORD005444,2024-12-23,2024-12-25,,,delivered
ORD005445,2024-12-12,2024-12-18,,,delivered
ORD005446,2024-12-12,2024-12-17,,,delivered
ORD005447,2024-12-27,2025-01-01,2025-01-21,2025-02-03,returned
ORD005448,2024-12-16,2024-12-18,,,delivered
ORD005449,2024-12-03,2024-12-08,2024-12-28,2025-01-04,returned
ORD005450,2024-12-20,2024-12-23,2025-01-12,2025-01-22,returned
ORD005451,2024-12-22,2024-12-29,2025-01-17,2025-01-27,returned
ORD005452,2024-12-03,2024-12-09,2024-12-21,2024-12-26,returned
ORD005453,2024-11-28,2024-12-02,,,delivered
ORD005454,2024-11-21,2024-11-28,,,delivered
ORD005455,2024-12-19,2024-12-26,,,delivered
ORD005456,2024-12-06,2024-12-08,,,delivered
ORD005457,2024-12-29,2025-01-04,,,delivered
ORD005458,2024-12-08,2024-12-14,,,delivered
ORD005459,2024-12-06,2024-12-08,,,delivered
ORD005460,2024-12-27,2025-01-02,,,delivered
ORD005461,2024-12-10,2024-12-17,,,delivered
ORD005462,2024-12-13,2024-12-15,,,delivered
ORD005463,2025-01-01,2025-01-08,,,delivered
ORD005464,2024-12-08,2024-12-14,,,delivered
ORD005465,2024-11-29,2024-12-02,,,delivered
ORD005466,2024-12-11,2024-12-17,,,delivered
ORD005467,2024-12-06,2024-12-12,,,delivered
ORD005468,2024-12-27,2024-12-29,2025-01-09,2025-01-23,returned
ORD005469,2024-12-04,2024-12-09,,,delivered
ORD005470,2024-12-11,2024-12-15,,,delivered
ORD005471,2024-11-17,2024-11-24,2024-11-30,2024-12-11,returned
ORD005472,2024-12-13,2024-12-17,,,delivered
ORD005473,2024-11-21,2024-11-23,,,delivered
ORD005474,2024-12-31,2025-01-03,,,delivered
ORD005475,2024-12-26,2024-12-29,,,delivered
ORD005476,2024-12-30,2025-01-03,2025-01-11,2025-01-22,returned
ORD005477,2024-12-17,2024-12-20,,,delivered
ORD005478,2024-12-22,2024-12-29,,,delivered
ORD005479,2024-12-03,2024-12-08,,,delivered
ORD005480,2025-01-02,2025-01-08,,,delivered
ORD005481,2024-12-22,2024-12-27,,,delivered
ORD005482,2024-12-30,2025-01-02,,,delivered
ORD005483,2024-12-21,2024-12-28,,,delivered
ORD005484,2024-12-20,2024-12-24,,,delivered
ORD005485,2024-12-12,2024-12-14,,,delivered
ORD005486,2024-12-25,2024-12-27,2025-01-12,2025-01-25,returned
ORD005487,2024-12-05,2024-12-09,,,delivered
ORD005488,2024-11-29,2024-12-06,,,delivered
ORD005489,2024-12-15,2024-12-18,,,delivered
ORD005490,2024-12-23,2024-12-27,,,delivered
ORD005491,2024-11-30,2024-12-02,,,delivered
ORD005492,2024-11-20,2024-11-23,,,delivered
ORD005493,2024-12-31,2025-01-05,,,delivered
ORD005494,2024-12-11,2024-12-17,2024-12-26,2024-12-31,returned
ORD005495,2024-12-06,2024-12-12,,,delivered
ORD005496,2024-11-08,2024-11-12,,,delivered
ORD005497,2024-11-17,2024-11-22,,,delivered
ORD005498,2024-12-31,2025-01-02,,,delivered
ORD005499,2024-11-28,2024-11-30,,,delivered
ORD005500,2024-12-12,2024-12-17,,,delivered
ORD005501,2024-12-14,2024-12-17,,,delivered
ORD005502,2024-12-20,2024-12-25,,,delivered
ORD005503,2024-11-30,2024-12-06,,,delivered
ORD005504,2024-12-11,2024-12-14,,,delivered
ORD005505,2024-12-05,2024-12-11,,,delivered
ORD005506,2024-12-10,2024-12-14,,,delivered
ORD005507,2024-12-26,2024-12-31,,,delivered
ORD005508,2024-12-19,2024-12-22,,,delivered
ORD005509,2024-11-14,2024-11-16,,,delivered
ORD005510,2024-12-07,2024-12-13,,,delivered
ORD005511,2024-12-24,2024-12-28,,,delivered
ORD005512,2024-12-28,2024-12-31,,,delivered
ORD005513,2024-12-13,2024-12-18,2024-12-25,2025-01-06,returned
ORD005514,2024-12-18,2024-12-20,,,delivered
ORD005515,2024-12-26,2024-12-31,,,delivered
ORD005516,2024-11-11,2024-11-15,,,delivered
ORD005517,2024-12-22,2024-12-28,,,delivered
ORD005518,2024-12-30,2025-01-01,,,delivered
ORD005519,2024-12-22,2024-12-28,2025-01-15,2025-01-23,returned
ORD005520,2024-12-13,2024-12-16,,,delivered
ORD005521,2024-12-03,2024-12-07,,,delivered
ORD005522,2024-12-18,2024-12-21,,,delivered
ORD005523,2024-12-19,2024-12-23,2025-01-06,2025-01-11,returned
ORD005524,2024-12-28,2025-01-04,,,delivered
ORD005525,2024-12-17,2024-12-20,2024-12-23,2025-01-03,returned
ORD005526,2024-11-21,2024-11-24,,,delivered
ORD005527,2024-12-06,2024-12-10,2024-12-29,2025-01-04,returned
ORD005528,2024-12-08,2024-12-10,,,delivered
ORD005529,2024-12-23,2024-12-29,,,delivered
ORD005530,2024-11-22,2024-11-27,,,delivered
ORD005531,2024-12-22,2024-12-25,,,delivered
ORD005532,2024-12-08,2024-12-12,,,delivered
ORD005533,2024-12-19,2024-12-24,2024-12-29,2025-01-12,returned
ORD005534,2024-11-18,2024-11-23,,,delivered
ORD005535,2024-12-13,2024-12-18,,,delivered
ORD005536,2024-11-20,2024-11-26,,,delivered
ORD005537,2024-11-23,2024-11-25,,,delivered
ORD005538,2024-12-28,2025-01-01,,,delivered
ORD005539,2024-12-15,2024-12-18,,,delivered
ORD005540,2024-12-17,2024-12-20,,,delivered
ORD005541,2024-12-15,2024-12-22,,,delivered
ORD005542,2024-12-12,2024-12-18,,,delivered
ORD005543,2024-12-13,2024-12-20,,,delivered
ORD005544,2024-12-11,2024-12-14,,,delivered
ORD005545,2024-12-03,2024-12-08,,,delivered
ORD005546,2024-12-02,2024-12-07,,,delivered
ORD005547,2024-11-20,2024-11-26,,,delivered
ORD005548,2024-12-28,2025-01-02,,,delivered
ORD005549,2024-11-08,2024-11-10,,,delivered
ORD005550,2024-11-19,2024-11-26,,,delivered
ORD005551,2024-12-23,2024-12-30,2025-01-11,2025-01-18,returned
ORD005552,2024-12-24,2024-12-28,,,delivered
ORD005553,2024-12-11,2024-12-13,,,delivered
ORD005554,2024-11-25,2024-11-28,,,delivered
ORD005555,2024-11-16,2024-11-22,,,delivered
ORD005556,2024-12-21,2024-12-24,2024-12-30,2025-01-04,returned
ORD005557,2024-12-21,2024-12-26,,,delivered
ORD005558,2024-12-04,2024-12-11,,,delivered
ORD005559,2024-11-25,2024-11-27,,,delivered
ORD005560,2024-12-15,2024-12-21,,,delivered
ORD005561,2024-12-07,2024-12-14,,,delivered
ORD005562,2024-12-24,2024-12-31,,,delivered
ORD005563,2024-12-24,2024-12-28,,,delivered
ORD005564,2024-12-13,2024-12-18,,,delivered
ORD005565,2024-12-23,2024-12-29,,,delivered
ORD005566,2024-12-17,2024-12-20,2024-12-26,2025-01-08,returned
ORD005567,2024-12-25,2024-12-31,,,delivered
ORD005568,2024-12-26,2024-12-29,2025-01-09,2025-01-17,returned
ORD005569,2024-12-12,2024-12-17,,,delivered
ORD005570,2024-12-21,2024-12-25,,,delivered
ORD005571,2024-12-19,2024-12-25,,,delivered
ORD005572,2024-12-09,2024-12-12,,,delivered
ORD005573,2024-11-21,2024-11-25,2024-12-07,2024-12-17,returned
ORD005574,2024-12-13,2024-12-19,2024-12-26,2025-01-07,returned
ORD005575,2024-12-04,2024-12-08,2024-12-28,2025-01-08,returned
ORD005576,2024-11-29,2024-12-03,,,delivered
ORD005577,2024-12-09,2024-12-11,,,delivered
ORD005578,2024-12-06,2024-12-11,2024-12-22,2025-01-04,returned
ORD005579,2024-11-24,2024-12-01,,,delivered
ORD005580,2024-12-10,2024-12-14,,,delivered
ORD005581,2024-11-16,2024-11-23,,,delivered
ORD005582,2024-11-11,2024-11-15,2024-12-05,2024-12-12,returned
ORD005583,2024-12-13,2024-12-16,,,delivered
ORD005584,2024-11-29,2024-12-05,,,delivered
ORD005585,2024-11-22,2024-11-26,,,delivered
ORD005586,2024-12-09,2024-12-13,,,delivered
ORD005587,2024-11-24,2024-11-28,,,delivered
ORD005588,2024-12-27,2024-12-31,,,delivered
ORD005589,2024-11-15,2024-11-17,,,delivered
ORD005590,2024-11-28,2024-12-05,,,delivered
ORD005591,2024-12-18,2024-12-23,,,delivered
ORD005592,2024-12-24,2024-12-27,,,delivered
ORD005593,2024-11-20,2024-11-24,,,delivered
ORD005594,2024-11-27,2024-12-03,,,delivered
ORD005595,2024-12-16,2024-12-18,2025-01-03,2025-01-14,returned
ORD005596,2024-11-21,2024-11-24,,,delivered
ORD005597,2024-12-15,2024-12-19,2024-12-22,2024-12-28,returned
ORD005598,2024-12-29,2025-01-03,,,delivered
ORD005599,2024-12-14,2024-12-16,,,delivered
ORD005600,2024-11-30,2024-12-03,,,delivered
ORD005601,2024-12-20,2024-12-24,2024-12-30,2025-01-12,returned
ORD005602,2024-12-17,2024-12-19,,,delivered
ORD005603,2024-12-21,2024-12-26,,,delivered
ORD005604,2024-12-18,2024-12-23,2025-01-07,2025-01-14,returned
ORD005605,2024-12-22,2024-12-24,,,delivered
ORD005606,2024-12-12,2024-12-18,,,delivered
ORD005607,2024-12-12,2024-12-18,,,delivered
ORD005608,2024-12-06,2024-12-13,,,delivered
ORD005609,2024-12-21,2024-12-26,,,delivered
ORD005610,2024-11-21,2024-11-24,,,delivered
ORD005611,2024-12-29,2025-01-03,2025-01-23,2025-02-01,returned
ORD005612,2024-12-07,2024-12-10,2024-12-13,2024-12-20,returned
ORD005613,2024-12-05,2024-12-10,2024-12-19,2024-12-25,returned
ORD005614,2024-12-30,2025-01-01,2025-01-05,2025-01-19,returned
ORD005615,2024-12-24,2024-12-28,,,delivered
ORD005616,2024-12-05,2024-12-08,,,delivered
ORD005617,2024-12-04,2024-12-10,2024-12-24,2025-01-02,returned
ORD005618,2024-12-17,2024-12-24,2025-01-07,2025-01-18,returned
ORD005619,2025-01-01,2025-01-08,,,delivered
ORD005620,2024-12-18,2024-12-22,,,delivered
ORD005621,2024-12-14,2024-12-20,,,delivered
ORD005622,2024-12-16,2024-12-23,,,delivered
ORD005623,2024-12-17,2024-12-24,,,delivered
ORD005624,2024-12-10,2024-12-13,,,delivered
ORD005625,2024-12-05,2024-12-10,2024-12-17,2024-12-29,returned
ORD005626,2024-12-29,2025-01-01,,,delivered
ORD005627,2024-12-06,2024-12-12,,,delivered
ORD005628,2024-12-14,2024-12-20,,,delivered
ORD005629,2024-12-06,2024-12-08,2024-12-24,2024-12-29,returned
ORD005630,2024-12-03,2024-12-07,2024-12-22,2024-12-29,returned
ORD005631,2024-12-11,2024-12-14,,,delivered
ORD005632,2024-11-24,2024-11-28,,,delivered
ORD005633,2024-11-09,2024-11-16,,,delivered
ORD005634,2024-12-07,2024-12-12,,,delivered
ORD005635,2024-12-16,2024-12-22,,,delivered
ORD005636,2024-12-05,2024-12-07,,,delivered
ORD005637,2024-12-31,2025-01-05,,,delivered
ORD005638,2024-12-11,2024-12-16,,,delivered
ORD005639,2024-11-27,2024-12-01,,,delivered
ORD005640,2024-12-27,2024-12-30,,,delivered
ORD005641,2024-11-09,2024-11-11,,,delivered
ORD005642,2024-11-17,2024-11-20,,,delivered
ORD005643,2024-12-01,2024-12-03,2024-12-14,2024-12-19,returned
ORD005644,2024-11-30,2024-12-07,,,delivered
ORD005645,2024-12-28,2024-12-30,,,delivered
ORD005646,2024-12-06,2024-12-11,,,delivered
ORD005647,2024-11-26,2024-12-01,,,delivered
ORD005648,2024-11-12,2024-11-18,2024-11-25,2024-12-09,returned
ORD005649,2024-11-29,2024-12-04,2024-12-08,2024-12-16,returned
ORD005650,2024-12-11,2024-12-14,,,delivered
ORD005651,2024-12-18,2024-12-22,,,delivered
ORD005652,2024-12-08,2024-12-13,,,delivered
ORD005653,2024-12-02,2024-12-09,,,delivered
ORD005654,2024-12-14,2024-12-21,2025-01-01,2025-01-08,returned
ORD005655,2024-12-02,2024-12-07,2024-12-11,2024-12-22,returned
ORD005656,2024-12-10,2024-12-14,,,delivered
ORD005657,2024-12-02,2024-12-09,,,delivered
ORD005658,2024-12-01,2024-12-04,2024-12-11,2024-12-18,returned
ORD005659,2024-12-10,2024-12-17,2025-01-03,2025-01-09,returned
ORD005660,2024-11-28,2024-12-05,,,delivered
ORD005661,2024-11-20,2024-11-22,,,delivered
ORD005662,2024-12-05,2024-12-09,,,delivered
ORD005663,2024-12-12,2024-12-19,,,delivered
ORD005664,2024-11-16,2024-11-20,2024-11-28,2024-12-07,returned
ORD005665,2024-12-28,2025-01-01,,,delivered
ORD005666,2024-12-27,2025-01-03,,,delivered
ORD005667,2024-11-28,2024-12-05,2024-12-19,2024-12-30,returned
ORD005668,2025-01-01,2025-01-06,2025-01-21,2025-01-29,returned
ORD005669,2024-12-20,2024-12-25,2024-12-30,2025-01-12,returned
ORD005670,2024-12-01,2024-12-03,2024-12-10,2024-12-15,returned
ORD005671,2024-11-27,2024-11-30,,,delivered
ORD005672,2024-12-19,2024-12-23,,,delivered
ORD005673,2024-12-26,2024-12-30,,,delivered
ORD005674,2024-11-24,2024-11-30,,,delivered
ORD005675,2024-11-28,2024-12-05,2024-12-23,2025-01-06,returned
ORD005676,2024-12-27,2025-01-02,,,delivered
ORD005677,2024-12-03,2024-12-07,,,delivered
ORD005678,2024-12-30,2025-01-04,2025-01-18,2025-01-29,returned
ORD005679,2024-12-01,2024-12-06,2024-12-22,2025-01-03,returned
ORD005680,2024-12-26,2024-12-31,,,delivered
ORD005681,2024-12-26,2024-12-30,,,delivered
ORD005682,2024-12-04,2024-12-11,2024-12-16,2024-12-24,returned
ORD005683,2024-12-07,2024-12-14,,,delivered
ORD005684,2024-12-11,2024-12-13,,,delivered
ORD005685,2024-12-28,2025-01-03,,,delivered
ORD005686,2025-01-02,2025-01-06,,,delivered
ORD005687,2024-12-06,2024-12-09,,,delivered
ORD005688,2024-11-16,2024-11-20,,,delivered
ORD005689,2024-12-20,2024-12-23,,,delivered
ORD005690,2024-12-30,2025-01-04,,,delivered
ORD005691,2024-12-27,2024-12-31,2025-01-14,2025-01-22,returned
ORD005692,2024-11-28,2024-12-01,,,delivered
ORD005693,2024-11-24,2024-11-28,,,delivered
ORD005694,2024-12-22,2024-12-26,2025-01-02,2025-01-08,returned
ORD005695,2024-12-25,2024-12-30,2025-01-05,2025-01-10,returned
ORD005696,2024-11-18,2024-11-22,2024-12-13,2024-12-26,returned
ORD005697,2024-11-24,2024-11-28,,,delivered
ORD005698,2024-12-14,2024-12-16,,,delivered
ORD005699,2024-11-13,2024-11-17,,,delivered
ORD005700,2024-11-09,2024-11-11,,,delivered
ORD005701,2024-12-24,2024-12-30,,,delivered
ORD005702,2024-12-30,2025-01-04,2025-01-18,2025-01-24,returned
ORD005703,2024-12-22,2024-12-27,,,delivered
ORD005704,2025-01-02,2025-01-04,,,delivered
ORD005705,2024-11-15,2024-11-21,,,delivered
ORD005706,2024-12-21,2024-12-23,,,delivered
ORD005707,2024-11-18,2024-11-21,,,delivered
ORD005708,2024-12-25,2024-12-30,2025-01-13,2025-01-21,returned
ORD005709,2024-12-14,2024-12-19,,,delivered
ORD005710,2024-12-20,2024-12-22,,,delivered
ORD005711,2024-12-29,2025-01-02,,,delivered
ORD005712,2024-12-22,2024-12-28,,,delivered
ORD005713,2024-12-09,2024-12-13,,,delivered
ORD005714,2024-12-10,2024-12-12,,,delivered
ORD005715,2025-01-01,2025-01-03,,,delivered
ORD005716,2024-12-17,2024-12-21,,,delivered
ORD005717,2024-11-25,2024-12-01,,,delivered
ORD005718,2024-12-04,2024-12-06,,,delivered
ORD005719,2024-12-28,2024-12-31,,,delivered
ORD005720,2024-12-07,2024-12-11,,,delivered
ORD005721,2024-11-23,2024-11-25,,,delivered
ORD005722,2024-12-11,2024-12-16,,,delivered
ORD005723,2024-12-08,2024-12-10,,,delivered
ORD005724,2024-12-04,2024-12-11,,,delivered
ORD005725,2024-11-27,2024-12-03,2024-12-15,2024-12-22,returned
ORD005726,2024-11-25,2024-11-28,,,delivered
ORD005727,2024-12-16,2024-12-18,,,delivered
ORD005728,2024-11-27,2024-12-04,,,delivered
ORD005729,2024-11-28,2024-12-02,,,delivered
ORD005730,2024-12-23,2024-12-27,,,delivered
ORD005731,2024-12-06,2024-12-09,2024-12-15,2024-12-22,returned
ORD005732,2024-11-21,2024-11-23,,,delivered
ORD005733,2024-11-13,2024-11-17,,,delivered
ORD005734,2024-12-18,2024-12-22,,,delivered
ORD005735,2024-12-01,2024-12-07,,,delivered
ORD005736,2024-12-06,2024-12-10,,,delivered
ORD005737,2024-11-27,2024-11-30,,,delivered
ORD005738,2024-12-03,2024-12-05,,,delivered
ORD005739,2024-12-08,2024-12-15,,,delivered
ORD005740,2024-12-10,2024-12-12,,,delivered
ORD005741,2024-12-29,2025-01-03,,,delivered
ORD005742,2024-12-27,2024-12-31,,,delivered
ORD005743,2024-11-25,2024-11-30,,,delivered
ORD005744,2024-12-07,2024-12-09,,,delivered
ORD005745,2024-12-26,2024-12-28,,,delivered
ORD005746,2024-12-16,2024-12-23,,,delivered
ORD005747,2024-11-17,2024-11-19,,,delivered
ORD005748,2024-12-25,2024-12-28,,,delivered
ORD005749,2024-12-05,2024-12-07,,,delivered
ORD005750,2024-11-30,2024-12-03,,,delivered
ORD005751,2024-12-07,2024-12-14,,,delivered
ORD005752,2024-12-23,2024-12-26,,,delivered
ORD005753,2024-11-30,2024-12-03,,,delivered
ORD005754,2024-12-30,2025-01-01,2025-01-13,2025-01-22,returned
ORD005755,2024-12-17,2024-12-24,,,delivered
ORD005756,2024-12-28,2024-12-30,,,delivered
ORD005757,2024-12-19,2024-12-25,,,delivered
ORD005758,2024-12-22,2024-12-24,,,delivered
ORD005759,2024-12-07,2024-12-12,2024-12-25,2024-12-31,returned
ORD005760,2024-12-29,2025-01-04,,,delivered
ORD005761,2024-11-30,2024-12-02,,,delivered
ORD005762,2024-12-14,2024-12-18,,,delivered
ORD005763,2024-12-08,2024-12-14,,,delivered
ORD005764,2024-12-04,2024-12-07,,,delivered
ORD005765,2024-11-20,2024-11-22,2024-11-28,2024-12-10,returned
ORD005766,2024-12-18,2024-12-23,2024-12-26,2025-01-02,returned
ORD005767,2024-12-25,2024-12-29,,,delivered
ORD005768,2024-11-28,2024-12-04,,,delivered
ORD005769,2024-11-28,2024-12-02,,,delivered
ORD005770,2024-11-24,2024-11-27,,,delivered
ORD005771,2024-12-23,2024-12-27,2025-01-17,2025-01-31,returned
ORD005772,2024-12-28,2025-01-02,,,delivered
ORD005773,2024-12-31,2025-01-02,2025-01-11,2025-01-17,returned
ORD005774,2024-12-11,2024-12-13,2024-12-22,2024-12-28,returned
ORD005775,2024-12-15,2024-12-18,,,delivered
ORD005776,2024-12-10,2024-12-13,,,delivered
ORD005777,2024-12-09,2024-12-16,,,delivered
ORD005778,2024-12-25,2024-12-30,,,delivered
ORD005779,2024-12-25,2025-01-01,,,delivered
ORD005780,2024-12-12,2024-12-15,,,delivered
ORD005781,2024-12-14,2024-12-16,,,delivered
ORD005782,2024-12-19,2024-12-26,2025-01-10,2025-01-17,returned
ORD005783,2024-12-07,2024-12-11,,,delivered
ORD005784,2024-12-09,2024-12-15,,,delivered
ORD005785,2024-12-30,2025-01-03,,,delivered
ORD005786,2024-11-26,2024-12-01,2024-12-04,2024-12-10,returned
ORD005787,2024-12-12,2024-12-17,,,delivered
ORD005788,2024-11-13,2024-11-15,,,delivered
ORD005789,2024-12-18,2024-12-21,,,delivered
ORD005790,2024-12-21,2024-12-25,,,delivered
ORD005791,2024-12-28,2025-01-03,,,delivered
ORD005792,2024-12-06,2024-12-12,,,delivered
ORD005793,2024-12-01,2024-12-05,2024-12-16,2024-12-28,returned
ORD005794,2024-12-18,2024-12-21,,,delivered
ORD005795,2024-12-28,2024-12-31,,,delivered
ORD005796,2024-12-22,2024-12-24,,,delivered
ORD005797,2024-11-26,2024-12-01,2024-12-13,2024-12-26,returned
ORD005798,2024-12-29,2025-01-01,,,delivered
ORD005799,2024-12-25,2024-12-28,,,delivered
ORD005800,2024-11-28,2024-12-01,,,delivered
ORD005801,2024-12-23,2024-12-30,,,delivered
ORD005802,2024-12-12,2024-12-17,,,delivered
ORD005803,2024-12-29,2025-01-02,,,delivered
ORD005804,2024-12-28,2025-01-02,,,delivered
ORD005805,2024-11-22,2024-11-24,,,delivered
ORD005806,2024-12-10,2024-12-12,,,delivered
ORD005807,2024-12-11,2024-12-13,,,delivered
ORD005808,2024-12-14,2024-12-21,,,delivered
ORD005809,2024-11-08,2024-11-13,,,delivered
ORD005810,2024-12-02,2024-12-08,,,delivered
ORD005811,2024-12-12,2024-12-16,,,delivered
ORD005812,2024-11-12,2024-11-16,,,delivered
ORD005813,2024-12-22,2024-12-29,,,delivered
ORD005814,2024-11-22,2024-11-28,,,delivered
ORD005815,2024-12-03,2024-12-09,,,delivered
ORD005816,2024-12-13,2024-12-18,,,delivered
ORD005817,2024-11-30,2024-12-03,2024-12-12,2024-12-22,returned
ORD005818,2024-11-25,2024-11-30,2024-12-03,2024-12-13,returned
ORD005819,2024-12-11,2024-12-16,,,delivered
ORD005820,2024-12-20,2024-12-22,,,delivered
ORD005821,2024-12-05,2024-12-12,,,delivered
ORD005822,2024-12-14,2024-12-16,,,delivered
ORD005823,2024-12-03,2024-12-06,,,delivered
ORD005824,2024-12-31,2025-01-04,,,delivered
ORD005825,2024-11-22,2024-11-29,,,delivered
ORD005826,2024-11-24,2024-11-28,,,delivered
ORD005827,2024-12-29,2025-01-01,,,delivered
ORD005828,2024-11-15,2024-11-20,,,delivered
ORD005829,2025-01-01,2025-01-06,,,delivered
ORD005830,2024-11-18,2024-11-20,,,delivered
ORD005831,2024-11-07,2024-11-13,,,delivered
ORD005832,2024-12-11,2024-12-16,,,delivered
ORD005833,2024-11-18,2024-11-21,,,delivered
ORD005834,2024-11-30,2024-12-06,,,delivered
ORD005835,2024-12-14,2024-12-17,,,delivered
ORD005836,2024-11-11,2024-11-17,,,delivered
ORD005837,2024-12-02,2024-12-07,,,delivered
ORD005838,2024-12-19,2024-12-23,,,delivered
ORD005839,2024-12-11,2024-12-13,,,delivered
ORD005840,2024-12-03,2024-12-10,,,delivered
ORD005841,2024-12-25,2024-12-28,,,delivered
ORD005842,2024-11-24,2024-11-28,,,delivered
ORD005843,2024-12-23,2024-12-30,,,delivered
ORD005844,2024-12-25,2024-12-31,,,delivered
ORD005845,2024-12-12,2024-12-15,,,delivered
ORD005846,2024-11-25,2024-11-28,,,delivered
ORD005847,2024-11-30,2024-12-04,,,delivered
ORD005848,2024-12-23,2024-12-28,,,delivered
ORD005849,2024-11-30,2024-12-06,,,delivered
ORD005850,2024-12-12,2024-12-15,,,delivered
ORD005851,2025-01-01,2025-01-07,,,delivered
ORD005852,2024-11-25,2024-11-29,,,delivered
ORD005853,2024-11-27,2024-12-01,,,delivered
ORD005854,2024-11-17,2024-11-23,,,delivered
ORD005855,2024-12-22,2024-12-24,,,delivered
ORD005856,2024-12-08,2024-12-10,,,delivered
ORD005857,2024-12-15,2024-12-21,,,delivered
ORD005858,2024-11-20,2024-11-25,,,delivered
ORD005859,2024-11-27,2024-12-01,,,delivered
ORD005860,2024-11-23,2024-11-28,,,delivered
ORD005861,2024-12-31,2025-01-05,,,delivered
ORD005862,2024-11-05,2024-11-11,,,delivered
ORD005863,2024-12-07,2024-12-10,,,delivered
ORD005864,2024-11-10,2024-11-14,,,delivered
ORD005865,2024-11-06,2024-11-12,2024-11-20,2024-12-04,returned
ORD005866,2024-12-05,2024-12-08,,,delivered
ORD005867,2024-12-23,2024-12-30,,,delivered
ORD005868,2024-12-30,2025-01-02,,,delivered
ORD005869,2024-12-09,2024-12-13,,,delivered
ORD005870,2024-11-28,2024-12-03,,,delivered
ORD005871,2024-12-25,2024-12-31,,,delivered
ORD005872,2024-12-26,2024-12-29,,,delivered
ORD005873,2024-12-29,2025-01-01,,,delivered
ORD005874,2024-11-21,2024-11-24,,,delivered
ORD005875,2024-12-24,2024-12-30,,,delivered
ORD005876,2024-12-15,2024-12-17,,,delivered
ORD005877,2024-12-22,2024-12-29,,,delivered
ORD005878,2024-12-18,2024-12-23,,,delivered
ORD005879,2024-12-24,2024-12-30,2025-01-06,2025-01-14,returned
ORD005880,2024-12-12,2024-12-14,,,delivered
ORD005881,2024-12-03,2024-12-06,,,delivered
ORD005882,2024-11-19,2024-11-23,,,delivered
ORD005883,2024-12-08,2024-12-15,,,delivered
ORD005884,2024-12-03,2024-12-09,,,delivered
ORD005885,2024-12-13,2024-12-20,,,delivered
ORD005886,2024-11-14,2024-11-18,,,delivered
ORD005887,2024-12-14,2024-12-18,,,delivered
ORD005888,2024-11-21,2024-11-26,,,delivered
ORD005889,2024-11-14,2024-11-21,,,delivered
ORD005890,2024-12-24,2024-12-26,,,delivered
ORD005891,2024-12-02,2024-12-09,,,delivered
ORD005892,2024-12-24,2024-12-31,,,delivered
ORD005893,2024-12-21,2024-12-27,,,delivered
ORD005894,2024-12-13,2024-12-19,,,delivered
ORD005895,2024-12-14,2024-12-18,,,delivered
ORD005896,2024-12-22,2024-12-25,,,delivered
ORD005897,2024-12-28,2025-01-03,,,delivered
ORD005898,2024-12-15,2024-12-19,,,delivered
ORD005899,2024-12-14,2024-12-16,,,delivered
ORD005900,2024-12-10,2024-12-13,2024-12-29,2025-01-07,returned
ORD005901,2024-12-26,2024-12-30,,,delivered
ORD005902,2024-12-14,2024-12-17,,,delivered
ORD005903,2024-12-13,2024-12-18,,,delivered
ORD005904,2024-11-09,2024-11-15,,,delivered
ORD005905,2024-11-20,2024-11-27,,,delivered
ORD005906,2024-11-30,2024-12-06,2024-12-11,2024-12-17,returned
ORD005907,2025-01-01,2025-01-08,,,delivered
ORD005908,2024-12-05,2024-12-09,,,delivered
ORD005909,2024-12-24,2024-12-31,,,delivered
ORD005910,2024-11-05,2024-11-10,,,delivered
ORD005911,2024-11-22,2024-11-26,,,delivered
ORD005912,2024-12-14,2024-12-19,,,delivered
ORD005913,2024-11-27,2024-11-30,,,delivered
ORD005914,2024-12-28,2024-12-30,2025-01-05,2025-01-18,returned
ORD005915,2024-12-03,2024-12-07,,,delivered
ORD005916,2024-12-20,2024-12-22,,,delivered
ORD005917,2024-12-27,2024-12-29,,,delivered
ORD005918,2024-12-02,2024-12-07,,,delivered
ORD005919,2024-12-19,2024-12-21,,,delivered
ORD005920,2024-12-29,2025-01-01,,,delivered
ORD005921,2024-12-30,2025-01-01,,,delivered
ORD005922,2024-12-30,2025-01-05,,,delivered
ORD005923,2024-12-05,2024-12-07,,,delivered
ORD005924,2024-12-01,2024-12-08,,,delivered
ORD005925,2024-12-24,2024-12-28,,,delivered
ORD005926,2024-11-24,2024-11-30,,,delivered
ORD005927,2024-11-16,2024-11-23,,,delivered
ORD005928,2024-12-21,2024-12-27,2025-01-07,2025-01-16,returned
ORD005929,2024-12-27,2024-12-30,,,delivered
ORD005930,2024-12-30,2025-01-01,,,delivered
ORD005931,2024-12-27,2025-01-02,,,delivered
ORD005932,2024-12-28,2025-01-01,,,delivered
ORD005933,2024-12-20,2024-12-24,,,delivered
ORD005934,2024-12-27,2024-12-29,2025-01-06,2025-01-19,returned
ORD005935,2024-12-31,2025-01-06,,,delivered
ORD005936,2024-12-22,2024-12-24,2025-01-01,2025-01-07,returned
ORD005937,2025-01-02,2025-01-09,,,delivered
ORD005938,2024-12-19,2024-12-23,,,delivered
ORD005939,2024-12-14,2024-12-18,2025-01-04,2025-01-14,returned
ORD005940,2024-12-15,2024-12-22,2025-01-01,2025-01-12,returned
ORD005941,2024-12-18,2024-12-20,2025-01-08,2025-01-16,returned
ORD005942,2024-12-22,2024-12-24,,,delivered
ORD005943,2024-12-04,2024-12-09,,,delivered
ORD005944,2024-12-08,2024-12-15,2024-12-23,2024-12-31,returned
ORD005945,2024-12-26,2024-12-28,,,delivered
ORD005946,2025-01-01,2025-01-08,,,delivered
ORD005947,2024-12-27,2024-12-31,,,delivered
ORD005948,2024-12-29,2025-01-03,2025-01-22,2025-01-29,returned
ORD005949,2024-12-29,2025-01-05,,,delivered
ORD005950,2024-12-23,2024-12-25,,,delivered
ORD005951,2024-12-24,2024-12-28,,,delivered
ORD005952,2024-12-23,2024-12-25,,,delivered
ORD005953,2024-12-20,2024-12-26,2025-01-12,2025-01-26,returned
ORD005954,2024-12-19,2024-12-23,2024-12-28,2025-01-11,returned
ORD005955,2024-12-29,2025-01-03,,,delivered
ORD005956,2024-12-26,2024-12-29,,,delivered
ORD005957,2024-12-30,2025-01-03,,,delivered
ORD005958,2024-12-08,2024-12-11,,,delivered
ORD005959,2024-12-21,2024-12-23,,,delivered
ORD005960,2024-12-30,2025-01-03,,,delivered
ORD005961,2024-12-31,2025-01-06,,,delivered
ORD005962,2024-12-25,2024-12-28,,,delivered
ORD005963,2024-12-04,2024-12-08,,,delivered
ORD005964,2025-01-02,2025-01-04,,,delivered
ORD005965,2024-12-28,2025-01-04,2025-01-23,2025-02-05,returned
ORD005966,2024-12-28,2025-01-01,,,delivered
ORD005967,2024-12-14,2024-12-17,,,delivered
ORD005968,2024-12-12,2024-12-15,,,delivered
ORD005969,2024-12-27,2025-01-01,2025-01-19,2025-01-24,returned
ORD005970,2024-12-27,2024-12-31,,,delivered
ORD005971,2024-12-26,2025-01-01,,,delivered
ORD005972,2025-01-02,2025-01-06,,,delivered
ORD005973,2024-12-25,2024-12-31,,,delivered
ORD005974,2024-12-30,2025-01-03,,,delivered
ORD005975,2025-01-01,2025-01-04,2025-01-12,2025-01-17,returned
ORD005976,2024-12-24,2024-12-28,,,delivered
ORD005977,2024-12-25,2024-12-31,2025-01-17,2025-01-24,returned
ORD005978,2024-12-29,2024-12-31,2025-01-08,2025-01-22,returned
ORD005979,2025-01-02,2025-01-09,,,delivered
ORD005980,2024-12-31,2025-01-07,,,delivered
ORD005981,2024-12-28,2025-01-02,2025-01-19,2025-01-27,returned
ORD005982,2024-12-16,2024-12-23,2025-01-06,2025-01-14,returned
ORD005983,2024-12-27,2024-12-29,2025-01-14,2025-01-22,returned
ORD005984,2024-12-29,2025-01-01,2025-01-05,2025-01-10,returned
ORD005985,2024-12-28,2024-12-30,,,delivered
ORD005986,2025-01-01,2025-01-03,,,delivered
ORD005987,2024-12-31,2025-01-07,,,delivered
ORD005988,2024-12-27,2024-12-31,,,delivered
ORD005989,2024-12-31,2025-01-05,,,delivered
ORD005990,2024-12-30,2025-01-02,2025-01-16,2025-01-22,returned
ORD005991,2025-01-01,2025-01-06,2025-01-13,2025-01-19,returned
ORD005992,2024-12-31,2025-01-07,,,delivered
ORD005993,2024-12-24,2024-12-31,,,delivered
ORD005994,2024-12-28,2025-01-01,,,delivered
ORD005995,2025-01-02,2025-01-09,2025-01-24,2025-02-01,returned
ORD005996,2024-12-27,2024-12-31,,,delivered
ORD005997,2024-12-30,2025-01-01,,,delivered
ORD005998,2024-12-26,2025-01-02,,,delivered
ORD005999,2024-12-31,2025-01-03,,,delivered
ORD006000,2024-12-27,2025-01-01,2025-01-11,2025-01-24,returned
ORD006001,2024-12-19,2024-12-26,,,delivered
ORD006002,2024-12-24,2024-12-26,2025-01-02,2025-01-13,returned
ORD006003,2024-12-28,2025-01-03,,,delivered
ORD006004,2024-12-28,2024-12-30,,,delivered
ORD006005,2024-12-24,2024-12-29,,,delivered
ORD006006,2024-12-26,2025-01-01,,,delivered
ORD006007,2024-12-22,2024-12-24,,,delivered
ORD006008,2024-12-30,2025-01-02,,,delivered
ORD006009,2024-12-31,2025-01-06,,,delivered
ORD006010,2024-12-15,2024-12-21,,,delivered
ORD006011,2024-12-30,2025-01-03,,,delivered
ORD006012,2024-12-31,2025-01-04,2025-01-12,2025-01-19,returned
ORD006013,2025-01-01,2025-01-07,,,delivered
ORD006014,2024-12-27,2025-01-01,,,delivered
ORD006015,2024-12-18,2024-12-25,2024-12-31,2025-01-12,returned
ORD006016,2024-12-31,2025-01-05,,,delivered
ORD006017,2024-12-08,2024-12-13,2024-12-17,2024-12-22,returned
ORD006018,2024-12-19,2024-12-23,2024-12-28,2025-01-02,returned
ORD006019,2024-12-22,2024-12-28,2025-01-17,2025-01-24,returned
ORD006020,2024-12-30,2025-01-04,,,delivered
ORD006021,2024-12-16,2024-12-19,,,delivered
ORD006022,2025-01-01,2025-01-03,2025-01-21,2025-01-27,returned
ORD006023,2024-12-20,2024-12-26,,,delivered
ORD006024,2024-12-09,2024-12-16,2025-01-06,2025-01-18,returned
ORD006025,2024-12-28,2025-01-01,,,delivered
ORD006026,2024-12-23,2024-12-25,,,delivered
ORD006027,2024-12-08,2024-12-13,,,delivered
ORD006028,2024-12-16,2024-12-21,2025-01-01,2025-01-10,returned
ORD006029,2024-12-13,2024-12-20,,,delivered
ORD006030,2024-12-29,2025-01-05,,,delivered
ORD006031,2024-12-19,2024-12-26,,,delivered
ORD006032,2024-12-28,2025-01-04,2025-01-17,2025-01-25,returned
ORD006033,2024-12-29,2025-01-03,,,delivered
ORD006034,2024-12-27,2024-12-29,,,delivered
ORD006035,2024-12-26,2024-12-30,2025-01-12,2025-01-19,returned
ORD006036,2024-12-15,2024-12-22,,,delivered
ORD006037,2024-12-31,2025-01-03,2025-01-20,2025-02-02,returned
ORD006038,2024-12-21,2024-12-28,,,delivered
ORD006039,2024-12-20,2024-12-22,2024-12-28,2025-01-07,returned
ORD006040,2024-12-16,2024-12-18,2024-12-24,2025-01-01,returned
ORD006041,2024-12-31,2025-01-06,2025-01-16,2025-01-30,returned
ORD006042,2024-12-18,2024-12-21,,,delivered
ORD006043,2024-12-23,2024-12-25,,,delivered
ORD006044,2025-01-01,2025-01-08,2025-01-21,2025-01-27,returned
ORD006045,2024-12-25,2024-12-28,2025-01-04,2025-01-12,returned
ORD006046,2024-12-30,2025-01-03,,,delivered
ORD006047,2024-12-21,2024-12-27,,,delivered
ORD006048,2024-12-27,2025-01-01,,,delivered
ORD006049,2024-12-24,2024-12-31,,,delivered
ORD006050,2024-12-29,2024-12-31,,,delivered
ORD006051,2024-12-26,2024-12-29,,,delivered
ORD006052,2024-12-19,2024-12-24,,,delivered
ORD006053,2024-12-19,2024-12-24,,,delivered
ORD006054,2024-12-29,2025-01-05,2025-01-25,2025-01-30,returned
ORD006055,2024-12-31,2025-01-02,2025-01-18,2025-01-23,returned
ORD006056,2024-12-30,2025-01-06,,,delivered
ORD006057,2024-12-24,2024-12-31,,,delivered
ORD006058,2024-12-30,2025-01-03,2025-01-06,2025-01-16,returned
ORD006059,2024-12-31,2025-01-02,,,delivered
ORD006060,2025-01-01,2025-01-04,,,delivered
ORD006061,2024-12-23,2024-12-29,,,delivered
ORD006062,2025-01-02,2025-01-06,2025-01-09,2025-01-15,returned
ORD006063,2025-01-02,2025-01-06,2025-01-17,2025-01-22,returned
ORD006064,2024-12-30,2025-01-05,,,delivered
ORD006065,2024-12-30,2025-01-03,2025-01-12,2025-01-25,returned
ORD006066,2024-12-24,2024-12-27,,,delivered
ORD006067,2024-12-29,2025-01-01,,,delivered
ORD006068,2024-12-27,2025-01-01,,,delivered
ORD006069,2024-12-22,2024-12-29,,,delivered
ORD006070,2024-12-18,2024-12-22,,,delivered
ORD006071,2024-12-30,2025-01-01,,,delivered
ORD006072,2024-12-16,2024-12-23,,,delivered
ORD006073,2024-12-26,2024-12-29,2025-01-05,2025-01-14,returned
ORD006074,2024-12-27,2025-01-03,,,delivered
ORD006075,2024-12-15,2024-12-17,,,delivered
ORD006076,2024-12-22,2024-12-26,2024-12-31,2025-01-09,returned
ORD006077,2024-12-27,2024-12-29,,,delivered
ORD006078,2024-12-30,2025-01-04,,,delivered
ORD006079,2024-12-25,2024-12-31,2025-01-21,2025-01-28,returned
ORD006080,2024-12-29,2025-01-02,,,delivered
ORD006081,2025-01-01,2025-01-08,,,delivered
ORD006082,2024-12-24,2024-12-28,,,delivered
ORD006083,2024-12-29,2025-01-01,2025-01-19,2025-01-27,returned
ORD006084,2024-12-22,2024-12-25,,,delivered
ORD006085,2024-12-27,2025-01-03,,,delivered
ORD006086,2024-12-17,2024-12-22,2025-01-10,2025-01-23,returned
ORD006087,2024-12-28,2025-01-02,,,delivered
ORD006088,2024-12-28,2025-01-04,,,delivered
ORD006089,2024-12-31,2025-01-06,,,delivered
ORD006090,2024-12-31,2025-01-04,,,delivered
ORD006091,2024-12-19,2024-12-25,,,delivered
ORD006092,2024-12-15,2024-12-19,,,delivered
ORD006093,2024-12-19,2024-12-21,2024-12-30,2025-01-05,returned
ORD006094,2024-12-25,2024-12-29,,,delivered
ORD006095,2024-12-19,2024-12-25,2025-01-15,2025-01-26,returned
ORD006096,2024-12-30,2025-01-05,,,delivered
ORD006097,2024-12-30,2025-01-02,,,delivered
ORD006098,2024-12-25,2024-12-28,,,delivered
ORD006099,2024-12-23,2024-12-30,,,delivered
ORD006100,2024-12-19,2024-12-23,2025-01-03,2025-01-17,returned
ORD006101,2024-12-19,2024-12-21,,,delivered
ORD006102,2024-12-13,2024-12-20,,,delivered
ORD006103,2024-12-07,2024-12-13,,,delivered
ORD006104,2024-12-10,2024-12-14,,,delivered
ORD006105,2024-12-31,2025-01-06,2025-01-17,2025-01-26,returned
ORD006106,2025-01-01,2025-01-08,,,delivered
ORD006107,2024-12-25,2024-12-27,2025-01-04,2025-01-12,returned
ORD006108,2024-12-24,2024-12-29,,,delivered
ORD006109,2024-12-20,2024-12-22,,,delivered
ORD006110,2024-12-31,2025-01-07,,,delivered
ORD006111,2024-12-16,2024-12-20,,,delivered
ORD006112,2024-12-21,2024-12-23,2024-12-30,2025-01-12,returned
ORD006113,2024-12-21,2024-12-23,,,delivered
ORD006114,2024-12-29,2024-12-31,,,delivered
ORD006115,2024-12-26,2024-12-29,,,delivered
ORD006116,2024-12-29,2025-01-03,,,delivered
ORD006117,2024-12-19,2024-12-21,,,delivered
ORD006118,2024-12-25,2024-12-31,2025-01-05,2025-01-18,returned
ORD006119,2024-12-09,2024-12-15,,,delivered
ORD006120,2024-12-27,2024-12-29,,,delivered
ORD006121,2024-12-21,2024-12-28,,,delivered
ORD006122,2024-12-25,2024-12-30,2025-01-18,2025-01-23,returned
ORD006123,2024-12-24,2024-12-26,,,delivered
ORD006124,2024-12-29,2025-01-02,,,delivered
ORD006125,2024-12-28,2024-12-30,,,delivered
ORD006126,2024-12-28,2025-01-04,,,delivered
ORD006127,2024-12-31,2025-01-04,,,delivered
ORD006128,2024-12-31,2025-01-07,,,delivered
ORD006129,2024-12-28,2025-01-01,,,delivered
ORD006130,2024-12-31,2025-01-03,2025-01-10,2025-01-20,returned
ORD006131,2024-12-18,2024-12-23,2024-12-30,2025-01-05,returned
ORD006132,2024-12-22,2024-12-24,2025-01-14,2025-01-24,returned
ORD006133,2024-12-11,2024-12-13,2024-12-16,2024-12-30,returned
ORD006134,2024-12-25,2024-12-29,2025-01-05,2025-01-16,returned
ORD006135,2024-12-24,2024-12-30,,,delivered
ORD006136,2024-12-25,2024-12-28,,,delivered
ORD006137,2024-12-24,2024-12-29,,,delivered
ORD006138,2024-12-29,2025-01-02,,,delivered
ORD006139,2024-12-13,2024-12-17,,,delivered
ORD006140,2024-12-15,2024-12-18,2024-12-21,2024-12-26,returned
ORD006141,2024-12-30,2025-01-05,,,delivered
ORD006142,2024-12-27,2025-01-02,2025-01-21,2025-02-02,returned
ORD006143,2024-12-31,2025-01-05,,,delivered
ORD006144,2024-12-17,2024-12-24,,,delivered
ORD006145,2024-12-13,2024-12-17,,,delivered
ORD006146,2024-12-25,2024-12-30,,,delivered
ORD006147,2024-12-20,2024-12-23,,,delivered
ORD006148,2024-12-14,2024-12-17,,,delivered
ORD006149,2024-12-29,2025-01-02,,,delivered
ORD006150,2024-12-30,2025-01-04,,,delivered
ORD006151,2024-12-26,2025-01-02,2025-01-11,2025-01-17,returned
ORD006152,2024-12-30,2025-01-05,2025-01-15,2025-01-25,returned
ORD006153,2024-12-23,2024-12-29,2025-01-18,2025-01-24,returned
ORD006154,2024-12-31,2025-01-02,,,delivered
ORD006155,2024-12-08,2024-12-13,,,delivered
ORD006156,2024-12-19,2024-12-22,2025-01-08,2025-01-19,returned
ORD006157,2024-12-25,2024-12-27,,,delivered
ORD006158,2025-01-02,2025-01-09,,,delivered
ORD006159,2025-01-01,2025-01-08,,,delivered
ORD006160,2024-12-06,2024-12-09,,,delivered
ORD006161,2024-12-09,2024-12-14,,,delivered
ORD006162,2024-12-25,2024-12-28,,,delivered
ORD006163,2024-12-30,2025-01-01,2025-01-04,2025-01-11,returned
ORD006164,2024-12-20,2024-12-27,2025-01-05,2025-01-17,returned
ORD006165,2025-01-01,2025-01-05,,,delivered
ORD006166,2025-01-02,2025-01-05,2025-01-14,2025-01-24,returned
ORD006167,2024-12-19,2024-12-23,,,delivered
ORD006168,2024-12-13,2024-12-20,,,delivered
ORD006169,2024-12-11,2024-12-18,2024-12-23,2025-01-01,returned
ORD006170,2024-12-15,2024-12-19,,,delivered
ORD006171,2024-12-30,2025-01-06,,,delivered
ORD006172,2024-12-30,2025-01-04,,,delivered
ORD006173,2024-12-23,2024-12-28,,,delivered
ORD006174,2024-12-30,2025-01-02,,,delivered
ORD006175,2024-12-25,2024-12-31,,,delivered
ORD006176,2024-12-30,2025-01-05,,,delivered
ORD006177,2024-12-08,2024-12-14,,,delivered
ORD006178,2024-12-22,2024-12-24,2025-01-12,2025-01-25,returned
ORD006179,2024-12-25,2024-12-27,,,delivered
ORD006180,2024-12-31,2025-01-02,,,delivered
ORD006181,2024-12-22,2024-12-27,,,delivered
ORD006182,2024-12-31,2025-01-02,,,delivered
ORD006183,2024-12-31,2025-01-07,,,delivered
ORD006184,2024-12-23,2024-12-27,,,delivered
ORD006185,2024-12-30,2025-01-05,,,delivered
ORD006186,2025-01-02,2025-01-09,,,delivered
ORD006187,2025-01-01,2025-01-08,,,delivered
ORD006188,2024-12-18,2024-12-20,,,delivered
ORD006189,2024-12-23,2024-12-26,,,delivered
ORD006190,2024-12-27,2024-12-30,,,delivered
ORD006191,2024-12-23,2024-12-28,,,delivered
ORD006192,2025-01-01,2025-01-06,2025-01-27,2025-02-07,returned
ORD006193,2024-12-22,2024-12-29,,,delivered
ORD006194,2024-12-23,2024-12-26,,,delivered
ORD006195,2025-01-01,2025-01-05,,,delivered
ORD006196,2024-12-31,2025-01-05,,,delivered
ORD006197,2024-12-20,2024-12-22,2025-01-09,2025-01-14,returned
ORD006198,2024-12-25,2024-12-31,,,delivered
ORD006199,2024-12-28,2025-01-02,,,delivered
ORD006200,2024-12-26,2024-12-31,,,delivered
ORD006201,2024-12-31,2025-01-03,,,delivered
ORD006202,2024-12-29,2024-12-31,,,delivered
ORD006203,2024-12-27,2025-01-01,,,delivered
ORD006204,2024-12-18,2024-12-21,,,delivered
ORD006205,2024-12-27,2025-01-01,,,delivered
ORD006206,2024-12-21,2024-12-26,,,delivered
ORD006207,2024-12-25,2024-12-31,,,delivered
ORD006208,2024-12-29,2025-01-05,,,delivered
ORD006209,2024-12-22,2024-12-28,,,delivered
ORD006210,2024-12-29,2025-01-05,,,delivered
ORD006211,2024-12-28,2025-01-02,2025-01-12,2025-01-21,returned
ORD006212,2024-12-16,2024-12-22,,,delivered
ORD006213,2024-12-15,2024-12-17,,,delivered
ORD006214,2025-01-02,2025-01-06,,,delivered
ORD006215,2024-12-28,2025-01-02,,,delivered
ORD006216,2024-12-29,2025-01-02,,,delivered
ORD006217,2024-12-14,2024-12-21,,,delivered
ORD006218,2024-12-12,2024-12-16,,,delivered
ORD006219,2025-01-01,2025-01-03,,,delivered
ORD006220,2024-12-27,2025-01-03,,,delivered
ORD006221,2024-12-27,2025-01-03,2025-01-18,2025-01-31,returned
ORD006222,2024-12-28,2025-01-03,,,delivered
ORD006223,2024-12-28,2025-01-03,,,delivered
ORD006224,2024-12-22,2024-12-28,,,delivered
ORD006225,2024-12-15,2024-12-18,2024-12-23,2025-01-06,returned
ORD006226,2024-12-30,2025-01-06,,,delivered
ORD006227,2024-12-17,2024-12-20,,,delivered
ORD006228,2024-12-31,2025-01-07,2025-01-11,2025-01-20,returned
ORD006229,2024-12-13,2024-12-16,,,delivered
ORD006230,2024-12-25,2024-12-30,,,delivered
ORD006231,2024-12-30,2025-01-03,2025-01-12,2025-01-21,returned
ORD006232,2024-12-31,2025-01-06,2025-01-20,2025-01-31,returned
ORD006233,2024-12-30,2025-01-03,,,delivered
ORD006234,2024-12-29,2024-12-31,2025-01-12,2025-01-21,returned
ORD006235,2024-12-26,2024-12-29,,,delivered
ORD006236,2024-12-25,2024-12-27,,,delivered
ORD006237,2024-12-31,2025-01-07,,,delivered
ORD006238,2024-12-12,2024-12-16,,,delivered
ORD006239,2024-12-29,2025-01-03,,,delivered
ORD006240,2024-12-22,2024-12-24,,,delivered
ORD006241,2024-12-16,2024-12-23,,,delivered
ORD006242,2024-12-11,2024-12-18,,,delivered
ORD006243,2024-12-29,2025-01-03,,,delivered
ORD006244,2024-12-25,2024-12-27,,,delivered
ORD006245,2024-12-21,2024-12-23,,,delivered
ORD006246,2024-12-19,2024-12-21,,,delivered
ORD006247,2024-12-18,2024-12-21,,,delivered
ORD006248,2024-12-28,2025-01-03,,,delivered
ORD006249,2024-12-12,2024-12-16,,,delivered
ORD006250,2024-12-29,2025-01-02,,,delivered
ORD006251,2024-12-23,2024-12-25,,,delivered
ORD006252,2024-12-24,2024-12-31,,,delivered
ORD006253,2024-12-22,2024-12-27,,,delivered
ORD006254,2024-12-13,2024-12-18,,,delivered
ORD006255,2024-12-26,2024-12-30,,,delivered
ORD006256,2024-12-25,2024-12-31,,,delivered
ORD006257,2024-12-16,2024-12-23,,,delivered
ORD006258,2024-12-20,2024-12-24,2025-01-09,2025-01-23,returned
ORD006259,2024-12-26,2024-12-29,2025-01-18,2025-02-01,returned
ORD006260,2024-12-26,2025-01-02,,,delivered
ORD006261,2024-12-31,2025-01-02,,,delivered
ORD006262,2024-12-27,2025-01-02,2025-01-21,2025-01-26,returned
ORD006263,2024-12-24,2024-12-27,,,delivered
ORD006264,2024-12-31,2025-01-03,,,delivered
ORD006265,2024-12-13,2024-12-18,,,delivered
ORD006266,2024-12-10,2024-12-13,,,delivered
ORD006267,2024-12-24,2024-12-30,,,delivered
ORD006268,2024-12-31,2025-01-05,,,delivered
ORD006269,2024-12-22,2024-12-25,,,delivered
ORD006270,2024-12-27,2025-01-01,2025-01-17,2025-01-28,returned
ORD006271,2024-12-29,2025-01-01,,,delivered
ORD006272,2024-12-12,2024-12-18,,,delivered
ORD006273,2024-12-31,2025-01-06,,,delivered
ORD006274,2024-12-23,2024-12-28,,,delivered
ORD006275,2024-12-28,2024-12-30,2025-01-12,2025-01-17,returned
ORD006276,2024-12-29,2025-01-04,,,delivered
ORD006277,2024-12-14,2024-12-20,,,delivered
ORD006278,2024-12-11,2024-12-15,,,delivered
ORD006279,2024-12-19,2024-12-21,2025-01-02,2025-01-13,returned
ORD006280,2024-12-28,2024-12-30,,,delivered
ORD006281,2024-12-20,2024-12-25,,,delivered
ORD006282,2024-12-30,2025-01-02,2025-01-08,2025-01-15,returned
ORD006283,2024-12-18,2024-12-20,,,delivered
ORD006284,2024-12-08,2024-12-14,2024-12-27,2025-01-03,returned
ORD006285,2024-12-14,2024-12-16,,,delivered
ORD006286,2024-12-23,2024-12-25,,,delivered
ORD006287,2024-12-10,2024-12-15,,,delivered
ORD006288,2025-01-01,2025-01-03,,,delivered
ORD006289,2024-12-27,2025-01-02,2025-01-18,2025-01-31,returned
ORD006290,2024-12-29,2025-01-05,,,delivered
ORD006291,2024-12-26,2025-01-02,2025-01-20,2025-01-27,returned
ORD006292,2024-12-20,2024-12-22,,,delivered
ORD006293,2024-12-24,2024-12-28,2025-01-17,2025-01-27,returned
ORD006294,2024-12-30,2025-01-04,,,delivered
ORD006295,2024-12-31,2025-01-03,,,delivered
ORD006296,2024-12-07,2024-12-10,,,delivered
ORD006297,2024-12-22,2024-12-26,,,delivered
ORD006298,2024-12-14,2024-12-16,2025-01-06,2025-01-17,returned
ORD006299,2024-12-18,2024-12-22,,,delivered
ORD006300,2024-12-18,2024-12-20,,,delivered
ORD006301,2024-12-25,2024-12-27,2024-12-31,2025-01-09,returned
ORD006302,2024-12-27,2024-12-30,,,delivered
ORD006303,2024-12-21,2024-12-24,,,delivered
ORD006304,2024-12-28,2025-01-04,,,delivered
ORD006305,2024-12-21,2024-12-27,,,delivered
ORD006306,2024-12-27,2025-01-03,,,delivered
ORD006307,2024-12-24,2024-12-27,,,delivered
ORD006308,2024-12-20,2024-12-27,,,delivered
ORD006309,2024-12-14,2024-12-20,,,delivered
ORD006310,2024-12-19,2024-12-22,,,delivered
ORD006311,2024-12-19,2024-12-23,,,delivered
ORD006312,2024-12-28,2024-12-30,2025-01-19,2025-01-31,returned
ORD006313,2025-01-02,2025-01-07,,,delivered
ORD006314,2024-12-31,2025-01-04,,,delivered
ORD006315,2024-12-29,2025-01-02,,,delivered
ORD006316,2024-12-31,2025-01-05,,,delivered
ORD006317,2024-12-29,2024-12-31,,,delivered
ORD006318,2024-12-17,2024-12-19,,,delivered
ORD006319,2024-12-25,2025-01-01,2025-01-06,2025-01-20,returned
ORD006320,2024-12-19,2024-12-26,,,delivered
ORD006321,2024-12-30,2025-01-01,,,delivered
ORD006322,2024-12-30,2025-01-01,,,delivered
ORD006323,2024-12-26,2025-01-01,,,delivered
ORD006324,2024-12-14,2024-12-21,,,delivered
ORD006325,2024-12-30,2025-01-05,,,delivered
ORD006326,2024-12-27,2025-01-02,,,delivered
ORD006327,2024-12-21,2024-12-25,,,delivered
ORD006328,2024-12-27,2025-01-01,,,delivered
ORD006329,2024-12-20,2024-12-22,,,delivered
ORD006330,2024-12-17,2024-12-21,,,delivered
ORD006331,2024-12-27,2025-01-03,,,delivered
ORD006332,2024-12-27,2025-01-02,,,delivered
ORD006333,2024-12-31,2025-01-06,,,delivered
ORD006334,2024-12-31,2025-01-06,2025-01-20,2025-01-25,returned
ORD006335,2024-12-27,2025-01-01,,,delivered
ORD006336,2025-01-01,2025-01-08,2025-01-17,2025-01-28,returned
ORD006337,2025-01-02,2025-01-04,,,delivered
ORD006338,2024-12-14,2024-12-18,,,delivered
ORD006339,2024-12-12,2024-12-16,,,delivered
ORD006340,2024-12-16,2024-12-23,,,delivered
ORD006341,2025-01-01,2025-01-08,,,delivered
ORD006342,2024-12-30,2025-01-01,,,delivered
ORD006343,2024-12-14,2024-12-20,,,delivered
ORD006344,2024-12-14,2024-12-16,,,delivered
ORD006345,2024-12-26,2024-12-30,,,delivered
ORD006346,2024-12-24,2024-12-28,,,delivered
ORD006347,2024-12-19,2024-12-22,,,delivered
ORD006348,2024-12-29,2025-01-01,,,delivered
ORD006349,2024-12-31,2025-01-07,2025-01-17,2025-01-25,returned
ORD006350,2024-12-18,2024-12-23,,,delivered
ORD006351,2024-12-29,2024-12-31,,,delivered
ORD006352,2024-12-29,2025-01-05,,,delivered
ORD006353,2024-12-27,2024-12-29,2025-01-08,2025-01-15,returned
ORD006354,2024-12-28,2025-01-03,,,delivered
ORD006355,2024-12-27,2025-01-02,2025-01-16,2025-01-28,returned
ORD006356,2024-12-31,2025-01-05,,,delivered
ORD006357,2024-12-29,2025-01-03,2025-01-17,2025-01-28,returned
ORD006358,2025-01-01,2025-01-08,,,delivered
ORD006359,2024-12-31,2025-01-07,,,delivered
ORD006360,2024-12-23,2024-12-30,,,delivered
ORD006361,2024-12-13,2024-12-15,2025-01-04,2025-01-18,returned
ORD006362,2024-12-15,2024-12-19,2024-12-26,2024-12-31,returned
ORD006363,2024-12-28,2024-12-31,,,delivered
ORD006364,2024-12-31,2025-01-06,2025-01-17,2025-01-22,returned
ORD006365,2024-12-29,2025-01-03,,,delivered
ORD006366,2024-12-30,2025-01-03,2025-01-24,2025-02-02,returned
ORD006367,2024-12-26,2024-12-28,,,delivered
ORD006368,2024-12-28,2024-12-31,,,delivered
ORD006369,2024-12-12,2024-12-18,,,delivered
ORD006370,2024-12-20,2024-12-24,2025-01-06,2025-01-16,returned
ORD006371,2024-12-20,2024-12-27,,,delivered
ORD006372,2024-12-24,2024-12-28,,,delivered
ORD006373,2024-12-26,2024-12-30,,,delivered
ORD006374,2024-12-19,2024-12-26,,,delivered
ORD006375,2024-12-30,2025-01-02,,,delivered
ORD006376,2024-12-06,2024-12-12,,,delivered
ORD006377,2024-12-22,2024-12-24,,,delivered
ORD006378,2024-12-23,2024-12-25,2025-01-04,2025-01-15,returned
ORD006379,2024-12-31,2025-01-03,,,delivered
ORD006380,2024-12-21,2024-12-25,,,delivered
ORD006381,2024-12-28,2025-01-03,,,delivered
ORD006382,2024-12-31,2025-01-02,,,delivered
ORD006383,2024-12-29,2025-01-01,,,delivered
ORD006384,2024-12-28,2024-12-31,,,delivered
ORD006385,2024-12-18,2024-12-21,,,delivered
ORD006386,2024-12-30,2025-01-03,2025-01-19,2025-01-25,returned
ORD006387,2025-01-02,2025-01-05,,,delivered
ORD006388,2024-12-27,2024-12-29,,,delivered
ORD006389,2024-12-25,2025-01-01,,,delivered
ORD006390,2024-12-31,2025-01-07,,,delivered
ORD006391,2024-12-30,2025-01-04,,,delivered
ORD006392,2024-12-30,2025-01-02,2025-01-18,2025-01-30,returned
ORD006393,2024-12-23,2024-12-30,,,delivered
ORD006394,2025-01-01,2025-01-03,,,delivered
ORD006395,2025-01-02,2025-01-05,,,delivered
ORD006396,2024-12-28,2024-12-30,2025-01-08,2025-01-18,returned
ORD006397,2025-01-02,2025-01-09,,,delivered
ORD006398,2024-12-30,2025-01-06,,,delivered
ORD006399,2024-12-19,2024-12-21,2024-12-27,2025-01-02,returned
ORD006400,2024-12-29,2025-01-04,2025-01-25,2025-01-30,returned
ORD006401,2024-12-30,2025-01-05,,,delivered
ORD006402,2024-12-23,2024-12-30,,,delivered
ORD006403,2024-12-26,2024-12-28,,,delivered
ORD006404,2024-12-09,2024-12-14,,,delivered
ORD006405,2024-12-27,2025-01-02,,,delivered
ORD006406,2024-12-30,2025-01-02,,,delivered
ORD006407,2024-12-29,2024-12-31,,,delivered
ORD006408,2024-12-25,2025-01-01,,,delivered
ORD006409,2024-12-27,2024-12-30,,,delivered
ORD006410,2024-12-30,2025-01-06,,,delivered
ORD006411,2025-01-02,2025-01-04,,,delivered
ORD006412,2024-12-30,2025-01-06,2025-01-26,2025-02-06,returned
ORD006413,2024-12-21,2024-12-24,,,delivered
ORD006414,2024-12-30,2025-01-05,,,delivered
ORD006415,2024-12-23,2024-12-29,,,delivered
ORD006416,2024-12-23,2024-12-28,,,delivered
ORD006417,2024-12-28,2025-01-04,,,delivered
ORD006418,2024-12-28,2025-01-03,,,delivered
ORD006419,2024-12-26,2024-12-28,2025-01-17,2025-01-23,returned
ORD006420,2024-12-24,2024-12-27,,,delivered
ORD006421,2024-12-31,2025-01-04,,,delivered
ORD006422,2025-01-02,2025-01-08,,,delivered
ORD006423,2024-12-31,2025-01-03,2025-01-23,2025-01-31,returned
ORD006424,2024-12-23,2024-12-29,,,delivered
ORD006425,2024-12-14,2024-12-20,,,delivered
ORD006426,2024-12-14,2024-12-18,,,delivered
ORD006427,2024-12-31,2025-01-06,2025-01-23,2025-02-04,returned
ORD006428,2024-12-29,2025-01-04,,,delivered
ORD006429,2024-12-25,2024-12-31,,,delivered
ORD006430,2024-12-26,2024-12-31,2025-01-16,2025-01-29,returned
ORD006431,2024-12-14,2024-12-20,,,delivered
ORD006432,2024-12-25,2024-12-28,2025-01-08,2025-01-17,returned
ORD006433,2025-01-01,2025-01-05,,,delivered
ORD006434,2024-12-30,2025-01-02,2025-01-11,2025-01-21,returned
ORD006435,2024-12-26,2025-01-01,,,delivered
ORD006436,2024-12-16,2024-12-23,2025-01-07,2025-01-16,returned
ORD006437,2025-01-02,2025-01-06,,,delivered
ORD006438,2024-12-29,2025-01-05,,,delivered
ORD006439,2024-12-11,2024-12-17,,,delivered
ORD006440,2024-12-08,2024-12-15,,,delivered
ORD006441,2024-12-27,2024-12-29,,,delivered
ORD006442,2024-12-27,2025-01-02,,,delivered
ORD006443,2024-12-07,2024-12-12,,,delivered
ORD006444,2024-12-12,2024-12-16,2024-12-23,2024-12-30,returned
ORD006445,2024-12-05,2024-12-09,,,delivered
ORD006446,2024-12-24,2024-12-30,,,delivered
ORD006447,2024-12-20,2024-12-22,2024-12-27,2025-01-05,returned
ORD006448,2025-01-01,2025-01-06,,,delivered
ORD006449,2024-12-28,2025-01-03,,,delivered
ORD006450,2024-12-26,2024-12-29,,,delivered
ORD006451,2024-12-26,2024-12-29,,,delivered
ORD006452,2024-12-27,2025-01-03,2025-01-09,2025-01-19,returned
ORD006453,2024-12-27,2025-01-01,,,delivered
ORD006454,2024-12-22,2024-12-28,,,delivered
ORD006455,2024-12-06,2024-12-11,,,delivered
ORD006456,2024-12-28,2025-01-03,2025-01-09,2025-01-18,returned
ORD006457,2024-12-20,2024-12-23,,,delivered
ORD006458,2024-12-30,2025-01-05,,,delivered
ORD006459,2025-01-01,2025-01-05,,,delivered
ORD006460,2024-12-11,2024-12-15,,,delivered
ORD006461,2024-12-19,2024-12-24,,,delivered
ORD006462,2024-12-20,2024-12-26,2025-01-04,2025-01-11,returned
ORD006463,2024-12-13,2024-12-16,,,delivered
ORD006464,2024-12-31,2025-01-04,,,delivered
ORD006465,2024-12-21,2024-12-28,,,delivered
ORD006466,2024-12-22,2024-12-24,,,delivered
ORD006467,2024-12-21,2024-12-28,,,delivered
ORD006468,2024-12-31,2025-01-02,2025-01-20,2025-01-30,returned
ORD006469,2024-12-20,2024-12-25,,,delivered
ORD006470,2024-12-18,2024-12-20,,,delivered
ORD006471,2025-01-01,2025-01-05,,,delivered
ORD006472,2024-12-24,2024-12-31,,,delivered
ORD006473,2025-01-01,2025-01-06,,,delivered
ORD006474,2024-12-22,2024-12-28,,,delivered
ORD006475,2024-12-27,2024-12-31,,,delivered
ORD006476,2024-12-31,2025-01-02,,,delivered
ORD006477,2024-12-27,2025-01-03,,,delivered
ORD006478,2024-12-25,2025-01-01,,,delivered
ORD006479,2024-12-28,2025-01-02,,,delivered
ORD006480,2024-12-27,2024-12-29,,,delivered
ORD006481,2025-01-01,2025-01-03,,,delivered
ORD006482,2024-12-31,2025-01-02,,,delivered
ORD006483,2024-12-22,2024-12-26,,,delivered
ORD006484,2024-12-26,2024-12-29,,,delivered
ORD006485,2024-12-18,2024-12-25,,,delivered
ORD006486,2024-12-30,2025-01-06,,,delivered
ORD006487,2024-12-29,2025-01-04,,,delivered
ORD006488,2024-12-25,2024-12-27,,,delivered
ORD006489,2024-12-31,2025-01-04,,,delivered
ORD006490,2024-12-31,2025-01-04,,,delivered
ORD006491,2024-12-06,2024-12-09,,,delivered
ORD006492,2024-12-21,2024-12-27,,,delivered
ORD006493,2024-12-31,2025-01-02,,,delivered
ORD006494,2024-12-28,2025-01-04,,,delivered
ORD006495,2024-12-19,2024-12-23,,,delivered
ORD006496,2024-12-22,2024-12-27,,,delivered
ORD006497,2024-12-30,2025-01-06,2025-01-17,2025-01-30,returned
ORD006498,2024-12-30,2025-01-03,,,delivered
ORD006499,2025-01-01,2025-01-08,,,delivered
ORD006500,2024-12-24,2024-12-31,,,delivered
ORD006501,2025-01-02,2025-01-07,2025-01-12,2025-01-25,returned
ORD006502,2024-12-23,2024-12-28,,,delivered
ORD006503,2024-12-27,2024-12-31,,,delivered
ORD006504,2024-12-30,2025-01-06,,,delivered
ORD006505,2024-12-16,2024-12-21,,,delivered
ORD006506,2024-12-07,2024-12-13,,,delivered
ORD006507,2024-12-17,2024-12-22,,,delivered
ORD006508,2024-12-30,2025-01-02,,,delivered
ORD006509,2024-12-29,2025-01-04,,,delivered
ORD006510,2024-12-29,2025-01-05,,,delivered
ORD006511,2024-12-23,2024-12-30,,,delivered
ORD006512,2024-12-27,2025-01-02,,,delivered
ORD006513,2024-12-28,2025-01-04,,,delivered
ORD006514,2024-12-29,2025-01-01,,,delivered
ORD006515,2024-12-31,2025-01-02,,,delivered
ORD006516,2024-12-30,2025-01-04,,,delivered
ORD006517,2024-12-11,2024-12-17,,,delivered
ORD006518,2025-01-02,2025-01-04,,,delivered
ORD006519,2024-12-31,2025-01-05,,,delivered
ORD006520,2025-01-01,2025-01-06,,,delivered
ORD006521,2024-12-28,2025-01-01,,,delivered
ORD006522,2024-12-31,2025-01-03,,,delivered
ORD006523,2024-12-29,2024-12-31,,,delivered
ORD006524,2024-12-24,2024-12-31,2025-01-17,2025-01-22,returned
ORD006525,2024-12-18,2024-12-22,,,delivered
ORD006526,2024-12-22,2024-12-24,,,delivered
ORD006527,2024-12-16,2024-12-23,,,delivered
ORD006528,2024-12-26,2024-12-29,,,delivered
ORD006529,2024-12-30,2025-01-02,,,delivered
ORD006530,2024-12-13,2024-12-16,2024-12-21,2025-01-02,returned
ORD006531,2024-12-14,2024-12-17,,,delivered
ORD006532,2024-12-07,2024-12-12,,,delivered
ORD006533,2024-12-20,2024-12-24,,,delivered
ORD006534,2025-01-01,2025-01-06,,,delivered
ORD006535,2025-01-02,2025-01-05,,,delivered
ORD006536,2024-12-30,2025-01-05,,,delivered
ORD006537,2024-12-25,2024-12-29,,,delivered
ORD006538,2024-12-20,2024-12-27,,,delivered
ORD006539,2024-12-21,2024-12-23,2024-12-30,2025-01-10,returned
ORD006540,2024-12-23,2024-12-30,,,delivered
ORD006541,2024-12-29,2024-12-31,,,delivered
ORD006542,2024-12-10,2024-12-17,,,delivered
ORD006543,2025-01-01,2025-01-05,,,delivered
ORD006544,2024-12-29,2025-01-03,,,delivered
ORD006545,2024-12-30,2025-01-02,,,delivered
ORD006546,2024-12-17,2024-12-19,,,delivered
ORD006547,2024-12-11,2024-12-16,,,delivered
ORD006548,2024-12-27,2025-01-02,,,delivered
ORD006549,2024-12-25,2025-01-01,,,delivered
ORD006550,2024-12-24,2024-12-29,2025-01-16,2025-01-29,returned
ORD006551,2025-01-01,2025-01-07,,,delivered
ORD006552,2024-12-15,2024-12-20,,,delivered
ORD006553,2024-12-29,2024-12-31,,,delivered
ORD006554,2024-12-29,2025-01-02,,,delivered
ORD006555,2024-12-25,2024-12-27,,,delivered
ORD006556,2024-12-14,2024-12-21,,,delivered
ORD006557,2024-12-24,2024-12-26,,,delivered
ORD006558,2024-12-12,2024-12-17,,,delivered
ORD006559,2024-12-28,2025-01-03,,,delivered
ORD006560,2024-12-28,2025-01-02,,,delivered
ORD006561,2024-12-02,2024-12-07,,,delivered
ORD006562,2024-12-22,2024-12-29,,,delivered
ORD006563,2024-12-11,2024-12-13,,,delivered
ORD006564,2024-12-06,2024-12-12,,,delivered
ORD006565,2025-01-02,2025-01-04,,,delivered
ORD006566,2025-01-01,2025-01-07,,,delivered
ORD006567,2025-01-01,2025-01-08,,,delivered
ORD006568,2024-12-31,2025-01-07,,,delivered
ORD006569,2024-12-30,2025-01-01,,,delivered
ORD006570,2024-12-27,2024-12-29,,,delivered
ORD006571,2024-12-24,2024-12-31,,,delivered
ORD006572,2024-12-28,2025-01-02,,,delivered
ORD006573,2024-12-25,2025-01-01,,,delivered
ORD006574,2024-12-25,2025-01-01,,,delivered
ORD006575,2024-12-17,2024-12-20,,,delivered
ORD006576,2024-12-18,2024-12-24,,,delivered
ORD006577,2024-12-24,2024-12-30,,,delivered
ORD006578,2024-12-20,2024-12-27,,,delivered
ORD006579,2024-12-20,2024-12-26,,,delivered
ORD006580,2024-12-22,2024-12-27,,,delivered
ORD006581,2024-12-31,2025-01-07,,,delivered
ORD006582,2024-12-09,2024-12-13,,,delivered
ORD006583,2024-12-31,2025-01-06,,,delivered
ORD006584,2024-12-31,2025-01-05,,,delivered
ORD006585,2024-12-29,2025-01-02,,,delivered
ORD006586,2024-12-16,2024-12-23,,,delivered
ORD006587,2024-12-22,2024-12-28,,,delivered
ORD006588,2024-12-27,2025-01-02,,,delivered
ORD006589,2025-01-01,2025-01-08,,,delivered
ORD006590,2025-01-01,2025-01-04,,,delivered
ORD006591,2024-12-29,2025-01-02,,,delivered
ORD006592,2025-01-01,2025-01-04,,,delivered
ORD006593,2024-12-23,2024-12-27,,,delivered
ORD006594,2025-01-01,2025-01-06,,,delivered
ORD006595,2024-12-31,2025-01-04,,,delivered
ORD006596,2024-12-16,2024-12-21,,,delivered
ORD006597,2024-12-23,2024-12-28,,,delivered
ORD006598,2024-12-14,2024-12-21,,,delivered
ORD006599,2024-12-08,2024-12-13,,,delivered
ORD006600,2025-01-02,2025-01-05,,,delivered
ORD006601,2024-12-27,2025-01-03,,,delivered
ORD006602,2024-12-30,2025-01-05,,,delivered
ORD006603,2024-12-24,2024-12-26,2025-01-12,2025-01-18,returned
ORD006604,2024-12-14,2024-12-17,,,delivered
ORD006605,2024-12-12,2024-12-17,,,delivered
ORD006606,2024-12-17,2024-12-23,,,delivered
ORD006607,2024-12-29,2025-01-05,,,delivered
ORD006608,2024-12-30,2025-01-06,,,delivered
ORD006609,2024-12-12,2024-12-16,,,delivered
ORD006610,2024-12-22,2024-12-26,,,delivered
ORD006611,2024-12-24,2024-12-27,,,delivered
ORD006612,2024-12-20,2024-12-23,2025-01-13,2025-01-27,returned
ORD006613,2024-12-28,2025-01-02,,,delivered
ORD006614,2025-01-02,2025-01-09,,,delivered
ORD006615,2024-12-31,2025-01-04,,,delivered
ORD006616,2025-01-02,2025-01-04,,,delivered
ORD006617,2024-12-28,2025-01-04,,,delivered
ORD006618,2024-12-26,2025-01-01,,,delivered
ORD006619,2024-12-18,2024-12-23,,,delivered
ORD006620,2024-12-24,2024-12-27,,,delivered
ORD006621,2025-01-01,2025-01-05,2025-01-14,2025-01-21,returned
ORD006622,2024-12-31,2025-01-04,,,delivered
ORD006623,2024-12-13,2024-12-15,,,delivered
ORD006624,2024-12-31,2025-01-03,,,delivered
ORD006625,2024-12-27,2025-01-02,,,delivered
ORD006626,2024-12-27,2025-01-01,,,delivered
ORD006627,2024-12-27,2024-12-31,,,delivered
ORD006628,2024-12-29,2025-01-05,,,delivered
ORD006629,2024-12-30,2025-01-03,,,delivered
ORD006630,2024-12-19,2024-12-21,,,delivered
ORD006631,2024-12-24,2024-12-27,,,delivered
ORD006632,2024-12-06,2024-12-08,2024-12-29,2025-01-10,returned
ORD006633,2024-12-26,2025-01-02,,,delivered
ORD006634,2024-12-10,2024-12-16,,,delivered
ORD006635,2024-12-26,2024-12-31,,,delivered
ORD006636,2025-01-01,2025-01-08,,,delivered
ORD006637,2024-12-30,2025-01-01,,,delivered
ORD006638,2024-12-24,2024-12-30,,,delivered
ORD006639,2024-12-26,2025-01-02,,,delivered
ORD006640,2024-12-25,2025-01-01,,,delivered
ORD006641,2024-12-27,2025-01-03,2025-01-20,2025-02-03,returned
ORD006642,2024-12-29,2025-01-04,2025-01-25,2025-02-01,returned
ORD006643,2024-12-30,2025-01-05,,,delivered
ORD006644,2024-12-22,2024-12-25,,,delivered
ORD006645,2024-12-21,2024-12-28,,,delivered
ORD006646,2024-12-27,2024-12-29,,,delivered
ORD006647,2024-12-26,2024-12-31,,,delivered
ORD006648,2024-12-27,2025-01-02,,,delivered
ORD006649,2024-12-31,2025-01-02,2025-01-23,2025-02-04,returned
ORD006650,2024-12-31,2025-01-07,,,delivered
ORD006651,2024-12-21,2024-12-27,,,delivered
ORD006652,2024-12-26,2024-12-29,2025-01-01,2025-01-13,returned
ORD006653,2024-12-30,2025-01-06,,,delivered
ORD006654,2024-12-17,2024-12-23,2025-01-02,2025-01-10,returned
ORD006655,2024-12-27,2024-12-29,,,delivered
ORD006656,2024-12-27,2024-12-29,2025-01-07,2025-01-18,returned
ORD006657,2024-12-31,2025-01-04,,,delivered
ORD006658,2024-12-29,2025-01-04,,,delivered
ORD006659,2024-12-29,2025-01-01,,,delivered
ORD006660,2024-12-23,2024-12-29,2025-01-11,2025-01-18,returned
ORD006661,2025-01-01,2025-01-08,,,delivered
ORD006662,2024-12-25,2024-12-29,,,delivered
ORD006663,2024-12-28,2025-01-02,,,delivered
ORD006664,2024-12-30,2025-01-03,2025-01-16,2025-01-27,returned
ORD006665,2024-12-19,2024-12-22,2024-12-30,2025-01-06,returned
ORD006666,2024-12-23,2024-12-30,,,delivered
ORD006667,2024-12-20,2024-12-22,,,delivered
ORD006668,2024-12-20,2024-12-24,,,delivered
ORD006669,2025-01-01,2025-01-06,,,delivered
ORD006670,2025-01-01,2025-01-08,,,delivered
ORD006671,2024-12-13,2024-12-19,,,delivered
ORD006672,2024-12-27,2024-12-31,,,delivered
ORD006673,2024-12-31,2025-01-06,,,delivered
ORD006674,2024-12-22,2024-12-26,,,delivered
ORD006675,2024-12-18,2024-12-22,,,delivered
ORD006676,2024-12-29,2025-01-03,,,delivered
ORD006677,2024-12-29,2025-01-01,,,delivered
ORD006678,2024-12-19,2024-12-21,,,delivered
ORD006679,2024-12-15,2024-12-21,,,delivered
ORD006680,2025-01-02,2025-01-09,,,delivered
ORD006681,2024-12-13,2024-12-16,,,delivered
ORD006682,2024-12-31,2025-01-03,,,delivered
ORD006683,2024-12-24,2024-12-29,,,delivered
ORD006684,2024-12-08,2024-12-12,,,delivered
ORD006685,2024-12-22,2024-12-29,,,delivered
ORD006686,2025-01-01,2025-01-04,2025-01-23,2025-02-05,returned
ORD006687,2024-12-29,2024-12-31,,,delivered
ORD006688,2024-12-31,2025-01-07,,,delivered
ORD006689,2024-12-21,2024-12-24,,,delivered
ORD006690,2024-12-21,2024-12-25,,,delivered
ORD006691,2024-12-21,2024-12-24,,,delivered
ORD006692,2024-12-23,2024-12-29,,,delivered
ORD006693,2024-12-31,2025-01-02,,,delivered
ORD006694,2024-12-29,2025-01-04,,,delivered
ORD006695,2024-12-24,2024-12-30,,,delivered
ORD006696,2024-12-21,2024-12-25,,,delivered
