order_id,customer_id,order_date,channel,category,country,gross_revenue,discount,net_revenue,returned,status
ORD000001,CUST00001,2024-01-29,meta,tops,US,43.22,8.74,34.48,False,completed
ORD000002,CUST00002,2024-01-30,meta,outerwear,US,99.61,10.51,4.43,True,returned
ORD000003,CUST00002,2024-02-08,meta,footwear,US,86.24,0.0,86.24,False,completed
ORD000004,CUST00002,2024-07-27,meta,accessories,US,26.02,0.0,26.02,False,completed
ORD000005,CUST00003,2024-01-09,meta,accessories,CA,36.58,0.0,36.58,False,completed
ORD000006,CUST00004,2024-01-24,meta,bottoms,GB,73.25,16.58,56.67,False,completed
ORD000007,CUST00005,2024-01-13,meta,accessories,DE,44.92,0.0,6.74,True,returned
ORD000008,CUST00005,2024-04-21,meta,footwear,DE,78.19,12.0,66.19,False,completed
ORD000009,CUST00006,2024-01-09,meta,tops,US,33.58,4.74,28.84,False,completed
ORD000010,CUST00007,2024-01-09,meta,tops,FR,31.98,0.0,4.8,True,returned
ORD000011,CUST00008,2024-01-28,meta,bottoms,AU,73.45,8.64,2.38,True,returned
ORD000012,CUST00009,2024-02-03,meta,bottoms,NL,77.64,0.0,77.64,False,completed
ORD000013,CUST00009,2024-07-30,meta,tops,NL,32.54,0.0,32.54,False,completed
ORD000014,CUST00010,2024-01-11,meta,tops,GB,35.96,4.05,31.91,False,completed
ORD000015,CUST00011,2024-01-18,meta,tops,US,33.92,0.0,5.09,True,returned
ORD000016,CUST00012,2024-01-19,meta,outerwear,US,153.72,0.0,153.72,False,completed
ORD000017,CUST00013,2024-01-12,meta,accessories,GB,27.55,0.0,27.55,False,completed
ORD000018,CUST00014,2024-01-15,meta,bottoms,DE,71.2,9.9,61.3,False,completed
ORD000019,CUST00015,2024-01-19,meta,tops,US,39.64,0.0,39.64,False,completed
ORD000020,CUST00016,2024-01-10,meta,accessories,US,26.82,0.0,4.02,True,returned
ORD000021,CUST00017,2024-01-30,meta,outerwear,US,113.8,0.0,113.8,False,completed
ORD000022,CUST00018,2024-01-09,meta,bottoms,GB,68.02,16.07,-5.87,True,returned
ORD000023,CUST00018,2024-08-07,meta,accessories,GB,36.74,0.0,5.51,True,returned
ORD000024,CUST00019,2024-01-16,meta,bottoms,GB,55.68,7.06,48.62,False,completed
ORD000025,CUST00020,2024-01-28,meta,tops,US,54.77,6.69,48.08,False,completed
ORD000026,CUST00021,2024-01-24,meta,outerwear,GB,126.21,15.74,110.47,False,completed
ORD000027,CUST00022,2024-01-25,meta,tops,US,54.02,0.0,54.02,False,completed
ORD000028,CUST00023,2024-01-29,meta,tops,US,35.65,0.0,35.65,False,completed
ORD000029,CUST00024,2024-01-07,meta,bottoms,GB,79.8,0.0,79.8,False,completed
ORD000030,CUST00025,2024-01-02,meta,accessories,GB,41.61,0.0,41.61,False,completed
ORD000031,CUST00026,2024-01-14,meta,bottoms,FR,49.29,0.0,49.29,False,completed
ORD000032,CUST00026,2024-11-09,meta,tops,FR,35.47,7.1,28.37,False,completed
ORD000033,CUST00026,2024-08-18,meta,bottoms,FR,65.91,8.33,57.58,False,completed
ORD000034,CUST00027,2024-01-28,meta,outerwear,GB,85.06,14.05,71.01,False,completed
ORD000035,CUST00027,2024-02-10,meta,tops,GB,32.09,0.0,32.09,False,completed
ORD000036,CUST00028,2024-01-29,meta,tops,GB,52.75,8.26,-0.35,True,returned
ORD000037,CUST00029,2024-02-05,meta,tops,DE,38.84,7.74,-1.91,True,returned
ORD000038,CUST00030,2024-01-08,meta,accessories,US,32.73,0.0,4.91,True,returned
ORD000039,CUST00031,2024-01-23,meta,bottoms,GB,54.83,0.0,54.83,False,completed
ORD000040,CUST00032,2024-01-24,meta,accessories,US,24.2,0.0,24.2,False,completed
ORD000041,CUST00033,2024-02-02,meta,tops,GB,32.57,3.86,1.03,True,returned
ORD000042,CUST00033,2024-07-06,meta,tops,GB,46.77,0.0,46.77,False,completed
ORD000043,CUST00034,2024-01-08,meta,outerwear,CA,102.71,24.88,77.83,False,completed
ORD000044,CUST00035,2024-01-29,meta,bottoms,AU,60.91,0.0,60.91,False,completed
ORD000045,CUST00036,2024-01-11,meta,tops,US,51.19,10.32,-2.64,True,returned
ORD000046,CUST00037,2024-01-24,meta,outerwear,US,136.23,16.86,119.37,False,completed
ORD000047,CUST00038,2024-02-05,meta,accessories,GB,26.91,0.0,26.91,False,completed
ORD000048,CUST00039,2024-01-19,meta,bottoms,GB,78.6,0.0,11.79,True,returned
ORD000049,CUST00040,2024-01-11,meta,footwear,US,99.86,0.0,14.98,True,returned
ORD000050,CUST00040,2024-06-12,meta,accessories,US,44.42,5.97,0.69,True,returned
ORD000051,CUST00041,2024-02-03,meta,bottoms,US,52.46,0.0,7.87,True,returned
ORD000052,CUST00042,2024-01-20,meta,bottoms,DE,57.8,0.0,57.8,False,completed
ORD000053,CUST00043,2024-01-24,meta,bottoms,GB,84.78,0.0,84.78,False,completed
ORD000054,CUST00044,2024-01-23,meta,outerwear,GB,123.93,25.88,98.05,False,completed
ORD000055,CUST00045,2024-01-05,meta,outerwear,GB,109.34,0.0,16.4,True,returned
ORD000056,CUST00046,2024-01-30,meta,tops,FR,58.64,0.0,8.8,True,returned
ORD000057,CUST00046,2024-06-23,meta,tops,FR,46.7,0.0,46.7,False,completed
ORD000058,CUST00046,2024-03-25,meta,bottoms,FR,54.01,6.17,1.93,True,returned
ORD000059,CUST00047,2024-02-09,meta,bottoms,US,83.03,20.45,-8.0,True,returned
ORD000060,CUST00048,2024-01-18,meta,outerwear,GB,97.76,14.51,0.15,True,returned
ORD000061,CUST00049,2024-02-01,meta,accessories,US,41.02,0.0,41.02,False,completed
ORD000062,CUST00050,2024-01-26,meta,bottoms,US,86.71,21.17,65.54,False,completed
ORD000063,CUST00051,2024-02-07,meta,outerwear,GB,124.4,0.0,18.66,True,returned
ORD000064,CUST00051,2024-04-30,meta,accessories,GB,47.53,10.3,-3.17,True,returned
ORD000065,CUST00052,2024-01-25,meta,accessories,GB,36.27,0.0,5.44,True,returned
ORD000066,CUST00053,2024-01-26,meta,tops,GB,39.28,8.2,31.08,False,completed
ORD000067,CUST00054,2024-01-30,meta,accessories,US,39.99,0.0,39.99,False,completed
ORD000068,CUST00055,2024-01-24,meta,tops,US,49.07,0.0,49.07,False,completed
ORD000069,CUST00056,2024-02-04,meta,tops,NL,47.1,8.08,-1.02,True,returned
ORD000070,CUST00057,2024-01-19,meta,accessories,US,33.49,0.0,5.02,True,returned
ORD000071,CUST00057,2024-04-23,meta,outerwear,US,122.88,0.0,18.43,True,returned
ORD000072,CUST00058,2024-01-14,meta,tops,US,38.41,0.0,5.76,True,returned
ORD000073,CUST00059,2024-01-08,meta,bottoms,US,62.2,0.0,62.2,False,completed
ORD000074,CUST00060,2024-01-10,meta,tops,GB,59.23,0.0,59.23,False,completed
ORD000075,CUST00061,2024-02-03,meta,outerwear,US,91.11,0.0,13.67,True,returned
ORD000076,CUST00062,2024-01-19,meta,footwear,US,114.74,0.0,17.21,True,returned
ORD000077,CUST00063,2024-01-28,meta,accessories,US,25.9,3.19,22.71,False,completed
ORD000078,CUST00064,2024-02-06,meta,footwear,GB,74.23,0.0,74.23,False,completed
ORD000079,CUST00065,2024-01-12,meta,bottoms,GB,80.33,14.93,65.4,False,completed
ORD000080,CUST00066,2024-01-25,meta,bottoms,GB,69.01,0.0,69.01,False,completed
ORD000081,CUST00067,2024-01-23,meta,tops,GB,60.07,11.0,-1.99,True,returned
ORD000082,CUST00067,2024-12-05,meta,bottoms,GB,63.98,10.97,-1.37,True,returned
ORD000083,CUST00067,2024-10-17,meta,footwear,GB,106.28,14.01,92.27,False,completed
ORD000084,CUST00068,2024-01-20,meta,tops,GB,51.01,0.0,51.01,False,completed
ORD000085,CUST00069,2024-01-08,meta,bottoms,US,88.1,12.63,75.47,False,completed
ORD000086,CUST00070,2024-01-16,meta,outerwear,US,118.57,0.0,17.79,True,returned
ORD000087,CUST00071,2024-01-20,meta,outerwear,DE,132.68,0.0,132.68,False,completed
ORD000088,CUST00072,2024-01-28,meta,accessories,US,39.07,0.0,39.07,False,completed
ORD000089,CUST00073,2024-01-29,meta,tops,GB,46.58,0.0,6.99,True,returned
ORD000090,CUST00074,2024-01-30,meta,tops,NL,40.71,7.13,-1.02,True,returned
ORD000091,CUST00075,2024-01-14,meta,footwear,GB,115.7,0.0,17.36,True,returned
ORD000092,CUST00076,2024-01-13,meta,tops,GB,34.92,6.42,28.5,False,completed
ORD000093,CUST00076,2024-02-13,meta,bottoms,GB,75.13,0.0,75.13,False,completed
ORD000094,CUST00077,2024-01-27,meta,bottoms,FR,62.66,0.0,62.66,False,completed
ORD000095,CUST00078,2024-01-22,meta,bottoms,AU,85.88,0.0,85.88,False,completed
ORD000096,CUST00079,2024-02-06,meta,outerwear,US,154.92,0.0,154.92,False,completed
ORD000097,CUST00080,2024-01-09,meta,accessories,AU,47.15,0.0,47.15,False,completed
ORD000098,CUST00081,2024-01-24,meta,footwear,GB,116.42,12.16,104.26,False,completed
ORD000099,CUST00081,2024-12-14,meta,accessories,GB,27.3,5.5,21.8,False,completed
ORD000100,CUST00081,2024-07-23,meta,outerwear,GB,89.23,0.0,89.23,False,completed
ORD000101,CUST00082,2024-01-13,meta,footwear,CA,74.46,0.0,74.46,False,completed
ORD000102,CUST00083,2024-01-25,meta,accessories,GB,43.01,10.26,32.75,False,completed
ORD000103,CUST00084,2024-01-20,meta,accessories,CA,33.29,0.0,4.99,True,returned
ORD000104,CUST00085,2024-01-22,meta,tops,US,58.11,0.0,58.11,False,completed
ORD000105,CUST00085,2024-03-28,meta,bottoms,US,54.09,0.0,8.11,True,returned
ORD000106,CUST00086,2024-02-01,meta,footwear,FR,85.02,21.0,64.02,False,completed
ORD000107,CUST00087,2024-01-29,meta,tops,US,51.05,12.53,38.52,False,completed
ORD000108,CUST00088,2024-01-11,meta,footwear,FR,84.16,0.0,12.62,True,returned
ORD000109,CUST00088,2024-02-25,meta,tops,FR,49.16,8.26,40.9,False,completed
ORD000110,CUST00089,2024-01-25,meta,tops,GB,48.42,5.89,42.53,False,completed
ORD000111,CUST00089,2024-11-06,meta,bottoms,GB,72.38,0.0,10.86,True,returned
ORD000112,CUST00090,2024-01-25,meta,bottoms,US,46.77,0.0,46.77,False,completed
ORD000113,CUST00091,2024-02-04,meta,outerwear,AU,130.26,0.0,130.26,False,completed
ORD000114,CUST00092,2024-01-16,meta,outerwear,FR,149.0,0.0,149.0,False,completed
ORD000115,CUST00093,2024-02-04,meta,outerwear,NL,130.71,20.86,109.85,False,completed
ORD000116,CUST00093,2024-08-27,meta,outerwear,NL,103.04,17.32,85.72,False,completed
ORD000117,CUST00093,2024-03-11,meta,footwear,NL,119.6,0.0,119.6,False,completed
ORD000118,CUST00094,2024-01-30,meta,footwear,GB,85.76,0.0,85.76,False,completed
ORD000119,CUST00095,2024-01-26,meta,accessories,AU,45.2,8.61,-1.83,True,returned
ORD000120,CUST00096,2024-01-23,meta,tops,GB,43.51,0.0,43.51,False,completed
ORD000121,CUST00097,2024-01-23,meta,bottoms,US,69.55,9.23,60.32,False,completed
ORD000122,CUST00098,2024-02-01,meta,tops,GB,38.7,0.0,5.8,True,returned
ORD000123,CUST00099,2024-01-12,meta,tops,AU,57.04,12.7,-4.14,True,returned
ORD000124,CUST00099,2024-07-05,meta,tops,AU,61.04,8.39,0.77,True,returned
ORD000125,CUST00100,2024-01-19,meta,bottoms,GB,85.2,0.0,85.2,False,completed
ORD000126,CUST00101,2024-02-04,meta,tops,DE,36.31,4.13,1.32,True,returned
ORD000127,CUST00102,2024-02-05,meta,accessories,US,26.24,0.0,3.94,True,returned
ORD000128,CUST00103,2024-01-08,meta,outerwear,GB,109.36,0.0,109.36,False,completed
ORD000129,CUST00103,2024-10-11,meta,outerwear,GB,100.68,0.0,100.68,False,completed
ORD000130,CUST00103,2024-12-23,meta,accessories,GB,29.58,0.0,4.44,True,returned
ORD000131,CUST00104,2024-01-15,meta,bottoms,US,59.16,12.47,46.69,False,completed
ORD000132,CUST00105,2024-01-19,meta,outerwear,FR,116.58,0.0,116.58,False,completed
ORD000133,CUST00106,2024-01-16,meta,bottoms,GB,85.67,18.59,-5.74,True,returned
ORD000134,CUST00107,2024-01-21,meta,bottoms,US,44.3,10.02,34.28,False,completed
ORD000135,CUST00108,2024-01-12,meta,bottoms,GB,51.24,0.0,51.24,False,completed
ORD000136,CUST00109,2024-01-29,meta,accessories,US,36.63,5.12,31.51,False,completed
ORD000137,CUST00110,2024-01-08,meta,bottoms,GB,78.24,0.0,11.74,True,returned
ORD000138,CUST00111,2024-02-12,meta,bottoms,US,64.39,12.14,52.25,False,completed
ORD000139,CUST00112,2024-01-16,meta,tops,DE,49.68,0.0,49.68,False,completed
ORD000140,CUST00112,2024-12-27,meta,tops,DE,35.45,5.3,30.15,False,completed
ORD000141,CUST00113,2024-01-31,meta,outerwear,CA,125.85,0.0,125.85,False,completed
ORD000142,CUST00114,2024-02-07,meta,footwear,US,100.88,0.0,15.13,True,returned
ORD000143,CUST00115,2024-01-31,meta,outerwear,AU,86.99,16.87,-3.82,True,returned
ORD000144,CUST00115,2024-08-18,meta,bottoms,AU,80.01,0.0,80.01,False,completed
ORD000145,CUST00116,2024-01-27,meta,footwear,CA,75.6,12.98,62.62,False,completed
ORD000146,CUST00117,2024-01-05,meta,tops,US,49.44,0.0,7.42,True,returned
ORD000147,CUST00118,2024-01-18,meta,outerwear,GB,135.76,0.0,135.76,False,completed
ORD000148,CUST00118,2024-08-10,meta,bottoms,GB,50.83,0.0,50.83,False,completed
ORD000149,CUST00118,2024-08-15,meta,bottoms,GB,81.57,14.47,67.1,False,completed
ORD000150,CUST00119,2024-01-17,google,accessories,GB,42.9,0.0,42.9,False,completed
ORD000151,CUST00120,2024-01-31,google,outerwear,GB,172.07,0.0,172.07,False,completed
ORD000152,CUST00121,2024-01-23,google,outerwear,CA,179.31,0.0,179.31,False,completed
ORD000153,CUST00121,2024-07-07,google,bottoms,CA,84.22,0.0,84.22,False,completed
ORD000154,CUST00122,2024-01-09,google,outerwear,FR,112.12,0.0,112.12,False,completed
ORD000155,CUST00123,2024-01-31,google,accessories,GB,35.51,0.0,35.51,False,completed
ORD000156,CUST00124,2024-01-14,google,outerwear,FR,114.83,0.0,114.83,False,completed
ORD000157,CUST00125,2024-01-23,google,tops,NL,44.88,0.0,44.88,False,completed
ORD000158,CUST00125,2024-10-22,google,bottoms,NL,81.95,0.0,81.95,False,completed
ORD000159,CUST00126,2024-02-01,google,accessories,US,33.45,0.0,33.45,False,completed
ORD000160,CUST00127,2024-01-12,google,bottoms,GB,60.55,0.0,9.08,True,returned
ORD000161,CUST00127,2024-10-15,google,footwear,GB,85.44,0.0,85.44,False,completed
ORD000162,CUST00127,2024-10-31,google,footwear,GB,106.8,0.0,106.8,False,completed
ORD000163,CUST00128,2024-01-21,google,footwear,GB,84.37,0.0,84.37,False,completed
ORD000164,CUST00129,2024-01-27,google,bottoms,AU,83.61,0.0,83.61,False,completed
ORD000165,CUST00130,2024-01-31,google,tops,GB,61.58,0.0,61.58,False,completed
ORD000166,CUST00131,2024-02-05,google,bottoms,DE,101.73,0.0,101.73,False,completed
ORD000167,CUST00132,2024-01-26,google,outerwear,GB,168.57,0.0,168.57,False,completed
ORD000168,CUST00133,2024-01-27,google,tops,GB,42.99,0.0,42.99,False,completed
ORD000169,CUST00134,2024-02-08,google,accessories,GB,30.09,0.0,30.09,False,completed
ORD000170,CUST00135,2024-01-15,google,tops,GB,43.17,0.0,43.17,False,completed
ORD000171,CUST00135,2024-05-27,google,outerwear,GB,121.84,0.0,18.28,True,returned
ORD000172,CUST00135,2024-12-09,google,bottoms,GB,72.52,0.0,10.88,True,returned
ORD000173,CUST00136,2024-01-17,google,bottoms,US,69.04,0.0,10.36,True,returned
ORD000174,CUST00137,2024-01-17,google,outerwear,DE,116.59,0.0,116.59,False,completed
ORD000175,CUST00137,2024-11-01,google,accessories,DE,42.69,0.0,42.69,False,completed
ORD000176,CUST00138,2024-01-29,google,tops,GB,70.55,0.0,70.55,False,completed
ORD000177,CUST00139,2024-02-01,google,tops,CA,63.71,0.0,9.56,True,returned
ORD000178,CUST00139,2024-12-11,google,bottoms,CA,75.74,0.0,75.74,False,completed
ORD000179,CUST00140,2024-01-05,google,outerwear,GB,146.28,0.0,146.28,False,completed
ORD000180,CUST00140,2024-09-08,google,outerwear,GB,108.64,0.0,108.64,False,completed
ORD000181,CUST00140,2024-05-02,google,bottoms,GB,64.22,0.0,64.22,False,completed
ORD000182,CUST00141,2024-01-26,google,bottoms,US,98.29,0.0,98.29,False,completed
ORD000183,CUST00142,2024-01-12,google,bottoms,GB,101.69,0.0,101.69,False,completed
ORD000184,CUST00143,2024-01-12,google,accessories,GB,40.59,0.0,40.59,False,completed
ORD000185,CUST00144,2024-01-22,google,tops,US,61.42,0.0,61.42,False,completed
ORD000186,CUST00145,2024-02-05,google,bottoms,GB,69.66,0.0,69.66,False,completed
ORD000187,CUST00145,2024-07-04,google,accessories,GB,36.89,0.0,36.89,False,completed
ORD000188,CUST00145,2024-10-09,google,tops,GB,54.07,0.0,54.07,False,completed
ORD000189,CUST00146,2024-01-21,google,footwear,US,130.49,0.0,130.49,False,completed
ORD000190,CUST00147,2024-01-31,google,footwear,GB,72.45,0.0,10.87,True,returned
ORD000191,CUST00148,2024-01-27,google,bottoms,GB,63.94,0.0,63.94,False,completed
ORD000192,CUST00149,2024-01-18,google,tops,CA,67.59,0.0,67.59,False,completed
ORD000193,CUST00150,2024-01-17,google,accessories,US,29.94,0.0,4.49,True,returned
ORD000194,CUST00150,2024-06-05,google,bottoms,US,79.13,0.0,79.13,False,completed
ORD000195,CUST00151,2024-02-01,google,outerwear,GB,123.26,0.0,123.26,False,completed
ORD000196,CUST00152,2024-01-31,google,bottoms,GB,84.24,0.0,84.24,False,completed
ORD000197,CUST00153,2024-01-29,google,bottoms,GB,98.74,0.0,98.74,False,completed
ORD000198,CUST00154,2024-01-11,google,outerwear,US,110.37,0.0,16.56,True,returned
ORD000199,CUST00154,2024-06-09,google,accessories,US,55.57,0.0,55.57,False,completed
ORD000200,CUST00155,2024-01-11,google,tops,FR,70.51,0.0,70.51,False,completed
ORD000201,CUST00155,2024-11-27,google,accessories,FR,47.81,0.0,47.81,False,completed
ORD000202,CUST00155,2024-03-01,google,outerwear,FR,114.28,0.0,17.14,True,returned
ORD000203,CUST00156,2024-01-20,google,accessories,DE,46.06,0.0,46.06,False,completed
ORD000204,CUST00157,2024-01-16,google,bottoms,AU,52.42,0.0,7.86,True,returned
ORD000205,CUST00157,2024-05-04,google,bottoms,AU,77.46,0.0,77.46,False,completed
ORD000206,CUST00158,2024-01-26,google,tops,US,41.94,0.0,41.94,False,completed
ORD000207,CUST00159,2024-01-12,google,outerwear,FR,112.99,0.0,112.99,False,completed
ORD000208,CUST00160,2024-02-04,google,bottoms,GB,90.83,0.0,90.83,False,completed
ORD000209,CUST00161,2024-02-03,google,tops,FR,41.57,0.0,41.57,False,completed
ORD000210,CUST00161,2024-02-19,google,bottoms,FR,84.17,0.0,84.17,False,completed
ORD000211,CUST00162,2024-02-10,google,bottoms,AU,86.2,0.0,86.2,False,completed
ORD000212,CUST00162,2024-03-24,google,bottoms,AU,80.57,0.0,80.57,False,completed
ORD000213,CUST00163,2024-01-18,google,outerwear,US,112.85,0.0,112.85,False,completed
ORD000214,CUST00164,2024-02-05,google,accessories,US,48.39,0.0,48.39,False,completed
ORD000215,CUST00165,2024-02-01,google,footwear,GB,138.68,0.0,138.68,False,completed
ORD000216,CUST00165,2024-04-19,google,tops,GB,70.39,0.0,70.39,False,completed
ORD000217,CUST00166,2024-01-13,google,accessories,US,54.75,0.0,54.75,False,completed
ORD000218,CUST00167,2024-01-08,google,outerwear,AU,118.68,0.0,118.68,False,completed
ORD000219,CUST00167,2024-04-22,google,accessories,AU,37.1,0.0,37.1,False,completed
ORD000220,CUST00168,2024-01-20,google,tops,US,56.01,0.0,56.01,False,completed
ORD000221,CUST00168,2024-07-02,google,tops,US,62.09,0.0,62.09,False,completed
ORD000222,CUST00168,2024-11-05,google,accessories,US,34.13,0.0,34.13,False,completed
ORD000223,CUST00169,2024-01-07,google,outerwear,US,121.06,0.0,121.06,False,completed
ORD000224,CUST00170,2024-01-20,google,outerwear,GB,165.6,0.0,165.6,False,completed
ORD000225,CUST00170,2024-07-14,google,outerwear,GB,177.4,0.0,177.4,False,completed
ORD000226,CUST00171,2024-01-30,google,tops,NL,38.52,0.0,5.78,True,returned
ORD000227,CUST00172,2024-01-15,google,accessories,GB,53.5,0.0,53.5,False,completed
ORD000228,CUST00173,2024-01-14,google,tops,US,70.24,0.0,70.24,False,completed
ORD000229,CUST00174,2024-01-28,google,tops,US,65.24,0.0,65.24,False,completed
ORD000230,CUST00175,2024-01-17,google,bottoms,DE,93.11,0.0,93.11,False,completed
ORD000231,CUST00176,2024-02-01,google,tops,GB,37.6,0.0,37.6,False,completed
ORD000232,CUST00177,2024-01-15,google,bottoms,GB,78.31,0.0,78.31,False,completed
ORD000233,CUST00178,2024-01-16,google,outerwear,FR,165.32,0.0,165.32,False,completed
ORD000234,CUST00179,2024-01-10,google,tops,US,58.95,0.0,58.95,False,completed
ORD000235,CUST00179,2024-02-09,google,accessories,US,53.83,0.0,53.83,False,completed
ORD000236,CUST00180,2024-01-15,google,tops,US,46.01,0.0,46.01,False,completed
ORD000237,CUST00180,2024-06-28,google,outerwear,US,174.21,0.0,174.21,False,completed
ORD000238,CUST00181,2024-01-17,google,bottoms,US,70.04,0.0,70.04,False,completed
ORD000239,CUST00182,2024-01-21,google,accessories,US,52.29,0.0,7.84,True,returned
ORD000240,CUST00182,2024-03-20,google,outerwear,US,112.08,0.0,112.08,False,completed
ORD000241,CUST00182,2024-09-06,google,outerwear,US,159.74,0.0,23.96,True,returned
ORD000242,CUST00183,2024-01-29,google,outerwear,GB,166.55,0.0,166.55,False,completed
ORD000243,CUST00184,2024-01-20,google,footwear,AU,113.51,0.0,113.51,False,completed
ORD000244,CUST00185,2024-01-29,google,tops,CA,70.83,0.0,70.83,False,completed
ORD000245,CUST00186,2024-01-21,google,outerwear,US,107.09,0.0,107.09,False,completed
ORD000246,CUST00187,2024-01-27,google,bottoms,GB,91.14,0.0,13.67,True,returned
ORD000247,CUST00187,2024-03-15,google,outerwear,GB,167.62,0.0,25.14,True,returned
ORD000248,CUST00188,2024-01-22,google,tops,US,68.88,0.0,10.33,True,returned
ORD000249,CUST00189,2024-01-05,google,bottoms,GB,89.6,0.0,89.6,False,completed
ORD000250,CUST00190,2024-02-09,google,footwear,US,86.25,0.0,86.25,False,completed
ORD000251,CUST00190,2024-11-23,google,tops,US,46.57,0.0,46.57,False,completed
ORD000252,CUST00190,2024-07-10,google,bottoms,US,79.88,0.0,79.88,False,completed
ORD000253,CUST00191,2024-01-23,google,accessories,NL,30.9,0.0,30.9,False,completed
ORD000254,CUST00192,2024-01-12,google,tops,FR,36.82,0.0,36.82,False,completed
ORD000255,CUST00193,2024-02-06,google,tops,US,48.14,0.0,7.22,True,returned
ORD000256,CUST00194,2024-01-28,google,tops,GB,46.32,0.0,6.95,True,returned
ORD000257,CUST00194,2024-12-24,google,outerwear,GB,163.26,0.0,163.26,False,completed
ORD000258,CUST00195,2024-02-03,google,accessories,US,29.85,0.0,29.85,False,completed
ORD000259,CUST00195,2024-10-20,google,tops,US,69.51,0.0,69.51,False,completed
ORD000260,CUST00195,2024-09-16,google,outerwear,US,108.31,0.0,108.31,False,completed
ORD000261,CUST00196,2024-01-11,google,accessories,US,34.41,0.0,34.41,False,completed
ORD000262,CUST00197,2024-01-07,google,bottoms,GB,70.67,0.0,70.67,False,completed
ORD000263,CUST00198,2024-01-21,google,accessories,US,31.65,0.0,31.65,False,completed
ORD000264,CUST00199,2024-01-22,google,accessories,GB,49.8,0.0,7.47,True,returned
ORD000265,CUST00200,2024-01-19,google,bottoms,FR,70.81,0.0,70.81,False,completed
ORD000266,CUST00200,2024-05-01,google,outerwear,FR,122.68,0.0,122.68,False,completed
ORD000267,CUST00200,2024-09-29,google,tops,FR,61.88,0.0,61.88,False,completed
ORD000268,CUST00201,2024-01-03,google,bottoms,US,58.76,0.0,58.76,False,completed
ORD000269,CUST00202,2024-01-20,google,bottoms,US,65.58,0.0,65.58,False,completed
ORD000270,CUST00203,2024-01-19,google,tops,US,61.57,0.0,61.57,False,completed
ORD000271,CUST00203,2024-05-09,google,tops,US,36.61,0.0,36.61,False,completed
ORD000272,CUST00204,2024-02-11,google,outerwear,GB,169.77,0.0,169.77,False,completed
ORD000273,CUST00204,2024-07-27,google,accessories,GB,36.63,0.0,5.49,True,returned
ORD000274,CUST00204,2024-08-03,google,outerwear,GB,170.72,0.0,170.72,False,completed
ORD000275,CUST00205,2024-01-21,tiktok,footwear,US,72.07,15.96,56.11,False,completed
ORD000276,CUST00206,2024-01-08,tiktok,tops,GB,44.78,0.0,44.78,False,completed
ORD000277,CUST00207,2024-01-25,tiktok,tops,GB,52.02,7.0,45.02,False,completed
ORD000278,CUST00208,2024-01-13,tiktok,accessories,DE,24.42,0.0,3.66,True,returned
ORD000279,CUST00209,2024-02-07,tiktok,tops,US,49.73,9.39,40.34,False,completed
ORD000280,CUST00210,2024-01-18,tiktok,footwear,NL,98.17,10.44,87.73,False,completed
ORD000281,CUST00210,2024-07-24,tiktok,tops,NL,30.35,7.45,22.9,False,completed
ORD000282,CUST00211,2024-01-14,tiktok,bottoms,US,63.68,14.02,49.66,False,completed
ORD000283,CUST00211,2024-03-30,tiktok,tops,US,34.46,5.25,-0.08,True,returned
ORD000284,CUST00212,2024-02-06,tiktok,bottoms,GB,70.86,0.0,70.86,False,completed
ORD000285,CUST00212,2024-05-02,tiktok,tops,GB,28.96,0.0,4.34,True,returned
ORD000286,CUST00213,2024-02-01,tiktok,outerwear,GB,88.83,0.0,88.83,False,completed
ORD000287,CUST00213,2024-05-20,tiktok,accessories,GB,42.33,6.48,35.85,False,completed
ORD000288,CUST00214,2024-01-23,tiktok,accessories,GB,38.07,9.4,28.67,False,completed
ORD000289,CUST00215,2024-01-31,tiktok,tops,US,56.59,6.23,50.36,False,completed
ORD000290,CUST00216,2024-02-08,tiktok,outerwear,US,127.99,13.18,6.02,True,returned
ORD000291,CUST00217,2024-01-08,tiktok,bottoms,US,80.77,0.0,12.12,True,returned
ORD000292,CUST00218,2024-02-01,tiktok,outerwear,US,101.0,0.0,101.0,False,completed
ORD000293,CUST00218,2024-06-11,tiktok,accessories,US,23.35,0.0,23.35,False,completed
ORD000294,CUST00219,2024-01-15,tiktok,outerwear,FR,122.72,0.0,122.72,False,completed
ORD000295,CUST00219,2024-11-22,tiktok,outerwear,FR,152.81,0.0,152.81,False,completed
ORD000296,CUST00220,2024-01-12,tiktok,outerwear,US,139.29,0.0,139.29,False,completed
ORD000297,CUST00221,2024-01-19,tiktok,footwear,GB,112.63,0.0,16.89,True,returned
ORD000298,CUST00222,2024-02-01,tiktok,bottoms,GB,52.67,7.81,44.86,False,completed
ORD000299,CUST00222,2024-04-16,tiktok,tops,GB,48.64,0.0,48.64,False,completed
ORD000300,CUST00222,2024-05-27,tiktok,outerwear,GB,146.84,15.01,131.83,False,completed
ORD000301,CUST00223,2024-01-26,tiktok,tops,US,41.21,0.0,41.21,False,completed
ORD000302,CUST00224,2024-01-15,tiktok,tops,DE,42.07,0.0,42.07,False,completed
ORD000303,CUST00225,2024-02-06,tiktok,tops,GB,33.36,7.36,26.0,False,completed
ORD000304,CUST00226,2024-01-28,tiktok,accessories,US,42.6,0.0,42.6,False,completed
ORD000305,CUST00227,2024-01-31,tiktok,outerwear,NL,134.47,0.0,134.47,False,completed
ORD000306,CUST00228,2024-02-06,tiktok,footwear,US,109.29,11.3,5.09,True,returned
ORD000307,CUST00228,2024-09-06,tiktok,bottoms,US,66.05,0.0,66.05,False,completed
ORD000308,CUST00229,2024-01-31,tiktok,footwear,US,111.06,13.41,97.65,False,completed
ORD000309,CUST00230,2024-01-24,tiktok,footwear,US,108.49,0.0,108.49,False,completed
ORD000310,CUST00230,2024-04-28,tiktok,outerwear,US,110.62,11.25,99.37,False,completed
ORD000311,CUST00231,2024-01-15,tiktok,tops,FR,30.15,0.0,30.15,False,completed
ORD000312,CUST00232,2024-01-28,tiktok,accessories,GB,30.92,0.0,4.64,True,returned
ORD000313,CUST00233,2024-01-30,tiktok,footwear,NL,87.03,0.0,87.03,False,completed
ORD000314,CUST00234,2024-01-18,tiktok,outerwear,GB,109.32,22.84,86.48,False,completed
ORD000315,CUST00235,2024-01-31,tiktok,outerwear,FR,80.64,16.69,-4.59,True,returned
ORD000316,CUST00236,2024-01-17,tiktok,accessories,GB,31.89,7.49,24.4,False,completed
ORD000317,CUST00237,2024-01-21,tiktok,bottoms,NL,69.65,0.0,69.65,False,completed
ORD000318,CUST00238,2024-02-02,tiktok,bottoms,GB,74.01,0.0,74.01,False,completed
ORD000319,CUST00239,2024-02-06,tiktok,tops,DE,47.23,0.0,47.23,False,completed
ORD000320,CUST00239,2024-11-10,tiktok,outerwear,DE,140.93,0.0,140.93,False,completed
ORD000321,CUST00240,2024-01-16,tiktok,tops,US,41.85,4.26,37.59,False,completed
ORD000322,CUST00240,2024-08-25,tiktok,bottoms,US,57.65,0.0,8.65,True,returned
ORD000323,CUST00241,2024-01-17,tiktok,accessories,GB,31.51,5.53,25.98,False,completed
ORD000324,CUST00242,2024-01-17,tiktok,tops,GB,40.32,4.28,36.04,False,completed
ORD000325,CUST00243,2024-01-23,tiktok,bottoms,DE,47.9,0.0,47.9,False,completed
ORD000326,CUST00244,2024-01-08,tiktok,bottoms,GB,67.53,8.93,1.2,True,returned
ORD000327,CUST00245,2024-01-26,tiktok,bottoms,DE,73.03,0.0,73.03,False,completed
ORD000328,CUST00245,2024-12-18,tiktok,accessories,DE,38.41,7.99,-2.23,True,returned
ORD000329,CUST00246,2024-02-01,tiktok,tops,DE,35.96,6.35,29.61,False,completed
ORD000330,CUST00246,2024-07-12,tiktok,bottoms,DE,76.13,17.96,-6.54,True,returned
ORD000331,CUST00247,2024-01-23,tiktok,bottoms,GB,52.51,10.37,42.14,False,completed
ORD000332,CUST00248,2024-01-12,tiktok,tops,DE,51.49,0.0,51.49,False,completed
ORD000333,CUST00248,2024-07-20,tiktok,accessories,DE,33.25,0.0,33.25,False,completed
ORD000334,CUST00249,2024-01-29,tiktok,outerwear,DE,122.46,0.0,122.46,False,completed
ORD000335,CUST00249,2024-02-26,tiktok,bottoms,DE,81.39,0.0,81.39,False,completed
ORD000336,CUST00250,2024-01-22,tiktok,tops,US,36.62,8.32,28.3,False,completed
ORD000337,CUST00251,2024-01-07,tiktok,accessories,CA,36.35,0.0,36.35,False,completed
ORD000338,CUST00252,2024-02-07,tiktok,bottoms,GB,69.19,0.0,69.19,False,completed
ORD000339,CUST00252,2024-11-06,tiktok,footwear,GB,80.4,19.26,61.14,False,completed
ORD000340,CUST00252,2024-07-06,tiktok,outerwear,GB,129.69,24.41,105.28,False,completed
ORD000341,CUST00253,2024-01-03,tiktok,tops,GB,46.47,0.0,46.47,False,completed
ORD000342,CUST00253,2024-02-08,tiktok,accessories,GB,39.9,9.55,30.35,False,completed
ORD000343,CUST00253,2024-12-27,tiktok,outerwear,GB,103.78,21.01,-5.44,True,returned
ORD000344,CUST00254,2024-01-30,tiktok,accessories,GB,34.84,4.78,30.06,False,completed
ORD000345,CUST00255,2024-01-10,tiktok,tops,AU,45.48,0.0,45.48,False,completed
ORD000346,CUST00255,2024-06-17,tiktok,bottoms,AU,43.64,0.0,43.64,False,completed
ORD000347,CUST00255,2024-05-17,tiktok,accessories,AU,29.09,3.11,25.98,False,completed
ORD000348,CUST00256,2024-01-23,tiktok,outerwear,GB,97.84,0.0,97.84,False,completed
ORD000349,CUST00256,2024-09-23,tiktok,bottoms,GB,62.3,0.0,9.34,True,returned
ORD000350,CUST00257,2024-01-10,organic,accessories,GB,62.19,0.0,62.19,False,completed
ORD000351,CUST00258,2024-01-26,organic,accessories,US,43.15,0.0,43.15,False,completed
ORD000352,CUST00258,2024-09-07,organic,bottoms,US,116.79,0.0,116.79,False,completed
ORD000353,CUST00258,2024-04-24,organic,tops,US,62.37,0.0,62.37,False,completed
ORD000354,CUST00259,2024-01-14,organic,accessories,US,44.1,0.0,44.1,False,completed
ORD000355,CUST00260,2024-01-24,organic,accessories,US,38.14,0.0,38.14,False,completed
ORD000356,CUST00260,2024-11-03,organic,tops,US,45.89,0.0,45.89,False,completed
ORD000357,CUST00260,2024-09-26,organic,outerwear,US,135.67,0.0,20.35,True,returned
ORD000358,CUST00261,2024-01-30,organic,tops,DE,49.13,0.0,49.13,False,completed
ORD000359,CUST00261,2024-05-28,organic,tops,DE,72.95,0.0,72.95,False,completed
ORD000360,CUST00262,2024-01-18,organic,outerwear,US,162.72,0.0,162.72,False,completed
ORD000361,CUST00262,2024-11-13,organic,bottoms,US,63.83,0.0,9.57,True,returned
ORD000362,CUST00262,2024-02-21,organic,tops,US,70.76,0.0,70.76,False,completed
ORD000363,CUST00263,2024-01-13,organic,accessories,GB,40.29,0.0,40.29,False,completed
ORD000364,CUST00264,2024-01-23,organic,tops,FR,78.84,0.0,78.84,False,completed
ORD000365,CUST00264,2024-03-19,organic,bottoms,FR,90.67,0.0,90.67,False,completed
ORD000366,CUST00265,2024-01-28,organic,tops,US,77.61,0.0,77.61,False,completed
ORD000367,CUST00265,2024-09-17,organic,accessories,US,43.74,0.0,43.74,False,completed
ORD000368,CUST00266,2024-01-19,organic,bottoms,DE,119.25,0.0,119.25,False,completed
ORD000369,CUST00266,2024-05-09,organic,accessories,DE,52.76,0.0,52.76,False,completed
ORD000370,CUST00266,2024-03-25,organic,outerwear,DE,211.92,0.0,31.79,True,returned
ORD000371,CUST00267,2024-01-09,organic,outerwear,DE,208.05,0.0,208.05,False,completed
ORD000372,CUST00267,2024-07-04,organic,bottoms,DE,95.01,0.0,95.01,False,completed
ORD000373,CUST00268,2024-01-16,organic,bottoms,GB,80.75,0.0,80.75,False,completed
ORD000374,CUST00268,2024-04-04,organic,bottoms,GB,75.63,0.0,75.63,False,completed
ORD000375,CUST00269,2024-01-08,organic,outerwear,US,187.1,0.0,187.1,False,completed
ORD000376,CUST00270,2024-01-24,organic,bottoms,US,104.79,0.0,104.79,False,completed
ORD000377,CUST00271,2024-01-17,organic,tops,US,68.43,0.0,68.43,False,completed
ORD000378,CUST00272,2024-02-02,organic,accessories,US,59.43,0.0,8.91,True,returned
ORD000379,CUST00273,2024-01-31,organic,tops,FR,70.92,0.0,70.92,False,completed
ORD000380,CUST00274,2024-01-24,organic,outerwear,DE,178.94,0.0,178.94,False,completed
ORD000381,CUST00274,2024-02-29,organic,bottoms,DE,113.69,0.0,113.69,False,completed
ORD000382,CUST00275,2024-02-02,organic,outerwear,US,185.31,0.0,185.31,False,completed
ORD000383,CUST00276,2024-01-08,organic,accessories,NL,50.07,0.0,50.07,False,completed
ORD000384,CUST00277,2024-01-04,organic,accessories,FR,43.59,0.0,6.54,True,returned
ORD000385,CUST00278,2024-01-29,organic,outerwear,US,153.13,0.0,153.13,False,completed
ORD000386,CUST00278,2024-02-28,organic,tops,US,70.99,0.0,70.99,False,completed
ORD000387,CUST00279,2024-01-21,organic,bottoms,AU,92.41,0.0,92.41,False,completed
ORD000388,CUST00280,2024-01-11,organic,bottoms,DE,73.53,0.0,73.53,False,completed
ORD000389,CUST00281,2024-01-07,organic,bottoms,AU,102.57,0.0,102.57,False,completed
ORD000390,CUST00282,2024-01-09,organic,bottoms,US,63.8,0.0,63.8,False,completed
ORD000391,CUST00283,2024-01-29,organic,tops,US,79.36,0.0,79.36,False,completed
ORD000392,CUST00283,2024-05-18,organic,tops,US,43.61,0.0,43.61,False,completed
ORD000393,CUST00283,2024-12-21,organic,bottoms,US,81.43,0.0,12.21,True,returned
ORD000394,CUST00284,2024-01-20,organic,bottoms,DE,106.7,0.0,106.7,False,completed
ORD000395,CUST00284,2024-10-05,organic,outerwear,DE,193.82,0.0,193.82,False,completed
ORD000396,CUST00285,2024-01-18,organic,outerwear,FR,124.02,0.0,124.02,False,completed
ORD000397,CUST00285,2024-08-10,organic,bottoms,FR,75.08,0.0,75.08,False,completed
ORD000398,CUST00286,2024-02-11,organic,outerwear,GB,219.49,0.0,219.49,False,completed
ORD000399,CUST00287,2024-01-18,organic,bottoms,DE,118.72,0.0,118.72,False,completed
ORD000400,CUST00287,2024-10-31,organic,tops,DE,61.24,0.0,61.24,False,completed
ORD000401,CUST00288,2024-01-07,organic,tops,CA,51.03,0.0,51.03,False,completed
ORD000402,CUST00289,2024-01-15,organic,outerwear,GB,152.5,0.0,152.5,False,completed
ORD000403,CUST00289,2024-04-30,organic,tops,GB,49.83,0.0,49.83,False,completed
ORD000404,CUST00289,2024-04-13,organic,outerwear,GB,128.37,0.0,128.37,False,completed
ORD000405,CUST00290,2024-01-09,organic,tops,FR,46.07,0.0,46.07,False,completed
ORD000406,CUST00290,2024-08-22,organic,bottoms,FR,83.24,0.0,83.24,False,completed
ORD000407,CUST00291,2024-02-01,organic,tops,CA,48.54,0.0,48.54,False,completed
ORD000408,CUST00291,2024-02-22,organic,outerwear,CA,171.9,0.0,171.9,False,completed
ORD000409,CUST00291,2024-03-30,organic,tops,CA,75.19,0.0,11.28,True,returned
ORD000410,CUST00292,2024-01-22,organic,tops,AU,70.03,0.0,70.03,False,completed
ORD000411,CUST00293,2024-01-21,organic,tops,GB,42.63,0.0,42.63,False,completed
ORD000412,CUST00294,2024-01-30,organic,footwear,GB,138.83,0.0,138.83,False,completed
ORD000413,CUST00294,2024-03-19,organic,tops,GB,44.86,0.0,44.86,False,completed
ORD000414,CUST00295,2024-01-28,organic,tops,GB,79.37,0.0,79.37,False,completed
ORD000415,CUST00296,2024-01-08,organic,outerwear,FR,181.18,0.0,27.18,True,returned
ORD000416,CUST00296,2024-08-01,organic,accessories,FR,57.51,0.0,57.51,False,completed
ORD000417,CUST00297,2024-02-05,organic,outerwear,DE,131.93,0.0,131.93,False,completed
ORD000418,CUST00297,2024-09-22,organic,bottoms,DE,100.24,0.0,100.24,False,completed
ORD000419,CUST00298,2024-01-26,organic,bottoms,US,104.75,0.0,104.75,False,completed
ORD000420,CUST00299,2024-01-19,organic,footwear,US,161.67,0.0,161.67,False,completed
ORD000421,CUST00300,2024-01-15,organic,bottoms,GB,113.8,0.0,17.07,True,returned
ORD000422,CUST00301,2024-01-11,organic,bottoms,FR,65.3,0.0,9.8,True,returned
ORD000423,CUST00302,2024-02-08,organic,tops,FR,44.98,0.0,44.98,False,completed
ORD000424,CUST00302,2024-05-11,organic,footwear,FR,82.93,0.0,82.93,False,completed
ORD000425,CUST00303,2024-01-21,organic,outerwear,GB,212.23,0.0,212.23,False,completed
ORD000426,CUST00304,2024-02-09,organic,tops,GB,66.87,0.0,66.87,False,completed
ORD000427,CUST00304,2024-09-18,organic,accessories,GB,46.04,0.0,46.04,False,completed
ORD000428,CUST00305,2024-01-15,organic,bottoms,DE,103.19,0.0,103.19,False,completed
ORD000429,CUST00306,2024-01-31,organic,outerwear,GB,197.05,0.0,197.05,False,completed
ORD000430,CUST00307,2024-01-16,organic,outerwear,GB,209.51,0.0,209.51,False,completed
ORD000431,CUST00307,2024-07-19,organic,bottoms,GB,100.59,0.0,100.59,False,completed
ORD000432,CUST00308,2024-01-13,organic,bottoms,FR,81.99,0.0,81.99,False,completed
ORD000433,CUST00308,2024-04-06,organic,bottoms,FR,110.26,0.0,110.26,False,completed
ORD000434,CUST00309,2024-01-29,organic,outerwear,US,136.54,0.0,20.48,True,returned
ORD000435,CUST00309,2024-03-17,organic,tops,US,77.88,0.0,77.88,False,completed
ORD000436,CUST00309,2024-07-01,organic,bottoms,US,117.41,0.0,117.41,False,completed
ORD000437,CUST00310,2024-01-16,organic,bottoms,GB,77.9,0.0,11.69,True,returned
ORD000438,CUST00310,2024-12-23,organic,tops,GB,80.47,0.0,80.47,False,completed
ORD000439,CUST00311,2024-01-29,organic,footwear,GB,147.71,0.0,147.71,False,completed
ORD000440,CUST00312,2024-01-16,organic,bottoms,GB,87.12,0.0,87.12,False,completed
ORD000441,CUST00312,2024-10-15,organic,outerwear,GB,164.31,0.0,164.31,False,completed
ORD000442,CUST00313,2024-01-22,organic,tops,US,69.26,0.0,69.26,False,completed
ORD000443,CUST00314,2024-01-23,organic,tops,NL,70.91,0.0,70.91,False,completed
ORD000444,CUST00314,2024-03-25,organic,bottoms,NL,70.39,0.0,70.39,False,completed
ORD000445,CUST00315,2024-02-03,organic,bottoms,GB,64.25,0.0,9.64,True,returned
ORD000446,CUST00315,2024-11-10,organic,accessories,GB,61.61,0.0,61.61,False,completed
ORD000447,CUST00315,2024-11-20,organic,bottoms,GB,114.59,0.0,114.59,False,completed
ORD000448,CUST00316,2024-01-27,email,bottoms,GB,114.41,0.0,17.16,True,returned
ORD000449,CUST00316,2024-07-21,email,accessories,GB,37.85,0.0,37.85,False,completed
ORD000450,CUST00317,2024-01-17,email,bottoms,FR,62.4,0.0,62.4,False,completed
ORD000451,CUST00318,2024-01-13,email,tops,AU,60.45,0.0,60.45,False,completed
ORD000452,CUST00318,2024-06-07,email,bottoms,AU,121.72,0.0,121.72,False,completed
ORD000453,CUST00318,2024-04-18,email,accessories,AU,42.96,0.0,42.96,False,completed
ORD000454,CUST00319,2024-01-20,email,tops,FR,67.39,0.0,67.39,False,completed
ORD000455,CUST00319,2024-10-29,email,accessories,FR,43.01,0.0,6.45,True,returned
ORD000456,CUST00319,2024-07-29,email,bottoms,FR,121.39,0.0,121.39,False,completed
ORD000457,CUST00320,2024-02-03,email,outerwear,US,142.89,0.0,142.89,False,completed
ORD000458,CUST00321,2024-02-06,email,footwear,US,133.25,0.0,133.25,False,completed
ORD000459,CUST00322,2024-01-12,email,bottoms,GB,66.08,0.0,66.08,False,completed
ORD000460,CUST00322,2024-09-01,email,outerwear,GB,201.95,0.0,30.29,True,returned
ORD000461,CUST00323,2024-01-13,email,footwear,NL,139.14,0.0,139.14,False,completed
ORD000462,CUST00324,2024-01-07,email,footwear,US,143.16,0.0,143.16,False,completed
ORD000463,CUST00324,2024-07-03,email,tops,US,81.22,0.0,81.22,False,completed
ORD000464,CUST00324,2024-04-17,email,footwear,US,160.89,0.0,160.89,False,completed
ORD000465,CUST00325,2024-01-06,email,tops,GB,44.62,0.0,44.62,False,completed
ORD000466,CUST00325,2024-07-03,email,outerwear,GB,193.59,0.0,29.04,True,returned
ORD000467,CUST00325,2024-07-23,email,tops,GB,73.47,0.0,73.47,False,completed
ORD000468,CUST00326,2024-01-16,email,outerwear,GB,151.17,0.0,151.17,False,completed
ORD000469,CUST00327,2024-01-29,email,accessories,GB,38.33,0.0,38.33,False,completed
ORD000470,CUST00327,2024-08-07,email,bottoms,GB,97.05,0.0,97.05,False,completed
ORD000471,CUST00328,2024-01-23,email,tops,CA,54.31,0.0,54.31,False,completed
ORD000472,CUST00328,2024-11-22,email,tops,CA,79.33,0.0,79.33,False,completed
ORD000473,CUST00328,2024-09-28,email,accessories,CA,50.89,0.0,50.89,False,completed
ORD000474,CUST00329,2024-01-18,email,accessories,NL,36.38,0.0,36.38,False,completed
ORD000475,CUST00329,2024-11-02,email,accessories,NL,34.79,0.0,34.79,False,completed
ORD000476,CUST00330,2024-02-06,email,outerwear,NL,161.66,0.0,161.66,False,completed
ORD000477,CUST00331,2024-01-27,email,tops,NL,81.29,0.0,81.29,False,completed
ORD000478,CUST00332,2024-01-20,email,bottoms,US,117.39,0.0,117.39,False,completed
ORD000479,CUST00333,2024-01-18,email,bottoms,GB,66.17,0.0,66.17,False,completed
ORD000480,CUST00333,2024-08-28,email,bottoms,GB,108.91,0.0,108.91,False,completed
ORD000481,CUST00333,2024-09-14,email,bottoms,GB,124.16,0.0,124.16,False,completed
ORD000482,CUST00334,2024-02-05,email,bottoms,GB,96.54,0.0,96.54,False,completed
ORD000483,CUST00334,2024-06-09,email,accessories,GB,46.46,0.0,46.46,False,completed
ORD000484,CUST00334,2024-10-08,email,footwear,GB,112.14,0.0,112.14,False,completed
ORD000485,CUST00335,2024-01-24,email,bottoms,NL,90.2,0.0,90.2,False,completed
ORD000486,CUST00335,2024-05-17,email,outerwear,NL,160.53,0.0,160.53,False,completed
ORD000487,CUST00336,2024-01-17,email,bottoms,US,87.18,0.0,87.18,False,completed
ORD000488,CUST00337,2024-01-08,email,outerwear,GB,177.51,0.0,177.51,False,completed
ORD000489,CUST00338,2024-01-17,email,tops,GB,70.37,0.0,70.37,False,completed
ORD000490,CUST00338,2024-02-09,email,outerwear,GB,184.33,0.0,184.33,False,completed
ORD000491,CUST00339,2024-01-14,email,footwear,US,126.38,0.0,126.38,False,completed
ORD000492,CUST00340,2024-01-25,email,tops,US,78.0,0.0,78.0,False,completed
ORD000493,CUST00341,2024-01-22,email,tops,FR,73.56,0.0,73.56,False,completed
ORD000494,CUST00341,2024-02-06,email,bottoms,FR,101.15,0.0,101.15,False,completed
ORD000495,CUST00342,2024-01-30,email,outerwear,US,124.78,0.0,124.78,False,completed
ORD000496,CUST00343,2024-01-11,email,outerwear,GB,136.19,0.0,136.19,False,completed
ORD000497,CUST00344,2024-01-22,email,bottoms,NL,122.43,0.0,18.36,True,returned
ORD000498,CUST00344,2024-12-22,email,bottoms,NL,113.1,0.0,113.1,False,completed
ORD000499,CUST00345,2024-01-28,email,bottoms,GB,116.24,0.0,116.24,False,completed
ORD000500,CUST00346,2024-01-11,email,footwear,FR,142.96,0.0,142.96,False,completed
ORD000501,CUST00346,2024-04-27,email,bottoms,FR,117.97,0.0,117.97,False,completed
ORD000502,CUST00346,2024-07-06,email,tops,FR,84.49,0.0,84.49,False,completed
ORD000503,CUST00347,2024-01-11,referral,accessories,AU,45.08,0.0,45.08,False,completed
ORD000504,CUST00347,2024-06-07,referral,outerwear,AU,167.89,0.0,167.89,False,completed
ORD000505,CUST00348,2024-01-09,referral,outerwear,DE,193.17,0.0,28.98,True,returned
ORD000506,CUST00349,2024-01-17,referral,footwear,US,128.47,0.0,128.47,False,completed
ORD000507,CUST00349,2024-11-21,referral,outerwear,US,127.06,0.0,127.06,False,completed
ORD000508,CUST00349,2024-03-12,referral,tops,US,53.39,0.0,53.39,False,completed
ORD000509,CUST00350,2024-01-13,referral,tops,US,63.82,0.0,63.82,False,completed
ORD000510,CUST00350,2024-05-07,referral,tops,US,61.09,0.0,61.09,False,completed
ORD000511,CUST00350,2024-02-23,referral,footwear,US,157.65,0.0,157.65,False,completed
ORD000512,CUST00351,2024-01-28,referral,footwear,GB,107.65,0.0,107.65,False,completed
ORD000513,CUST00351,2024-05-12,referral,footwear,GB,133.53,0.0,133.53,False,completed
ORD000514,CUST00352,2024-01-10,referral,tops,GB,41.95,0.0,41.95,False,completed
ORD000515,CUST00353,2024-01-27,referral,outerwear,CA,147.61,0.0,147.61,False,completed
ORD000516,CUST00353,2024-12-27,referral,bottoms,CA,61.41,0.0,61.41,False,completed
ORD000517,CUST00354,2024-01-31,referral,tops,FR,67.14,0.0,67.14,False,completed
ORD000518,CUST00355,2024-01-15,referral,outerwear,GB,118.83,0.0,118.83,False,completed
ORD000519,CUST00356,2024-01-30,referral,outerwear,GB,136.12,0.0,136.12,False,completed
ORD000520,CUST00357,2024-02-04,referral,accessories,GB,31.43,0.0,31.43,False,completed
ORD000521,CUST00357,2024-08-06,referral,bottoms,GB,105.71,0.0,105.71,False,completed
ORD000522,CUST00357,2024-06-16,referral,tops,GB,45.96,0.0,45.96,False,completed
ORD000523,CUST00358,2024-01-24,referral,tops,FR,54.63,0.0,54.63,False,completed
ORD000524,CUST00359,2024-02-24,meta,tops,US,44.66,0.0,6.7,True,returned
ORD000525,CUST00359,2024-11-04,meta,tops,US,59.58,13.01,46.57,False,completed
ORD000526,CUST00360,2024-02-13,meta,tops,GB,53.16,12.45,-4.48,True,returned
ORD000527,CUST00361,2024-02-03,meta,bottoms,GB,44.45,0.0,44.45,False,completed
ORD000528,CUST00362,2024-03-02,meta,tops,US,31.03,4.89,26.14,False,completed
ORD000529,CUST00362,2024-08-24,meta,tops,US,34.76,7.01,27.75,False,completed
ORD000530,CUST00363,2024-02-12,meta,bottoms,DE,82.94,0.0,82.94,False,completed
ORD000531,CUST00363,2024-09-13,meta,bottoms,DE,82.09,15.52,66.57,False,completed
ORD000532,CUST00363,2024-10-03,meta,accessories,DE,31.22,7.07,24.15,False,completed
ORD000533,CUST00364,2024-02-29,meta,accessories,AU,44.86,7.99,-1.26,True,returned
ORD000534,CUST00365,2024-03-10,meta,footwear,CA,115.66,27.31,88.35,False,completed
ORD000535,CUST00366,2024-03-05,meta,accessories,NL,29.17,3.74,25.43,False,completed
ORD000536,CUST00367,2024-02-15,meta,tops,NL,54.94,8.4,46.54,False,completed
ORD000537,CUST00368,2024-02-17,meta,bottoms,GB,84.42,0.0,84.42,False,completed
ORD000538,CUST00368,2024-10-05,meta,tops,GB,33.86,6.11,-1.03,True,returned
ORD000539,CUST00369,2024-02-27,meta,tops,AU,48.61,0.0,48.61,False,completed
ORD000540,CUST00370,2024-02-20,meta,tops,NL,51.74,0.0,51.74,False,completed
ORD000541,CUST00371,2024-02-09,meta,footwear,CA,90.5,0.0,90.5,False,completed
ORD000542,CUST00372,2024-02-21,meta,bottoms,NL,60.79,0.0,60.79,False,completed
ORD000543,CUST00372,2024-10-17,meta,bottoms,NL,51.82,12.04,39.78,False,completed
ORD000544,CUST00373,2024-02-10,meta,footwear,US,69.65,0.0,69.65,False,completed
ORD000545,CUST00373,2024-02-23,meta,tops,US,47.47,0.0,47.47,False,completed
ORD000546,CUST00374,2024-03-03,meta,tops,GB,59.53,8.44,0.49,True,returned
ORD000547,CUST00375,2024-02-09,meta,outerwear,US,157.04,0.0,157.04,False,completed
ORD000548,CUST00375,2024-03-15,meta,bottoms,US,86.34,0.0,86.34,False,completed
ORD000549,CUST00375,2024-05-05,meta,outerwear,US,136.53,0.0,136.53,False,completed
ORD000550,CUST00376,2024-02-08,meta,footwear,GB,78.15,17.81,60.34,False,completed
ORD000551,CUST00377,2024-02-14,meta,bottoms,GB,81.79,0.0,12.27,True,returned
ORD000552,CUST00378,2024-02-20,meta,tops,GB,54.37,8.17,-0.01,True,returned
ORD000553,CUST00379,2024-02-28,meta,bottoms,US,44.33,9.19,35.14,False,completed
ORD000554,CUST00380,2024-03-08,meta,bottoms,NL,59.93,10.82,49.11,False,completed
ORD000555,CUST00381,2024-02-11,meta,outerwear,DE,134.78,27.28,107.5,False,completed
ORD000556,CUST00382,2024-02-06,meta,bottoms,FR,60.91,0.0,60.91,False,completed
ORD000557,CUST00382,2024-04-21,meta,outerwear,FR,159.59,0.0,23.94,True,returned
ORD000558,CUST00383,2024-02-18,meta,accessories,DE,41.46,6.55,34.91,False,completed
ORD000559,CUST00384,2024-02-27,meta,tops,GB,57.18,5.84,51.34,False,completed
ORD000560,CUST00385,2024-02-28,meta,outerwear,GB,111.68,0.0,111.68,False,completed
ORD000561,CUST00386,2024-02-16,meta,footwear,GB,114.87,18.28,-1.05,True,returned
ORD000562,CUST00386,2024-04-19,meta,tops,GB,46.27,6.73,39.54,False,completed
ORD000563,CUST00387,2024-02-28,meta,bottoms,US,45.8,5.93,39.87,False,completed
ORD000564,CUST00388,2024-02-09,meta,outerwear,GB,127.91,24.39,103.52,False,completed
ORD000565,CUST00389,2024-02-25,meta,tops,US,35.77,0.0,5.37,True,returned
ORD000566,CUST00390,2024-02-13,meta,footwear,GB,76.85,0.0,76.85,False,completed
ORD000567,CUST00391,2024-03-06,meta,footwear,GB,95.15,0.0,95.15,False,completed
ORD000568,CUST00391,2024-04-21,meta,outerwear,GB,150.97,0.0,150.97,False,completed
ORD000569,CUST00392,2024-03-01,meta,footwear,GB,97.56,18.87,78.69,False,completed
ORD000570,CUST00393,2024-02-24,meta,outerwear,FR,155.65,0.0,155.65,False,completed
ORD000571,CUST00394,2024-03-08,meta,tops,US,36.75,4.41,32.34,False,completed
ORD000572,CUST00395,2024-02-15,meta,footwear,GB,120.82,13.13,4.99,True,returned
ORD000573,CUST00395,2024-09-17,meta,tops,GB,38.11,0.0,38.11,False,completed
ORD000574,CUST00395,2024-03-08,meta,accessories,GB,29.53,0.0,4.43,True,returned
ORD000575,CUST00396,2024-02-26,meta,bottoms,US,45.44,10.43,35.01,False,completed
ORD000576,CUST00396,2024-12-27,meta,outerwear,US,156.36,23.4,132.96,False,completed
ORD000577,CUST00397,2024-02-15,meta,outerwear,US,158.53,20.59,137.94,False,completed
ORD000578,CUST00398,2024-02-25,meta,bottoms,US,65.07,15.6,49.47,False,completed
ORD000579,CUST00398,2024-10-17,meta,accessories,US,32.9,7.76,25.14,False,completed
ORD000580,CUST00398,2024-04-19,meta,tops,US,41.1,0.0,41.1,False,completed
ORD000581,CUST00399,2024-03-02,meta,bottoms,GB,81.27,0.0,81.27,False,completed
ORD000582,CUST00399,2024-09-17,meta,tops,GB,41.06,0.0,41.06,False,completed
ORD000583,CUST00400,2024-03-05,meta,outerwear,US,114.0,25.99,88.01,False,completed
ORD000584,CUST00401,2024-03-05,meta,accessories,GB,30.37,0.0,4.56,True,returned
ORD000585,CUST00402,2024-02-03,meta,tops,NL,42.38,10.58,31.8,False,completed
ORD000586,CUST00403,2024-03-03,meta,outerwear,FR,101.82,0.0,101.82,False,completed
ORD000587,CUST00403,2024-04-19,meta,bottoms,FR,58.2,0.0,8.73,True,returned
ORD000588,CUST00403,2024-03-26,meta,bottoms,FR,62.44,0.0,62.44,False,completed
ORD000589,CUST00404,2024-02-22,meta,tops,GB,50.36,0.0,50.36,False,completed
ORD000590,CUST00405,2024-02-23,meta,footwear,GB,69.9,12.75,-2.27,True,returned
ORD000591,CUST00406,2024-03-08,meta,tops,GB,35.39,0.0,35.39,False,completed
ORD000592,CUST00407,2024-02-20,meta,bottoms,GB,84.24,19.09,65.15,False,completed
ORD000593,CUST00408,2024-03-11,meta,tops,FR,45.81,9.03,36.78,False,completed
ORD000594,CUST00409,2024-02-19,meta,outerwear,GB,115.13,0.0,115.13,False,completed
ORD000595,CUST00409,2024-05-01,meta,tops,GB,44.21,0.0,44.21,False,completed
ORD000596,CUST00410,2024-02-25,meta,bottoms,GB,52.82,5.77,2.15,True,returned
ORD000597,CUST00411,2024-03-06,meta,accessories,GB,43.17,10.32,32.85,False,completed
ORD000598,CUST00411,2024-08-02,meta,bottoms,GB,67.15,15.99,51.16,False,completed
ORD000599,CUST00412,2024-02-27,meta,outerwear,NL,86.96,0.0,13.04,True,returned
ORD000600,CUST00413,2024-02-26,meta,tops,FR,31.41,0.0,4.71,True,returned
ORD000601,CUST00413,2024-12-01,meta,accessories,FR,42.11,9.3,-2.98,True,returned
ORD000602,CUST00414,2024-03-02,meta,footwear,DE,116.8,22.59,-5.07,True,returned
ORD000603,CUST00415,2024-02-18,meta,bottoms,GB,61.47,12.09,49.38,False,completed
ORD000604,CUST00416,2024-03-03,meta,accessories,FR,31.99,0.0,31.99,False,completed
ORD000605,CUST00417,2024-02-27,meta,footwear,CA,70.28,0.0,10.54,True,returned
ORD000606,CUST00418,2024-02-25,meta,outerwear,US,97.11,0.0,97.11,False,completed
ORD000607,CUST00418,2024-03-06,meta,tops,US,56.7,0.0,56.7,False,completed
ORD000608,CUST00419,2024-03-03,meta,accessories,GB,29.17,5.14,-0.76,True,returned
ORD000609,CUST00419,2024-03-26,meta,bottoms,GB,48.25,0.0,7.24,True,returned
ORD000610,CUST00420,2024-03-02,meta,bottoms,US,66.2,0.0,66.2,False,completed
ORD000611,CUST00421,2024-02-10,meta,bottoms,FR,48.56,5.58,42.98,False,completed
ORD000612,CUST00421,2024-10-28,meta,accessories,FR,43.4,0.0,43.4,False,completed
ORD000613,CUST00422,2024-02-22,meta,outerwear,US,96.52,0.0,14.48,True,returned
ORD000614,CUST00423,2024-03-09,meta,footwear,CA,107.84,17.3,90.54,False,completed
ORD000615,CUST00424,2024-02-27,meta,accessories,CA,26.92,0.0,4.04,True,returned
ORD000616,CUST00425,2024-02-09,meta,tops,GB,35.54,4.12,31.42,False,completed
ORD000617,CUST00426,2024-02-17,meta,footwear,US,82.38,0.0,82.38,False,completed
ORD000618,CUST00427,2024-02-26,meta,tops,US,59.93,13.37,46.56,False,completed
ORD000619,CUST00428,2024-03-04,meta,tops,GB,50.68,11.89,38.79,False,completed
ORD000620,CUST00429,2024-03-06,meta,accessories,GB,29.62,3.21,26.41,False,completed
ORD000621,CUST00429,2024-08-11,meta,outerwear,GB,121.73,21.04,-2.78,True,returned
ORD000622,CUST00430,2024-02-18,meta,footwear,GB,108.46,11.07,97.39,False,completed
ORD000623,CUST00431,2024-02-22,meta,accessories,GB,27.95,0.0,27.95,False,completed
ORD000624,CUST00432,2024-02-20,meta,tops,US,55.94,6.12,49.82,False,completed
ORD000625,CUST00433,2024-03-06,meta,tops,GB,40.34,0.0,40.34,False,completed
ORD000626,CUST00434,2024-02-17,meta,bottoms,GB,63.12,11.67,51.45,False,completed
ORD000627,CUST00434,2024-11-18,meta,bottoms,GB,63.13,0.0,9.47,True,returned
ORD000628,CUST00435,2024-02-15,meta,outerwear,GB,98.86,0.0,98.86,False,completed
ORD000629,CUST00436,2024-02-10,meta,tops,DE,55.18,6.91,48.27,False,completed
ORD000630,CUST00437,2024-02-12,meta,tops,US,57.13,11.38,45.75,False,completed
ORD000631,CUST00437,2024-04-25,meta,bottoms,US,85.78,0.0,85.78,False,completed
ORD000632,CUST00437,2024-08-11,meta,footwear,US,99.16,0.0,99.16,False,completed
ORD000633,CUST00438,2024-02-17,meta,outerwear,US,124.29,21.57,-2.93,True,returned
ORD000634,CUST00439,2024-02-13,meta,accessories,FR,47.25,7.48,-0.39,True,returned
ORD000635,CUST00440,2024-02-21,meta,footwear,US,103.76,0.0,103.76,False,completed
ORD000636,CUST00440,2024-08-27,meta,outerwear,US,115.9,0.0,17.39,True,returned
ORD000637,CUST00441,2024-03-04,meta,footwear,GB,103.93,11.82,3.77,True,returned
ORD000638,CUST00442,2024-02-29,meta,bottoms,US,45.56,0.0,45.56,False,completed
ORD000639,CUST00442,2024-10-18,meta,outerwear,US,96.43,11.39,3.07,True,returned
ORD000640,CUST00443,2024-02-01,meta,accessories,DE,35.37,0.0,35.37,False,completed
ORD000641,CUST00444,2024-02-25,meta,accessories,FR,30.56,3.7,0.88,True,returned
ORD000642,CUST00445,2024-02-16,meta,bottoms,FR,57.87,9.27,48.6,False,completed
ORD000643,CUST00445,2024-09-29,meta,bottoms,FR,64.1,0.0,9.62,True,returned
ORD000644,CUST00445,2024-08-01,meta,accessories,FR,32.98,0.0,32.98,False,completed
ORD000645,CUST00446,2024-02-26,meta,tops,GB,43.05,0.0,43.05,False,completed
ORD000646,CUST00447,2024-02-06,meta,outerwear,GB,113.11,14.47,2.5,True,returned
ORD000647,CUST00448,2024-02-27,meta,tops,CA,50.03,10.23,39.8,False,completed
ORD000648,CUST00449,2024-02-23,meta,tops,US,41.95,6.51,35.44,False,completed
ORD000649,CUST00450,2024-02-29,meta,tops,US,43.25,10.73,-4.24,True,returned
ORD000650,CUST00451,2024-02-16,meta,footwear,FR,99.19,0.0,99.19,False,completed
ORD000651,CUST00451,2024-07-03,meta,outerwear,FR,110.05,0.0,16.51,True,returned
ORD000652,CUST00452,2024-02-13,meta,accessories,DE,44.62,5.94,38.68,False,completed
ORD000653,CUST00453,2024-02-07,meta,accessories,GB,31.07,0.0,4.66,True,returned
ORD000654,CUST00454,2024-02-14,meta,accessories,US,29.57,0.0,29.57,False,completed
ORD000655,CUST00455,2024-03-06,meta,tops,US,48.19,4.94,2.29,True,returned
ORD000656,CUST00456,2024-03-12,meta,tops,US,37.47,0.0,37.47,False,completed
ORD000657,CUST00456,2024-05-02,meta,outerwear,US,120.53,0.0,120.53,False,completed
ORD000658,CUST00457,2024-03-07,meta,outerwear,US,153.6,0.0,153.6,False,completed
ORD000659,CUST00458,2024-03-01,meta,tops,GB,30.84,0.0,30.84,False,completed
ORD000660,CUST00459,2024-02-11,meta,tops,GB,45.25,10.63,-3.84,True,returned
ORD000661,CUST00460,2024-02-07,meta,tops,AU,52.32,11.51,40.81,False,completed
ORD000662,CUST00461,2024-02-27,meta,tops,GB,30.91,0.0,4.64,True,returned
ORD000663,CUST00462,2024-03-08,meta,footwear,US,70.28,0.0,70.28,False,completed
ORD000664,CUST00462,2024-03-24,meta,tops,US,53.16,6.23,46.93,False,completed
ORD000665,CUST00463,2024-03-02,meta,bottoms,DE,61.59,0.0,61.59,False,completed
ORD000666,CUST00464,2024-03-01,meta,outerwear,US,132.85,0.0,132.85,False,completed
ORD000667,CUST00465,2024-03-09,meta,footwear,GB,66.03,7.28,58.75,False,completed
ORD000668,CUST00466,2024-02-28,meta,tops,GB,38.54,4.34,34.2,False,completed
ORD000669,CUST00467,2024-02-22,google,outerwear,FR,100.61,0.0,100.61,False,completed
ORD000670,CUST00468,2024-03-02,google,accessories,US,32.41,0.0,32.41,False,completed
ORD000671,CUST00468,2024-05-04,google,tops,US,44.95,0.0,44.95,False,completed
ORD000672,CUST00468,2024-07-04,google,tops,US,50.64,0.0,50.64,False,completed
ORD000673,CUST00469,2024-02-19,google,outerwear,FR,164.56,0.0,164.56,False,completed
ORD000674,CUST00470,2024-03-07,google,accessories,FR,43.13,0.0,6.47,True,returned
ORD000675,CUST00470,2024-10-13,google,accessories,FR,55.68,0.0,55.68,False,completed
ORD000676,CUST00471,2024-02-25,google,outerwear,US,122.94,0.0,122.94,False,completed
ORD000677,CUST00471,2024-03-27,google,tops,US,64.97,0.0,9.75,True,returned
ORD000678,CUST00472,2024-02-16,google,bottoms,DE,66.87,0.0,66.87,False,completed
ORD000679,CUST00472,2024-05-03,google,footwear,DE,93.75,0.0,93.75,False,completed
ORD000680,CUST00473,2024-02-20,google,bottoms,AU,93.15,0.0,93.15,False,completed
ORD000681,CUST00474,2024-02-25,google,accessories,GB,45.07,0.0,45.07,False,completed
ORD000682,CUST00475,2024-02-26,google,bottoms,AU,69.51,0.0,69.51,False,completed
ORD000683,CUST00476,2024-02-15,google,tops,GB,40.81,0.0,40.81,False,completed
ORD000684,CUST00476,2024-10-26,google,accessories,GB,28.26,0.0,4.24,True,returned
ORD000685,CUST00476,2024-07-04,google,bottoms,GB,103.56,0.0,103.56,False,completed
ORD000686,CUST00477,2024-02-26,google,tops,GB,43.1,0.0,43.1,False,completed
ORD000687,CUST00477,2024-08-25,google,tops,GB,60.92,0.0,60.92,False,completed
ORD000688,CUST00478,2024-02-22,google,bottoms,FR,94.42,0.0,94.42,False,completed
ORD000689,CUST00479,2024-03-10,google,outerwear,US,129.35,0.0,129.35,False,completed
ORD000690,CUST00480,2024-02-28,google,tops,GB,59.1,0.0,59.1,False,completed
ORD000691,CUST00481,2024-02-19,google,footwear,US,124.9,0.0,124.9,False,completed
ORD000692,CUST00482,2024-02-18,google,tops,CA,37.05,0.0,37.05,False,completed
ORD000693,CUST00483,2024-02-06,google,tops,CA,55.45,0.0,55.45,False,completed
ORD000694,CUST00483,2024-12-24,google,outerwear,CA,167.17,0.0,167.17,False,completed
ORD000695,CUST00483,2024-12-13,google,tops,CA,52.35,0.0,52.35,False,completed
ORD000696,CUST00484,2024-02-10,google,tops,GB,67.72,0.0,10.16,True,returned
ORD000697,CUST00485,2024-02-23,google,footwear,FR,90.64,0.0,90.64,False,completed
ORD000698,CUST00485,2024-08-25,google,outerwear,FR,188.01,0.0,188.01,False,completed
ORD000699,CUST00486,2024-03-07,google,bottoms,GB,65.54,0.0,9.83,True,returned
ORD000700,CUST00487,2024-02-25,google,footwear,US,75.6,0.0,75.6,False,completed
ORD000701,CUST00487,2024-10-03,google,tops,US,67.41,0.0,67.41,False,completed
ORD000702,CUST00488,2024-02-16,google,outerwear,US,128.59,0.0,128.59,False,completed
ORD000703,CUST00488,2024-03-15,google,tops,US,47.4,0.0,7.11,True,returned
ORD000704,CUST00489,2024-02-26,google,bottoms,US,91.43,0.0,91.43,False,completed
ORD000705,CUST00489,2024-06-10,google,footwear,US,124.18,0.0,124.18,False,completed
ORD000706,CUST00489,2024-06-08,google,bottoms,US,84.61,0.0,84.61,False,completed
ORD000707,CUST00490,2024-02-17,google,accessories,US,30.79,0.0,4.62,True,returned
ORD000708,CUST00490,2024-03-20,google,tops,US,52.48,0.0,52.48,False,completed
ORD000709,CUST00491,2024-03-02,google,footwear,US,111.8,0.0,111.8,False,completed
ORD000710,CUST00492,2024-02-05,google,outerwear,FR,181.52,0.0,181.52,False,completed
ORD000711,CUST00492,2024-08-13,google,accessories,FR,52.16,0.0,52.16,False,completed
ORD000712,CUST00493,2024-02-16,google,outerwear,CA,129.84,0.0,129.84,False,completed
ORD000713,CUST00493,2024-10-23,google,outerwear,CA,162.67,0.0,162.67,False,completed
ORD000714,CUST00494,2024-02-27,google,bottoms,GB,60.98,0.0,60.98,False,completed
ORD000715,CUST00495,2024-02-26,google,outerwear,US,119.98,0.0,119.98,False,completed
ORD000716,CUST00496,2024-02-28,google,bottoms,AU,67.04,0.0,67.04,False,completed
ORD000717,CUST00497,2024-02-12,google,outerwear,GB,161.77,0.0,161.77,False,completed
ORD000718,CUST00498,2024-02-10,google,accessories,GB,33.39,0.0,33.39,False,completed
ORD000719,CUST00498,2024-11-27,google,tops,GB,55.42,0.0,55.42,False,completed
ORD000720,CUST00499,2024-02-29,google,bottoms,US,97.61,0.0,97.61,False,completed
ORD000721,CUST00499,2024-07-04,google,bottoms,US,78.97,0.0,78.97,False,completed
ORD000722,CUST00499,2024-10-19,google,footwear,US,72.85,0.0,72.85,False,completed
ORD000723,CUST00500,2024-02-10,google,accessories,CA,45.19,0.0,45.19,False,completed
ORD000724,CUST00500,2024-09-09,google,outerwear,CA,102.85,0.0,102.85,False,completed
ORD000725,CUST00501,2024-02-25,google,bottoms,GB,84.44,0.0,84.44,False,completed
ORD000726,CUST00502,2024-02-10,google,tops,DE,67.6,0.0,67.6,False,completed
ORD000727,CUST00503,2024-02-11,google,tops,US,69.17,0.0,69.17,False,completed
ORD000728,CUST00504,2024-02-06,google,footwear,US,112.84,0.0,16.93,True,returned
ORD000729,CUST00504,2024-03-20,google,accessories,US,37.78,0.0,5.67,True,returned
ORD000730,CUST00505,2024-02-15,google,tops,US,49.28,0.0,49.28,False,completed
ORD000731,CUST00505,2024-04-28,google,tops,US,46.29,0.0,6.94,True,returned
ORD000732,CUST00506,2024-02-14,google,tops,GB,41.46,0.0,41.46,False,completed
ORD000733,CUST00506,2024-12-10,google,outerwear,GB,151.83,0.0,151.83,False,completed
ORD000734,CUST00506,2024-05-24,google,bottoms,GB,89.45,0.0,89.45,False,completed
ORD000735,CUST00507,2024-02-11,google,outerwear,GB,187.58,0.0,28.14,True,returned
ORD000736,CUST00508,2024-03-05,google,outerwear,DE,155.86,0.0,23.38,True,returned
ORD000737,CUST00509,2024-02-09,google,tops,DE,43.37,0.0,6.51,True,returned
ORD000738,CUST00509,2024-10-27,google,bottoms,DE,96.27,0.0,14.44,True,returned
ORD000739,CUST00510,2024-02-26,google,outerwear,DE,111.08,0.0,111.08,False,completed
ORD000740,CUST00511,2024-02-07,google,tops,GB,65.84,0.0,65.84,False,completed
ORD000741,CUST00512,2024-02-12,google,bottoms,GB,99.41,0.0,14.91,True,returned
ORD000742,CUST00513,2024-02-18,google,accessories,GB,43.22,0.0,43.22,False,completed
ORD000743,CUST00514,2024-02-14,google,accessories,GB,30.91,0.0,30.91,False,completed
ORD000744,CUST00514,2024-09-15,google,bottoms,GB,80.93,0.0,12.14,True,returned
ORD000745,CUST00514,2024-06-21,google,footwear,GB,126.01,0.0,126.01,False,completed
ORD000746,CUST00515,2024-02-09,google,accessories,US,32.97,0.0,32.97,False,completed
ORD000747,CUST00515,2024-09-03,google,bottoms,US,79.27,0.0,79.27,False,completed
ORD000748,CUST00516,2024-02-15,google,accessories,NL,54.87,0.0,54.87,False,completed
ORD000749,CUST00517,2024-02-20,google,outerwear,GB,170.41,0.0,25.56,True,returned
ORD000750,CUST00518,2024-02-10,google,tops,FR,59.71,0.0,8.96,True,returned
ORD000751,CUST00519,2024-02-28,google,accessories,CA,33.01,0.0,33.01,False,completed
ORD000752,CUST00520,2024-02-08,google,tops,GB,41.87,0.0,41.87,False,completed
ORD000753,CUST00521,2024-02-15,google,tops,US,53.48,0.0,53.48,False,completed
ORD000754,CUST00522,2024-02-04,google,tops,AU,67.06,0.0,67.06,False,completed
ORD000755,CUST00522,2024-12-08,google,bottoms,AU,83.69,0.0,83.69,False,completed
ORD000756,CUST00523,2024-02-22,google,tops,US,41.79,0.0,41.79,False,completed
ORD000757,CUST00524,2024-03-04,google,tops,GB,43.9,0.0,43.9,False,completed
ORD000758,CUST00525,2024-02-16,google,outerwear,US,101.99,0.0,101.99,False,completed
ORD000759,CUST00526,2024-02-15,google,bottoms,US,62.06,0.0,62.06,False,completed
ORD000760,CUST00527,2024-02-26,google,bottoms,AU,54.41,0.0,54.41,False,completed
ORD000761,CUST00527,2024-06-24,google,tops,AU,55.06,0.0,55.06,False,completed
ORD000762,CUST00528,2024-02-26,google,outerwear,NL,111.54,0.0,111.54,False,completed
ORD000763,CUST00528,2024-10-29,google,tops,NL,64.02,0.0,64.02,False,completed
ORD000764,CUST00529,2024-02-29,google,bottoms,AU,88.27,0.0,88.27,False,completed
ORD000765,CUST00530,2024-02-28,google,footwear,US,133.76,0.0,133.76,False,completed
ORD000766,CUST00531,2024-02-28,google,accessories,CA,42.04,0.0,42.04,False,completed
ORD000767,CUST00532,2024-02-05,google,tops,US,53.41,0.0,53.41,False,completed
ORD000768,CUST00532,2024-03-19,google,bottoms,US,85.02,0.0,85.02,False,completed
ORD000769,CUST00533,2024-02-22,google,tops,GB,52.38,0.0,52.38,False,completed
ORD000770,CUST00533,2024-09-29,google,bottoms,GB,92.4,0.0,13.86,True,returned
ORD000771,CUST00533,2024-03-27,google,tops,GB,59.9,0.0,59.9,False,completed
ORD000772,CUST00534,2024-02-25,google,outerwear,US,110.63,0.0,110.63,False,completed
ORD000773,CUST00535,2024-02-26,google,bottoms,DE,61.72,0.0,61.72,False,completed
ORD000774,CUST00535,2024-12-14,google,accessories,DE,42.79,0.0,42.79,False,completed
ORD000775,CUST00536,2024-02-27,google,bottoms,US,98.57,0.0,98.57,False,completed
ORD000776,CUST00536,2024-04-18,google,outerwear,US,136.56,0.0,136.56,False,completed
ORD000777,CUST00536,2024-08-03,google,accessories,US,32.68,0.0,32.68,False,completed
ORD000778,CUST00537,2024-02-26,google,tops,GB,59.55,0.0,59.55,False,completed
ORD000779,CUST00537,2024-12-24,google,tops,GB,40.59,0.0,40.59,False,completed
ORD000780,CUST00537,2024-08-06,google,tops,GB,69.06,0.0,69.06,False,completed
ORD000781,CUST00538,2024-03-06,google,outerwear,NL,147.19,0.0,147.19,False,completed
ORD000782,CUST00539,2024-03-06,google,outerwear,GB,113.11,0.0,113.11,False,completed
ORD000783,CUST00539,2024-12-16,google,accessories,GB,32.22,0.0,32.22,False,completed
ORD000784,CUST00540,2024-02-25,google,bottoms,DE,91.71,0.0,91.71,False,completed
ORD000785,CUST00541,2024-02-05,google,tops,GB,52.14,0.0,52.14,False,completed
ORD000786,CUST00542,2024-02-19,google,accessories,US,32.55,0.0,32.55,False,completed
ORD000787,CUST00543,2024-02-26,google,outerwear,DE,96.87,0.0,96.87,False,completed
ORD000788,CUST00544,2024-02-09,google,outerwear,GB,154.35,0.0,154.35,False,completed
ORD000789,CUST00545,2024-02-11,tiktok,accessories,US,31.63,0.0,31.63,False,completed
ORD000790,CUST00546,2024-03-07,tiktok,outerwear,US,107.24,23.3,-7.21,True,returned
ORD000791,CUST00547,2024-02-21,tiktok,tops,US,38.94,0.0,38.94,False,completed
ORD000792,CUST00548,2024-02-07,tiktok,footwear,FR,68.75,0.0,68.75,False,completed
ORD000793,CUST00549,2024-02-26,tiktok,bottoms,FR,53.62,0.0,53.62,False,completed
ORD000794,CUST00550,2024-03-06,tiktok,outerwear,GB,118.0,0.0,118.0,False,completed
ORD000795,CUST00551,2024-03-08,tiktok,tops,US,37.15,0.0,5.57,True,returned
ORD000796,CUST00552,2024-02-15,tiktok,accessories,US,42.02,9.47,32.55,False,completed
ORD000797,CUST00553,2024-02-21,tiktok,bottoms,GB,81.59,14.93,-2.69,True,returned
ORD000798,CUST00553,2024-03-27,tiktok,tops,GB,44.48,0.0,44.48,False,completed
ORD000799,CUST00553,2024-07-21,tiktok,bottoms,GB,73.64,0.0,11.05,True,returned
ORD000800,CUST00554,2024-03-03,tiktok,accessories,DE,40.42,8.98,31.44,False,completed
ORD000801,CUST00555,2024-02-23,tiktok,tops,DE,53.41,0.0,53.41,False,completed
ORD000802,CUST00556,2024-02-08,tiktok,tops,AU,55.45,5.65,49.8,False,completed
ORD000803,CUST00557,2024-02-13,tiktok,outerwear,GB,132.11,24.95,107.16,False,completed
ORD000804,CUST00558,2024-02-27,tiktok,outerwear,NL,78.13,11.24,66.89,False,completed
ORD000805,CUST00558,2024-10-07,tiktok,tops,NL,45.08,0.0,45.08,False,completed
ORD000806,CUST00559,2024-02-09,tiktok,bottoms,US,65.29,0.0,65.29,False,completed
ORD000807,CUST00560,2024-02-11,tiktok,outerwear,GB,117.57,0.0,17.64,True,returned
ORD000808,CUST00560,2024-03-10,tiktok,tops,GB,46.97,9.54,-2.49,True,returned
ORD000809,CUST00561,2024-02-22,tiktok,footwear,GB,75.05,14.21,60.84,False,completed
ORD000810,CUST00562,2024-03-10,tiktok,tops,US,38.68,0.0,38.68,False,completed
ORD000811,CUST00563,2024-02-18,tiktok,tops,GB,55.87,0.0,55.87,False,completed
ORD000812,CUST00564,2024-02-27,tiktok,footwear,GB,92.81,0.0,92.81,False,completed
ORD000813,CUST00565,2024-02-24,tiktok,accessories,FR,26.53,2.68,23.85,False,completed
ORD000814,CUST00566,2024-02-23,tiktok,bottoms,GB,42.82,0.0,42.82,False,completed
ORD000815,CUST00567,2024-02-14,tiktok,tops,US,51.42,8.51,42.91,False,completed
ORD000816,CUST00568,2024-03-04,tiktok,bottoms,FR,54.6,6.58,48.02,False,completed
ORD000817,CUST00569,2024-03-02,tiktok,tops,US,33.59,0.0,33.59,False,completed
ORD000818,CUST00570,2024-02-16,tiktok,bottoms,DE,68.99,0.0,68.99,False,completed
ORD000819,CUST00571,2024-02-19,tiktok,tops,GB,51.23,0.0,7.68,True,returned
ORD000820,CUST00572,2024-02-12,tiktok,accessories,GB,34.41,5.23,29.18,False,completed
ORD000821,CUST00573,2024-02-08,tiktok,outerwear,CA,89.93,18.18,71.75,False,completed
ORD000822,CUST00574,2024-02-26,tiktok,tops,AU,32.13,0.0,32.13,False,completed
ORD000823,CUST00575,2024-02-16,tiktok,tops,GB,38.48,0.0,5.77,True,returned
ORD000824,CUST00576,2024-02-28,tiktok,outerwear,US,96.64,13.0,83.64,False,completed
ORD000825,CUST00577,2024-02-12,tiktok,bottoms,DE,47.47,0.0,47.47,False,completed
ORD000826,CUST00578,2024-02-10,tiktok,tops,NL,51.54,7.48,44.06,False,completed
ORD000827,CUST00578,2024-12-26,tiktok,footwear,NL,84.07,0.0,84.07,False,completed
ORD000828,CUST00579,2024-02-19,tiktok,bottoms,US,61.91,7.35,54.56,False,completed
ORD000829,CUST00580,2024-02-07,tiktok,accessories,US,23.94,0.0,3.59,True,returned
ORD000830,CUST00581,2024-02-08,tiktok,bottoms,US,43.16,0.0,43.16,False,completed
ORD000831,CUST00582,2024-03-06,tiktok,tops,DE,51.68,0.0,51.68,False,completed
ORD000832,CUST00583,2024-02-25,tiktok,bottoms,GB,54.74,9.13,-0.92,True,returned
ORD000833,CUST00584,2024-02-27,tiktok,accessories,DE,27.16,6.02,21.14,False,completed
ORD000834,CUST00585,2024-02-17,tiktok,tops,US,45.06,7.74,-0.98,True,returned
ORD000835,CUST00585,2024-06-23,tiktok,tops,US,39.79,0.0,5.97,True,returned
ORD000836,CUST00586,2024-02-07,tiktok,outerwear,NL,107.33,0.0,107.33,False,completed
ORD000837,CUST00586,2024-05-16,tiktok,tops,NL,40.21,0.0,40.21,False,completed
ORD000838,CUST00587,2024-02-16,tiktok,tops,GB,54.89,0.0,8.23,True,returned
ORD000839,CUST00587,2024-10-05,tiktok,accessories,GB,37.84,0.0,5.68,True,returned
ORD000840,CUST00588,2024-03-04,tiktok,tops,US,29.29,0.0,29.29,False,completed
ORD000841,CUST00589,2024-02-14,tiktok,tops,US,49.08,8.75,40.33,False,completed
ORD000842,CUST00590,2024-02-26,tiktok,outerwear,GB,106.74,0.0,106.74,False,completed
ORD000843,CUST00590,2024-09-24,tiktok,tops,GB,50.43,0.0,50.43,False,completed
ORD000844,CUST00591,2024-02-14,tiktok,bottoms,GB,64.94,0.0,64.94,False,completed
ORD000845,CUST00591,2024-08-29,tiktok,bottoms,GB,71.14,0.0,71.14,False,completed
ORD000846,CUST00592,2024-02-04,tiktok,accessories,GB,23.55,4.42,-0.89,True,returned
ORD000847,CUST00592,2024-11-26,tiktok,bottoms,GB,69.07,0.0,69.07,False,completed
ORD000848,CUST00592,2024-03-16,tiktok,accessories,GB,29.1,0.0,29.1,False,completed
ORD000849,CUST00593,2024-02-18,tiktok,accessories,GB,32.75,0.0,32.75,False,completed
ORD000850,CUST00593,2024-09-15,tiktok,tops,GB,56.61,0.0,56.61,False,completed
ORD000851,CUST00594,2024-02-23,tiktok,bottoms,US,73.24,0.0,10.99,True,returned
ORD000852,CUST00594,2024-09-23,tiktok,tops,US,34.05,6.1,-0.99,True,returned
ORD000853,CUST00595,2024-02-25,tiktok,accessories,GB,24.96,6.19,-2.45,True,returned
ORD000854,CUST00596,2024-03-11,organic,tops,GB,80.53,0.0,80.53,False,completed
ORD000855,CUST00596,2024-03-17,organic,accessories,GB,32.93,0.0,32.93,False,completed
ORD000856,CUST00597,2024-02-18,organic,outerwear,FR,128.83,0.0,128.83,False,completed
ORD000857,CUST00597,2024-08-19,organic,outerwear,FR,151.29,0.0,151.29,False,completed
ORD000858,CUST00598,2024-02-16,organic,outerwear,GB,134.8,0.0,134.8,False,completed
ORD000859,CUST00598,2024-03-26,organic,outerwear,GB,182.93,0.0,182.93,False,completed
ORD000860,CUST00598,2024-09-17,organic,accessories,GB,56.5,0.0,56.5,False,completed
ORD000861,CUST00599,2024-02-14,organic,tops,GB,69.28,0.0,10.39,True,returned
ORD000862,CUST00599,2024-12-07,organic,tops,GB,65.23,0.0,65.23,False,completed
ORD000863,CUST00600,2024-02-25,organic,footwear,DE,126.9,0.0,126.9,False,completed
ORD000864,CUST00601,2024-02-20,organic,tops,NL,77.26,0.0,77.26,False,completed
ORD000865,CUST00601,2024-06-01,organic,outerwear,NL,115.07,0.0,17.26,True,returned
ORD000866,CUST00601,2024-09-21,organic,bottoms,NL,91.79,0.0,91.79,False,completed
ORD000867,CUST00602,2024-02-04,organic,tops,CA,54.97,0.0,54.97,False,completed
ORD000868,CUST00602,2024-06-12,organic,tops,CA,60.49,0.0,60.49,False,completed
ORD000869,CUST00603,2024-03-05,organic,bottoms,FR,82.47,0.0,82.47,False,completed
ORD000870,CUST00603,2024-08-25,organic,tops,FR,69.97,0.0,69.97,False,completed
ORD000871,CUST00603,2024-10-26,organic,bottoms,FR,74.47,0.0,74.47,False,completed
ORD000872,CUST00604,2024-02-18,organic,outerwear,GB,179.58,0.0,179.58,False,completed
ORD000873,CUST00604,2024-12-19,organic,accessories,GB,46.05,0.0,46.05,False,completed
ORD000874,CUST00605,2024-02-13,organic,outerwear,GB,119.89,0.0,119.89,False,completed
ORD000875,CUST00605,2024-07-16,organic,accessories,GB,39.91,0.0,39.91,False,completed
ORD000876,CUST00605,2024-04-30,organic,bottoms,GB,107.03,0.0,107.03,False,completed
ORD000877,CUST00606,2024-02-25,organic,bottoms,US,100.39,0.0,15.06,True,returned
ORD000878,CUST00607,2024-03-04,organic,footwear,GB,121.84,0.0,121.84,False,completed
ORD000879,CUST00608,2024-02-13,organic,bottoms,GB,85.03,0.0,85.03,False,completed
ORD000880,CUST00609,2024-02-08,organic,bottoms,GB,74.71,0.0,74.71,False,completed
ORD000881,CUST00610,2024-02-21,organic,tops,US,75.22,0.0,75.22,False,completed
ORD000882,CUST00611,2024-02-05,organic,outerwear,GB,187.3,0.0,187.3,False,completed
ORD000883,CUST00612,2024-02-11,organic,bottoms,US,111.96,0.0,111.96,False,completed
ORD000884,CUST00613,2024-03-04,organic,tops,FR,56.85,0.0,56.85,False,completed
ORD000885,CUST00614,2024-03-02,organic,bottoms,US,67.9,0.0,67.9,False,completed
ORD000886,CUST00615,2024-02-20,organic,bottoms,NL,72.27,0.0,72.27,False,completed
ORD000887,CUST00616,2024-02-21,organic,tops,GB,52.13,0.0,52.13,False,completed
ORD000888,CUST00616,2024-04-19,organic,bottoms,GB,94.42,0.0,94.42,False,completed
ORD000889,CUST00616,2024-05-26,organic,footwear,GB,130.44,0.0,130.44,False,completed
ORD000890,CUST00617,2024-02-28,organic,bottoms,US,101.37,0.0,101.37,False,completed
ORD000891,CUST00618,2024-02-14,organic,outerwear,GB,129.51,0.0,129.51,False,completed
ORD000892,CUST00618,2024-06-16,organic,footwear,GB,124.96,0.0,124.96,False,completed
ORD000893,CUST00619,2024-03-05,organic,tops,US,70.67,0.0,70.67,False,completed
ORD000894,CUST00619,2024-07-17,organic,bottoms,US,113.19,0.0,113.19,False,completed
ORD000895,CUST00619,2024-09-18,organic,tops,US,52.41,0.0,52.41,False,completed
ORD000896,CUST00620,2024-02-18,organic,accessories,GB,63.11,0.0,63.11,False,completed
ORD000897,CUST00620,2024-12-25,organic,tops,GB,57.29,0.0,57.29,False,completed
ORD000898,CUST00621,2024-02-13,organic,tops,US,80.61,0.0,80.61,False,completed
ORD000899,CUST00622,2024-02-12,organic,bottoms,US,72.09,0.0,72.09,False,completed
ORD000900,CUST00622,2024-11-05,organic,outerwear,US,216.58,0.0,216.58,False,completed
ORD000901,CUST00623,2024-02-27,organic,tops,NL,61.06,0.0,9.16,True,returned
ORD000902,CUST00624,2024-02-14,organic,outerwear,GB,177.2,0.0,177.2,False,completed
ORD000903,CUST00625,2024-02-26,organic,tops,NL,75.59,0.0,75.59,False,completed
ORD000904,CUST00626,2024-02-22,organic,bottoms,NL,83.47,0.0,83.47,False,completed
ORD000905,CUST00626,2024-05-07,organic,footwear,NL,159.29,0.0,23.89,True,returned
ORD000906,CUST00626,2024-05-09,organic,accessories,NL,39.69,0.0,5.95,True,returned
ORD000907,CUST00627,2024-03-07,organic,bottoms,NL,67.81,0.0,67.81,False,completed
ORD000908,CUST00628,2024-02-27,organic,tops,GB,69.97,0.0,69.97,False,completed
ORD000909,CUST00629,2024-02-08,organic,tops,GB,50.3,0.0,50.3,False,completed
ORD000910,CUST00629,2024-12-16,organic,tops,GB,64.2,0.0,9.63,True,returned
ORD000911,CUST00630,2024-02-18,organic,tops,GB,67.66,0.0,67.66,False,completed
ORD000912,CUST00630,2024-12-13,organic,tops,GB,80.82,0.0,12.12,True,returned
ORD000913,CUST00631,2024-02-14,organic,bottoms,GB,104.32,0.0,104.32,False,completed
ORD000914,CUST00631,2024-09-26,organic,bottoms,GB,70.76,0.0,70.76,False,completed
ORD000915,CUST00632,2024-02-14,organic,accessories,GB,38.17,0.0,5.73,True,returned
ORD000916,CUST00632,2024-11-17,organic,outerwear,GB,134.02,0.0,134.02,False,completed
ORD000917,CUST00632,2024-04-03,organic,bottoms,GB,96.99,0.0,14.55,True,returned
ORD000918,CUST00633,2024-02-28,organic,bottoms,GB,100.92,0.0,100.92,False,completed
ORD000919,CUST00634,2024-02-10,organic,bottoms,FR,86.63,0.0,86.63,False,completed
ORD000920,CUST00635,2024-02-07,organic,accessories,US,33.22,0.0,33.22,False,completed
ORD000921,CUST00636,2024-02-14,organic,accessories,GB,45.53,0.0,45.53,False,completed
ORD000922,CUST00636,2024-09-28,organic,bottoms,GB,84.27,0.0,84.27,False,completed
ORD000923,CUST00637,2024-02-15,organic,bottoms,CA,95.97,0.0,14.4,True,returned
ORD000924,CUST00638,2024-02-29,organic,tops,US,80.95,0.0,80.95,False,completed
ORD000925,CUST00639,2024-03-10,organic,tops,DE,60.51,0.0,60.51,False,completed
ORD000926,CUST00640,2024-02-21,organic,tops,DE,45.27,0.0,45.27,False,completed
ORD000927,CUST00640,2024-07-22,organic,outerwear,DE,192.45,0.0,192.45,False,completed
ORD000928,CUST00641,2024-02-28,organic,bottoms,GB,70.9,0.0,10.64,True,returned
ORD000929,CUST00642,2024-02-14,organic,accessories,GB,55.06,0.0,55.06,False,completed
ORD000930,CUST00642,2024-07-29,organic,accessories,GB,64.36,0.0,64.36,False,completed
ORD000931,CUST00643,2024-02-29,organic,bottoms,US,60.18,0.0,60.18,False,completed
ORD000932,CUST00644,2024-02-10,email,footwear,US,98.9,0.0,98.9,False,completed
ORD000933,CUST00645,2024-03-02,email,tops,GB,49.43,0.0,49.43,False,completed
ORD000934,CUST00646,2024-02-15,email,tops,GB,82.57,0.0,82.57,False,completed
ORD000935,CUST00647,2024-02-12,email,outerwear,GB,150.35,0.0,150.35,False,completed
ORD000936,CUST00648,2024-02-20,email,accessories,US,46.23,0.0,6.93,True,returned
ORD000937,CUST00648,2024-11-11,email,tops,US,70.92,0.0,70.92,False,completed
ORD000938,CUST00649,2024-02-20,email,bottoms,US,67.32,0.0,67.32,False,completed
ORD000939,CUST00650,2024-02-24,email,tops,GB,85.13,0.0,85.13,False,completed
ORD000940,CUST00650,2024-07-08,email,accessories,GB,45.67,0.0,45.67,False,completed
ORD000941,CUST00650,2024-04-09,email,bottoms,GB,70.6,0.0,70.6,False,completed
ORD000942,CUST00651,2024-02-25,email,footwear,GB,132.8,0.0,132.8,False,completed
ORD000943,CUST00651,2024-04-08,email,tops,GB,61.77,0.0,61.77,False,completed
ORD000944,CUST00652,2024-02-07,email,outerwear,GB,207.63,0.0,207.63,False,completed
ORD000945,CUST00652,2024-05-25,email,bottoms,GB,89.1,0.0,89.1,False,completed
ORD000946,CUST00652,2024-09-02,email,outerwear,GB,129.82,0.0,129.82,False,completed
ORD000947,CUST00653,2024-02-21,email,bottoms,CA,79.2,0.0,79.2,False,completed
ORD000948,CUST00653,2024-03-16,email,bottoms,CA,76.8,0.0,76.8,False,completed
ORD000949,CUST00653,2024-10-09,email,footwear,CA,170.79,0.0,170.79,False,completed
ORD000950,CUST00654,2024-03-02,email,outerwear,AU,180.55,0.0,180.55,False,completed
ORD000951,CUST00655,2024-02-28,email,bottoms,US,108.39,0.0,108.39,False,completed
ORD000952,CUST00656,2024-02-15,email,bottoms,GB,122.43,0.0,122.43,False,completed
ORD000953,CUST00656,2024-05-12,email,accessories,GB,66.52,0.0,66.52,False,completed
ORD000954,CUST00656,2024-06-09,email,bottoms,GB,79.27,0.0,79.27,False,completed
ORD000955,CUST00657,2024-02-05,email,tops,GB,68.0,0.0,68.0,False,completed
ORD000956,CUST00658,2024-02-23,email,tops,CA,74.06,0.0,11.11,True,returned
ORD000957,CUST00659,2024-02-21,email,tops,GB,74.6,0.0,74.6,False,completed
ORD000958,CUST00660,2024-02-08,email,bottoms,DE,82.92,0.0,82.92,False,completed
ORD000959,CUST00660,2024-12-14,email,tops,DE,45.83,0.0,6.87,True,returned
ORD000960,CUST00661,2024-02-23,email,accessories,US,58.59,0.0,58.59,False,completed
ORD000961,CUST00661,2024-08-26,email,tops,US,48.01,0.0,7.2,True,returned
ORD000962,CUST00662,2024-02-15,email,accessories,US,52.69,0.0,52.69,False,completed
ORD000963,CUST00662,2024-05-24,email,tops,US,77.69,0.0,11.65,True,returned
ORD000964,CUST00663,2024-02-24,email,bottoms,GB,109.39,0.0,109.39,False,completed
ORD000965,CUST00663,2024-06-07,email,tops,GB,64.56,0.0,64.56,False,completed
ORD000966,CUST00663,2024-12-21,email,accessories,GB,56.22,0.0,56.22,False,completed
ORD000967,CUST00664,2024-02-28,email,outerwear,GB,186.37,0.0,186.37,False,completed
ORD000968,CUST00664,2024-09-29,email,accessories,GB,44.92,0.0,44.92,False,completed
ORD000969,CUST00665,2024-02-21,email,footwear,DE,161.27,0.0,161.27,False,completed
ORD000970,CUST00665,2024-09-08,email,footwear,DE,119.97,0.0,18.0,True,returned
ORD000971,CUST00665,2024-03-14,email,footwear,DE,156.9,0.0,156.9,False,completed
ORD000972,CUST00666,2024-02-19,email,tops,GB,48.33,0.0,48.33,False,completed
ORD000973,CUST00666,2024-06-02,email,footwear,GB,93.53,0.0,93.53,False,completed
ORD000974,CUST00667,2024-02-10,email,tops,US,69.3,0.0,69.3,False,completed
ORD000975,CUST00667,2024-11-13,email,tops,US,64.85,0.0,64.85,False,completed
ORD000976,CUST00667,2024-12-26,email,bottoms,US,123.1,0.0,123.1,False,completed
ORD000977,CUST00668,2024-02-08,referral,tops,GB,47.66,0.0,47.66,False,completed
ORD000978,CUST00669,2024-03-01,referral,tops,GB,52.34,0.0,52.34,False,completed
ORD000979,CUST00670,2024-02-16,referral,tops,GB,74.87,0.0,74.87,False,completed
ORD000980,CUST00670,2024-07-31,referral,bottoms,GB,65.68,0.0,9.85,True,returned
ORD000981,CUST00671,2024-02-12,referral,tops,US,65.1,0.0,9.77,True,returned
ORD000982,CUST00672,2024-03-07,referral,footwear,AU,133.75,0.0,133.75,False,completed
ORD000983,CUST00673,2024-02-25,referral,bottoms,US,91.32,0.0,91.32,False,completed
ORD000984,CUST00674,2024-02-08,referral,footwear,US,110.17,0.0,16.53,True,returned
ORD000985,CUST00674,2024-07-03,referral,bottoms,US,61.21,0.0,61.21,False,completed
ORD000986,CUST00674,2024-06-25,referral,footwear,US,116.23,0.0,116.23,False,completed
ORD000987,CUST00675,2024-02-13,referral,bottoms,US,66.34,0.0,66.34,False,completed
ORD000988,CUST00676,2024-02-29,referral,tops,GB,51.27,0.0,51.27,False,completed
ORD000989,CUST00677,2024-02-26,referral,footwear,US,122.89,0.0,122.89,False,completed
ORD000990,CUST00678,2024-03-24,meta,footwear,US,99.65,0.0,99.65,False,completed
ORD000991,CUST00679,2024-03-05,meta,tops,GB,57.11,0.0,57.11,False,completed
ORD000992,CUST00680,2024-03-31,meta,tops,US,38.69,4.61,34.08,False,completed
ORD000993,CUST00681,2024-03-30,meta,bottoms,GB,45.51,0.0,45.51,False,completed
ORD000994,CUST00682,2024-03-29,meta,outerwear,US,162.4,18.42,143.98,False,completed
ORD000995,CUST00683,2024-04-03,meta,footwear,AU,104.98,0.0,15.75,True,returned
ORD000996,CUST00684,2024-03-22,meta,tops,GB,55.54,0.0,55.54,False,completed
ORD000997,CUST00685,2024-04-01,meta,bottoms,US,46.23,0.0,46.23,False,completed
ORD000998,CUST00685,2024-06-04,meta,footwear,US,86.84,0.0,13.03,True,returned
ORD000999,CUST00686,2024-03-06,meta,tops,NL,33.3,6.92,-1.93,True,returned
ORD001000,CUST00687,2024-03-13,meta,footwear,NL,80.12,12.21,67.91,False,completed
ORD001001,CUST00687,2024-09-03,meta,tops,NL,61.17,9.03,52.14,False,completed
ORD001002,CUST00688,2024-03-14,meta,accessories,FR,39.7,0.0,5.95,True,returned
ORD001003,CUST00689,2024-03-12,meta,accessories,US,40.55,8.31,32.24,False,completed
ORD001004,CUST00690,2024-03-13,meta,accessories,CA,30.37,0.0,4.56,True,returned
ORD001005,CUST00691,2024-04-07,meta,accessories,GB,34.32,6.64,27.68,False,completed
ORD001006,CUST00691,2024-10-13,meta,bottoms,GB,47.76,6.26,0.9,True,returned
ORD001007,CUST00692,2024-03-15,meta,footwear,US,67.86,0.0,67.86,False,completed
ORD001008,CUST00693,2024-04-03,meta,footwear,GB,68.88,9.05,59.83,False,completed
ORD001009,CUST00694,2024-04-05,meta,accessories,US,41.74,0.0,41.74,False,completed
ORD001010,CUST00695,2024-04-06,meta,accessories,US,34.1,0.0,5.12,True,returned
ORD001011,CUST00696,2024-03-14,meta,tops,US,54.64,11.13,-2.93,True,returned
ORD001012,CUST00697,2024-03-30,meta,accessories,US,26.21,0.0,26.21,False,completed
ORD001013,CUST00697,2024-06-26,meta,bottoms,US,47.75,10.91,-3.75,True,returned
ORD001014,CUST00698,2024-03-13,meta,tops,US,51.32,0.0,51.32,False,completed
ORD001015,CUST00699,2024-03-18,meta,outerwear,AU,124.7,0.0,18.7,True,returned
ORD001016,CUST00699,2024-10-23,meta,tops,AU,43.0,0.0,6.45,True,returned
ORD001017,CUST00700,2024-03-22,meta,accessories,GB,47.43,10.99,-3.88,True,returned
ORD001018,CUST00701,2024-04-03,meta,tops,US,52.82,10.89,-2.97,True,returned
ORD001019,CUST00702,2024-03-21,meta,bottoms,GB,80.61,16.69,-4.6,True,returned
ORD001020,CUST00703,2024-04-11,meta,bottoms,DE,87.85,17.99,-4.81,True,returned
ORD001021,CUST00704,2024-03-12,meta,outerwear,US,129.93,0.0,129.93,False,completed
ORD001022,CUST00705,2024-03-18,meta,tops,GB,31.0,0.0,4.65,True,returned
ORD001023,CUST00706,2024-03-19,meta,tops,AU,51.71,0.0,51.71,False,completed
ORD001024,CUST00706,2024-09-26,meta,accessories,AU,37.0,0.0,5.55,True,returned
ORD001025,CUST00707,2024-03-26,meta,accessories,FR,27.5,5.7,21.8,False,completed
ORD001026,CUST00707,2024-04-20,meta,outerwear,FR,102.68,25.33,77.35,False,completed
ORD001027,CUST00708,2024-03-28,meta,bottoms,GB,60.32,7.9,1.15,True,returned
ORD001028,CUST00709,2024-03-10,meta,bottoms,CA,51.52,0.0,7.73,True,returned
ORD001029,CUST00710,2024-03-19,meta,outerwear,GB,149.91,18.09,131.82,False,completed
ORD001030,CUST00711,2024-03-17,meta,outerwear,GB,119.78,12.47,107.31,False,completed
ORD001031,CUST00712,2024-04-01,meta,accessories,US,34.99,4.56,30.43,False,completed
ORD001032,CUST00713,2024-03-31,meta,tops,GB,45.61,6.88,-0.04,True,returned
ORD001033,CUST00714,2024-04-03,meta,accessories,FR,37.12,0.0,5.57,True,returned
ORD001034,CUST00715,2024-03-09,meta,bottoms,US,73.98,11.3,62.68,False,completed
ORD001035,CUST00716,2024-03-16,meta,tops,GB,35.79,0.0,5.37,True,returned
ORD001036,CUST00716,2024-06-02,meta,accessories,GB,27.01,0.0,27.01,False,completed
ORD001037,CUST00717,2024-03-09,meta,bottoms,FR,45.88,0.0,45.88,False,completed
ORD001038,CUST00718,2024-03-22,meta,bottoms,GB,64.35,0.0,64.35,False,completed
ORD001039,CUST00718,2024-08-22,meta,accessories,GB,40.04,8.15,31.89,False,completed
ORD001040,CUST00719,2024-03-11,meta,outerwear,GB,158.27,17.13,141.14,False,completed
ORD001041,CUST00720,2024-03-12,meta,accessories,NL,43.4,10.38,33.02,False,completed
ORD001042,CUST00721,2024-03-22,meta,tops,US,59.4,0.0,59.4,False,completed
ORD001043,CUST00722,2024-03-28,meta,tops,US,37.08,6.7,30.38,False,completed
ORD001044,CUST00723,2024-03-05,meta,tops,GB,56.77,5.76,51.01,False,completed
ORD001045,CUST00724,2024-04-08,meta,outerwear,US,147.65,19.83,127.82,False,completed
ORD001046,CUST00724,2024-06-09,meta,tops,US,58.49,0.0,58.49,False,completed
ORD001047,CUST00725,2024-04-11,meta,footwear,US,103.94,0.0,103.94,False,completed
ORD001048,CUST00725,2024-07-11,meta,outerwear,US,157.95,28.82,129.13,False,completed
ORD001049,CUST00726,2024-03-15,meta,tops,AU,34.23,0.0,34.23,False,completed
ORD001050,CUST00727,2024-03-08,meta,bottoms,GB,80.46,19.62,60.84,False,completed
ORD001051,CUST00728,2024-03-08,meta,outerwear,GB,107.79,0.0,107.79,False,completed
ORD001052,CUST00729,2024-03-12,meta,footwear,US,116.75,15.78,100.97,False,completed
ORD001053,CUST00730,2024-03-27,meta,bottoms,DE,48.55,11.07,37.48,False,completed
ORD001054,CUST00731,2024-03-12,meta,tops,US,53.07,7.64,0.32,True,returned
ORD001055,CUST00732,2024-03-17,meta,accessories,US,33.86,5.2,28.66,False,completed
ORD001056,CUST00732,2024-09-11,meta,tops,US,44.7,0.0,6.7,True,returned
ORD001057,CUST00733,2024-03-20,meta,accessories,GB,41.76,0.0,41.76,False,completed
ORD001058,CUST00734,2024-03-25,meta,outerwear,US,86.59,21.37,-8.38,True,returned
ORD001059,CUST00734,2024-10-20,meta,tops,US,36.28,0.0,36.28,False,completed
ORD001060,CUST00735,2024-03-29,meta,accessories,US,40.6,5.05,35.55,False,completed
ORD001061,CUST00735,2024-06-07,meta,bottoms,US,78.26,0.0,78.26,False,completed
ORD001062,CUST00736,2024-04-02,meta,tops,GB,46.4,7.54,-0.58,True,returned
ORD001063,CUST00736,2024-07-13,meta,tops,GB,44.23,0.0,44.23,False,completed
ORD001064,CUST00736,2024-06-01,meta,bottoms,GB,47.19,7.11,40.08,False,completed
ORD001065,CUST00737,2024-04-07,meta,bottoms,GB,74.77,17.49,57.28,False,completed
ORD001066,CUST00738,2024-04-09,meta,accessories,US,38.26,0.0,38.26,False,completed
ORD001067,CUST00739,2024-03-21,meta,bottoms,DE,85.58,0.0,85.58,False,completed
ORD001068,CUST00740,2024-03-05,meta,outerwear,GB,145.26,22.08,123.18,False,completed
ORD001069,CUST00741,2024-03-28,meta,footwear,AU,98.16,15.97,-1.25,True,returned
ORD001070,CUST00742,2024-03-22,meta,outerwear,GB,118.27,0.0,118.27,False,completed
ORD001071,CUST00743,2024-03-10,meta,bottoms,FR,46.75,0.0,46.75,False,completed
ORD001072,CUST00744,2024-03-24,meta,bottoms,DE,51.22,0.0,51.22,False,completed
ORD001073,CUST00745,2024-03-30,meta,accessories,CA,36.34,4.78,0.67,True,returned
ORD001074,CUST00745,2024-09-12,meta,outerwear,CA,92.23,18.99,73.24,False,completed
ORD001075,CUST00746,2024-03-24,meta,bottoms,US,48.9,0.0,7.34,True,returned
ORD001076,CUST00747,2024-04-09,meta,bottoms,DE,49.53,5.38,44.15,False,completed
ORD001077,CUST00748,2024-03-30,meta,bottoms,DE,56.97,10.43,46.54,False,completed
ORD001078,CUST00749,2024-03-30,meta,footwear,US,112.34,21.08,91.26,False,completed
ORD001079,CUST00750,2024-03-22,meta,tops,US,36.11,0.0,36.11,False,completed
ORD001080,CUST00750,2024-11-08,meta,accessories,US,24.13,0.0,24.13,False,completed
ORD001081,CUST00751,2024-04-06,meta,tops,GB,55.96,0.0,8.39,True,returned
ORD001082,CUST00752,2024-04-02,meta,bottoms,GB,83.41,20.82,-8.31,True,returned
ORD001083,CUST00752,2024-09-09,meta,footwear,GB,88.47,0.0,88.47,False,completed
ORD001084,CUST00753,2024-03-28,meta,tops,FR,36.67,0.0,5.5,True,returned
ORD001085,CUST00754,2024-03-23,meta,bottoms,DE,54.1,0.0,8.12,True,returned
ORD001086,CUST00755,2024-03-24,meta,accessories,GB,34.11,0.0,5.12,True,returned
ORD001087,CUST00756,2024-04-03,meta,tops,FR,42.77,5.28,37.49,False,completed
ORD001088,CUST00757,2024-04-01,meta,bottoms,GB,75.09,0.0,11.26,True,returned
ORD001089,CUST00758,2024-03-26,meta,footwear,AU,91.39,21.41,69.98,False,completed
ORD001090,CUST00759,2024-03-12,meta,tops,AU,50.56,0.0,7.58,True,returned
ORD001091,CUST00760,2024-03-24,meta,tops,AU,43.77,6.55,37.22,False,completed
ORD001092,CUST00760,2024-06-12,meta,bottoms,AU,51.55,6.74,44.81,False,completed
ORD001093,CUST00761,2024-03-28,meta,tops,US,52.72,0.0,52.72,False,completed
ORD001094,CUST00762,2024-03-03,meta,bottoms,AU,66.09,15.24,50.85,False,completed
ORD001095,CUST00763,2024-03-20,meta,tops,CA,52.47,0.0,7.87,True,returned
ORD001096,CUST00764,2024-03-21,meta,tops,CA,54.21,0.0,54.21,False,completed
ORD001097,CUST00764,2024-07-29,meta,accessories,CA,29.47,5.48,-1.06,True,returned
ORD001098,CUST00765,2024-03-12,meta,tops,GB,35.4,4.46,30.94,False,completed
ORD001099,CUST00766,2024-03-09,meta,bottoms,US,46.0,0.0,46.0,False,completed
ORD001100,CUST00766,2024-07-25,meta,bottoms,US,87.23,0.0,13.08,True,returned
ORD001101,CUST00766,2024-06-14,meta,footwear,US,78.56,0.0,78.56,False,completed
ORD001102,CUST00767,2024-03-25,meta,outerwear,US,147.95,32.18,115.77,False,completed
ORD001103,CUST00768,2024-03-27,meta,tops,GB,35.56,4.43,31.13,False,completed
ORD001104,CUST00769,2024-03-28,meta,accessories,FR,24.43,0.0,24.43,False,completed
ORD001105,CUST00770,2024-03-10,meta,tops,GB,56.05,0.0,56.05,False,completed
ORD001106,CUST00770,2024-04-24,meta,tops,GB,48.34,9.17,39.17,False,completed
ORD001107,CUST00770,2024-07-19,meta,footwear,GB,98.64,0.0,98.64,False,completed
ORD001108,CUST00771,2024-03-26,meta,footwear,US,85.77,0.0,12.87,True,returned
ORD001109,CUST00772,2024-03-25,meta,tops,GB,58.34,0.0,58.34,False,completed
ORD001110,CUST00773,2024-03-21,meta,outerwear,CA,155.18,0.0,155.18,False,completed
ORD001111,CUST00773,2024-05-10,meta,outerwear,CA,96.35,0.0,96.35,False,completed
ORD001112,CUST00774,2024-04-04,meta,tops,GB,42.86,0.0,42.86,False,completed
ORD001113,CUST00775,2024-03-20,meta,tops,GB,56.7,8.93,47.77,False,completed
ORD001114,CUST00776,2024-03-19,meta,outerwear,GB,154.25,33.16,121.09,False,completed
ORD001115,CUST00776,2024-04-10,meta,tops,GB,48.75,0.0,48.75,False,completed
ORD001116,CUST00777,2024-04-01,meta,accessories,US,30.24,0.0,4.54,True,returned
ORD001117,CUST00777,2024-05-03,meta,bottoms,US,54.38,6.21,48.17,False,completed
ORD001118,CUST00778,2024-03-07,meta,tops,FR,50.18,0.0,7.53,True,returned
ORD001119,CUST00779,2024-03-25,meta,bottoms,US,70.33,13.42,56.91,False,completed
ORD001120,CUST00780,2024-03-28,meta,accessories,AU,27.45,0.0,4.12,True,returned
ORD001121,CUST00781,2024-03-23,meta,outerwear,CA,136.71,0.0,136.71,False,completed
ORD001122,CUST00782,2024-03-22,meta,outerwear,FR,160.68,0.0,24.1,True,returned
ORD001123,CUST00783,2024-03-30,meta,bottoms,GB,61.09,0.0,61.09,False,completed
ORD001124,CUST00784,2024-03-11,meta,outerwear,GB,162.07,37.42,124.65,False,completed
ORD001125,CUST00784,2024-04-13,meta,tops,GB,44.9,7.41,37.49,False,completed
ORD001126,CUST00785,2024-04-10,meta,bottoms,US,66.45,0.0,66.45,False,completed
ORD001127,CUST00786,2024-03-31,meta,tops,DE,54.31,0.0,54.31,False,completed
ORD001128,CUST00787,2024-03-28,meta,accessories,AU,24.23,2.88,21.35,False,completed
ORD001129,CUST00788,2024-03-30,meta,bottoms,US,85.04,0.0,85.04,False,completed
ORD001130,CUST00789,2024-03-10,google,tops,GB,57.08,0.0,57.08,False,completed
ORD001131,CUST00790,2024-03-25,google,accessories,US,28.24,0.0,4.24,True,returned
ORD001132,CUST00791,2024-04-05,google,tops,GB,67.79,0.0,67.79,False,completed
ORD001133,CUST00792,2024-03-19,google,tops,DE,63.38,0.0,63.38,False,completed
ORD001134,CUST00793,2024-03-17,google,accessories,US,32.75,0.0,32.75,False,completed
ORD001135,CUST00793,2024-07-14,google,tops,US,56.51,0.0,56.51,False,completed
ORD001136,CUST00794,2024-03-26,google,outerwear,GB,158.89,0.0,158.89,False,completed
ORD001137,CUST00795,2024-03-31,google,tops,AU,50.76,0.0,7.61,True,returned
ORD001138,CUST00795,2024-08-16,google,accessories,AU,29.47,0.0,29.47,False,completed
ORD001139,CUST00796,2024-03-29,google,tops,DE,66.09,0.0,66.09,False,completed
ORD001140,CUST00797,2024-03-19,google,outerwear,GB,100.79,0.0,100.79,False,completed
ORD001141,CUST00798,2024-03-30,google,bottoms,GB,62.44,0.0,62.44,False,completed
ORD001142,CUST00799,2024-03-20,google,accessories,AU,30.62,0.0,30.62,False,completed
ORD001143,CUST00800,2024-03-18,google,outerwear,DE,136.31,0.0,20.45,True,returned
ORD001144,CUST00801,2024-03-19,google,bottoms,GB,53.94,0.0,53.94,False,completed
ORD001145,CUST00802,2024-03-21,google,accessories,DE,29.54,0.0,29.54,False,completed
ORD001146,CUST00803,2024-03-26,google,tops,GB,61.51,0.0,61.51,False,completed
ORD001147,CUST00803,2024-08-16,google,tops,GB,56.61,0.0,56.61,False,completed
ORD001148,CUST00804,2024-03-11,google,bottoms,NL,75.12,0.0,75.12,False,completed
ORD001149,CUST00805,2024-03-13,google,outerwear,NL,115.74,0.0,115.74,False,completed
ORD001150,CUST00806,2024-03-14,google,tops,NL,59.14,0.0,59.14,False,completed
ORD001151,CUST00807,2024-03-25,google,footwear,CA,93.58,0.0,93.58,False,completed
ORD001152,CUST00808,2024-03-22,google,bottoms,US,98.8,0.0,98.8,False,completed
ORD001153,CUST00808,2024-06-12,google,bottoms,US,76.12,0.0,76.12,False,completed
ORD001154,CUST00809,2024-03-17,google,bottoms,AU,73.85,0.0,73.85,False,completed
ORD001155,CUST00810,2024-03-23,google,accessories,FR,44.92,0.0,44.92,False,completed
ORD001156,CUST00811,2024-03-27,google,accessories,DE,50.65,0.0,50.65,False,completed
ORD001157,CUST00811,2024-08-15,google,tops,DE,55.82,0.0,8.37,True,returned
ORD001158,CUST00811,2024-05-08,google,accessories,DE,41.84,0.0,41.84,False,completed
ORD001159,CUST00812,2024-03-10,google,outerwear,GB,99.95,0.0,99.95,False,completed
ORD001160,CUST00813,2024-03-19,google,bottoms,GB,92.12,0.0,13.82,True,returned
ORD001161,CUST00814,2024-03-19,google,tops,AU,51.42,0.0,51.42,False,completed
ORD001162,CUST00815,2024-03-28,google,outerwear,FR,139.07,0.0,139.07,False,completed
ORD001163,CUST00816,2024-03-14,google,accessories,US,49.64,0.0,49.64,False,completed
ORD001164,CUST00817,2024-03-17,google,bottoms,AU,81.53,0.0,81.53,False,completed
ORD001165,CUST00818,2024-03-25,google,bottoms,US,90.16,0.0,90.16,False,completed
ORD001166,CUST00819,2024-03-06,google,outerwear,GB,117.81,0.0,117.81,False,completed
ORD001167,CUST00819,2024-11-19,google,accessories,GB,41.49,0.0,41.49,False,completed
ORD001168,CUST00820,2024-03-17,google,outerwear,GB,118.51,0.0,118.51,False,completed
ORD001169,CUST00821,2024-03-28,google,outerwear,DE,117.16,0.0,117.16,False,completed
ORD001170,CUST00822,2024-04-09,google,tops,US,53.59,0.0,53.59,False,completed
ORD001171,CUST00823,2024-04-01,google,tops,GB,52.4,0.0,52.4,False,completed
ORD001172,CUST00824,2024-03-30,google,tops,NL,37.84,0.0,37.84,False,completed
ORD001173,CUST00825,2024-03-30,google,accessories,US,54.96,0.0,54.96,False,completed
ORD001174,CUST00826,2024-03-23,google,accessories,DE,31.68,0.0,31.68,False,completed
ORD001175,CUST00827,2024-04-04,google,outerwear,FR,173.68,0.0,173.68,False,completed
ORD001176,CUST00827,2024-05-06,google,bottoms,FR,67.44,0.0,67.44,False,completed
ORD001177,CUST00828,2024-03-29,google,outerwear,US,150.84,0.0,150.84,False,completed
ORD001178,CUST00829,2024-04-02,google,footwear,DE,84.02,0.0,84.02,False,completed
ORD001179,CUST00830,2024-04-05,google,bottoms,GB,54.13,0.0,54.13,False,completed
ORD001180,CUST00831,2024-03-21,google,bottoms,AU,67.08,0.0,67.08,False,completed
ORD001181,CUST00831,2024-08-29,google,accessories,AU,40.0,0.0,40.0,False,completed
ORD001182,CUST00832,2024-03-07,google,bottoms,US,99.57,0.0,99.57,False,completed
ORD001183,CUST00833,2024-03-25,google,bottoms,AU,85.52,0.0,85.52,False,completed
ORD001184,CUST00834,2024-03-18,google,bottoms,GB,93.16,0.0,93.16,False,completed
ORD001185,CUST00835,2024-03-19,google,tops,GB,42.6,0.0,42.6,False,completed
ORD001186,CUST00836,2024-03-16,google,outerwear,US,170.51,0.0,170.51,False,completed
ORD001187,CUST00836,2024-10-02,google,bottoms,US,85.65,0.0,85.65,False,completed
ORD001188,CUST00837,2024-03-27,google,outerwear,FR,173.6,0.0,26.04,True,returned
ORD001189,CUST00838,2024-03-27,google,outerwear,US,115.62,0.0,115.62,False,completed
ORD001190,CUST00839,2024-03-17,google,outerwear,AU,179.37,0.0,179.37,False,completed
ORD001191,CUST00840,2024-03-25,google,tops,GB,66.38,0.0,66.38,False,completed
ORD001192,CUST00841,2024-03-01,google,accessories,GB,45.83,0.0,45.83,False,completed
ORD001193,CUST00841,2024-05-08,google,accessories,GB,47.45,0.0,7.12,True,returned
ORD001194,CUST00842,2024-03-15,google,bottoms,US,88.41,0.0,13.26,True,returned
ORD001195,CUST00842,2024-08-19,google,outerwear,US,138.51,0.0,138.51,False,completed
ORD001196,CUST00843,2024-03-06,google,accessories,FR,39.26,0.0,39.26,False,completed
ORD001197,CUST00844,2024-03-25,google,bottoms,US,101.06,0.0,101.06,False,completed
ORD001198,CUST00844,2024-06-16,google,accessories,US,42.25,0.0,42.25,False,completed
ORD001199,CUST00844,2024-12-26,google,footwear,US,130.78,0.0,130.78,False,completed
ORD001200,CUST00845,2024-03-30,google,tops,US,61.29,0.0,61.29,False,completed
ORD001201,CUST00846,2024-03-16,google,bottoms,AU,75.79,0.0,75.79,False,completed
ORD001202,CUST00846,2024-03-28,google,bottoms,AU,94.76,0.0,94.76,False,completed
ORD001203,CUST00847,2024-04-06,google,outerwear,FR,111.14,0.0,111.14,False,completed
ORD001204,CUST00848,2024-03-30,google,outerwear,DE,159.83,0.0,159.83,False,completed
ORD001205,CUST00848,2024-05-05,google,outerwear,DE,118.79,0.0,118.79,False,completed
ORD001206,CUST00849,2024-03-05,google,tops,FR,48.92,0.0,48.92,False,completed
ORD001207,CUST00849,2024-08-29,google,bottoms,FR,103.68,0.0,103.68,False,completed
ORD001208,CUST00850,2024-03-09,google,accessories,GB,40.3,0.0,6.05,True,returned
ORD001209,CUST00851,2024-04-08,google,tops,US,71.98,0.0,71.98,False,completed
ORD001210,CUST00852,2024-03-09,google,outerwear,AU,119.55,0.0,17.93,True,returned
ORD001211,CUST00852,2024-05-13,google,accessories,AU,47.42,0.0,47.42,False,completed
ORD001212,CUST00852,2024-04-16,google,bottoms,AU,80.02,0.0,80.02,False,completed
ORD001213,CUST00853,2024-03-07,google,bottoms,FR,71.6,0.0,71.6,False,completed
ORD001214,CUST00854,2024-03-08,google,bottoms,GB,85.55,0.0,85.55,False,completed
ORD001215,CUST00854,2024-04-10,google,tops,GB,59.42,0.0,59.42,False,completed
ORD001216,CUST00855,2024-03-13,google,footwear,GB,119.09,0.0,17.86,True,returned
ORD001217,CUST00855,2024-03-25,google,tops,GB,52.16,0.0,7.82,True,returned
ORD001218,CUST00856,2024-03-14,google,bottoms,US,67.51,0.0,67.51,False,completed
ORD001219,CUST00857,2024-03-17,google,bottoms,GB,80.05,0.0,80.05,False,completed
ORD001220,CUST00858,2024-03-04,google,bottoms,NL,72.91,0.0,72.91,False,completed
ORD001221,CUST00858,2024-11-06,google,footwear,NL,111.62,0.0,111.62,False,completed
ORD001222,CUST00858,2024-07-10,google,accessories,NL,51.59,0.0,51.59,False,completed
ORD001223,CUST00859,2024-03-22,google,bottoms,US,78.85,0.0,78.85,False,completed
ORD001224,CUST00859,2024-08-15,google,footwear,US,85.24,0.0,85.24,False,completed
ORD001225,CUST00859,2024-12-07,google,tops,US,38.71,0.0,38.71,False,completed
ORD001226,CUST00860,2024-03-27,google,outerwear,GB,180.92,0.0,180.92,False,completed
ORD001227,CUST00861,2024-04-07,google,bottoms,NL,58.89,0.0,58.89,False,completed
ORD001228,CUST00862,2024-03-25,google,tops,FR,40.32,0.0,6.05,True,returned
ORD001229,CUST00863,2024-04-02,google,footwear,GB,102.33,0.0,102.33,False,completed
ORD001230,CUST00863,2024-07-24,google,tops,GB,43.86,0.0,43.86,False,completed
ORD001231,CUST00864,2024-03-10,google,outerwear,US,128.06,0.0,128.06,False,completed
ORD001232,CUST00865,2024-04-05,google,accessories,AU,30.27,0.0,4.54,True,returned
ORD001233,CUST00865,2024-08-01,google,accessories,AU,54.05,0.0,54.05,False,completed
ORD001234,CUST00866,2024-04-08,google,tops,NL,57.48,0.0,57.48,False,completed
ORD001235,CUST00867,2024-03-17,google,footwear,US,105.01,0.0,105.01,False,completed
ORD001236,CUST00867,2024-06-07,google,outerwear,US,121.56,0.0,121.56,False,completed
ORD001237,CUST00867,2024-12-27,google,tops,US,57.96,0.0,57.96,False,completed
ORD001238,CUST00868,2024-03-18,google,footwear,US,93.14,0.0,93.14,False,completed
ORD001239,CUST00869,2024-03-14,google,tops,US,48.77,0.0,48.77,False,completed
ORD001240,CUST00870,2024-04-08,google,accessories,AU,47.6,0.0,47.6,False,completed
ORD001241,CUST00871,2024-03-16,google,outerwear,GB,189.21,0.0,189.21,False,completed
ORD001242,CUST00871,2024-12-22,google,tops,GB,67.58,0.0,67.58,False,completed
ORD001243,CUST00872,2024-03-25,google,accessories,NL,43.96,0.0,43.96,False,completed
ORD001244,CUST00873,2024-03-17,google,tops,US,61.64,0.0,61.64,False,completed
ORD001245,CUST00874,2024-03-09,google,tops,FR,37.38,0.0,37.38,False,completed
ORD001246,CUST00874,2024-09-17,google,outerwear,FR,155.99,0.0,155.99,False,completed
ORD001247,CUST00874,2024-07-09,google,outerwear,FR,108.42,0.0,108.42,False,completed
ORD001248,CUST00875,2024-04-09,google,footwear,US,133.58,0.0,133.58,False,completed
ORD001249,CUST00876,2024-03-27,google,footwear,GB,85.39,0.0,85.39,False,completed
ORD001250,CUST00877,2024-03-10,google,outerwear,US,108.37,0.0,108.37,False,completed
ORD001251,CUST00878,2024-03-14,tiktok,footwear,DE,90.39,13.71,76.68,False,completed
ORD001252,CUST00879,2024-03-16,tiktok,outerwear,FR,133.42,0.0,133.42,False,completed
ORD001253,CUST00880,2024-03-21,tiktok,accessories,DE,38.86,6.89,31.97,False,completed
ORD001254,CUST00881,2024-03-14,tiktok,outerwear,DE,105.38,12.46,92.92,False,completed
ORD001255,CUST00882,2024-03-14,tiktok,tops,FR,56.09,0.0,56.09,False,completed
ORD001256,CUST00883,2024-03-20,tiktok,bottoms,FR,66.69,0.0,66.69,False,completed
ORD001257,CUST00883,2024-11-20,tiktok,tops,FR,57.34,13.45,43.89,False,completed
ORD001258,CUST00884,2024-03-31,tiktok,outerwear,AU,127.35,28.78,98.57,False,completed
ORD001259,CUST00885,2024-03-29,tiktok,footwear,US,75.17,7.9,67.27,False,completed
ORD001260,CUST00885,2024-07-31,tiktok,outerwear,US,120.12,15.69,2.33,True,returned
ORD001261,CUST00886,2024-03-15,tiktok,bottoms,NL,79.09,0.0,79.09,False,completed
ORD001262,CUST00886,2024-03-30,tiktok,outerwear,NL,118.28,0.0,118.28,False,completed
ORD001263,CUST00887,2024-03-24,tiktok,outerwear,CA,128.04,13.02,115.02,False,completed
ORD001264,CUST00888,2024-03-30,tiktok,tops,GB,34.06,6.32,27.74,False,completed
ORD001265,CUST00889,2024-03-20,tiktok,bottoms,US,80.8,0.0,12.12,True,returned
ORD001266,CUST00890,2024-03-20,tiktok,tops,NL,55.81,0.0,55.81,False,completed
ORD001267,CUST00891,2024-03-29,tiktok,outerwear,US,142.64,14.36,128.28,False,completed
ORD001268,CUST00892,2024-03-18,tiktok,tops,GB,55.73,6.41,49.32,False,completed
ORD001269,CUST00893,2024-03-17,tiktok,bottoms,GB,61.58,0.0,61.58,False,completed
ORD001270,CUST00894,2024-04-01,tiktok,accessories,GB,22.55,0.0,22.55,False,completed
ORD001271,CUST00894,2024-10-16,tiktok,tops,GB,49.27,0.0,49.27,False,completed
ORD001272,CUST00895,2024-04-01,tiktok,outerwear,GB,101.05,17.63,83.42,False,completed
ORD001273,CUST00896,2024-03-11,tiktok,tops,GB,57.33,6.47,50.86,False,completed
ORD001274,CUST00897,2024-03-05,tiktok,footwear,GB,66.04,0.0,66.04,False,completed
ORD001275,CUST00898,2024-03-03,tiktok,outerwear,GB,116.4,0.0,17.46,True,returned
ORD001276,CUST00898,2024-05-29,tiktok,tops,GB,34.09,0.0,34.09,False,completed
ORD001277,CUST00899,2024-04-08,tiktok,tops,GB,46.34,0.0,46.34,False,completed
ORD001278,CUST00900,2024-04-05,tiktok,bottoms,FR,46.95,0.0,46.95,False,completed
ORD001279,CUST00901,2024-03-04,tiktok,outerwear,FR,112.93,0.0,112.93,False,completed
ORD001280,CUST00901,2024-11-10,tiktok,tops,FR,42.37,0.0,6.36,True,returned
ORD001281,CUST00902,2024-04-03,tiktok,tops,GB,48.82,8.82,40.0,False,completed
ORD001282,CUST00903,2024-04-01,tiktok,bottoms,GB,49.61,0.0,49.61,False,completed
ORD001283,CUST00904,2024-03-29,tiktok,bottoms,US,55.92,11.77,44.15,False,completed
ORD001284,CUST00905,2024-03-15,tiktok,tops,GB,49.49,0.0,49.49,False,completed
ORD001285,CUST00906,2024-03-19,tiktok,footwear,GB,60.3,0.0,60.3,False,completed
ORD001286,CUST00907,2024-03-11,tiktok,outerwear,CA,145.33,0.0,145.33,False,completed
ORD001287,CUST00908,2024-04-04,tiktok,tops,FR,36.76,0.0,5.51,True,returned
ORD001288,CUST00909,2024-03-19,tiktok,tops,DE,31.15,0.0,31.15,False,completed
ORD001289,CUST00910,2024-03-21,tiktok,accessories,NL,39.58,7.01,32.57,False,completed
ORD001290,CUST00911,2024-03-15,tiktok,outerwear,DE,129.37,0.0,129.37,False,completed
ORD001291,CUST00911,2024-12-30,tiktok,tops,DE,41.61,6.17,35.44,False,completed
ORD001292,CUST00912,2024-03-27,tiktok,tops,NL,54.76,10.41,44.35,False,completed
ORD001293,CUST00913,2024-03-24,tiktok,bottoms,GB,58.97,0.0,8.85,True,returned
ORD001294,CUST00913,2024-11-23,tiktok,footwear,GB,74.88,0.0,74.88,False,completed
ORD001295,CUST00914,2024-03-03,tiktok,accessories,NL,41.23,0.0,41.23,False,completed
ORD001296,CUST00915,2024-04-07,tiktok,bottoms,FR,81.9,16.54,65.36,False,completed
ORD001297,CUST00915,2024-05-24,tiktok,outerwear,FR,124.04,0.0,124.04,False,completed
ORD001298,CUST00915,2024-12-09,tiktok,accessories,FR,28.72,5.8,22.92,False,completed
ORD001299,CUST00916,2024-04-02,tiktok,bottoms,GB,45.6,0.0,45.6,False,completed
ORD001300,CUST00916,2024-11-11,tiktok,tops,GB,33.49,3.95,29.54,False,completed
ORD001301,CUST00917,2024-03-25,tiktok,tops,US,57.43,0.0,57.43,False,completed
ORD001302,CUST00918,2024-03-09,tiktok,bottoms,CA,66.59,11.43,55.16,False,completed
ORD001303,CUST00919,2024-03-10,tiktok,tops,GB,49.72,8.94,40.78,False,completed
ORD001304,CUST00920,2024-03-24,tiktok,footwear,AU,109.18,0.0,16.38,True,returned
ORD001305,CUST00920,2024-07-26,tiktok,bottoms,AU,44.65,6.1,38.55,False,completed
ORD001306,CUST00921,2024-04-07,tiktok,accessories,FR,44.75,6.14,0.57,True,returned
ORD001307,CUST00922,2024-03-17,tiktok,bottoms,DE,41.72,8.86,32.86,False,completed
ORD001308,CUST00923,2024-03-14,tiktok,bottoms,US,47.0,0.0,47.0,False,completed
ORD001309,CUST00924,2024-03-07,tiktok,footwear,GB,87.38,0.0,13.11,True,returned
ORD001310,CUST00925,2024-03-14,tiktok,tops,FR,40.2,4.29,35.91,False,completed
ORD001311,CUST00926,2024-03-30,tiktok,outerwear,FR,109.74,0.0,109.74,False,completed
ORD001312,CUST00926,2024-11-26,tiktok,tops,FR,53.56,0.0,53.56,False,completed
ORD001313,CUST00927,2024-03-21,tiktok,accessories,US,27.71,2.87,1.29,True,returned
ORD001314,CUST00927,2024-07-14,tiktok,bottoms,US,70.24,0.0,70.24,False,completed
ORD001315,CUST00927,2024-08-26,tiktok,outerwear,US,130.26,0.0,130.26,False,completed
ORD001316,CUST00928,2024-03-26,tiktok,footwear,GB,60.0,0.0,60.0,False,completed
ORD001317,CUST00929,2024-03-17,tiktok,bottoms,US,75.49,11.19,64.3,False,completed
ORD001318,CUST00930,2024-03-07,organic,tops,US,53.23,0.0,53.23,False,completed
ORD001319,CUST00930,2024-11-08,organic,tops,US,53.21,0.0,53.21,False,completed
ORD001320,CUST00931,2024-03-18,organic,outerwear,FR,180.02,0.0,180.02,False,completed
ORD001321,CUST00931,2024-10-28,organic,outerwear,FR,148.8,0.0,148.8,False,completed
ORD001322,CUST00932,2024-04-05,organic,accessories,GB,45.02,0.0,45.02,False,completed
ORD001323,CUST00933,2024-03-28,organic,tops,US,61.82,0.0,61.82,False,completed
ORD001324,CUST00933,2024-08-03,organic,outerwear,US,152.34,0.0,152.34,False,completed
ORD001325,CUST00933,2024-09-08,organic,tops,US,58.79,0.0,58.79,False,completed
ORD001326,CUST00934,2024-03-24,organic,bottoms,GB,77.52,0.0,77.52,False,completed
ORD001327,CUST00934,2024-06-06,organic,accessories,GB,61.24,0.0,61.24,False,completed
ORD001328,CUST00935,2024-03-15,organic,accessories,DE,34.22,0.0,34.22,False,completed
ORD001329,CUST00936,2024-03-16,organic,footwear,GB,139.18,0.0,20.88,True,returned
ORD001330,CUST00937,2024-03-03,organic,bottoms,US,108.18,0.0,108.18,False,completed
ORD001331,CUST00938,2024-03-18,organic,bottoms,GB,63.5,0.0,63.5,False,completed
ORD001332,CUST00939,2024-03-28,organic,tops,US,65.86,0.0,65.86,False,completed
ORD001333,CUST00940,2024-03-16,organic,outerwear,GB,217.34,0.0,217.34,False,completed
ORD001334,CUST00940,2024-08-18,organic,tops,GB,69.55,0.0,69.55,False,completed
ORD001335,CUST00941,2024-03-22,organic,outerwear,US,145.65,0.0,145.65,False,completed
ORD001336,CUST00941,2024-11-03,organic,footwear,US,89.42,0.0,89.42,False,completed
ORD001337,CUST00941,2024-10-15,organic,outerwear,US,169.08,0.0,169.08,False,completed
ORD001338,CUST00942,2024-03-15,organic,accessories,GB,45.23,0.0,45.23,False,completed
ORD001339,CUST00942,2024-07-29,organic,bottoms,GB,67.16,0.0,67.16,False,completed
ORD001340,CUST00943,2024-03-22,organic,tops,GB,69.16,0.0,69.16,False,completed
ORD001341,CUST00943,2024-10-23,organic,footwear,GB,113.79,0.0,113.79,False,completed
ORD001342,CUST00943,2024-06-05,organic,footwear,GB,165.09,0.0,165.09,False,completed
ORD001343,CUST00944,2024-03-29,organic,bottoms,US,74.41,0.0,11.16,True,returned
ORD001344,CUST00944,2024-12-16,organic,tops,US,49.08,0.0,7.36,True,returned
ORD001345,CUST00944,2024-08-28,organic,bottoms,US,74.27,0.0,74.27,False,completed
ORD001346,CUST00945,2024-03-26,organic,tops,DE,69.66,0.0,69.66,False,completed
ORD001347,CUST00945,2024-09-03,organic,tops,DE,43.05,0.0,43.05,False,completed
ORD001348,CUST00946,2024-03-12,organic,tops,GB,48.18,0.0,48.18,False,completed
ORD001349,CUST00946,2024-09-14,organic,bottoms,GB,111.2,0.0,111.2,False,completed
ORD001350,CUST00946,2024-06-28,organic,tops,GB,61.0,0.0,61.0,False,completed
ORD001351,CUST00947,2024-03-20,organic,tops,US,63.55,0.0,63.55,False,completed
ORD001352,CUST00947,2024-05-25,organic,tops,US,51.27,0.0,51.27,False,completed
ORD001353,CUST00947,2024-11-10,organic,tops,US,69.91,0.0,10.49,True,returned
ORD001354,CUST00948,2024-03-09,organic,tops,GB,74.45,0.0,74.45,False,completed
ORD001355,CUST00949,2024-03-15,organic,footwear,GB,123.76,0.0,18.56,True,returned
ORD001356,CUST00950,2024-03-19,organic,accessories,US,32.49,0.0,32.49,False,completed
ORD001357,CUST00950,2024-08-06,organic,accessories,US,59.96,0.0,59.96,False,completed
ORD001358,CUST00951,2024-04-06,organic,tops,GB,57.5,0.0,57.5,False,completed
ORD001359,CUST00952,2024-03-26,organic,outerwear,CA,177.67,0.0,26.65,True,returned
ORD001360,CUST00953,2024-03-06,organic,tops,GB,41.56,0.0,41.56,False,completed
ORD001361,CUST00953,2024-07-04,organic,footwear,GB,100.47,0.0,100.47,False,completed
ORD001362,CUST00954,2024-04-01,organic,footwear,GB,142.81,0.0,142.81,False,completed
ORD001363,CUST00954,2024-05-25,organic,bottoms,GB,87.75,0.0,87.75,False,completed
ORD001364,CUST00955,2024-03-17,organic,accessories,DE,48.5,0.0,48.5,False,completed
ORD001365,CUST00955,2024-08-23,organic,bottoms,DE,77.66,0.0,77.66,False,completed
ORD001366,CUST00955,2024-09-10,organic,tops,DE,64.52,0.0,9.68,True,returned
ORD001367,CUST00956,2024-03-24,organic,bottoms,US,78.53,0.0,78.53,False,completed
ORD001368,CUST00957,2024-03-18,organic,outerwear,US,119.76,0.0,119.76,False,completed
ORD001369,CUST00957,2024-12-03,organic,bottoms,US,102.14,0.0,102.14,False,completed
ORD001370,CUST00958,2024-03-21,organic,tops,US,69.36,0.0,69.36,False,completed
ORD001371,CUST00959,2024-03-22,organic,bottoms,AU,85.4,0.0,85.4,False,completed
ORD001372,CUST00960,2024-03-27,organic,accessories,GB,46.04,0.0,46.04,False,completed
ORD001373,CUST00961,2024-03-09,organic,outerwear,AU,131.48,0.0,131.48,False,completed
ORD001374,CUST00961,2024-08-04,organic,outerwear,AU,198.04,0.0,198.04,False,completed
ORD001375,CUST00961,2024-06-28,organic,footwear,AU,143.16,0.0,143.16,False,completed
ORD001376,CUST00962,2024-04-05,organic,outerwear,US,181.68,0.0,181.68,False,completed
ORD001377,CUST00963,2024-03-07,organic,footwear,US,140.68,0.0,140.68,False,completed
ORD001378,CUST00963,2024-09-21,organic,outerwear,US,202.99,0.0,202.99,False,completed
ORD001379,CUST00964,2024-03-09,organic,tops,US,79.24,0.0,79.24,False,completed
ORD001380,CUST00964,2024-04-05,organic,outerwear,US,178.87,0.0,178.87,False,completed
ORD001381,CUST00964,2024-07-22,organic,tops,US,53.08,0.0,53.08,False,completed
ORD001382,CUST00965,2024-04-01,organic,accessories,DE,57.16,0.0,57.16,False,completed
ORD001383,CUST00965,2024-07-06,organic,tops,DE,72.26,0.0,72.26,False,completed
ORD001384,CUST00966,2024-03-16,organic,tops,US,45.57,0.0,45.57,False,completed
ORD001385,CUST00967,2024-04-01,organic,accessories,US,34.6,0.0,34.6,False,completed
ORD001386,CUST00967,2024-05-14,organic,bottoms,US,77.04,0.0,77.04,False,completed
ORD001387,CUST00968,2024-03-12,organic,tops,AU,44.43,0.0,44.43,False,completed
ORD001388,CUST00969,2024-03-28,organic,tops,GB,49.39,0.0,49.39,False,completed
ORD001389,CUST00970,2024-03-16,organic,footwear,US,107.65,0.0,107.65,False,completed
ORD001390,CUST00970,2024-11-26,organic,tops,US,57.86,0.0,57.86,False,completed
ORD001391,CUST00971,2024-04-04,organic,tops,NL,62.65,0.0,62.65,False,completed
ORD001392,CUST00971,2024-06-01,organic,footwear,NL,93.46,0.0,93.46,False,completed
ORD001393,CUST00972,2024-03-22,organic,tops,FR,68.61,0.0,68.61,False,completed
ORD001394,CUST00972,2024-07-16,organic,tops,FR,63.02,0.0,63.02,False,completed
ORD001395,CUST00973,2024-03-08,organic,outerwear,GB,138.6,0.0,138.6,False,completed
ORD001396,CUST00974,2024-03-14,organic,outerwear,DE,173.87,0.0,173.87,False,completed
ORD001397,CUST00975,2024-03-25,organic,bottoms,US,104.83,0.0,104.83,False,completed
ORD001398,CUST00975,2024-09-16,organic,outerwear,US,179.24,0.0,179.24,False,completed
ORD001399,CUST00975,2024-08-31,organic,tops,US,69.48,0.0,69.48,False,completed
ORD001400,CUST00976,2024-03-13,organic,tops,GB,57.75,0.0,57.75,False,completed
ORD001401,CUST00977,2024-03-07,organic,outerwear,DE,125.93,0.0,18.89,True,returned
ORD001402,CUST00977,2024-08-23,organic,tops,DE,45.5,0.0,45.5,False,completed
ORD001403,CUST00978,2024-03-23,organic,outerwear,US,155.26,0.0,155.26,False,completed
ORD001404,CUST00978,2024-10-07,organic,outerwear,US,168.11,0.0,168.11,False,completed
ORD001405,CUST00978,2024-08-02,organic,accessories,US,43.74,0.0,43.74,False,completed
ORD001406,CUST00979,2024-03-23,organic,tops,DE,59.24,0.0,8.89,True,returned
ORD001407,CUST00980,2024-04-10,organic,bottoms,DE,90.96,0.0,90.96,False,completed
ORD001408,CUST00981,2024-03-29,organic,tops,GB,43.78,0.0,6.57,True,returned
ORD001409,CUST00981,2024-09-05,organic,bottoms,GB,79.24,0.0,79.24,False,completed
ORD001410,CUST00982,2024-04-02,organic,tops,US,73.27,0.0,73.27,False,completed
ORD001411,CUST00982,2024-10-10,organic,footwear,US,83.21,0.0,83.21,False,completed
ORD001412,CUST00982,2024-06-27,organic,tops,US,58.23,0.0,58.23,False,completed
ORD001413,CUST00983,2024-04-05,organic,accessories,FR,59.14,0.0,59.14,False,completed
ORD001414,CUST00984,2024-03-26,organic,bottoms,AU,117.11,0.0,117.11,False,completed
ORD001415,CUST00984,2024-04-26,organic,accessories,AU,41.81,0.0,41.81,False,completed
ORD001416,CUST00984,2024-06-07,organic,footwear,AU,125.25,0.0,125.25,False,completed
ORD001417,CUST00985,2024-03-17,organic,outerwear,GB,170.08,0.0,170.08,False,completed
ORD001418,CUST00986,2024-03-17,organic,outerwear,GB,133.87,0.0,133.87,False,completed
ORD001419,CUST00987,2024-03-28,organic,outerwear,US,201.33,0.0,201.33,False,completed
ORD001420,CUST00988,2024-03-25,organic,accessories,US,36.54,0.0,36.54,False,completed
ORD001421,CUST00988,2024-05-25,organic,outerwear,US,122.49,0.0,122.49,False,completed
ORD001422,CUST00989,2024-03-18,organic,tops,US,54.56,0.0,8.18,True,returned
ORD001423,CUST00989,2024-06-08,organic,bottoms,US,105.85,0.0,105.85,False,completed
ORD001424,CUST00990,2024-04-05,organic,footwear,GB,83.97,0.0,83.97,False,completed
ORD001425,CUST00990,2024-12-12,organic,outerwear,GB,134.99,0.0,134.99,False,completed
ORD001426,CUST00991,2024-03-28,organic,outerwear,GB,179.72,0.0,179.72,False,completed
ORD001427,CUST00992,2024-03-17,organic,tops,US,71.09,0.0,71.09,False,completed
ORD001428,CUST00993,2024-03-08,organic,accessories,US,63.42,0.0,63.42,False,completed
ORD001429,CUST00994,2024-03-31,organic,bottoms,GB,76.57,0.0,76.57,False,completed
ORD001430,CUST00994,2024-04-18,organic,bottoms,GB,110.29,0.0,110.29,False,completed
ORD001431,CUST00995,2024-03-26,organic,outerwear,NL,183.81,0.0,183.81,False,completed
ORD001432,CUST00996,2024-04-10,organic,bottoms,CA,81.64,0.0,81.64,False,completed
ORD001433,CUST00996,2024-12-24,organic,bottoms,CA,90.51,0.0,90.51,False,completed
ORD001434,CUST00997,2024-03-26,organic,outerwear,NL,132.64,0.0,132.64,False,completed
ORD001435,CUST00998,2024-03-25,organic,accessories,US,42.5,0.0,42.5,False,completed
ORD001436,CUST00998,2024-09-06,organic,outerwear,US,199.38,0.0,199.38,False,completed
ORD001437,CUST00999,2024-03-27,email,tops,GB,76.31,0.0,76.31,False,completed
ORD001438,CUST00999,2024-09-21,email,tops,GB,70.97,0.0,70.97,False,completed
ORD001439,CUST01000,2024-04-05,email,tops,GB,61.34,0.0,61.34,False,completed
ORD001440,CUST01001,2024-03-30,email,tops,GB,85.63,0.0,85.63,False,completed
ORD001441,CUST01001,2024-04-09,email,bottoms,GB,73.74,0.0,73.74,False,completed
ORD001442,CUST01001,2024-12-20,email,footwear,GB,165.44,0.0,165.44,False,completed
ORD001443,CUST01002,2024-04-04,email,footwear,US,155.37,0.0,155.37,False,completed
ORD001444,CUST01003,2024-03-15,email,tops,US,49.54,0.0,49.54,False,completed
ORD001445,CUST01003,2024-08-14,email,accessories,US,52.52,0.0,52.52,False,completed
ORD001446,CUST01004,2024-03-06,email,footwear,GB,166.57,0.0,166.57,False,completed
ORD001447,CUST01004,2024-09-15,email,outerwear,GB,140.55,0.0,140.55,False,completed
ORD001448,CUST01005,2024-03-20,email,footwear,US,88.73,0.0,88.73,False,completed
ORD001449,CUST01005,2024-05-28,email,tops,US,72.55,0.0,72.55,False,completed
ORD001450,CUST01006,2024-04-03,email,bottoms,NL,79.42,0.0,79.42,False,completed
ORD001451,CUST01007,2024-04-05,email,tops,US,81.59,0.0,81.59,False,completed
ORD001452,CUST01007,2024-10-07,email,footwear,US,136.59,0.0,136.59,False,completed
ORD001453,CUST01008,2024-03-15,email,bottoms,US,81.99,0.0,81.99,False,completed
ORD001454,CUST01009,2024-04-12,email,bottoms,US,105.17,0.0,105.17,False,completed
ORD001455,CUST01009,2024-07-04,email,bottoms,US,66.54,0.0,66.54,False,completed
ORD001456,CUST01010,2024-03-22,email,outerwear,US,150.05,0.0,150.05,False,completed
ORD001457,CUST01011,2024-03-12,email,tops,DE,78.92,0.0,78.92,False,completed
ORD001458,CUST01011,2024-06-28,email,outerwear,DE,166.27,0.0,166.27,False,completed
ORD001459,CUST01012,2024-03-15,email,footwear,NL,145.61,0.0,145.61,False,completed
ORD001460,CUST01013,2024-03-28,email,outerwear,US,135.98,0.0,135.98,False,completed
ORD001461,CUST01014,2024-03-21,email,outerwear,GB,153.65,0.0,153.65,False,completed
ORD001462,CUST01014,2024-11-03,email,tops,GB,83.31,0.0,83.31,False,completed
ORD001463,CUST01015,2024-03-21,email,accessories,NL,59.95,0.0,59.95,False,completed
ORD001464,CUST01015,2024-05-17,email,accessories,NL,34.49,0.0,34.49,False,completed
ORD001465,CUST01016,2024-03-23,email,bottoms,US,109.85,0.0,109.85,False,completed
ORD001466,CUST01017,2024-03-15,email,tops,GB,68.52,0.0,68.52,False,completed
ORD001467,CUST01018,2024-04-11,email,tops,US,67.1,0.0,67.1,False,completed
ORD001468,CUST01018,2024-07-08,email,tops,US,73.72,0.0,73.72,False,completed
ORD001469,CUST01019,2024-03-26,email,outerwear,DE,167.51,0.0,25.13,True,returned
ORD001470,CUST01019,2024-08-03,email,tops,DE,64.4,0.0,64.4,False,completed
ORD001471,CUST01019,2024-11-27,email,bottoms,DE,94.76,0.0,94.76,False,completed
ORD001472,CUST01020,2024-03-24,email,bottoms,US,105.49,0.0,15.82,True,returned
ORD001473,CUST01021,2024-03-26,email,outerwear,DE,203.44,0.0,203.44,False,completed
ORD001474,CUST01021,2024-12-16,email,accessories,DE,40.93,0.0,40.93,False,completed
ORD001475,CUST01022,2024-03-14,email,outerwear,AU,203.63,0.0,203.63,False,completed
ORD001476,CUST01023,2024-04-05,email,tops,US,47.24,0.0,47.24,False,completed
ORD001477,CUST01023,2024-12-02,email,outerwear,US,200.35,0.0,200.35,False,completed
ORD001478,CUST01023,2024-07-29,email,tops,US,56.64,0.0,56.64,False,completed
ORD001479,CUST01024,2024-03-22,email,footwear,FR,113.3,0.0,113.3,False,completed
ORD001480,CUST01024,2024-10-08,email,footwear,FR,142.68,0.0,142.68,False,completed
ORD001481,CUST01025,2024-04-01,email,footwear,FR,154.94,0.0,154.94,False,completed
ORD001482,CUST01025,2024-06-27,email,bottoms,FR,124.21,0.0,124.21,False,completed
ORD001483,CUST01026,2024-03-18,email,accessories,US,59.69,0.0,59.69,False,completed
ORD001484,CUST01026,2024-04-07,email,outerwear,US,165.65,0.0,165.65,False,completed
ORD001485,CUST01027,2024-03-26,email,tops,CA,81.32,0.0,81.32,False,completed
ORD001486,CUST01027,2024-07-23,email,accessories,CA,54.69,0.0,54.69,False,completed
ORD001487,CUST01028,2024-03-26,referral,bottoms,DE,84.26,0.0,84.26,False,completed
ORD001488,CUST01029,2024-03-17,referral,accessories,US,43.84,0.0,43.84,False,completed
ORD001489,CUST01030,2024-03-05,referral,tops,GB,48.23,0.0,48.23,False,completed
ORD001490,CUST01030,2024-07-22,referral,bottoms,GB,100.58,0.0,100.58,False,completed
ORD001491,CUST01030,2024-06-08,referral,accessories,GB,41.74,0.0,41.74,False,completed
ORD001492,CUST01031,2024-03-20,referral,outerwear,FR,179.87,0.0,179.87,False,completed
ORD001493,CUST01032,2024-03-10,referral,bottoms,US,112.21,0.0,112.21,False,completed
ORD001494,CUST01033,2024-03-05,referral,tops,FR,72.46,0.0,72.46,False,completed
ORD001495,CUST01034,2024-04-06,referral,outerwear,US,210.77,0.0,210.77,False,completed
ORD001496,CUST01035,2024-03-15,referral,bottoms,GB,113.98,0.0,113.98,False,completed
ORD001497,CUST01036,2024-04-05,referral,bottoms,GB,90.55,0.0,90.55,False,completed
ORD001498,CUST01036,2024-04-23,referral,footwear,GB,151.3,0.0,151.3,False,completed
ORD001499,CUST01037,2024-03-31,referral,outerwear,US,146.65,0.0,146.65,False,completed
ORD001500,CUST01037,2024-08-16,referral,outerwear,US,166.04,0.0,166.04,False,completed
ORD001501,CUST01038,2024-04-10,referral,tops,GB,76.5,0.0,76.5,False,completed
ORD001502,CUST01038,2024-05-28,referral,bottoms,GB,82.48,0.0,82.48,False,completed
ORD001503,CUST01039,2024-03-28,referral,tops,US,65.91,0.0,65.91,False,completed
ORD001504,CUST01039,2024-11-08,referral,tops,US,72.63,0.0,72.63,False,completed
ORD001505,CUST01039,2024-05-16,referral,tops,US,69.82,0.0,69.82,False,completed
ORD001506,CUST01040,2024-05-05,meta,outerwear,GB,86.38,0.0,86.38,False,completed
ORD001507,CUST01041,2024-05-06,meta,accessories,US,30.65,6.79,23.86,False,completed
ORD001508,CUST01042,2024-04-22,meta,bottoms,DE,73.57,0.0,73.57,False,completed
ORD001509,CUST01042,2024-05-05,meta,accessories,DE,33.91,8.14,25.77,False,completed
ORD001510,CUST01043,2024-04-21,meta,outerwear,DE,96.87,15.17,81.7,False,completed
ORD001511,CUST01044,2024-04-14,meta,footwear,CA,86.53,21.6,64.93,False,completed
ORD001512,CUST01045,2024-04-23,meta,tops,DE,55.43,12.6,42.83,False,completed
ORD001513,CUST01046,2024-05-04,meta,tops,GB,48.6,0.0,7.29,True,returned
ORD001514,CUST01047,2024-04-14,meta,footwear,NL,95.09,0.0,95.09,False,completed
ORD001515,CUST01048,2024-04-28,meta,tops,NL,57.05,11.14,45.91,False,completed
ORD001516,CUST01049,2024-04-26,meta,tops,CA,39.59,8.57,31.02,False,completed
ORD001517,CUST01050,2024-04-22,meta,bottoms,US,61.68,0.0,61.68,False,completed
ORD001518,CUST01051,2024-05-02,meta,accessories,NL,26.42,0.0,26.42,False,completed
ORD001519,CUST01052,2024-04-18,meta,tops,GB,48.49,0.0,48.49,False,completed
ORD001520,CUST01053,2024-05-06,meta,bottoms,GB,77.7,0.0,77.7,False,completed
ORD001521,CUST01054,2024-04-23,meta,accessories,NL,30.91,7.07,-2.43,True,returned
ORD001522,CUST01055,2024-05-10,meta,bottoms,FR,87.2,9.55,77.65,False,completed
ORD001523,CUST01055,2024-07-31,meta,accessories,FR,42.41,8.59,-2.23,True,returned
ORD001524,CUST01056,2024-05-01,meta,bottoms,CA,52.18,5.22,46.96,False,completed
ORD001525,CUST01056,2024-11-05,meta,accessories,CA,46.57,0.0,6.99,True,returned
ORD001526,CUST01057,2024-04-14,meta,bottoms,FR,65.51,10.06,55.45,False,completed
ORD001527,CUST01058,2024-05-04,meta,bottoms,AU,64.82,7.79,57.03,False,completed
ORD001528,CUST01059,2024-05-01,meta,tops,GB,40.46,0.0,6.07,True,returned
ORD001529,CUST01060,2024-04-21,meta,bottoms,US,46.49,5.01,41.48,False,completed
ORD001530,CUST01061,2024-04-25,meta,bottoms,FR,54.95,0.0,54.95,False,completed
ORD001531,CUST01062,2024-04-19,meta,tops,US,43.85,5.07,38.78,False,completed
ORD001532,CUST01063,2024-04-24,meta,accessories,GB,25.65,5.15,20.5,False,completed
ORD001533,CUST01063,2024-12-29,meta,bottoms,GB,62.91,0.0,9.44,True,returned
ORD001534,CUST01064,2024-04-29,meta,outerwear,DE,134.78,0.0,20.22,True,returned
ORD001535,CUST01064,2024-12-15,meta,outerwear,DE,101.54,24.5,77.04,False,completed
ORD001536,CUST01065,2024-04-08,meta,tops,US,31.62,7.71,-2.97,True,returned
ORD001537,CUST01066,2024-05-02,meta,footwear,GB,103.51,0.0,103.51,False,completed
ORD001538,CUST01067,2024-05-01,meta,tops,GB,53.27,0.0,7.99,True,returned
ORD001539,CUST01068,2024-05-04,meta,bottoms,DE,48.76,9.18,-1.87,True,returned
ORD001540,CUST01069,2024-04-14,meta,footwear,AU,85.79,18.1,67.69,False,completed
ORD001541,CUST01070,2024-04-15,meta,accessories,GB,30.41,7.01,-2.45,True,returned
ORD001542,CUST01071,2024-04-22,meta,outerwear,GB,85.45,0.0,85.45,False,completed
ORD001543,CUST01072,2024-04-07,meta,accessories,NL,26.51,0.0,3.98,True,returned
ORD001544,CUST01073,2024-04-14,meta,tops,FR,37.57,5.89,-0.25,True,returned
ORD001545,CUST01074,2024-04-29,meta,tops,US,53.03,0.0,7.95,True,returned
ORD001546,CUST01074,2024-10-15,meta,outerwear,US,108.79,17.4,-1.08,True,returned
ORD001547,CUST01074,2024-09-01,meta,outerwear,US,116.54,20.6,-3.12,True,returned
ORD001548,CUST01075,2024-04-30,meta,tops,AU,32.27,0.0,32.27,False,completed
ORD001549,CUST01076,2024-05-05,meta,outerwear,GB,120.24,0.0,120.24,False,completed
ORD001550,CUST01077,2024-05-03,meta,outerwear,GB,132.61,0.0,19.89,True,returned
ORD001551,CUST01078,2024-04-12,meta,accessories,US,25.99,0.0,25.99,False,completed
ORD001552,CUST01079,2024-05-03,meta,bottoms,NL,58.9,12.64,46.26,False,completed
ORD001553,CUST01079,2024-10-07,meta,footwear,NL,83.83,0.0,12.57,True,returned
ORD001554,CUST01079,2024-06-01,meta,outerwear,NL,115.59,25.13,-7.79,True,returned
ORD001555,CUST01080,2024-05-01,meta,bottoms,GB,69.91,11.62,58.29,False,completed
ORD001556,CUST01081,2024-04-29,meta,footwear,CA,85.3,0.0,85.3,False,completed
ORD001557,CUST01081,2024-09-16,meta,tops,CA,48.37,0.0,48.37,False,completed
ORD001558,CUST01081,2024-06-26,meta,accessories,CA,44.76,0.0,44.76,False,completed
ORD001559,CUST01082,2024-04-19,meta,tops,DE,57.45,0.0,57.45,False,completed
ORD001560,CUST01083,2024-04-14,meta,tops,US,40.97,0.0,6.15,True,returned
ORD001561,CUST01084,2024-04-26,meta,footwear,US,106.79,15.03,91.76,False,completed
ORD001562,CUST01084,2024-08-20,meta,bottoms,US,58.72,10.96,47.76,False,completed
ORD001563,CUST01085,2024-04-12,meta,bottoms,US,68.0,0.0,10.2,True,returned
ORD001564,CUST01086,2024-04-27,meta,accessories,US,25.64,0.0,3.85,True,returned
ORD001565,CUST01087,2024-04-30,meta,tops,GB,42.65,0.0,42.65,False,completed
ORD001566,CUST01088,2024-04-13,meta,tops,US,31.31,0.0,31.31,False,completed
ORD001567,CUST01089,2024-04-29,meta,outerwear,AU,144.84,0.0,144.84,False,completed
ORD001568,CUST01090,2024-05-02,meta,accessories,GB,46.62,10.93,35.69,False,completed
ORD001569,CUST01091,2024-05-04,meta,outerwear,DE,91.21,0.0,91.21,False,completed
ORD001570,CUST01092,2024-04-18,meta,outerwear,FR,105.9,15.73,90.17,False,completed
ORD001571,CUST01093,2024-04-22,meta,outerwear,GB,162.51,33.38,129.13,False,completed
ORD001572,CUST01094,2024-05-02,meta,tops,FR,55.57,0.0,55.57,False,completed
ORD001573,CUST01095,2024-04-28,meta,tops,US,42.7,0.0,42.7,False,completed
ORD001574,CUST01096,2024-04-26,meta,tops,GB,43.26,0.0,43.26,False,completed
ORD001575,CUST01097,2024-04-22,meta,outerwear,GB,118.44,27.64,90.8,False,completed
ORD001576,CUST01098,2024-04-10,meta,tops,GB,33.99,4.26,0.84,True,returned
ORD001577,CUST01099,2024-05-07,meta,tops,AU,42.88,0.0,42.88,False,completed
ORD001578,CUST01099,2024-08-22,meta,outerwear,AU,84.37,11.37,73.0,False,completed
ORD001579,CUST01100,2024-04-27,meta,bottoms,DE,73.63,0.0,73.63,False,completed
ORD001580,CUST01100,2024-07-25,meta,footwear,DE,77.95,17.45,60.5,False,completed
ORD001581,CUST01100,2024-12-04,meta,accessories,DE,30.11,0.0,30.11,False,completed
ORD001582,CUST01101,2024-04-29,meta,outerwear,US,84.68,0.0,84.68,False,completed
ORD001583,CUST01101,2024-06-07,meta,tops,US,30.92,0.0,4.64,True,returned
ORD001584,CUST01102,2024-04-19,meta,accessories,GB,24.93,0.0,24.93,False,completed
ORD001585,CUST01103,2024-04-18,meta,tops,AU,47.79,0.0,47.79,False,completed
ORD001586,CUST01104,2024-05-08,meta,footwear,US,122.35,23.63,98.72,False,completed
ORD001587,CUST01104,2024-05-29,meta,tops,US,35.02,0.0,35.02,False,completed
ORD001588,CUST01105,2024-04-21,meta,bottoms,US,55.74,8.24,0.12,True,returned
ORD001589,CUST01106,2024-04-23,meta,outerwear,AU,127.74,0.0,127.74,False,completed
ORD001590,CUST01107,2024-04-16,meta,tops,US,47.23,8.13,-1.05,True,returned
ORD001591,CUST01107,2024-06-01,meta,accessories,US,26.56,0.0,26.56,False,completed
ORD001592,CUST01108,2024-04-16,meta,footwear,US,111.2,18.86,92.34,False,completed
ORD001593,CUST01109,2024-04-24,meta,footwear,US,93.07,10.59,82.48,False,completed
ORD001594,CUST01109,2024-06-26,meta,accessories,US,34.73,8.21,26.52,False,completed
ORD001595,CUST01110,2024-04-05,meta,accessories,GB,38.26,0.0,38.26,False,completed
ORD001596,CUST01110,2024-11-03,meta,bottoms,GB,61.02,6.76,54.26,False,completed
ORD001597,CUST01111,2024-04-13,meta,tops,GB,50.1,0.0,7.52,True,returned
ORD001598,CUST01112,2024-04-22,meta,tops,US,48.27,5.93,1.31,True,returned
ORD001599,CUST01113,2024-04-15,meta,tops,AU,37.87,4.08,33.79,False,completed
ORD001600,CUST01114,2024-05-09,meta,footwear,US,72.56,0.0,10.88,True,returned
ORD001601,CUST01115,2024-04-29,meta,tops,GB,40.49,0.0,40.49,False,completed
ORD001602,CUST01115,2024-09-04,meta,accessories,GB,23.85,4.96,18.89,False,completed
ORD001603,CUST01116,2024-04-18,meta,outerwear,DE,130.33,0.0,130.33,False,completed
ORD001604,CUST01117,2024-04-12,meta,bottoms,GB,70.92,0.0,70.92,False,completed
ORD001605,CUST01117,2024-12-07,meta,tops,GB,32.39,0.0,32.39,False,completed
ORD001606,CUST01118,2024-04-14,meta,bottoms,GB,59.58,9.23,50.35,False,completed
ORD001607,CUST01119,2024-05-04,meta,accessories,GB,44.07,0.0,6.61,True,returned
ORD001608,CUST01119,2024-06-14,meta,bottoms,GB,61.43,0.0,9.21,True,returned
ORD001609,CUST01120,2024-04-26,meta,tops,FR,57.34,0.0,57.34,False,completed
ORD001610,CUST01121,2024-04-12,meta,tops,GB,37.41,7.38,30.03,False,completed
ORD001611,CUST01122,2024-04-09,meta,tops,DE,54.7,0.0,54.7,False,completed
ORD001612,CUST01122,2024-05-29,meta,accessories,DE,23.88,0.0,23.88,False,completed
ORD001613,CUST01122,2024-09-25,meta,bottoms,DE,46.81,0.0,7.02,True,returned
ORD001614,CUST01123,2024-04-27,meta,tops,GB,34.91,6.12,28.79,False,completed
ORD001615,CUST01123,2024-06-13,meta,tops,GB,57.23,6.95,50.28,False,completed
ORD001616,CUST01124,2024-04-26,meta,outerwear,US,104.77,0.0,104.77,False,completed
ORD001617,CUST01125,2024-05-08,meta,tops,AU,61.2,6.13,55.07,False,completed
ORD001618,CUST01125,2024-06-15,meta,tops,AU,53.59,0.0,8.04,True,returned
ORD001619,CUST01126,2024-04-11,meta,accessories,DE,26.22,5.25,-1.32,True,returned
ORD001620,CUST01127,2024-05-01,meta,tops,US,60.2,0.0,60.2,False,completed
ORD001621,CUST01127,2024-07-11,meta,accessories,US,36.43,0.0,5.46,True,returned
ORD001622,CUST01128,2024-05-07,meta,tops,US,50.17,8.7,41.47,False,completed
ORD001623,CUST01128,2024-05-27,meta,outerwear,US,119.49,21.64,-3.72,True,returned
ORD001624,CUST01129,2024-04-29,meta,accessories,US,26.24,0.0,3.94,True,returned
ORD001625,CUST01129,2024-09-18,meta,tops,US,32.96,0.0,32.96,False,completed
ORD001626,CUST01130,2024-05-08,meta,accessories,US,26.08,4.78,21.3,False,completed
ORD001627,CUST01130,2024-11-03,meta,tops,US,57.64,6.5,2.15,True,returned
ORD001628,CUST01131,2024-04-30,meta,footwear,US,74.86,0.0,74.86,False,completed
ORD001629,CUST01132,2024-04-18,meta,outerwear,US,160.59,29.51,131.08,False,completed
ORD001630,CUST01133,2024-04-24,meta,tops,GB,55.81,0.0,55.81,False,completed
ORD001631,CUST01133,2024-10-25,meta,tops,GB,58.68,0.0,8.8,True,returned
ORD001632,CUST01134,2024-04-01,meta,bottoms,GB,58.87,10.24,48.63,False,completed
ORD001633,CUST01135,2024-04-30,meta,bottoms,GB,78.15,14.57,63.58,False,completed
ORD001634,CUST01136,2024-05-04,meta,outerwear,NL,116.68,0.0,116.68,False,completed
ORD001635,CUST01137,2024-04-18,meta,bottoms,GB,79.6,16.65,62.95,False,completed
ORD001636,CUST01138,2024-04-25,meta,bottoms,US,54.52,12.76,41.76,False,completed
ORD001637,CUST01139,2024-05-04,meta,tops,US,43.28,7.96,35.32,False,completed
ORD001638,CUST01140,2024-05-11,meta,tops,US,41.55,0.0,41.55,False,completed
ORD001639,CUST01141,2024-04-17,meta,outerwear,DE,94.72,13.3,81.42,False,completed
ORD001640,CUST01142,2024-05-01,meta,accessories,GB,28.09,0.0,28.09,False,completed
ORD001641,CUST01143,2024-04-25,meta,tops,US,34.91,6.17,-0.93,True,returned
ORD001642,CUST01144,2024-04-20,meta,tops,US,52.31,0.0,7.85,True,returned
ORD001643,CUST01144,2024-09-08,meta,tops,US,57.32,8.64,48.68,False,completed
ORD001644,CUST01145,2024-04-21,meta,bottoms,GB,81.07,10.08,70.99,False,completed
ORD001645,CUST01146,2024-04-19,meta,tops,GB,61.1,0.0,9.16,True,returned
ORD001646,CUST01147,2024-05-01,meta,outerwear,US,105.36,11.84,3.96,True,returned
ORD001647,CUST01148,2024-04-27,meta,bottoms,GB,54.21,0.0,8.13,True,returned
ORD001648,CUST01149,2024-04-18,meta,bottoms,GB,84.19,0.0,84.19,False,completed
ORD001649,CUST01150,2024-04-12,meta,bottoms,CA,86.25,0.0,86.25,False,completed
ORD001650,CUST01151,2024-04-16,meta,bottoms,GB,68.14,0.0,68.14,False,completed
ORD001651,CUST01152,2024-04-06,meta,outerwear,GB,155.03,35.47,119.56,False,completed
ORD001652,CUST01153,2024-04-10,meta,tops,US,34.46,4.56,29.9,False,completed
ORD001653,CUST01153,2024-07-14,meta,outerwear,US,122.41,0.0,18.36,True,returned
ORD001654,CUST01154,2024-04-21,meta,tops,GB,31.98,0.0,4.8,True,returned
ORD001655,CUST01154,2024-06-16,meta,outerwear,GB,134.07,0.0,20.11,True,returned
ORD001656,CUST01155,2024-04-30,meta,tops,US,32.49,6.7,-1.83,True,returned
ORD001657,CUST01156,2024-04-27,meta,tops,GB,35.07,7.28,27.79,False,completed
ORD001658,CUST01157,2024-04-14,meta,tops,GB,53.24,0.0,53.24,False,completed
ORD001659,CUST01158,2024-04-14,meta,outerwear,US,132.33,18.9,113.43,False,completed
ORD001660,CUST01159,2024-04-18,google,tops,FR,44.44,0.0,44.44,False,completed
ORD001661,CUST01159,2024-12-27,google,bottoms,FR,99.63,0.0,99.63,False,completed
ORD001662,CUST01160,2024-04-14,google,bottoms,CA,74.94,0.0,74.94,False,completed
ORD001663,CUST01161,2024-04-19,google,accessories,FR,31.31,0.0,31.31,False,completed
ORD001664,CUST01162,2024-04-16,google,outerwear,DE,163.13,0.0,24.47,True,returned
ORD001665,CUST01162,2024-05-28,google,outerwear,DE,189.51,0.0,189.51,False,completed
ORD001666,CUST01163,2024-04-20,google,bottoms,US,69.92,0.0,69.92,False,completed
ORD001667,CUST01164,2024-05-06,google,tops,DE,36.95,0.0,36.95,False,completed
ORD001668,CUST01164,2024-12-12,google,tops,DE,61.21,0.0,61.21,False,completed
ORD001669,CUST01165,2024-05-02,google,outerwear,US,172.53,0.0,172.53,False,completed
ORD001670,CUST01166,2024-04-21,google,tops,GB,40.1,0.0,40.1,False,completed
ORD001671,CUST01167,2024-05-07,google,tops,US,58.65,0.0,58.65,False,completed
ORD001672,CUST01168,2024-05-02,google,tops,US,41.44,0.0,41.44,False,completed
ORD001673,CUST01169,2024-04-26,google,outerwear,AU,102.87,0.0,15.43,True,returned
ORD001674,CUST01170,2024-04-18,google,outerwear,GB,158.12,0.0,158.12,False,completed
ORD001675,CUST01170,2024-07-15,google,footwear,GB,78.03,0.0,78.03,False,completed
ORD001676,CUST01171,2024-04-23,google,tops,GB,37.44,0.0,37.44,False,completed
ORD001677,CUST01172,2024-05-07,google,accessories,GB,34.88,0.0,34.88,False,completed
ORD001678,CUST01173,2024-04-04,google,accessories,CA,47.69,0.0,7.15,True,returned
ORD001679,CUST01174,2024-05-09,google,bottoms,GB,86.25,0.0,86.25,False,completed
ORD001680,CUST01175,2024-04-18,google,tops,GB,53.23,0.0,53.23,False,completed
ORD001681,CUST01176,2024-04-19,google,bottoms,NL,80.79,0.0,80.79,False,completed
ORD001682,CUST01176,2024-11-10,google,bottoms,NL,81.65,0.0,81.65,False,completed
ORD001683,CUST01177,2024-04-08,google,footwear,US,82.04,0.0,12.31,True,returned
ORD001684,CUST01178,2024-04-27,google,accessories,FR,50.51,0.0,50.51,False,completed
ORD001685,CUST01178,2024-10-25,google,bottoms,FR,61.57,0.0,61.57,False,completed
ORD001686,CUST01179,2024-04-29,google,accessories,GB,38.33,0.0,38.33,False,completed
ORD001687,CUST01179,2024-11-14,google,tops,GB,46.07,0.0,46.07,False,completed
ORD001688,CUST01180,2024-04-28,google,bottoms,DE,95.39,0.0,95.39,False,completed
ORD001689,CUST01181,2024-04-28,google,outerwear,US,189.83,0.0,189.83,False,completed
ORD001690,CUST01182,2024-04-20,google,outerwear,AU,111.34,0.0,111.34,False,completed
ORD001691,CUST01183,2024-04-28,google,outerwear,US,175.72,0.0,26.36,True,returned
ORD001692,CUST01183,2024-10-11,google,outerwear,US,126.23,0.0,126.23,False,completed
ORD001693,CUST01184,2024-04-23,google,bottoms,US,71.92,0.0,71.92,False,completed
ORD001694,CUST01185,2024-04-19,google,accessories,DE,29.52,0.0,29.52,False,completed
ORD001695,CUST01185,2024-06-19,google,accessories,DE,52.52,0.0,52.52,False,completed
ORD001696,CUST01186,2024-05-02,google,outerwear,GB,163.41,0.0,163.41,False,completed
ORD001697,CUST01187,2024-04-27,google,tops,GB,67.58,0.0,67.58,False,completed
ORD001698,CUST01188,2024-05-10,google,tops,US,51.74,0.0,51.74,False,completed
ORD001699,CUST01189,2024-04-25,google,tops,US,64.35,0.0,64.35,False,completed
ORD001700,CUST01190,2024-04-14,google,footwear,US,121.65,0.0,121.65,False,completed
ORD001701,CUST01191,2024-04-12,google,tops,GB,48.42,0.0,48.42,False,completed
ORD001702,CUST01191,2024-12-03,google,bottoms,GB,97.62,0.0,97.62,False,completed
ORD001703,CUST01192,2024-05-04,google,outerwear,FR,100.99,0.0,15.15,True,returned
ORD001704,CUST01192,2024-08-09,google,outerwear,FR,146.85,0.0,22.03,True,returned
ORD001705,CUST01193,2024-04-29,google,accessories,DE,33.41,0.0,33.41,False,completed
ORD001706,CUST01194,2024-04-15,google,footwear,GB,122.31,0.0,122.31,False,completed
ORD001707,CUST01194,2024-05-23,google,outerwear,GB,133.89,0.0,133.89,False,completed
ORD001708,CUST01195,2024-04-06,google,bottoms,GB,73.16,0.0,73.16,False,completed
ORD001709,CUST01195,2024-06-14,google,accessories,GB,49.95,0.0,49.95,False,completed
ORD001710,CUST01196,2024-04-03,google,tops,AU,71.58,0.0,71.58,False,completed
ORD001711,CUST01197,2024-04-09,google,accessories,AU,51.55,0.0,51.55,False,completed
ORD001712,CUST01197,2024-11-11,google,tops,AU,69.05,0.0,10.36,True,returned
ORD001713,CUST01198,2024-04-19,google,tops,US,71.74,0.0,71.74,False,completed
ORD001714,CUST01198,2024-10-13,google,outerwear,US,132.58,0.0,132.58,False,completed
ORD001715,CUST01199,2024-04-15,google,outerwear,US,143.88,0.0,143.88,False,completed
ORD001716,CUST01200,2024-04-29,google,bottoms,US,96.29,0.0,96.29,False,completed
ORD001717,CUST01201,2024-04-09,google,accessories,US,52.55,0.0,52.55,False,completed
ORD001718,CUST01202,2024-04-09,google,footwear,NL,92.16,0.0,92.16,False,completed
ORD001719,CUST01203,2024-04-28,google,tops,NL,58.38,0.0,58.38,False,completed
ORD001720,CUST01204,2024-05-06,google,footwear,FR,98.94,0.0,98.94,False,completed
ORD001721,CUST01205,2024-04-18,google,tops,US,68.36,0.0,68.36,False,completed
ORD001722,CUST01205,2024-06-14,google,bottoms,US,92.93,0.0,92.93,False,completed
ORD001723,CUST01205,2024-05-26,google,bottoms,US,54.54,0.0,54.54,False,completed
ORD001724,CUST01206,2024-04-18,google,tops,FR,58.97,0.0,8.85,True,returned
ORD001725,CUST01206,2024-05-26,google,tops,FR,38.3,0.0,38.3,False,completed
ORD001726,CUST01207,2024-04-21,google,tops,US,43.69,0.0,43.69,False,completed
ORD001727,CUST01207,2024-11-16,google,outerwear,US,105.89,0.0,105.89,False,completed
ORD001728,CUST01207,2024-07-21,google,bottoms,US,75.82,0.0,75.82,False,completed
ORD001729,CUST01208,2024-04-16,google,outerwear,GB,97.15,0.0,97.15,False,completed
ORD001730,CUST01209,2024-05-03,google,bottoms,GB,75.26,0.0,75.26,False,completed
ORD001731,CUST01210,2024-05-09,google,tops,US,39.28,0.0,39.28,False,completed
ORD001732,CUST01210,2024-05-25,google,tops,US,52.65,0.0,52.65,False,completed
ORD001733,CUST01211,2024-05-08,google,outerwear,DE,158.0,0.0,158.0,False,completed
ORD001734,CUST01212,2024-05-08,google,tops,DE,49.17,0.0,49.17,False,completed
ORD001735,CUST01212,2024-10-24,google,footwear,DE,109.25,0.0,109.25,False,completed
ORD001736,CUST01213,2024-04-19,google,bottoms,FR,95.24,0.0,95.24,False,completed
ORD001737,CUST01214,2024-05-05,google,tops,DE,43.17,0.0,43.17,False,completed
ORD001738,CUST01215,2024-04-07,google,outerwear,GB,179.02,0.0,179.02,False,completed
ORD001739,CUST01216,2024-05-02,google,bottoms,US,65.29,0.0,65.29,False,completed
ORD001740,CUST01216,2024-06-07,google,outerwear,US,136.51,0.0,136.51,False,completed
ORD001741,CUST01216,2024-07-09,google,bottoms,US,64.84,0.0,64.84,False,completed
ORD001742,CUST01217,2024-04-20,google,tops,US,41.73,0.0,41.73,False,completed
ORD001743,CUST01217,2024-06-17,google,tops,US,68.6,0.0,68.6,False,completed
ORD001744,CUST01217,2024-08-31,google,outerwear,US,102.39,0.0,102.39,False,completed
ORD001745,CUST01218,2024-04-28,google,bottoms,NL,77.21,0.0,77.21,False,completed
ORD001746,CUST01218,2024-05-04,google,accessories,NL,49.74,0.0,7.46,True,returned
ORD001747,CUST01219,2024-04-27,google,tops,US,68.43,0.0,68.43,False,completed
ORD001748,CUST01219,2024-11-06,google,accessories,US,40.04,0.0,40.04,False,completed
ORD001749,CUST01220,2024-04-22,google,bottoms,US,85.17,0.0,85.17,False,completed
ORD001750,CUST01220,2024-05-24,google,tops,US,40.53,0.0,40.53,False,completed
ORD001751,CUST01221,2024-04-29,google,tops,FR,44.59,0.0,44.59,False,completed
ORD001752,CUST01221,2024-11-01,google,accessories,FR,54.36,0.0,8.15,True,returned
ORD001753,CUST01221,2024-12-09,google,footwear,FR,81.0,0.0,81.0,False,completed
ORD001754,CUST01222,2024-04-29,google,accessories,CA,34.27,0.0,34.27,False,completed
ORD001755,CUST01223,2024-05-01,google,accessories,GB,41.14,0.0,41.14,False,completed
ORD001756,CUST01223,2024-06-19,google,tops,GB,63.36,0.0,63.36,False,completed
ORD001757,CUST01224,2024-04-25,google,outerwear,US,184.47,0.0,184.47,False,completed
ORD001758,CUST01225,2024-04-16,google,tops,GB,68.67,0.0,68.67,False,completed
ORD001759,CUST01225,2024-05-18,google,accessories,GB,48.06,0.0,48.06,False,completed
ORD001760,CUST01226,2024-04-18,google,bottoms,AU,98.2,0.0,98.2,False,completed
ORD001761,CUST01227,2024-04-25,google,accessories,NL,47.37,0.0,47.37,False,completed
ORD001762,CUST01228,2024-04-15,google,footwear,GB,120.81,0.0,120.81,False,completed
ORD001763,CUST01229,2024-04-17,google,bottoms,GB,83.72,0.0,83.72,False,completed
ORD001764,CUST01230,2024-05-10,google,bottoms,GB,54.12,0.0,54.12,False,completed
ORD001765,CUST01231,2024-04-27,google,accessories,GB,33.45,0.0,33.45,False,completed
ORD001766,CUST01231,2024-05-06,google,tops,GB,61.68,0.0,61.68,False,completed
ORD001767,CUST01232,2024-05-04,google,footwear,NL,143.02,0.0,143.02,False,completed
ORD001768,CUST01232,2024-10-01,google,tops,NL,52.52,0.0,52.52,False,completed
ORD001769,CUST01232,2024-07-22,google,tops,NL,39.18,0.0,5.88,True,returned
ORD001770,CUST01233,2024-04-16,google,bottoms,FR,70.82,0.0,70.82,False,completed
ORD001771,CUST01234,2024-05-04,google,tops,FR,40.1,0.0,40.1,False,completed
ORD001772,CUST01234,2024-12-22,google,tops,FR,68.68,0.0,68.68,False,completed
ORD001773,CUST01235,2024-05-01,google,tops,US,50.29,0.0,50.29,False,completed
ORD001774,CUST01235,2024-07-11,google,bottoms,US,53.6,0.0,8.04,True,returned
ORD001775,CUST01236,2024-05-11,google,outerwear,US,116.06,0.0,116.06,False,completed
ORD001776,CUST01237,2024-04-25,google,outerwear,GB,178.9,0.0,178.9,False,completed
ORD001777,CUST01238,2024-04-13,tiktok,tops,AU,43.21,0.0,6.48,True,returned
ORD001778,CUST01239,2024-04-05,tiktok,tops,US,45.23,6.23,39.0,False,completed
ORD001779,CUST01240,2024-04-15,tiktok,footwear,GB,114.33,25.7,88.63,False,completed
ORD001780,CUST01241,2024-04-16,tiktok,accessories,US,24.45,0.0,24.45,False,completed
ORD001781,CUST01241,2024-06-23,tiktok,accessories,US,31.53,0.0,31.53,False,completed
ORD001782,CUST01242,2024-04-25,tiktok,bottoms,US,52.58,0.0,52.58,False,completed
ORD001783,CUST01243,2024-04-20,tiktok,outerwear,GB,99.08,23.0,-8.14,True,returned
ORD001784,CUST01243,2024-06-16,tiktok,tops,GB,40.06,8.49,-2.48,True,returned
ORD001785,CUST01243,2024-04-29,tiktok,bottoms,GB,66.11,8.68,57.43,False,completed
ORD001786,CUST01244,2024-04-24,tiktok,bottoms,FR,68.71,0.0,68.71,False,completed
ORD001787,CUST01245,2024-04-15,tiktok,footwear,US,76.05,0.0,76.05,False,completed
ORD001788,CUST01246,2024-04-12,tiktok,accessories,GB,24.4,0.0,3.66,True,returned
ORD001789,CUST01247,2024-05-06,tiktok,accessories,US,35.59,4.17,1.17,True,returned
ORD001790,CUST01248,2024-05-04,tiktok,accessories,US,34.31,0.0,5.15,True,returned
ORD001791,CUST01249,2024-04-25,tiktok,bottoms,US,81.2,0.0,12.18,True,returned
ORD001792,CUST01249,2024-12-24,tiktok,accessories,US,36.4,0.0,5.46,True,returned
ORD001793,CUST01249,2024-05-24,tiktok,footwear,US,98.28,11.13,87.15,False,completed
ORD001794,CUST01250,2024-04-16,tiktok,tops,US,55.19,0.0,8.28,True,returned
ORD001795,CUST01250,2024-05-23,tiktok,tops,US,32.75,0.0,32.75,False,completed
ORD001796,CUST01251,2024-05-07,tiktok,bottoms,US,60.69,10.24,50.45,False,completed
ORD001797,CUST01252,2024-05-06,tiktok,footwear,US,70.29,0.0,70.29,False,completed
ORD001798,CUST01253,2024-04-20,tiktok,outerwear,GB,149.52,0.0,149.52,False,completed
ORD001799,CUST01254,2024-04-26,tiktok,bottoms,DE,50.04,0.0,50.04,False,completed
ORD001800,CUST01255,2024-04-08,tiktok,outerwear,DE,152.64,24.93,127.71,False,completed
ORD001801,CUST01255,2024-07-20,tiktok,bottoms,DE,58.58,0.0,58.58,False,completed
ORD001802,CUST01255,2024-05-31,tiktok,bottoms,DE,61.81,0.0,61.81,False,completed
ORD001803,CUST01256,2024-04-29,tiktok,bottoms,GB,78.95,0.0,78.95,False,completed
ORD001804,CUST01257,2024-04-26,tiktok,footwear,US,82.51,0.0,82.51,False,completed
ORD001805,CUST01257,2024-09-17,tiktok,tops,US,49.79,0.0,49.79,False,completed
ORD001806,CUST01257,2024-07-03,tiktok,bottoms,US,58.3,9.61,48.69,False,completed
ORD001807,CUST01258,2024-04-27,tiktok,tops,GB,48.94,0.0,7.34,True,returned
ORD001808,CUST01259,2024-05-01,tiktok,footwear,US,76.31,0.0,11.45,True,returned
ORD001809,CUST01260,2024-04-16,tiktok,footwear,NL,57.64,0.0,57.64,False,completed
ORD001810,CUST01261,2024-04-23,tiktok,bottoms,DE,47.24,0.0,47.24,False,completed
ORD001811,CUST01261,2024-10-22,tiktok,tops,DE,38.09,0.0,38.09,False,completed
ORD001812,CUST01262,2024-04-18,tiktok,accessories,GB,42.83,0.0,42.83,False,completed
ORD001813,CUST01263,2024-04-12,tiktok,footwear,NL,110.5,23.87,86.63,False,completed
ORD001814,CUST01264,2024-04-23,tiktok,bottoms,GB,64.54,14.42,-4.74,True,returned
ORD001815,CUST01265,2024-04-23,tiktok,accessories,US,30.26,0.0,4.54,True,returned
ORD001816,CUST01266,2024-04-19,tiktok,accessories,GB,29.31,5.8,23.51,False,completed
ORD001817,CUST01267,2024-04-10,tiktok,outerwear,US,90.9,0.0,90.9,False,completed
ORD001818,CUST01267,2024-07-04,tiktok,bottoms,US,60.2,0.0,60.2,False,completed
ORD001819,CUST01268,2024-04-28,tiktok,outerwear,US,126.15,0.0,126.15,False,completed
ORD001820,CUST01269,2024-04-03,tiktok,outerwear,US,88.31,15.55,72.76,False,completed
ORD001821,CUST01270,2024-04-13,tiktok,bottoms,GB,48.71,9.7,39.01,False,completed
ORD001822,CUST01270,2024-12-17,tiktok,bottoms,GB,83.01,0.0,12.45,True,returned
ORD001823,CUST01271,2024-04-15,tiktok,accessories,FR,36.6,3.89,1.6,True,returned
ORD001824,CUST01272,2024-04-15,tiktok,outerwear,US,78.32,9.86,1.89,True,returned
ORD001825,CUST01272,2024-09-14,tiktok,outerwear,US,109.32,0.0,109.32,False,completed
ORD001826,CUST01273,2024-04-09,tiktok,bottoms,US,74.57,0.0,74.57,False,completed
ORD001827,CUST01274,2024-04-25,tiktok,bottoms,AU,74.13,0.0,11.12,True,returned
ORD001828,CUST01275,2024-04-24,tiktok,footwear,AU,112.96,24.46,88.5,False,completed
ORD001829,CUST01276,2024-04-13,tiktok,outerwear,CA,118.48,23.33,95.15,False,completed
ORD001830,CUST01277,2024-04-25,tiktok,tops,US,38.31,6.3,-0.55,True,returned
ORD001831,CUST01278,2024-04-23,tiktok,outerwear,GB,108.97,0.0,108.97,False,completed
ORD001832,CUST01279,2024-05-04,tiktok,bottoms,NL,74.32,0.0,74.32,False,completed
ORD001833,CUST01280,2024-04-10,tiktok,outerwear,GB,149.35,0.0,149.35,False,completed
ORD001834,CUST01281,2024-04-22,tiktok,bottoms,US,57.89,7.13,50.76,False,completed
ORD001835,CUST01281,2024-10-27,tiktok,bottoms,US,63.42,0.0,9.51,True,returned
ORD001836,CUST01282,2024-04-06,tiktok,tops,GB,54.25,0.0,54.25,False,completed
ORD001837,CUST01283,2024-04-24,tiktok,bottoms,US,77.84,0.0,77.84,False,completed
ORD001838,CUST01284,2024-05-07,tiktok,tops,GB,29.48,6.48,23.0,False,completed
ORD001839,CUST01285,2024-04-13,tiktok,outerwear,AU,117.66,26.29,91.37,False,completed
ORD001840,CUST01286,2024-05-01,tiktok,tops,NL,55.23,0.0,55.23,False,completed
ORD001841,CUST01287,2024-04-19,tiktok,bottoms,GB,79.65,19.58,60.07,False,completed
ORD001842,CUST01288,2024-04-15,tiktok,outerwear,GB,151.26,0.0,22.69,True,returned
ORD001843,CUST01289,2024-04-22,organic,tops,US,64.55,0.0,64.55,False,completed
ORD001844,CUST01290,2024-04-24,organic,outerwear,CA,180.62,0.0,180.62,False,completed
ORD001845,CUST01291,2024-04-26,organic,footwear,US,90.6,0.0,90.6,False,completed
ORD001846,CUST01292,2024-04-08,organic,tops,US,60.61,0.0,60.61,False,completed
ORD001847,CUST01293,2024-04-12,organic,accessories,GB,56.37,0.0,56.37,False,completed
ORD001848,CUST01293,2024-08-28,organic,tops,GB,74.42,0.0,74.42,False,completed
ORD001849,CUST01294,2024-04-24,organic,tops,CA,56.0,0.0,8.4,True,returned
ORD001850,CUST01295,2024-05-02,organic,bottoms,NL,70.84,0.0,70.84,False,completed
ORD001851,CUST01295,2024-08-23,organic,tops,NL,59.37,0.0,59.37,False,completed
ORD001852,CUST01295,2024-07-23,organic,accessories,NL,43.28,0.0,43.28,False,completed
ORD001853,CUST01296,2024-04-16,organic,tops,US,49.37,0.0,49.37,False,completed
ORD001854,CUST01296,2024-09-01,organic,bottoms,US,80.26,0.0,12.04,True,returned
ORD001855,CUST01297,2024-04-19,organic,footwear,GB,148.89,0.0,148.89,False,completed
ORD001856,CUST01297,2024-12-23,organic,tops,GB,51.01,0.0,51.01,False,completed
ORD001857,CUST01298,2024-04-09,organic,bottoms,FR,81.18,0.0,81.18,False,completed
ORD001858,CUST01299,2024-05-01,organic,outerwear,GB,212.39,0.0,212.39,False,completed
ORD001859,CUST01300,2024-04-21,organic,accessories,FR,45.59,0.0,45.59,False,completed
ORD001860,CUST01301,2024-04-16,organic,tops,GB,76.32,0.0,76.32,False,completed
ORD001861,CUST01302,2024-05-09,organic,bottoms,US,85.11,0.0,85.11,False,completed
ORD001862,CUST01302,2024-07-16,organic,accessories,US,40.49,0.0,40.49,False,completed
ORD001863,CUST01303,2024-04-12,organic,bottoms,DE,91.24,0.0,91.24,False,completed
ORD001864,CUST01303,2024-10-15,organic,bottoms,DE,60.64,0.0,60.64,False,completed
ORD001865,CUST01304,2024-04-17,organic,tops,DE,66.39,0.0,66.39,False,completed
ORD001866,CUST01305,2024-04-12,organic,footwear,US,132.29,0.0,132.29,False,completed
ORD001867,CUST01306,2024-04-30,organic,footwear,GB,108.53,0.0,16.28,True,returned
ORD001868,CUST01307,2024-05-07,organic,tops,US,75.38,0.0,75.38,False,completed
ORD001869,CUST01308,2024-04-20,organic,bottoms,GB,100.27,0.0,100.27,False,completed
ORD001870,CUST01308,2024-07-01,organic,footwear,GB,100.63,0.0,100.63,False,completed
ORD001871,CUST01309,2024-04-13,organic,footwear,NL,126.73,0.0,19.01,True,returned
ORD001872,CUST01309,2024-10-27,organic,bottoms,NL,115.76,0.0,115.76,False,completed
ORD001873,CUST01310,2024-04-12,organic,tops,DE,66.56,0.0,66.56,False,completed
ORD001874,CUST01310,2024-08-19,organic,bottoms,DE,111.17,0.0,111.17,False,completed
ORD001875,CUST01311,2024-04-15,organic,tops,GB,51.97,0.0,51.97,False,completed
ORD001876,CUST01312,2024-05-04,organic,bottoms,DE,70.85,0.0,70.85,False,completed
ORD001877,CUST01312,2024-06-20,organic,outerwear,DE,142.73,0.0,21.41,True,returned
ORD001878,CUST01313,2024-04-18,organic,tops,US,44.92,0.0,44.92,False,completed
ORD001879,CUST01314,2024-04-26,organic,tops,DE,77.95,0.0,77.95,False,completed
ORD001880,CUST01315,2024-04-30,organic,accessories,US,54.28,0.0,54.28,False,completed
ORD001881,CUST01315,2024-12-26,organic,bottoms,US,66.9,0.0,66.9,False,completed
ORD001882,CUST01315,2024-09-14,organic,tops,US,47.49,0.0,47.49,False,completed
ORD001883,CUST01316,2024-05-07,organic,outerwear,GB,153.44,0.0,153.44,False,completed
ORD001884,CUST01316,2024-09-19,organic,accessories,GB,61.49,0.0,61.49,False,completed
ORD001885,CUST01316,2024-07-12,organic,bottoms,GB,110.14,0.0,110.14,False,completed
ORD001886,CUST01317,2024-04-04,organic,outerwear,AU,164.4,0.0,164.4,False,completed
ORD001887,CUST01317,2024-06-17,organic,tops,AU,65.98,0.0,65.98,False,completed
ORD001888,CUST01318,2024-04-27,organic,accessories,US,46.45,0.0,46.45,False,completed
ORD001889,CUST01318,2024-10-26,organic,accessories,US,35.87,0.0,5.38,True,returned
ORD001890,CUST01319,2024-05-10,organic,outerwear,US,164.2,0.0,164.2,False,completed
ORD001891,CUST01320,2024-04-11,organic,bottoms,GB,71.55,0.0,71.55,False,completed
ORD001892,CUST01321,2024-04-15,organic,accessories,FR,37.92,0.0,37.92,False,completed
ORD001893,CUST01322,2024-05-05,organic,tops,GB,61.87,0.0,61.87,False,completed
ORD001894,CUST01322,2024-07-29,organic,outerwear,GB,144.59,0.0,144.59,False,completed
ORD001895,CUST01323,2024-04-10,organic,bottoms,DE,86.86,0.0,86.86,False,completed
ORD001896,CUST01324,2024-04-24,organic,tops,FR,66.43,0.0,66.43,False,completed
ORD001897,CUST01325,2024-04-14,organic,outerwear,DE,161.1,0.0,161.1,False,completed
ORD001898,CUST01326,2024-04-22,organic,outerwear,FR,126.54,0.0,126.54,False,completed
ORD001899,CUST01326,2024-11-20,organic,bottoms,FR,62.47,0.0,62.47,False,completed
ORD001900,CUST01327,2024-04-23,organic,bottoms,US,64.09,0.0,64.09,False,completed
ORD001901,CUST01327,2024-09-03,organic,tops,US,51.53,0.0,51.53,False,completed
ORD001902,CUST01328,2024-04-09,organic,tops,GB,41.52,0.0,41.52,False,completed
ORD001903,CUST01329,2024-04-27,organic,bottoms,GB,73.92,0.0,11.09,True,returned
ORD001904,CUST01329,2024-12-07,organic,outerwear,GB,186.04,0.0,27.91,True,returned
ORD001905,CUST01330,2024-04-17,organic,bottoms,DE,103.08,0.0,103.08,False,completed
ORD001906,CUST01330,2024-07-18,organic,bottoms,DE,60.34,0.0,60.34,False,completed
ORD001907,CUST01331,2024-04-07,organic,outerwear,GB,187.84,0.0,187.84,False,completed
ORD001908,CUST01331,2024-09-14,organic,outerwear,GB,161.83,0.0,161.83,False,completed
ORD001909,CUST01332,2024-04-29,organic,bottoms,GB,70.81,0.0,10.62,True,returned
ORD001910,CUST01332,2024-09-17,organic,tops,GB,52.04,0.0,52.04,False,completed
ORD001911,CUST01333,2024-05-06,organic,footwear,US,120.62,0.0,120.62,False,completed
ORD001912,CUST01333,2024-08-22,organic,outerwear,US,206.6,0.0,30.99,True,returned
ORD001913,CUST01334,2024-05-01,organic,accessories,US,42.52,0.0,42.52,False,completed
ORD001914,CUST01334,2024-10-29,organic,tops,US,56.77,0.0,56.77,False,completed
ORD001915,CUST01335,2024-04-10,organic,outerwear,NL,198.56,0.0,198.56,False,completed
ORD001916,CUST01335,2024-08-02,organic,footwear,NL,117.6,0.0,117.6,False,completed
ORD001917,CUST01335,2024-12-19,organic,bottoms,NL,80.04,0.0,80.04,False,completed
ORD001918,CUST01336,2024-04-19,organic,bottoms,AU,64.48,0.0,64.48,False,completed
ORD001919,CUST01336,2024-06-07,organic,outerwear,AU,185.0,0.0,185.0,False,completed
ORD001920,CUST01337,2024-04-13,organic,tops,US,56.07,0.0,56.07,False,completed
ORD001921,CUST01337,2024-09-21,organic,accessories,US,44.49,0.0,44.49,False,completed
ORD001922,CUST01338,2024-04-22,organic,bottoms,GB,89.37,0.0,89.37,False,completed
ORD001923,CUST01338,2024-07-21,organic,bottoms,GB,110.75,0.0,110.75,False,completed
ORD001924,CUST01339,2024-04-07,organic,tops,AU,47.19,0.0,47.19,False,completed
ORD001925,CUST01340,2024-04-08,organic,outerwear,US,216.54,0.0,216.54,False,completed
ORD001926,CUST01340,2024-09-14,organic,accessories,US,37.86,0.0,37.86,False,completed
ORD001927,CUST01340,2024-07-09,organic,tops,US,80.79,0.0,80.79,False,completed
ORD001928,CUST01341,2024-04-11,organic,accessories,US,54.23,0.0,54.23,False,completed
ORD001929,CUST01341,2024-05-25,organic,bottoms,US,77.47,0.0,77.47,False,completed
ORD001930,CUST01342,2024-05-09,organic,outerwear,FR,133.28,0.0,133.28,False,completed
ORD001931,CUST01342,2024-08-21,organic,bottoms,FR,110.13,0.0,110.13,False,completed
ORD001932,CUST01343,2024-04-25,organic,bottoms,GB,90.33,0.0,90.33,False,completed
ORD001933,CUST01344,2024-05-02,organic,outerwear,US,196.45,0.0,196.45,False,completed
ORD001934,CUST01345,2024-04-14,organic,tops,GB,69.67,0.0,69.67,False,completed
ORD001935,CUST01346,2024-05-03,organic,outerwear,FR,119.09,0.0,119.09,False,completed
ORD001936,CUST01347,2024-04-06,organic,accessories,GB,54.96,0.0,54.96,False,completed
ORD001937,CUST01347,2024-06-01,organic,outerwear,GB,128.91,0.0,128.91,False,completed
ORD001938,CUST01347,2024-09-13,organic,bottoms,GB,73.14,0.0,10.97,True,returned
ORD001939,CUST01348,2024-04-18,organic,bottoms,GB,115.81,0.0,115.81,False,completed
ORD001940,CUST01348,2024-06-07,organic,tops,GB,60.1,0.0,60.1,False,completed
ORD001941,CUST01348,2024-07-01,organic,tops,GB,46.54,0.0,46.54,False,completed
ORD001942,CUST01349,2024-05-01,organic,bottoms,AU,94.69,0.0,94.69,False,completed
ORD001943,CUST01350,2024-04-18,organic,accessories,NL,47.67,0.0,47.67,False,completed
ORD001944,CUST01351,2024-04-18,email,outerwear,US,211.12,0.0,211.12,False,completed
ORD001945,CUST01351,2024-08-09,email,outerwear,US,166.9,0.0,166.9,False,completed
ORD001946,CUST01352,2024-04-11,email,tops,DE,48.57,0.0,48.57,False,completed
ORD001947,CUST01353,2024-05-01,email,footwear,DE,117.15,0.0,117.15,False,completed
ORD001948,CUST01353,2024-12-08,email,outerwear,DE,191.57,0.0,191.57,False,completed
ORD001949,CUST01353,2024-05-11,email,bottoms,DE,93.13,0.0,93.13,False,completed
ORD001950,CUST01354,2024-04-09,email,bottoms,GB,77.58,0.0,77.58,False,completed
ORD001951,CUST01354,2024-07-03,email,accessories,GB,39.25,0.0,39.25,False,completed
ORD001952,CUST01355,2024-04-24,email,bottoms,US,73.51,0.0,73.51,False,completed
ORD001953,CUST01355,2024-10-08,email,tops,US,68.98,0.0,68.98,False,completed
ORD001954,CUST01355,2024-07-24,email,bottoms,US,97.38,0.0,97.38,False,completed
ORD001955,CUST01356,2024-04-09,email,bottoms,FR,105.44,0.0,105.44,False,completed
ORD001956,CUST01356,2024-11-30,email,accessories,FR,35.4,0.0,35.4,False,completed
ORD001957,CUST01357,2024-04-16,email,tops,US,52.15,0.0,52.15,False,completed
ORD001958,CUST01357,2024-11-10,email,tops,US,86.02,0.0,86.02,False,completed
ORD001959,CUST01357,2024-07-05,email,tops,US,52.78,0.0,52.78,False,completed
ORD001960,CUST01358,2024-04-16,email,accessories,GB,41.73,0.0,41.73,False,completed
ORD001961,CUST01359,2024-05-03,email,tops,GB,44.78,0.0,44.78,False,completed
ORD001962,CUST01359,2024-09-08,email,outerwear,GB,211.37,0.0,211.37,False,completed
ORD001963,CUST01359,2024-07-13,email,outerwear,GB,201.57,0.0,201.57,False,completed
ORD001964,CUST01360,2024-04-15,email,tops,GB,73.22,0.0,73.22,False,completed
ORD001965,CUST01360,2024-07-18,email,outerwear,GB,220.85,0.0,220.85,False,completed
ORD001966,CUST01361,2024-04-27,email,bottoms,DE,79.78,0.0,79.78,False,completed
ORD001967,CUST01361,2024-12-29,email,outerwear,DE,131.96,0.0,131.96,False,completed
ORD001968,CUST01361,2024-09-18,email,tops,DE,78.14,0.0,11.72,True,returned
ORD001969,CUST01362,2024-04-25,email,bottoms,US,117.35,0.0,17.6,True,returned
ORD001970,CUST01362,2024-08-12,email,accessories,US,62.75,0.0,62.75,False,completed
ORD001971,CUST01363,2024-04-15,email,accessories,US,66.91,0.0,66.91,False,completed
ORD001972,CUST01363,2024-10-02,email,accessories,US,37.68,0.0,37.68,False,completed
ORD001973,CUST01363,2024-07-27,email,outerwear,US,145.28,0.0,145.28,False,completed
ORD001974,CUST01364,2024-04-20,email,tops,US,53.3,0.0,53.3,False,completed
ORD001975,CUST01364,2024-07-15,email,accessories,US,53.86,0.0,8.08,True,returned
ORD001976,CUST01364,2024-10-21,email,outerwear,US,175.26,0.0,175.26,False,completed
ORD001977,CUST01365,2024-04-27,email,outerwear,DE,164.58,0.0,164.58,False,completed
ORD001978,CUST01365,2024-09-28,email,accessories,DE,53.06,0.0,53.06,False,completed
ORD001979,CUST01366,2024-04-24,email,outerwear,FR,201.51,0.0,201.51,False,completed
ORD001980,CUST01366,2024-07-16,email,outerwear,FR,168.3,0.0,168.3,False,completed
ORD001981,CUST01367,2024-04-22,email,outerwear,CA,202.8,0.0,202.8,False,completed
ORD001982,CUST01367,2024-10-02,email,bottoms,CA,66.55,0.0,66.55,False,completed
ORD001983,CUST01367,2024-12-27,email,bottoms,CA,120.7,0.0,120.7,False,completed
ORD001984,CUST01368,2024-04-09,email,tops,GB,71.58,0.0,71.58,False,completed
ORD001985,CUST01368,2024-04-25,email,outerwear,GB,135.97,0.0,135.97,False,completed
ORD001986,CUST01369,2024-04-15,email,outerwear,FR,224.08,0.0,224.08,False,completed
ORD001987,CUST01370,2024-04-26,email,accessories,GB,35.66,0.0,35.66,False,completed
ORD001988,CUST01370,2024-08-09,email,tops,GB,53.34,0.0,53.34,False,completed
ORD001989,CUST01371,2024-04-30,email,accessories,FR,36.96,0.0,36.96,False,completed
ORD001990,CUST01371,2024-09-02,email,tops,FR,56.01,0.0,56.01,False,completed
ORD001991,CUST01371,2024-08-26,email,tops,FR,85.76,0.0,12.86,True,returned
ORD001992,CUST01372,2024-04-06,email,accessories,US,58.93,0.0,8.84,True,returned
ORD001993,CUST01372,2024-12-05,email,bottoms,US,88.07,0.0,88.07,False,completed
ORD001994,CUST01373,2024-04-15,email,outerwear,FR,174.5,0.0,174.5,False,completed
ORD001995,CUST01373,2024-09-05,email,bottoms,FR,79.5,0.0,79.5,False,completed
ORD001996,CUST01373,2024-12-07,email,tops,FR,56.55,0.0,56.55,False,completed
ORD001997,CUST01374,2024-04-16,email,accessories,US,49.31,0.0,49.31,False,completed
ORD001998,CUST01374,2024-06-21,email,bottoms,US,82.67,0.0,82.67,False,completed
ORD001999,CUST01375,2024-04-02,email,bottoms,GB,113.86,0.0,113.86,False,completed
ORD002000,CUST01375,2024-05-15,email,outerwear,GB,209.87,0.0,209.87,False,completed
ORD002001,CUST01376,2024-04-24,email,bottoms,US,100.87,0.0,100.87,False,completed
ORD002002,CUST01376,2024-12-12,email,outerwear,US,135.41,0.0,135.41,False,completed
ORD002003,CUST01377,2024-04-20,email,bottoms,GB,86.21,0.0,86.21,False,completed
ORD002004,CUST01378,2024-05-04,email,outerwear,NL,204.52,0.0,204.52,False,completed
ORD002005,CUST01378,2024-08-07,email,tops,NL,59.78,0.0,59.78,False,completed
ORD002006,CUST01378,2024-06-14,email,accessories,NL,54.6,0.0,54.6,False,completed
ORD002007,CUST01379,2024-04-07,email,accessories,US,60.25,0.0,60.25,False,completed
ORD002008,CUST01379,2024-08-18,email,tops,US,71.44,0.0,71.44,False,completed
ORD002009,CUST01380,2024-05-06,email,bottoms,AU,73.49,0.0,73.49,False,completed
ORD002010,CUST01381,2024-04-25,referral,tops,NL,51.48,0.0,51.48,False,completed
ORD002011,CUST01382,2024-05-01,referral,tops,GB,58.32,0.0,58.32,False,completed
ORD002012,CUST01382,2024-12-01,referral,bottoms,GB,108.82,0.0,108.82,False,completed
ORD002013,CUST01383,2024-05-07,referral,accessories,US,41.95,0.0,41.95,False,completed
ORD002014,CUST01384,2024-05-12,referral,tops,DE,76.97,0.0,76.97,False,completed
ORD002015,CUST01385,2024-04-12,referral,tops,CA,50.25,0.0,50.25,False,completed
ORD002016,CUST01385,2024-04-27,referral,outerwear,CA,142.29,0.0,142.29,False,completed
ORD002017,CUST01386,2024-04-14,referral,accessories,GB,61.25,0.0,61.25,False,completed
ORD002018,CUST01386,2024-10-20,referral,accessories,GB,57.46,0.0,57.46,False,completed
ORD002019,CUST01386,2024-09-29,referral,accessories,GB,49.44,0.0,49.44,False,completed
ORD002020,CUST01387,2024-05-01,referral,bottoms,AU,62.7,0.0,62.7,False,completed
ORD002021,CUST01388,2024-04-11,referral,tops,US,44.53,0.0,44.53,False,completed
ORD002022,CUST01389,2024-04-16,referral,accessories,DE,55.38,0.0,55.38,False,completed
ORD002023,CUST01390,2024-05-03,referral,footwear,GB,96.01,0.0,96.01,False,completed
ORD002024,CUST01391,2024-04-28,referral,outerwear,US,160.13,0.0,160.13,False,completed
ORD002025,CUST01392,2024-04-24,referral,outerwear,US,132.87,0.0,19.93,True,returned
ORD002026,CUST01393,2024-04-17,referral,outerwear,US,195.9,0.0,29.39,True,returned
ORD002027,CUST01393,2024-10-06,referral,outerwear,US,114.58,0.0,114.58,False,completed
ORD002028,CUST01394,2024-05-06,meta,tops,US,60.08,0.0,9.01,True,returned
ORD002029,CUST01395,2024-06-03,meta,tops,NL,42.6,8.91,33.69,False,completed
ORD002030,CUST01395,2024-06-08,meta,outerwear,NL,87.85,9.05,78.8,False,completed
ORD002031,CUST01396,2024-05-21,meta,outerwear,GB,102.88,0.0,102.88,False,completed
ORD002032,CUST01397,2024-05-31,meta,footwear,GB,83.72,0.0,83.72,False,completed
ORD002033,CUST01398,2024-05-14,meta,tops,FR,60.48,14.3,46.18,False,completed
ORD002034,CUST01399,2024-06-04,meta,bottoms,DE,75.47,11.43,64.04,False,completed
ORD002035,CUST01400,2024-05-16,meta,footwear,DE,109.88,0.0,109.88,False,completed
ORD002036,CUST01401,2024-05-23,meta,accessories,DE,42.88,0.0,6.43,True,returned
ORD002037,CUST01402,2024-05-09,meta,tops,GB,56.98,0.0,56.98,False,completed
ORD002038,CUST01402,2024-11-22,meta,bottoms,GB,51.82,0.0,51.82,False,completed
ORD002039,CUST01403,2024-05-30,meta,outerwear,AU,143.66,0.0,21.55,True,returned
ORD002040,CUST01404,2024-06-01,meta,accessories,AU,44.46,7.86,36.6,False,completed
ORD002041,CUST01405,2024-05-28,meta,tops,FR,33.03,6.17,26.86,False,completed
ORD002042,CUST01406,2024-05-04,meta,footwear,US,98.56,0.0,14.78,True,returned
ORD002043,CUST01407,2024-05-23,meta,accessories,GB,27.31,0.0,27.31,False,completed
ORD002044,CUST01408,2024-05-26,meta,bottoms,GB,65.19,10.58,54.61,False,completed
ORD002045,CUST01409,2024-05-26,meta,outerwear,DE,99.2,19.28,-4.4,True,returned
ORD002046,CUST01410,2024-05-20,meta,accessories,GB,32.78,3.79,28.99,False,completed
ORD002047,CUST01411,2024-05-04,meta,tops,CA,41.95,8.69,33.26,False,completed
ORD002048,CUST01412,2024-05-12,meta,bottoms,US,53.92,7.66,0.43,True,returned
ORD002049,CUST01413,2024-05-25,meta,accessories,GB,27.92,3.82,24.1,False,completed
ORD002050,CUST01414,2024-06-10,meta,bottoms,GB,46.02,0.0,46.02,False,completed
ORD002051,CUST01415,2024-05-27,meta,accessories,US,30.11,0.0,30.11,False,completed
ORD002052,CUST01415,2024-10-23,meta,outerwear,US,137.43,0.0,137.43,False,completed
ORD002053,CUST01416,2024-06-04,meta,tops,US,41.44,0.0,6.22,True,returned
ORD002054,CUST01416,2024-09-17,meta,accessories,US,44.49,0.0,44.49,False,completed
ORD002055,CUST01417,2024-05-13,meta,bottoms,US,65.21,0.0,9.78,True,returned
ORD002056,CUST01418,2024-05-17,meta,bottoms,US,59.88,7.78,1.2,True,returned
ORD002057,CUST01419,2024-05-28,meta,accessories,US,42.04,8.13,33.91,False,completed
ORD002058,CUST01420,2024-05-30,meta,outerwear,US,85.4,0.0,85.4,False,completed
ORD002059,CUST01421,2024-05-19,meta,bottoms,DE,76.29,0.0,11.44,True,returned
ORD002060,CUST01421,2024-09-04,meta,bottoms,DE,67.42,13.39,54.03,False,completed
ORD002061,CUST01422,2024-05-31,meta,footwear,US,117.12,18.94,98.18,False,completed
ORD002062,CUST01423,2024-05-23,meta,accessories,GB,24.68,0.0,24.68,False,completed
ORD002063,CUST01423,2024-07-07,meta,tops,GB,53.11,0.0,53.11,False,completed
ORD002064,CUST01423,2024-10-25,meta,accessories,GB,25.65,0.0,25.65,False,completed
ORD002065,CUST01424,2024-06-01,meta,accessories,US,47.45,11.06,-3.94,True,returned
ORD002066,CUST01425,2024-05-17,meta,accessories,AU,30.39,4.44,25.95,False,completed
ORD002067,CUST01426,2024-05-20,meta,bottoms,US,77.97,0.0,77.97,False,completed
ORD002068,CUST01427,2024-05-27,meta,outerwear,US,115.19,0.0,115.19,False,completed
ORD002069,CUST01428,2024-05-17,meta,accessories,US,40.65,4.88,1.22,True,returned
ORD002070,CUST01428,2024-10-22,meta,bottoms,US,70.74,0.0,70.74,False,completed
ORD002071,CUST01429,2024-05-30,meta,outerwear,US,138.83,17.64,121.19,False,completed
ORD002072,CUST01430,2024-05-26,meta,bottoms,FR,56.83,9.78,-1.26,True,returned
ORD002073,CUST01431,2024-06-06,meta,bottoms,GB,84.63,9.32,3.37,True,returned
ORD002074,CUST01432,2024-05-28,meta,bottoms,US,45.62,0.0,45.62,False,completed
ORD002075,CUST01432,2024-09-02,meta,tops,US,48.68,0.0,7.3,True,returned
ORD002076,CUST01433,2024-05-23,meta,tops,US,44.53,0.0,44.53,False,completed
ORD002077,CUST01434,2024-06-05,meta,outerwear,US,104.61,0.0,15.69,True,returned
ORD002078,CUST01435,2024-05-31,meta,footwear,GB,75.03,0.0,75.03,False,completed
ORD002079,CUST01435,2024-10-27,meta,footwear,GB,94.08,0.0,94.08,False,completed
ORD002080,CUST01436,2024-05-29,meta,bottoms,GB,82.52,10.77,71.75,False,completed
ORD002081,CUST01436,2024-08-21,meta,footwear,GB,65.87,10.1,55.77,False,completed
ORD002082,CUST01437,2024-06-04,meta,footwear,US,120.59,0.0,120.59,False,completed
ORD002083,CUST01438,2024-06-02,meta,footwear,FR,118.46,14.83,103.63,False,completed
ORD002084,CUST01439,2024-05-22,meta,outerwear,DE,109.65,0.0,109.65,False,completed
ORD002085,CUST01440,2024-06-09,meta,bottoms,AU,83.37,10.47,72.9,False,completed
ORD002086,CUST01440,2024-11-04,meta,bottoms,AU,79.9,0.0,79.9,False,completed
ORD002087,CUST01441,2024-06-09,meta,bottoms,US,71.64,16.34,-5.59,True,returned
ORD002088,CUST01442,2024-06-03,meta,bottoms,GB,86.39,0.0,12.96,True,returned
ORD002089,CUST01443,2024-05-10,meta,footwear,GB,119.98,18.93,-0.93,True,returned
ORD002090,CUST01443,2024-09-01,meta,tops,GB,49.17,6.07,43.1,False,completed
ORD002091,CUST01444,2024-05-12,meta,outerwear,US,142.36,0.0,21.35,True,returned
ORD002092,CUST01445,2024-05-18,meta,tops,US,46.36,0.0,6.95,True,returned
ORD002093,CUST01446,2024-05-07,meta,tops,GB,42.89,9.97,-3.54,True,returned
ORD002094,CUST01447,2024-06-02,meta,accessories,NL,46.46,5.06,41.4,False,completed
ORD002095,CUST01448,2024-05-08,meta,bottoms,DE,67.75,7.26,60.49,False,completed
ORD002096,CUST01449,2024-06-04,meta,bottoms,GB,68.47,11.54,56.93,False,completed
ORD002097,CUST01449,2024-11-24,meta,tops,GB,55.09,0.0,55.09,False,completed
ORD002098,CUST01449,2024-07-26,meta,accessories,GB,41.46,0.0,6.22,True,returned
ORD002099,CUST01450,2024-05-16,meta,bottoms,GB,46.63,8.99,-2.0,True,returned
ORD002100,CUST01451,2024-05-17,meta,tops,US,60.33,0.0,60.33,False,completed
ORD002101,CUST01452,2024-05-31,meta,outerwear,DE,89.21,0.0,13.38,True,returned
ORD002102,CUST01452,2024-12-27,meta,outerwear,DE,94.66,0.0,14.2,True,returned
ORD002103,CUST01452,2024-07-23,meta,bottoms,DE,50.45,0.0,50.45,False,completed
ORD002104,CUST01453,2024-05-07,meta,outerwear,US,122.34,24.17,98.17,False,completed
ORD002105,CUST01454,2024-05-20,meta,accessories,AU,46.52,6.54,0.44,True,returned
ORD002106,CUST01455,2024-05-20,meta,outerwear,NL,82.51,18.15,64.36,False,completed
ORD002107,CUST01456,2024-05-09,meta,bottoms,DE,77.79,0.0,77.79,False,completed
ORD002108,CUST01457,2024-05-09,meta,tops,AU,32.03,0.0,32.03,False,completed
ORD002109,CUST01458,2024-05-25,meta,bottoms,US,66.01,0.0,9.9,True,returned
ORD002110,CUST01458,2024-12-29,meta,bottoms,US,49.6,7.45,42.15,False,completed
ORD002111,CUST01459,2024-05-17,meta,bottoms,DE,88.22,0.0,88.22,False,completed
ORD002112,CUST01459,2024-06-08,meta,outerwear,DE,93.63,0.0,93.63,False,completed
ORD002113,CUST01460,2024-05-28,meta,tops,US,47.5,0.0,7.12,True,returned
ORD002114,CUST01461,2024-05-09,meta,bottoms,US,60.05,0.0,9.01,True,returned
ORD002115,CUST01462,2024-06-05,meta,outerwear,US,131.13,0.0,131.13,False,completed
ORD002116,CUST01463,2024-05-23,meta,outerwear,GB,160.92,25.56,135.36,False,completed
ORD002117,CUST01464,2024-05-11,meta,tops,GB,58.16,0.0,58.16,False,completed
ORD002118,CUST01465,2024-05-10,meta,tops,DE,47.7,0.0,47.7,False,completed
ORD002119,CUST01466,2024-05-31,meta,bottoms,CA,75.02,0.0,75.02,False,completed
ORD002120,CUST01467,2024-05-06,meta,tops,GB,50.77,0.0,7.62,True,returned
ORD002121,CUST01467,2024-07-12,meta,accessories,GB,24.35,5.09,-1.44,True,returned
ORD002122,CUST01468,2024-06-01,meta,tops,AU,39.15,8.34,30.81,False,completed
ORD002123,CUST01469,2024-05-10,meta,accessories,US,38.45,5.74,0.03,True,returned
ORD002124,CUST01469,2024-08-31,meta,accessories,US,36.2,0.0,36.2,False,completed
ORD002125,CUST01470,2024-06-09,meta,tops,FR,52.58,10.87,-2.98,True,returned
ORD002126,CUST01471,2024-05-29,meta,accessories,GB,41.2,6.84,34.36,False,completed
ORD002127,CUST01472,2024-06-07,meta,accessories,GB,46.58,5.05,41.53,False,completed
ORD002128,CUST01473,2024-05-17,meta,tops,DE,52.94,0.0,52.94,False,completed
ORD002129,CUST01474,2024-06-01,meta,accessories,NL,33.42,0.0,33.42,False,completed
ORD002130,CUST01475,2024-05-10,meta,bottoms,CA,73.41,15.87,57.54,False,completed
ORD002131,CUST01476,2024-05-30,meta,outerwear,GB,152.81,0.0,22.92,True,returned
ORD002132,CUST01476,2024-12-27,meta,footwear,GB,107.72,14.74,1.42,True,returned
ORD002133,CUST01477,2024-05-14,meta,accessories,GB,36.04,0.0,36.04,False,completed
ORD002134,CUST01478,2024-06-02,meta,bottoms,US,62.3,15.1,47.2,False,completed
ORD002135,CUST01479,2024-05-25,meta,tops,US,60.39,0.0,60.39,False,completed
ORD002136,CUST01480,2024-06-07,meta,bottoms,FR,47.71,11.48,36.23,False,completed
ORD002137,CUST01480,2024-10-14,meta,accessories,FR,40.07,0.0,40.07,False,completed
ORD002138,CUST01481,2024-06-11,meta,outerwear,GB,121.47,0.0,121.47,False,completed
ORD002139,CUST01482,2024-05-27,meta,outerwear,FR,105.36,0.0,105.36,False,completed
ORD002140,CUST01483,2024-05-26,meta,bottoms,US,58.49,0.0,8.77,True,returned
ORD002141,CUST01483,2024-07-22,meta,accessories,US,38.53,5.4,33.13,False,completed
ORD002142,CUST01483,2024-11-11,meta,bottoms,US,58.27,0.0,58.27,False,completed
ORD002143,CUST01484,2024-05-30,meta,outerwear,DE,117.55,24.5,93.05,False,completed
ORD002144,CUST01485,2024-05-19,meta,outerwear,CA,98.45,0.0,98.45,False,completed
ORD002145,CUST01485,2024-06-25,meta,accessories,CA,33.22,7.1,-2.12,True,returned
ORD002146,CUST01486,2024-05-26,meta,outerwear,GB,94.27,16.84,77.43,False,completed
ORD002147,CUST01487,2024-06-02,meta,bottoms,GB,73.5,13.45,-2.43,True,returned
ORD002148,CUST01487,2024-12-30,meta,accessories,GB,34.17,0.0,34.17,False,completed
ORD002149,CUST01488,2024-06-10,meta,footwear,GB,78.01,11.31,66.7,False,completed
ORD002150,CUST01488,2024-06-14,meta,tops,GB,56.74,7.73,49.01,False,completed
ORD002151,CUST01489,2024-05-27,meta,bottoms,FR,87.81,0.0,87.81,False,completed
ORD002152,CUST01489,2024-10-03,meta,tops,FR,43.35,5.34,1.16,True,returned
ORD002153,CUST01490,2024-05-24,meta,bottoms,US,56.02,0.0,56.02,False,completed
ORD002154,CUST01491,2024-05-28,meta,bottoms,GB,46.33,11.06,35.27,False,completed
ORD002155,CUST01492,2024-05-20,meta,outerwear,GB,86.74,15.58,71.16,False,completed
ORD002156,CUST01492,2024-10-10,meta,bottoms,GB,76.86,13.47,63.39,False,completed
ORD002157,CUST01493,2024-05-18,meta,footwear,AU,115.02,0.0,115.02,False,completed
ORD002158,CUST01494,2024-05-11,meta,outerwear,US,151.85,0.0,151.85,False,completed
ORD002159,CUST01495,2024-06-04,meta,tops,US,58.57,7.77,50.8,False,completed
ORD002160,CUST01495,2024-10-27,meta,bottoms,US,72.55,0.0,10.88,True,returned
ORD002161,CUST01496,2024-05-26,meta,outerwear,FR,149.51,0.0,149.51,False,completed
ORD002162,CUST01497,2024-06-06,meta,outerwear,GB,158.15,27.28,130.87,False,completed
ORD002163,CUST01498,2024-05-20,meta,outerwear,CA,137.74,0.0,20.66,True,returned
ORD002164,CUST01499,2024-06-02,meta,bottoms,NL,73.91,13.39,60.52,False,completed
ORD002165,CUST01500,2024-05-30,meta,bottoms,FR,72.67,0.0,72.67,False,completed
ORD002166,CUST01501,2024-05-29,meta,bottoms,GB,78.68,8.09,70.59,False,completed
ORD002167,CUST01502,2024-05-15,meta,outerwear,GB,139.4,34.52,104.88,False,completed
ORD002168,CUST01503,2024-05-14,meta,outerwear,US,89.91,0.0,89.91,False,completed
ORD002169,CUST01504,2024-05-06,meta,outerwear,GB,149.33,0.0,22.4,True,returned
ORD002170,CUST01505,2024-06-04,meta,bottoms,GB,86.17,0.0,12.93,True,returned
ORD002171,CUST01505,2024-10-20,meta,tops,GB,48.77,0.0,48.77,False,completed
ORD002172,CUST01506,2024-05-21,meta,tops,DE,40.79,0.0,6.12,True,returned
ORD002173,CUST01507,2024-05-30,meta,outerwear,GB,103.05,0.0,103.05,False,completed
ORD002174,CUST01508,2024-05-14,meta,bottoms,GB,51.84,0.0,51.84,False,completed
ORD002175,CUST01509,2024-05-28,meta,tops,DE,37.43,0.0,5.61,True,returned
ORD002176,CUST01510,2024-05-12,meta,tops,NL,46.94,6.2,40.74,False,completed
ORD002177,CUST01511,2024-05-24,meta,tops,US,35.02,6.41,28.61,False,completed
ORD002178,CUST01512,2024-05-25,meta,bottoms,GB,70.62,12.38,58.24,False,completed
ORD002179,CUST01512,2024-11-06,meta,bottoms,GB,51.07,0.0,51.07,False,completed
ORD002180,CUST01513,2024-05-31,google,accessories,US,39.5,0.0,39.5,False,completed
ORD002181,CUST01513,2024-10-08,google,bottoms,US,67.63,0.0,67.63,False,completed
ORD002182,CUST01513,2024-09-18,google,bottoms,US,82.83,0.0,82.83,False,completed
ORD002183,CUST01514,2024-05-31,google,tops,FR,71.25,0.0,71.25,False,completed
ORD002184,CUST01514,2024-12-19,google,outerwear,FR,173.44,0.0,173.44,False,completed
ORD002185,CUST01515,2024-05-12,google,outerwear,GB,164.51,0.0,164.51,False,completed
ORD002186,CUST01515,2024-06-09,google,bottoms,GB,63.27,0.0,63.27,False,completed
ORD002187,CUST01515,2024-10-15,google,outerwear,GB,134.63,0.0,20.19,True,returned
ORD002188,CUST01516,2024-05-10,google,tops,AU,38.8,0.0,38.8,False,completed
ORD002189,CUST01517,2024-05-20,google,accessories,GB,40.27,0.0,6.04,True,returned
ORD002190,CUST01517,2024-10-30,google,bottoms,GB,93.11,0.0,93.11,False,completed
ORD002191,CUST01518,2024-06-04,google,bottoms,US,83.06,0.0,83.06,False,completed
ORD002192,CUST01519,2024-05-15,google,bottoms,GB,88.59,0.0,13.29,True,returned
ORD002193,CUST01520,2024-05-10,google,outerwear,GB,169.98,0.0,169.98,False,completed
ORD002194,CUST01520,2024-10-31,google,bottoms,GB,87.2,0.0,87.2,False,completed
ORD002195,CUST01521,2024-06-09,google,bottoms,US,64.49,0.0,64.49,False,completed
ORD002196,CUST01522,2024-05-17,google,outerwear,AU,100.37,0.0,15.06,True,returned
ORD002197,CUST01522,2024-07-08,google,tops,AU,55.38,0.0,55.38,False,completed
ORD002198,CUST01523,2024-05-24,google,tops,DE,48.43,0.0,7.26,True,returned
ORD002199,CUST01524,2024-05-06,google,tops,DE,42.82,0.0,42.82,False,completed
ORD002200,CUST01525,2024-05-22,google,tops,US,58.87,0.0,58.87,False,completed
ORD002201,CUST01525,2024-08-26,google,bottoms,US,96.26,0.0,96.26,False,completed
ORD002202,CUST01525,2024-09-28,google,bottoms,US,92.14,0.0,92.14,False,completed
ORD002203,CUST01526,2024-05-24,google,footwear,NL,91.3,0.0,91.3,False,completed
ORD002204,CUST01527,2024-05-21,google,outerwear,DE,183.76,0.0,183.76,False,completed
ORD002205,CUST01528,2024-05-21,google,accessories,GB,40.23,0.0,40.23,False,completed
ORD002206,CUST01529,2024-05-23,google,accessories,FR,42.38,0.0,42.38,False,completed
ORD002207,CUST01529,2024-10-09,google,tops,FR,71.7,0.0,71.7,False,completed
ORD002208,CUST01530,2024-05-30,google,accessories,GB,54.49,0.0,54.49,False,completed
ORD002209,CUST01530,2024-06-29,google,tops,GB,54.24,0.0,54.24,False,completed
ORD002210,CUST01530,2024-11-01,google,bottoms,GB,82.33,0.0,12.35,True,returned
ORD002211,CUST01531,2024-05-16,google,footwear,CA,129.37,0.0,129.37,False,completed
ORD002212,CUST01532,2024-05-13,google,bottoms,US,60.27,0.0,60.27,False,completed
ORD002213,CUST01533,2024-05-21,google,accessories,US,43.3,0.0,43.3,False,completed
ORD002214,CUST01533,2024-07-20,google,accessories,US,50.68,0.0,50.68,False,completed
ORD002215,CUST01533,2024-10-25,google,footwear,US,126.63,0.0,126.63,False,completed
ORD002216,CUST01534,2024-05-30,google,bottoms,GB,71.36,0.0,71.36,False,completed
ORD002217,CUST01535,2024-05-18,google,tops,US,69.28,0.0,10.39,True,returned
ORD002218,CUST01536,2024-06-03,google,outerwear,DE,169.39,0.0,169.39,False,completed
ORD002219,CUST01537,2024-05-11,google,footwear,GB,85.51,0.0,85.51,False,completed
ORD002220,CUST01538,2024-05-25,google,tops,GB,55.89,0.0,55.89,False,completed
ORD002221,CUST01538,2024-07-14,google,outerwear,GB,116.77,0.0,116.77,False,completed
ORD002222,CUST01539,2024-05-20,google,bottoms,DE,57.19,0.0,57.19,False,completed
ORD002223,CUST01539,2024-09-08,google,accessories,DE,54.29,0.0,54.29,False,completed
ORD002224,CUST01540,2024-05-06,google,tops,DE,38.68,0.0,38.68,False,completed
ORD002225,CUST01540,2024-08-19,google,tops,DE,47.65,0.0,47.65,False,completed
ORD002226,CUST01541,2024-05-10,google,tops,DE,42.08,0.0,42.08,False,completed
ORD002227,CUST01541,2024-10-21,google,tops,DE,36.06,0.0,36.06,False,completed
ORD002228,CUST01541,2024-10-23,google,footwear,DE,105.75,0.0,105.75,False,completed
ORD002229,CUST01542,2024-05-28,google,footwear,GB,119.62,0.0,119.62,False,completed
ORD002230,CUST01542,2024-07-24,google,footwear,GB,89.08,0.0,89.08,False,completed
ORD002231,CUST01543,2024-06-02,google,tops,US,51.16,0.0,51.16,False,completed
ORD002232,CUST01544,2024-06-06,google,tops,GB,39.38,0.0,39.38,False,completed
ORD002233,CUST01544,2024-09-28,google,bottoms,GB,95.97,0.0,95.97,False,completed
ORD002234,CUST01545,2024-05-31,google,tops,GB,50.04,0.0,50.04,False,completed
ORD002235,CUST01546,2024-05-20,google,bottoms,DE,67.46,0.0,67.46,False,completed
ORD002236,CUST01547,2024-05-13,google,bottoms,US,57.68,0.0,57.68,False,completed
ORD002237,CUST01548,2024-05-25,google,outerwear,US,161.73,0.0,161.73,False,completed
ORD002238,CUST01549,2024-05-13,google,accessories,AU,35.0,0.0,35.0,False,completed
ORD002239,CUST01549,2024-05-31,google,footwear,AU,123.79,0.0,123.79,False,completed
ORD002240,CUST01550,2024-05-15,google,tops,GB,48.11,0.0,48.11,False,completed
ORD002241,CUST01550,2024-07-08,google,outerwear,GB,153.23,0.0,153.23,False,completed
ORD002242,CUST01551,2024-05-20,google,outerwear,DE,131.88,0.0,131.88,False,completed
ORD002243,CUST01552,2024-06-01,google,tops,AU,50.09,0.0,50.09,False,completed
ORD002244,CUST01553,2024-05-28,google,tops,GB,47.96,0.0,47.96,False,completed
ORD002245,CUST01554,2024-05-19,google,outerwear,GB,170.97,0.0,170.97,False,completed
ORD002246,CUST01555,2024-05-02,google,tops,DE,40.07,0.0,40.07,False,completed
ORD002247,CUST01556,2024-05-24,google,outerwear,US,144.96,0.0,144.96,False,completed
ORD002248,CUST01556,2024-09-23,google,bottoms,US,59.36,0.0,59.36,False,completed
ORD002249,CUST01556,2024-09-06,google,tops,US,71.77,0.0,71.77,False,completed
ORD002250,CUST01557,2024-06-01,google,tops,US,66.21,0.0,66.21,False,completed
ORD002251,CUST01557,2024-06-10,google,bottoms,US,75.33,0.0,75.33,False,completed
ORD002252,CUST01558,2024-05-03,google,bottoms,GB,69.58,0.0,69.58,False,completed
ORD002253,CUST01559,2024-05-25,google,tops,FR,67.54,0.0,67.54,False,completed
ORD002254,CUST01560,2024-05-22,google,tops,GB,55.55,0.0,55.55,False,completed
ORD002255,CUST01561,2024-06-04,google,bottoms,GB,85.01,0.0,85.01,False,completed
ORD002256,CUST01562,2024-05-04,google,footwear,GB,96.4,0.0,96.4,False,completed
ORD002257,CUST01563,2024-05-26,google,bottoms,DE,77.63,0.0,77.63,False,completed
ORD002258,CUST01564,2024-05-07,google,tops,GB,50.79,0.0,50.79,False,completed
ORD002259,CUST01564,2024-06-09,google,accessories,GB,36.5,0.0,5.48,True,returned
ORD002260,CUST01565,2024-05-10,google,tops,GB,39.36,0.0,39.36,False,completed
ORD002261,CUST01565,2024-12-12,google,accessories,GB,49.3,0.0,49.3,False,completed
ORD002262,CUST01565,2024-09-17,google,tops,GB,52.14,0.0,52.14,False,completed
ORD002263,CUST01566,2024-05-28,google,bottoms,FR,95.3,0.0,95.3,False,completed
ORD002264,CUST01567,2024-06-02,google,accessories,US,28.26,0.0,28.26,False,completed
ORD002265,CUST01567,2024-10-05,google,bottoms,US,101.62,0.0,101.62,False,completed
ORD002266,CUST01568,2024-05-17,google,outerwear,GB,160.16,0.0,160.16,False,completed
ORD002267,CUST01568,2024-06-21,google,outerwear,GB,141.35,0.0,141.35,False,completed
ORD002268,CUST01568,2024-08-17,google,tops,GB,45.51,0.0,45.51,False,completed
ORD002269,CUST01569,2024-05-14,google,bottoms,FR,91.26,0.0,91.26,False,completed
ORD002270,CUST01569,2024-08-29,google,footwear,FR,96.5,0.0,96.5,False,completed
ORD002271,CUST01570,2024-05-23,google,accessories,FR,52.05,0.0,52.05,False,completed
ORD002272,CUST01571,2024-05-26,google,outerwear,GB,116.85,0.0,17.53,True,returned
ORD002273,CUST01571,2024-07-06,google,footwear,GB,99.87,0.0,99.87,False,completed
ORD002274,CUST01572,2024-05-19,google,bottoms,AU,75.66,0.0,75.66,False,completed
ORD002275,CUST01572,2024-10-17,google,accessories,AU,48.11,0.0,48.11,False,completed
ORD002276,CUST01573,2024-05-05,google,tops,US,37.84,0.0,37.84,False,completed
ORD002277,CUST01574,2024-05-13,google,bottoms,GB,75.38,0.0,75.38,False,completed
ORD002278,CUST01575,2024-05-31,google,bottoms,GB,59.79,0.0,59.79,False,completed
ORD002279,CUST01575,2024-11-29,google,tops,GB,49.95,0.0,49.95,False,completed
ORD002280,CUST01576,2024-06-04,google,tops,GB,71.6,0.0,10.74,True,returned
ORD002281,CUST01577,2024-05-29,google,outerwear,GB,120.75,0.0,120.75,False,completed
ORD002282,CUST01578,2024-06-07,google,outerwear,US,97.1,0.0,97.1,False,completed
ORD002283,CUST01579,2024-05-05,google,footwear,AU,140.68,0.0,140.68,False,completed
ORD002284,CUST01579,2024-10-21,google,tops,AU,54.7,0.0,54.7,False,completed
ORD002285,CUST01580,2024-05-12,google,tops,GB,63.63,0.0,63.63,False,completed
ORD002286,CUST01580,2024-11-03,google,accessories,GB,40.29,0.0,40.29,False,completed
ORD002287,CUST01581,2024-06-02,google,outerwear,AU,181.74,0.0,181.74,False,completed
ORD002288,CUST01582,2024-06-05,google,bottoms,DE,61.55,0.0,61.55,False,completed
ORD002289,CUST01583,2024-05-17,google,tops,US,64.27,0.0,9.64,True,returned
ORD002290,CUST01583,2024-11-08,google,accessories,US,55.67,0.0,8.35,True,returned
ORD002291,CUST01584,2024-05-31,google,tops,GB,59.78,0.0,8.97,True,returned
ORD002292,CUST01585,2024-06-03,google,tops,DE,41.9,0.0,41.9,False,completed
ORD002293,CUST01586,2024-05-30,google,tops,US,41.15,0.0,41.15,False,completed
ORD002294,CUST01586,2024-09-06,google,tops,US,49.65,0.0,49.65,False,completed
ORD002295,CUST01586,2024-06-19,google,accessories,US,54.65,0.0,54.65,False,completed
ORD002296,CUST01587,2024-05-21,google,outerwear,GB,161.28,0.0,24.19,True,returned
ORD002297,CUST01587,2024-10-10,google,outerwear,GB,114.31,0.0,114.31,False,completed
ORD002298,CUST01587,2024-10-29,google,bottoms,GB,59.31,0.0,59.31,False,completed
ORD002299,CUST01588,2024-06-05,google,tops,GB,61.75,0.0,9.26,True,returned
ORD002300,CUST01589,2024-06-01,google,tops,CA,67.89,0.0,67.89,False,completed
ORD002301,CUST01589,2024-09-29,google,bottoms,CA,92.55,0.0,92.55,False,completed
ORD002302,CUST01590,2024-06-08,google,accessories,US,35.17,0.0,35.17,False,completed
ORD002303,CUST01591,2024-05-14,google,bottoms,GB,52.34,0.0,52.34,False,completed
ORD002304,CUST01591,2024-11-14,google,bottoms,GB,103.65,0.0,103.65,False,completed
ORD002305,CUST01591,2024-10-14,google,bottoms,GB,53.55,0.0,53.55,False,completed
ORD002306,CUST01592,2024-05-16,google,outerwear,FR,157.2,0.0,157.2,False,completed
ORD002307,CUST01592,2024-10-22,google,tops,FR,42.5,0.0,42.5,False,completed
ORD002308,CUST01592,2024-07-10,google,tops,FR,44.97,0.0,6.75,True,returned
ORD002309,CUST01593,2024-05-27,google,outerwear,GB,164.84,0.0,164.84,False,completed
ORD002310,CUST01594,2024-05-13,google,footwear,US,140.5,0.0,140.5,False,completed
ORD002311,CUST01595,2024-05-26,tiktok,accessories,GB,35.08,8.17,26.91,False,completed
ORD002312,CUST01596,2024-05-04,tiktok,tops,GB,33.34,5.38,27.96,False,completed
ORD002313,CUST01597,2024-05-29,tiktok,bottoms,GB,69.33,11.37,57.96,False,completed
ORD002314,CUST01598,2024-05-28,tiktok,bottoms,US,62.67,7.01,55.66,False,completed
ORD002315,CUST01599,2024-05-24,tiktok,bottoms,DE,55.68,0.0,8.35,True,returned
ORD002316,CUST01600,2024-05-24,tiktok,outerwear,GB,127.19,0.0,19.08,True,returned
ORD002317,CUST01601,2024-05-19,tiktok,bottoms,FR,52.9,0.0,52.9,False,completed
ORD002318,CUST01602,2024-05-13,tiktok,tops,GB,54.38,9.24,45.14,False,completed
ORD002319,CUST01603,2024-05-10,tiktok,accessories,US,30.36,0.0,30.36,False,completed
ORD002320,CUST01604,2024-05-10,tiktok,tops,US,30.26,5.21,25.05,False,completed
ORD002321,CUST01605,2024-05-11,tiktok,tops,AU,44.43,4.53,39.9,False,completed
ORD002322,CUST01605,2024-10-09,tiktok,bottoms,AU,62.13,0.0,62.13,False,completed
ORD002323,CUST01606,2024-05-23,tiktok,outerwear,NL,77.6,10.78,0.86,True,returned
ORD002324,CUST01607,2024-05-12,tiktok,tops,US,40.36,0.0,6.05,True,returned
ORD002325,CUST01608,2024-06-04,tiktok,outerwear,DE,124.49,13.28,111.21,False,completed
ORD002326,CUST01609,2024-05-24,tiktok,bottoms,GB,82.42,0.0,82.42,False,completed
ORD002327,CUST01610,2024-05-05,tiktok,bottoms,DE,65.37,0.0,9.81,True,returned
ORD002328,CUST01611,2024-05-22,tiktok,tops,GB,35.33,0.0,5.3,True,returned
ORD002329,CUST01612,2024-05-29,tiktok,outerwear,US,142.16,0.0,142.16,False,completed
ORD002330,CUST01612,2024-12-20,tiktok,tops,US,54.99,0.0,54.99,False,completed
ORD002331,CUST01613,2024-05-20,tiktok,footwear,AU,104.29,0.0,15.64,True,returned
ORD002332,CUST01614,2024-06-09,tiktok,tops,NL,46.12,0.0,46.12,False,completed
ORD002333,CUST01614,2024-12-12,tiktok,bottoms,NL,80.55,0.0,80.55,False,completed
ORD002334,CUST01615,2024-05-12,tiktok,footwear,US,74.82,0.0,74.82,False,completed
ORD002335,CUST01615,2024-10-27,tiktok,tops,US,32.55,0.0,32.55,False,completed
ORD002336,CUST01615,2024-12-17,tiktok,tops,US,30.82,0.0,30.82,False,completed
ORD002337,CUST01616,2024-05-22,tiktok,outerwear,US,94.9,20.73,74.17,False,completed
ORD002338,CUST01616,2024-11-28,tiktok,tops,US,50.44,0.0,50.44,False,completed
ORD002339,CUST01616,2024-08-10,tiktok,outerwear,US,103.11,0.0,103.11,False,completed
ORD002340,CUST01617,2024-05-17,tiktok,outerwear,GB,143.39,33.78,109.61,False,completed
ORD002341,CUST01618,2024-05-19,tiktok,tops,GB,43.73,5.4,38.33,False,completed
ORD002342,CUST01618,2024-06-14,tiktok,accessories,GB,27.47,0.0,27.47,False,completed
ORD002343,CUST01619,2024-06-01,tiktok,tops,GB,45.54,4.76,40.78,False,completed
ORD002344,CUST01620,2024-06-03,tiktok,tops,AU,30.7,0.0,30.7,False,completed
ORD002345,CUST01621,2024-05-06,tiktok,tops,GB,33.63,0.0,33.63,False,completed
ORD002346,CUST01622,2024-05-28,tiktok,tops,GB,36.34,5.88,-0.43,True,returned
ORD002347,CUST01623,2024-05-25,tiktok,outerwear,FR,83.29,0.0,83.29,False,completed
ORD002348,CUST01624,2024-05-23,tiktok,footwear,US,96.7,23.37,-8.86,True,returned
ORD002349,CUST01625,2024-06-08,tiktok,tops,FR,34.05,5.91,28.14,False,completed
ORD002350,CUST01626,2024-05-21,tiktok,outerwear,GB,137.32,0.0,137.32,False,completed
ORD002351,CUST01626,2024-12-14,tiktok,tops,GB,55.25,8.26,46.99,False,completed
ORD002352,CUST01627,2024-05-18,tiktok,bottoms,US,54.34,0.0,8.15,True,returned
ORD002353,CUST01628,2024-05-08,tiktok,outerwear,US,129.36,0.0,129.36,False,completed
ORD002354,CUST01629,2024-05-10,tiktok,footwear,DE,71.95,0.0,71.95,False,completed
ORD002355,CUST01630,2024-05-26,tiktok,outerwear,US,112.51,11.43,101.08,False,completed
ORD002356,CUST01631,2024-05-23,tiktok,outerwear,GB,78.02,0.0,11.7,True,returned
ORD002357,CUST01632,2024-05-30,tiktok,accessories,DE,31.51,0.0,31.51,False,completed
ORD002358,CUST01633,2024-05-14,tiktok,bottoms,US,51.98,7.22,44.76,False,completed
ORD002359,CUST01634,2024-06-01,tiktok,tops,GB,35.96,0.0,35.96,False,completed
ORD002360,CUST01634,2024-08-04,tiktok,outerwear,GB,134.39,20.77,113.62,False,completed
ORD002361,CUST01635,2024-05-27,tiktok,tops,DE,34.46,0.0,34.46,False,completed
ORD002362,CUST01635,2024-10-31,tiktok,outerwear,DE,98.09,0.0,98.09,False,completed
ORD002363,CUST01636,2024-05-08,tiktok,accessories,US,37.83,0.0,5.67,True,returned
ORD002364,CUST01637,2024-05-11,tiktok,bottoms,US,51.92,0.0,51.92,False,completed
ORD002365,CUST01638,2024-05-08,tiktok,tops,GB,42.66,10.01,32.65,False,completed
ORD002366,CUST01638,2024-08-06,tiktok,tops,GB,57.19,7.25,49.94,False,completed
ORD002367,CUST01639,2024-06-03,tiktok,footwear,US,58.85,12.19,46.66,False,completed
ORD002368,CUST01640,2024-05-19,tiktok,tops,GB,38.79,4.16,34.63,False,completed
ORD002369,CUST01641,2024-05-31,tiktok,bottoms,DE,75.66,18.32,57.34,False,completed
ORD002370,CUST01642,2024-05-19,tiktok,tops,CA,45.73,0.0,45.73,False,completed
ORD002371,CUST01643,2024-06-02,tiktok,tops,GB,54.59,0.0,54.59,False,completed
ORD002372,CUST01644,2024-06-07,tiktok,bottoms,AU,44.87,6.99,37.88,False,completed
ORD002373,CUST01644,2024-07-17,tiktok,tops,AU,35.5,6.14,29.36,False,completed
ORD002374,CUST01644,2024-12-30,tiktok,tops,AU,31.42,0.0,31.42,False,completed
ORD002375,CUST01645,2024-05-21,organic,footwear,US,111.72,0.0,111.72,False,completed
ORD002376,CUST01645,2024-09-25,organic,outerwear,US,138.43,0.0,138.43,False,completed
ORD002377,CUST01645,2024-06-23,organic,outerwear,US,206.94,0.0,206.94,False,completed
ORD002378,CUST01646,2024-05-21,organic,bottoms,GB,116.57,0.0,116.57,False,completed
ORD002379,CUST01646,2024-10-28,organic,bottoms,GB,73.59,0.0,73.59,False,completed
ORD002380,CUST01647,2024-05-20,organic,footwear,US,116.71,0.0,17.51,True,returned
ORD002381,CUST01647,2024-11-15,organic,tops,US,58.4,0.0,58.4,False,completed
ORD002382,CUST01648,2024-06-05,organic,outerwear,DE,208.85,0.0,208.85,False,completed
ORD002383,CUST01649,2024-05-25,organic,tops,US,73.65,0.0,73.65,False,completed
ORD002384,CUST01650,2024-05-17,organic,tops,AU,47.77,0.0,47.77,False,completed
ORD002385,CUST01650,2024-12-29,organic,outerwear,AU,165.71,0.0,165.71,False,completed
ORD002386,CUST01650,2024-11-04,organic,outerwear,AU,161.25,0.0,24.19,True,returned
ORD002387,CUST01651,2024-05-10,organic,outerwear,GB,157.04,0.0,157.04,False,completed
ORD002388,CUST01652,2024-05-14,organic,tops,CA,44.66,0.0,44.66,False,completed
ORD002389,CUST01652,2024-11-07,organic,outerwear,CA,204.19,0.0,204.19,False,completed
ORD002390,CUST01653,2024-05-17,organic,accessories,GB,49.09,0.0,49.09,False,completed
ORD002391,CUST01653,2024-12-15,organic,outerwear,GB,114.62,0.0,114.62,False,completed
ORD002392,CUST01654,2024-05-10,organic,bottoms,US,74.34,0.0,74.34,False,completed
ORD002393,CUST01654,2024-10-28,organic,footwear,US,121.98,0.0,121.98,False,completed
ORD002394,CUST01654,2024-10-06,organic,tops,US,75.24,0.0,75.24,False,completed
ORD002395,CUST01655,2024-05-27,organic,footwear,CA,134.77,0.0,134.77,False,completed
ORD002396,CUST01656,2024-05-24,organic,accessories,US,49.47,0.0,49.47,False,completed
ORD002397,CUST01657,2024-06-05,organic,tops,GB,61.24,0.0,61.24,False,completed
ORD002398,CUST01658,2024-05-02,organic,outerwear,GB,218.98,0.0,218.98,False,completed
ORD002399,CUST01658,2024-09-06,organic,bottoms,GB,97.61,0.0,97.61,False,completed
ORD002400,CUST01659,2024-05-08,organic,tops,AU,62.75,0.0,62.75,False,completed
ORD002401,CUST01660,2024-05-26,organic,footwear,US,101.18,0.0,101.18,False,completed
ORD002402,CUST01660,2024-11-29,organic,footwear,US,125.89,0.0,125.89,False,completed
ORD002403,CUST01661,2024-06-11,organic,bottoms,GB,98.16,0.0,98.16,False,completed
ORD002404,CUST01661,2024-10-01,organic,outerwear,GB,132.97,0.0,132.97,False,completed
ORD002405,CUST01662,2024-06-02,organic,bottoms,US,93.55,0.0,93.55,False,completed
ORD002406,CUST01663,2024-06-04,organic,outerwear,GB,160.02,0.0,24.0,True,returned
ORD002407,CUST01664,2024-05-26,organic,accessories,GB,34.9,0.0,34.9,False,completed
ORD002408,CUST01664,2024-11-13,organic,tops,GB,69.09,0.0,69.09,False,completed
ORD002409,CUST01665,2024-05-17,organic,footwear,US,103.41,0.0,103.41,False,completed
ORD002410,CUST01665,2024-12-08,organic,tops,US,67.31,0.0,67.31,False,completed
ORD002411,CUST01666,2024-05-06,organic,tops,GB,42.74,0.0,42.74,False,completed
ORD002412,CUST01666,2024-09-29,organic,bottoms,GB,105.15,0.0,105.15,False,completed
ORD002413,CUST01667,2024-06-03,organic,bottoms,CA,74.27,0.0,74.27,False,completed
ORD002414,CUST01667,2024-07-15,organic,bottoms,CA,100.91,0.0,100.91,False,completed
ORD002415,CUST01668,2024-05-29,organic,accessories,GB,35.67,0.0,35.67,False,completed
ORD002416,CUST01668,2024-12-13,organic,outerwear,GB,111.79,0.0,111.79,False,completed
ORD002417,CUST01669,2024-05-09,organic,tops,GB,56.92,0.0,56.92,False,completed
ORD002418,CUST01670,2024-05-02,organic,outerwear,CA,220.45,0.0,220.45,False,completed
ORD002419,CUST01671,2024-06-03,organic,footwear,GB,142.41,0.0,142.41,False,completed
ORD002420,CUST01671,2024-08-26,organic,outerwear,GB,165.16,0.0,165.16,False,completed
ORD002421,CUST01671,2024-09-06,organic,bottoms,GB,88.4,0.0,88.4,False,completed
ORD002422,CUST01672,2024-05-15,organic,tops,US,74.45,0.0,74.45,False,completed
ORD002423,CUST01673,2024-05-21,organic,accessories,CA,34.11,0.0,5.12,True,returned
ORD002424,CUST01674,2024-05-24,organic,bottoms,US,96.58,0.0,96.58,False,completed
ORD002425,CUST01675,2024-05-26,organic,bottoms,GB,118.02,0.0,118.02,False,completed
ORD002426,CUST01676,2024-06-02,organic,outerwear,NL,181.48,0.0,181.48,False,completed
ORD002427,CUST01677,2024-06-01,organic,tops,NL,67.03,0.0,67.03,False,completed
ORD002428,CUST01678,2024-05-13,organic,outerwear,CA,152.09,0.0,152.09,False,completed
ORD002429,CUST01679,2024-05-22,organic,outerwear,US,116.55,0.0,116.55,False,completed
ORD002430,CUST01680,2024-05-31,organic,tops,DE,80.89,0.0,12.13,True,returned
ORD002431,CUST01681,2024-05-28,organic,bottoms,DE,110.51,0.0,110.51,False,completed
ORD002432,CUST01682,2024-05-03,organic,outerwear,GB,167.66,0.0,167.66,False,completed
ORD002433,CUST01683,2024-05-17,organic,footwear,GB,153.25,0.0,153.25,False,completed
ORD002434,CUST01683,2024-12-12,organic,accessories,GB,32.59,0.0,4.89,True,returned
ORD002435,CUST01684,2024-05-23,organic,outerwear,US,198.83,0.0,198.83,False,completed
ORD002436,CUST01685,2024-05-06,organic,bottoms,US,92.89,0.0,92.89,False,completed
ORD002437,CUST01686,2024-05-29,organic,outerwear,US,152.53,0.0,152.53,False,completed
ORD002438,CUST01686,2024-07-15,organic,bottoms,US,88.12,0.0,88.12,False,completed
ORD002439,CUST01687,2024-05-16,organic,bottoms,GB,69.09,0.0,69.09,False,completed
ORD002440,CUST01687,2024-09-02,organic,outerwear,GB,126.87,0.0,126.87,False,completed
ORD002441,CUST01688,2024-05-09,organic,outerwear,CA,137.37,0.0,137.37,False,completed
ORD002442,CUST01688,2024-11-15,organic,tops,CA,56.59,0.0,56.59,False,completed
ORD002443,CUST01689,2024-05-12,organic,footwear,US,85.41,0.0,85.41,False,completed
ORD002444,CUST01690,2024-05-20,organic,footwear,US,148.05,0.0,148.05,False,completed
ORD002445,CUST01690,2024-09-06,organic,outerwear,US,155.53,0.0,155.53,False,completed
ORD002446,CUST01691,2024-05-29,organic,footwear,US,148.04,0.0,148.04,False,completed
ORD002447,CUST01692,2024-05-17,organic,accessories,GB,58.43,0.0,58.43,False,completed
ORD002448,CUST01692,2024-07-16,organic,outerwear,GB,203.91,0.0,203.91,False,completed
ORD002449,CUST01693,2024-05-25,organic,accessories,AU,55.59,0.0,55.59,False,completed
ORD002450,CUST01693,2024-08-27,organic,tops,AU,81.51,0.0,81.51,False,completed
ORD002451,CUST01694,2024-05-13,organic,tops,DE,44.29,0.0,44.29,False,completed
ORD002452,CUST01695,2024-06-03,organic,outerwear,FR,144.85,0.0,144.85,False,completed
ORD002453,CUST01695,2024-10-15,organic,footwear,FR,140.55,0.0,140.55,False,completed
ORD002454,CUST01695,2024-10-05,organic,outerwear,FR,159.52,0.0,159.52,False,completed
ORD002455,CUST01696,2024-05-15,organic,bottoms,FR,89.84,0.0,89.84,False,completed
ORD002456,CUST01697,2024-05-27,organic,accessories,GB,58.17,0.0,58.17,False,completed
ORD002457,CUST01697,2024-11-28,organic,tops,GB,68.75,0.0,68.75,False,completed
ORD002458,CUST01698,2024-05-08,organic,tops,GB,45.73,0.0,45.73,False,completed
ORD002459,CUST01698,2024-10-06,organic,accessories,GB,44.75,0.0,44.75,False,completed
ORD002460,CUST01699,2024-05-29,organic,bottoms,CA,99.35,0.0,99.35,False,completed
ORD002461,CUST01700,2024-05-30,organic,bottoms,FR,75.81,0.0,75.81,False,completed
ORD002462,CUST01701,2024-05-11,organic,tops,US,67.0,0.0,67.0,False,completed
ORD002463,CUST01701,2024-12-05,organic,bottoms,US,95.94,0.0,95.94,False,completed
ORD002464,CUST01701,2024-06-26,organic,outerwear,US,153.81,0.0,153.81,False,completed
ORD002465,CUST01702,2024-05-23,organic,tops,GB,67.49,0.0,67.49,False,completed
ORD002466,CUST01702,2024-07-02,organic,tops,GB,57.35,0.0,57.35,False,completed
ORD002467,CUST01703,2024-06-07,organic,bottoms,FR,116.03,0.0,116.03,False,completed
ORD002468,CUST01704,2024-05-18,organic,bottoms,GB,116.49,0.0,116.49,False,completed
ORD002469,CUST01704,2024-06-08,organic,tops,GB,82.65,0.0,82.65,False,completed
ORD002470,CUST01705,2024-05-22,organic,bottoms,US,65.46,0.0,65.46,False,completed
ORD002471,CUST01705,2024-10-30,organic,tops,US,79.94,0.0,11.99,True,returned
ORD002472,CUST01706,2024-05-22,organic,footwear,AU,115.92,0.0,115.92,False,completed
ORD002473,CUST01707,2024-06-02,organic,accessories,US,52.68,0.0,52.68,False,completed
ORD002474,CUST01707,2024-09-21,organic,bottoms,US,90.7,0.0,90.7,False,completed
ORD002475,CUST01707,2024-09-11,organic,bottoms,US,66.17,0.0,66.17,False,completed
ORD002476,CUST01708,2024-05-22,organic,accessories,GB,32.33,0.0,4.85,True,returned
ORD002477,CUST01708,2024-11-30,organic,footwear,GB,146.16,0.0,146.16,False,completed
ORD002478,CUST01708,2024-11-28,organic,bottoms,GB,114.07,0.0,114.07,False,completed
ORD002479,CUST01709,2024-05-08,organic,bottoms,GB,65.98,0.0,65.98,False,completed
ORD002480,CUST01709,2024-06-20,organic,bottoms,GB,94.11,0.0,94.11,False,completed
ORD002481,CUST01710,2024-05-07,organic,tops,DE,42.38,0.0,42.38,False,completed
ORD002482,CUST01710,2024-09-03,organic,tops,DE,44.97,0.0,44.97,False,completed
ORD002483,CUST01711,2024-05-31,organic,bottoms,GB,73.4,0.0,73.4,False,completed
ORD002484,CUST01712,2024-05-09,organic,outerwear,GB,191.04,0.0,191.04,False,completed
ORD002485,CUST01712,2024-09-26,organic,bottoms,GB,69.47,0.0,69.47,False,completed
ORD002486,CUST01713,2024-05-24,organic,accessories,CA,55.61,0.0,55.61,False,completed
ORD002487,CUST01714,2024-05-31,email,bottoms,DE,105.75,0.0,105.75,False,completed
ORD002488,CUST01714,2024-08-22,email,bottoms,DE,87.62,0.0,87.62,False,completed
ORD002489,CUST01714,2024-11-10,email,outerwear,DE,225.47,0.0,225.47,False,completed
ORD002490,CUST01715,2024-06-08,email,tops,US,86.16,0.0,86.16,False,completed
ORD002491,CUST01715,2024-10-07,email,accessories,US,56.93,0.0,56.93,False,completed
ORD002492,CUST01716,2024-05-27,email,footwear,CA,103.34,0.0,103.34,False,completed
ORD002493,CUST01716,2024-10-21,email,accessories,CA,46.24,0.0,46.24,False,completed
ORD002494,CUST01717,2024-05-22,email,accessories,US,55.74,0.0,55.74,False,completed
ORD002495,CUST01717,2024-11-26,email,outerwear,US,145.24,0.0,145.24,False,completed
ORD002496,CUST01718,2024-05-18,email,tops,GB,51.87,0.0,51.87,False,completed
ORD002497,CUST01718,2024-12-01,email,footwear,GB,120.14,0.0,120.14,False,completed
ORD002498,CUST01718,2024-11-11,email,tops,GB,58.92,0.0,58.92,False,completed
ORD002499,CUST01719,2024-05-13,email,accessories,GB,49.14,0.0,49.14,False,completed
ORD002500,CUST01719,2024-07-09,email,bottoms,GB,83.55,0.0,83.55,False,completed
ORD002501,CUST01720,2024-05-31,email,outerwear,GB,222.85,0.0,222.85,False,completed
ORD002502,CUST01720,2024-09-12,email,bottoms,GB,87.4,0.0,87.4,False,completed
ORD002503,CUST01720,2024-12-26,email,outerwear,GB,166.79,0.0,166.79,False,completed
ORD002504,CUST01721,2024-05-25,email,bottoms,US,62.71,0.0,62.71,False,completed
ORD002505,CUST01722,2024-05-08,email,tops,GB,48.92,0.0,48.92,False,completed
ORD002506,CUST01722,2024-06-25,email,outerwear,GB,228.74,0.0,228.74,False,completed
ORD002507,CUST01723,2024-05-28,email,bottoms,GB,70.27,0.0,70.27,False,completed
ORD002508,CUST01723,2024-06-30,email,bottoms,GB,101.16,0.0,101.16,False,completed
ORD002509,CUST01724,2024-05-05,email,tops,US,46.66,0.0,46.66,False,completed
ORD002510,CUST01724,2024-07-02,email,outerwear,US,201.58,0.0,201.58,False,completed
ORD002511,CUST01724,2024-09-23,email,bottoms,US,88.31,0.0,88.31,False,completed
ORD002512,CUST01725,2024-06-09,email,tops,GB,54.1,0.0,54.1,False,completed
ORD002513,CUST01725,2024-12-27,email,tops,GB,84.13,0.0,84.13,False,completed
ORD002514,CUST01726,2024-05-28,email,bottoms,GB,103.28,0.0,103.28,False,completed
ORD002515,CUST01727,2024-05-14,email,accessories,US,54.58,0.0,54.58,False,completed
ORD002516,CUST01727,2024-12-23,email,accessories,US,49.66,0.0,49.66,False,completed
ORD002517,CUST01727,2024-08-12,email,tops,US,54.59,0.0,54.59,False,completed
ORD002518,CUST01728,2024-05-18,email,footwear,GB,107.57,0.0,107.57,False,completed
ORD002519,CUST01729,2024-05-27,email,footwear,FR,149.01,0.0,149.01,False,completed
ORD002520,CUST01729,2024-07-26,email,tops,FR,46.3,0.0,46.3,False,completed
ORD002521,CUST01729,2024-07-25,email,accessories,FR,34.31,0.0,34.31,False,completed
ORD002522,CUST01730,2024-05-26,email,accessories,NL,37.68,0.0,37.68,False,completed
ORD002523,CUST01731,2024-05-10,email,accessories,GB,38.83,0.0,38.83,False,completed
ORD002524,CUST01731,2024-07-04,email,outerwear,GB,165.47,0.0,165.47,False,completed
ORD002525,CUST01732,2024-05-17,email,footwear,FR,139.06,0.0,20.86,True,returned
ORD002526,CUST01732,2024-11-20,email,bottoms,FR,63.33,0.0,63.33,False,completed
ORD002527,CUST01733,2024-05-22,email,outerwear,US,199.78,0.0,199.78,False,completed
ORD002528,CUST01734,2024-05-09,email,accessories,FR,51.53,0.0,51.53,False,completed
ORD002529,CUST01734,2024-10-24,email,accessories,FR,64.23,0.0,64.23,False,completed
ORD002530,CUST01734,2024-08-22,email,bottoms,FR,78.63,0.0,78.63,False,completed
ORD002531,CUST01735,2024-05-28,email,footwear,GB,113.45,0.0,113.45,False,completed
ORD002532,CUST01735,2024-11-15,email,accessories,GB,42.27,0.0,42.27,False,completed
ORD002533,CUST01736,2024-05-13,email,accessories,FR,58.7,0.0,58.7,False,completed
ORD002534,CUST01737,2024-05-22,email,bottoms,DE,69.45,0.0,69.45,False,completed
ORD002535,CUST01737,2024-07-08,email,tops,DE,77.03,0.0,77.03,False,completed
ORD002536,CUST01738,2024-05-12,email,tops,GB,73.77,0.0,11.07,True,returned
ORD002537,CUST01739,2024-05-22,email,tops,GB,57.63,0.0,57.63,False,completed
ORD002538,CUST01739,2024-06-16,email,accessories,GB,64.17,0.0,64.17,False,completed
ORD002539,CUST01740,2024-05-18,email,bottoms,CA,120.37,0.0,18.06,True,returned
ORD002540,CUST01741,2024-05-08,email,outerwear,GB,117.02,0.0,117.02,False,completed
ORD002541,CUST01741,2024-10-19,email,footwear,GB,126.83,0.0,126.83,False,completed
ORD002542,CUST01741,2024-07-29,email,accessories,GB,66.08,0.0,66.08,False,completed
ORD002543,CUST01742,2024-05-24,email,tops,GB,65.18,0.0,65.18,False,completed
ORD002544,CUST01743,2024-05-06,email,outerwear,FR,154.91,0.0,154.91,False,completed
ORD002545,CUST01743,2024-12-23,email,footwear,FR,126.87,0.0,126.87,False,completed
ORD002546,CUST01744,2024-06-05,email,tops,GB,79.08,0.0,79.08,False,completed
ORD002547,CUST01744,2024-10-07,email,accessories,GB,35.87,0.0,35.87,False,completed
ORD002548,CUST01745,2024-05-09,referral,outerwear,GB,134.05,0.0,134.05,False,completed
ORD002549,CUST01745,2024-06-12,referral,bottoms,GB,69.59,0.0,69.59,False,completed
ORD002550,CUST01746,2024-05-05,referral,tops,FR,60.5,0.0,60.5,False,completed
ORD002551,CUST01746,2024-10-04,referral,bottoms,FR,94.55,0.0,94.55,False,completed
ORD002552,CUST01746,2024-06-29,referral,tops,FR,54.04,0.0,54.04,False,completed
ORD002553,CUST01747,2024-06-01,referral,tops,NL,40.81,0.0,6.12,True,returned
ORD002554,CUST01747,2024-06-29,referral,bottoms,NL,111.9,0.0,16.78,True,returned
ORD002555,CUST01748,2024-05-21,referral,outerwear,GB,123.14,0.0,123.14,False,completed
ORD002556,CUST01748,2024-07-26,referral,bottoms,GB,69.97,0.0,69.97,False,completed
ORD002557,CUST01748,2024-08-07,referral,accessories,GB,32.01,0.0,32.01,False,completed
ORD002558,CUST01749,2024-05-26,referral,tops,NL,46.4,0.0,46.4,False,completed
ORD002559,CUST01749,2024-11-10,referral,footwear,NL,139.59,0.0,139.59,False,completed
ORD002560,CUST01750,2024-05-22,referral,tops,GB,44.9,0.0,6.73,True,returned
ORD002561,CUST01751,2024-05-25,referral,outerwear,US,120.14,0.0,120.14,False,completed
ORD002562,CUST01752,2024-05-30,referral,bottoms,FR,98.18,0.0,98.18,False,completed
ORD002563,CUST01752,2024-11-26,referral,accessories,FR,37.25,0.0,37.25,False,completed
ORD002564,CUST01753,2024-05-17,referral,bottoms,CA,62.43,0.0,62.43,False,completed
ORD002565,CUST01754,2024-07-05,meta,accessories,GB,24.57,4.44,-0.75,True,returned
ORD002566,CUST01755,2024-06-14,meta,tops,NL,57.44,7.55,1.07,True,returned
ORD002567,CUST01756,2024-06-28,meta,tops,DE,37.96,0.0,5.69,True,returned
ORD002568,CUST01757,2024-06-22,meta,outerwear,DE,97.14,21.65,-7.08,True,returned
ORD002569,CUST01758,2024-06-20,meta,bottoms,AU,53.25,9.9,-1.91,True,returned
ORD002570,CUST01759,2024-07-04,meta,tops,GB,49.15,0.0,49.15,False,completed
ORD002571,CUST01759,2024-08-17,meta,tops,GB,56.31,0.0,56.31,False,completed
ORD002572,CUST01760,2024-07-01,meta,outerwear,GB,106.53,0.0,15.98,True,returned
ORD002573,CUST01760,2024-08-23,meta,bottoms,GB,84.42,9.7,2.96,True,returned
ORD002574,CUST01761,2024-06-18,meta,tops,US,51.58,0.0,7.74,True,returned
ORD002575,CUST01762,2024-06-25,meta,tops,FR,52.9,6.42,1.52,True,returned
ORD002576,CUST01763,2024-07-02,meta,bottoms,DE,70.12,7.08,3.44,True,returned
ORD002577,CUST01763,2024-12-18,meta,tops,DE,49.26,0.0,49.26,False,completed
ORD002578,CUST01764,2024-06-26,meta,tops,US,52.6,6.54,1.35,True,returned
ORD002579,CUST01764,2024-09-03,meta,bottoms,US,75.06,16.44,58.62,False,completed
ORD002580,CUST01764,2024-10-16,meta,footwear,US,81.05,13.65,67.4,False,completed
ORD002581,CUST01765,2024-06-21,meta,tops,US,58.79,0.0,58.79,False,completed
ORD002582,CUST01766,2024-06-29,meta,bottoms,GB,62.08,0.0,62.08,False,completed
ORD002583,CUST01766,2024-11-15,meta,tops,GB,41.74,9.9,31.84,False,completed
ORD002584,CUST01767,2024-06-22,meta,bottoms,CA,74.51,0.0,74.51,False,completed
ORD002585,CUST01767,2024-11-13,meta,bottoms,CA,67.99,16.83,51.16,False,completed
ORD002586,CUST01768,2024-06-10,meta,footwear,AU,62.42,14.69,47.73,False,completed
ORD002587,CUST01769,2024-06-30,meta,tops,GB,53.83,0.0,53.83,False,completed
ORD002588,CUST01769,2024-09-24,meta,tops,GB,57.8,0.0,57.8,False,completed
ORD002589,CUST01770,2024-06-11,meta,bottoms,US,75.25,0.0,75.25,False,completed
ORD002590,CUST01771,2024-06-14,meta,outerwear,GB,96.37,0.0,96.37,False,completed
ORD002591,CUST01772,2024-07-09,meta,bottoms,CA,66.12,0.0,66.12,False,completed
ORD002592,CUST01773,2024-06-08,meta,accessories,US,47.35,9.77,37.58,False,completed
ORD002593,CUST01774,2024-06-28,meta,bottoms,GB,50.51,11.63,38.88,False,completed
ORD002594,CUST01774,2024-07-22,meta,tops,GB,42.51,0.0,42.51,False,completed
ORD002595,CUST01775,2024-06-18,meta,outerwear,GB,155.98,0.0,23.4,True,returned
ORD002596,CUST01775,2024-12-08,meta,bottoms,GB,85.23,11.15,1.63,True,returned
ORD002597,CUST01776,2024-07-07,meta,outerwear,GB,112.28,0.0,16.84,True,returned
ORD002598,CUST01777,2024-06-30,meta,outerwear,US,87.34,0.0,87.34,False,completed
ORD002599,CUST01778,2024-06-29,meta,tops,US,60.84,7.05,53.79,False,completed
ORD002600,CUST01778,2024-07-31,meta,outerwear,US,141.21,0.0,141.21,False,completed
ORD002601,CUST01779,2024-06-26,meta,bottoms,GB,72.2,0.0,72.2,False,completed
ORD002602,CUST01780,2024-06-29,meta,tops,US,51.31,0.0,51.31,False,completed
ORD002603,CUST01780,2024-11-17,meta,bottoms,US,80.83,0.0,80.83,False,completed
ORD002604,CUST01781,2024-06-15,meta,accessories,GB,35.99,7.77,28.22,False,completed
ORD002605,CUST01781,2024-09-25,meta,accessories,GB,46.87,0.0,46.87,False,completed
ORD002606,CUST01781,2024-07-06,meta,outerwear,GB,154.76,20.98,2.23,True,returned
ORD002607,CUST01782,2024-06-11,meta,accessories,US,31.24,0.0,31.24,False,completed
ORD002608,CUST01783,2024-06-16,meta,tops,US,56.61,13.35,-4.86,True,returned
ORD002609,CUST01784,2024-06-18,meta,tops,GB,50.19,6.77,43.42,False,completed
ORD002610,CUST01785,2024-06-12,meta,footwear,DE,67.88,0.0,67.88,False,completed
ORD002611,CUST01785,2024-09-27,meta,tops,DE,48.34,9.27,39.07,False,completed
ORD002612,CUST01786,2024-07-06,meta,outerwear,GB,119.3,0.0,119.3,False,completed
ORD002613,CUST01787,2024-07-02,meta,bottoms,US,58.09,11.66,46.43,False,completed
ORD002614,CUST01787,2024-09-11,meta,bottoms,US,87.79,15.71,72.08,False,completed
ORD002615,CUST01787,2024-12-15,meta,tops,US,39.98,0.0,6.0,True,returned
ORD002616,CUST01788,2024-06-28,meta,footwear,US,101.11,0.0,15.17,True,returned
ORD002617,CUST01789,2024-06-30,meta,tops,AU,58.79,11.68,47.11,False,completed
ORD002618,CUST01790,2024-06-19,meta,bottoms,US,67.83,8.72,59.11,False,completed
ORD002619,CUST01791,2024-07-04,meta,bottoms,US,44.8,8.43,36.37,False,completed
ORD002620,CUST01792,2024-06-22,meta,bottoms,US,78.05,16.76,61.29,False,completed
ORD002621,CUST01793,2024-06-17,meta,bottoms,US,51.21,0.0,7.68,True,returned
ORD002622,CUST01793,2024-11-08,meta,bottoms,US,49.45,9.35,40.1,False,completed
ORD002623,CUST01793,2024-07-03,meta,tops,US,60.24,0.0,9.04,True,returned
ORD002624,CUST01794,2024-06-26,meta,accessories,DE,31.65,4.86,-0.11,True,returned
ORD002625,CUST01795,2024-06-16,meta,footwear,US,63.76,10.31,53.45,False,completed
ORD002626,CUST01796,2024-06-28,meta,tops,DE,60.42,0.0,9.06,True,returned
ORD002627,CUST01797,2024-06-30,meta,accessories,US,42.82,7.82,-1.4,True,returned
ORD002628,CUST01798,2024-06-27,meta,footwear,GB,70.23,0.0,70.23,False,completed
ORD002629,CUST01799,2024-07-05,meta,bottoms,US,63.54,0.0,63.54,False,completed
ORD002630,CUST01800,2024-06-21,meta,footwear,FR,94.31,0.0,14.15,True,returned
ORD002631,CUST01801,2024-06-25,meta,tops,GB,43.43,4.37,39.06,False,completed
ORD002632,CUST01802,2024-06-15,meta,bottoms,AU,85.73,21.04,64.69,False,completed
ORD002633,CUST01803,2024-07-07,meta,bottoms,GB,66.29,0.0,66.29,False,completed
ORD002634,CUST01804,2024-06-26,meta,footwear,GB,74.44,0.0,74.44,False,completed
ORD002635,CUST01804,2024-12-17,meta,footwear,GB,96.49,21.57,74.92,False,completed
ORD002636,CUST01805,2024-06-30,meta,tops,US,53.3,0.0,7.99,True,returned
ORD002637,CUST01806,2024-06-15,meta,footwear,GB,87.15,21.09,66.06,False,completed
ORD002638,CUST01807,2024-06-30,meta,outerwear,GB,112.16,12.97,99.19,False,completed
ORD002639,CUST01808,2024-06-15,meta,bottoms,GB,85.68,0.0,85.68,False,completed
ORD002640,CUST01808,2024-07-13,meta,footwear,GB,102.71,19.27,-3.86,True,returned
ORD002641,CUST01809,2024-06-08,meta,outerwear,US,118.9,0.0,118.9,False,completed
ORD002642,CUST01810,2024-07-02,meta,tops,DE,32.86,0.0,32.86,False,completed
ORD002643,CUST01810,2024-12-01,meta,outerwear,DE,100.47,0.0,100.47,False,completed
ORD002644,CUST01811,2024-07-01,meta,outerwear,US,112.44,11.29,101.15,False,completed
ORD002645,CUST01812,2024-06-13,meta,bottoms,GB,51.26,5.55,45.71,False,completed
ORD002646,CUST01813,2024-07-02,meta,bottoms,GB,73.03,12.28,60.75,False,completed
ORD002647,CUST01814,2024-06-25,meta,outerwear,US,108.05,0.0,108.05,False,completed
ORD002648,CUST01815,2024-07-02,meta,accessories,GB,46.02,5.7,1.2,True,returned
ORD002649,CUST01816,2024-06-05,meta,footwear,DE,121.23,0.0,18.18,True,returned
ORD002650,CUST01817,2024-06-24,meta,tops,US,52.13,0.0,52.13,False,completed
ORD002651,CUST01818,2024-06-15,meta,bottoms,US,44.78,0.0,44.78,False,completed
ORD002652,CUST01819,2024-07-02,meta,accessories,GB,46.43,0.0,46.43,False,completed
ORD002653,CUST01819,2024-08-25,meta,footwear,GB,122.36,0.0,18.35,True,returned
ORD002654,CUST01820,2024-07-08,meta,outerwear,GB,119.89,0.0,119.89,False,completed
ORD002655,CUST01821,2024-06-03,meta,accessories,GB,40.44,6.88,-0.81,True,returned
ORD002656,CUST01822,2024-06-12,meta,footwear,US,66.49,0.0,66.49,False,completed
ORD002657,CUST01822,2024-10-21,meta,bottoms,US,84.92,15.15,69.77,False,completed
ORD002658,CUST01823,2024-07-02,meta,bottoms,GB,87.91,0.0,87.91,False,completed
ORD002659,CUST01823,2024-07-27,meta,outerwear,GB,143.28,14.36,7.13,True,returned
ORD002660,CUST01824,2024-06-25,meta,tops,GB,46.39,9.71,36.68,False,completed
ORD002661,CUST01825,2024-07-03,meta,tops,GB,36.76,0.0,36.76,False,completed
ORD002662,CUST01826,2024-06-22,meta,footwear,US,120.53,13.21,107.32,False,completed
ORD002663,CUST01827,2024-07-04,meta,tops,DE,34.37,0.0,5.16,True,returned
ORD002664,CUST01828,2024-06-23,meta,outerwear,US,101.04,0.0,101.04,False,completed
ORD002665,CUST01829,2024-07-05,meta,accessories,US,25.82,0.0,25.82,False,completed
ORD002666,CUST01830,2024-06-07,meta,outerwear,US,124.22,0.0,18.63,True,returned
ORD002667,CUST01831,2024-07-11,meta,accessories,US,40.11,0.0,40.11,False,completed
ORD002668,CUST01832,2024-06-14,meta,bottoms,NL,72.88,16.33,56.55,False,completed
ORD002669,CUST01833,2024-07-03,meta,tops,DE,60.44,0.0,60.44,False,completed
ORD002670,CUST01834,2024-07-06,meta,outerwear,GB,134.49,14.53,5.64,True,returned
ORD002671,CUST01835,2024-06-10,meta,tops,GB,55.96,9.53,46.43,False,completed
ORD002672,CUST01835,2024-11-28,meta,tops,GB,47.59,0.0,47.59,False,completed
ORD002673,CUST01835,2024-06-25,meta,bottoms,GB,50.77,0.0,50.77,False,completed
ORD002674,CUST01836,2024-06-27,meta,outerwear,US,132.01,26.56,-6.76,True,returned
ORD002675,CUST01837,2024-06-21,meta,bottoms,AU,71.8,12.14,59.66,False,completed
ORD002676,CUST01838,2024-06-22,meta,outerwear,US,152.44,0.0,152.44,False,completed
ORD002677,CUST01839,2024-06-22,meta,outerwear,US,102.36,16.13,86.23,False,completed
ORD002678,CUST01840,2024-06-14,meta,outerwear,GB,95.13,11.13,3.14,True,returned
ORD002679,CUST01841,2024-06-21,meta,bottoms,US,45.94,0.0,45.94,False,completed
ORD002680,CUST01841,2024-09-10,meta,tops,US,58.08,0.0,8.71,True,returned
ORD002681,CUST01842,2024-06-26,meta,accessories,US,42.59,7.92,34.67,False,completed
ORD002682,CUST01842,2024-12-05,meta,outerwear,US,118.1,0.0,118.1,False,completed
ORD002683,CUST01843,2024-06-10,meta,accessories,GB,31.42,6.89,24.53,False,completed
ORD002684,CUST01843,2024-08-22,meta,outerwear,GB,85.39,17.81,67.58,False,completed
ORD002685,CUST01844,2024-06-03,meta,tops,GB,48.6,11.83,-4.54,True,returned
ORD002686,CUST01845,2024-07-09,meta,bottoms,GB,56.72,7.85,0.66,True,returned
ORD002687,CUST01845,2024-09-14,meta,tops,GB,49.49,6.87,42.62,False,completed
ORD002688,CUST01846,2024-07-01,meta,tops,FR,44.11,5.18,38.93,False,completed
ORD002689,CUST01846,2024-11-20,meta,footwear,FR,116.96,0.0,116.96,False,completed
ORD002690,CUST01847,2024-06-17,meta,tops,GB,51.33,0.0,51.33,False,completed
ORD002691,CUST01847,2024-10-27,meta,footwear,GB,80.88,11.03,1.1,True,returned
ORD002692,CUST01848,2024-06-14,meta,tops,NL,50.98,0.0,7.65,True,returned
ORD002693,CUST01848,2024-09-04,meta,outerwear,NL,138.16,29.55,108.61,False,completed
ORD002694,CUST01849,2024-06-21,meta,outerwear,DE,115.76,0.0,17.36,True,returned
ORD002695,CUST01849,2024-10-07,meta,outerwear,DE,92.56,16.85,75.71,False,completed
ORD002696,CUST01850,2024-07-03,meta,bottoms,NL,83.29,0.0,83.29,False,completed
ORD002697,CUST01851,2024-06-15,meta,footwear,GB,113.46,0.0,113.46,False,completed
ORD002698,CUST01851,2024-11-06,meta,tops,GB,52.9,5.33,2.61,True,returned
ORD002699,CUST01852,2024-07-02,meta,footwear,DE,119.85,0.0,119.85,False,completed
ORD002700,CUST01853,2024-07-06,meta,footwear,AU,115.03,19.41,-2.16,True,returned
ORD002701,CUST01854,2024-06-18,meta,tops,FR,38.91,0.0,38.91,False,completed
ORD002702,CUST01855,2024-06-26,meta,bottoms,AU,85.87,0.0,85.87,False,completed
ORD002703,CUST01855,2024-10-09,meta,outerwear,AU,118.73,0.0,118.73,False,completed
ORD002704,CUST01856,2024-06-20,meta,tops,NL,40.68,0.0,6.1,True,returned
ORD002705,CUST01856,2024-08-23,meta,footwear,NL,75.62,0.0,11.34,True,returned
ORD002706,CUST01857,2024-06-11,meta,outerwear,GB,129.03,32.16,96.87,False,completed
ORD002707,CUST01857,2024-12-18,meta,tops,GB,40.65,6.83,33.82,False,completed
ORD002708,CUST01858,2024-06-15,meta,footwear,US,96.78,0.0,14.52,True,returned
ORD002709,CUST01859,2024-06-29,meta,tops,GB,56.31,0.0,56.31,False,completed
ORD002710,CUST01860,2024-06-17,meta,outerwear,GB,116.03,13.67,102.36,False,completed
ORD002711,CUST01860,2024-12-10,meta,tops,GB,41.62,8.56,33.06,False,completed
ORD002712,CUST01861,2024-06-29,meta,accessories,DE,25.28,0.0,25.28,False,completed
ORD002713,CUST01862,2024-06-16,meta,outerwear,US,123.91,0.0,123.91,False,completed
ORD002714,CUST01863,2024-06-15,meta,tops,GB,34.59,4.75,29.84,False,completed
ORD002715,CUST01864,2024-06-13,meta,footwear,DE,71.99,0.0,71.99,False,completed
ORD002716,CUST01865,2024-06-24,meta,tops,US,43.26,7.29,35.97,False,completed
ORD002717,CUST01865,2024-12-14,meta,bottoms,US,52.51,0.0,7.88,True,returned
ORD002718,CUST01866,2024-06-19,meta,tops,NL,51.97,0.0,51.97,False,completed
ORD002719,CUST01867,2024-07-07,meta,bottoms,AU,79.47,11.75,67.72,False,completed
ORD002720,CUST01868,2024-06-27,meta,outerwear,GB,123.27,18.87,104.4,False,completed
ORD002721,CUST01868,2024-09-05,meta,outerwear,GB,105.79,20.55,85.24,False,completed
ORD002722,CUST01869,2024-06-25,meta,tops,GB,34.87,0.0,34.87,False,completed
ORD002723,CUST01870,2024-06-28,meta,bottoms,GB,70.01,17.0,53.01,False,completed
ORD002724,CUST01871,2024-07-04,meta,accessories,US,27.98,5.71,22.27,False,completed
ORD002725,CUST01872,2024-06-08,meta,bottoms,GB,45.79,9.18,-2.31,True,returned
ORD002726,CUST01873,2024-06-28,meta,accessories,US,36.66,0.0,36.66,False,completed
ORD002727,CUST01873,2024-12-09,meta,outerwear,US,152.17,15.6,7.23,True,returned
ORD002728,CUST01874,2024-06-26,meta,bottoms,DE,87.52,20.21,-7.08,True,returned
ORD002729,CUST01874,2024-10-03,meta,bottoms,DE,50.22,0.0,50.22,False,completed
ORD002730,CUST01875,2024-06-12,meta,bottoms,DE,67.59,0.0,67.59,False,completed
ORD002731,CUST01875,2024-11-10,meta,tops,DE,30.79,0.0,30.79,False,completed
ORD002732,CUST01876,2024-06-24,meta,bottoms,US,47.74,9.54,38.2,False,completed
ORD002733,CUST01877,2024-06-28,meta,tops,DE,49.98,0.0,49.98,False,completed
ORD002734,CUST01878,2024-06-17,meta,bottoms,US,59.32,11.72,47.6,False,completed
ORD002735,CUST01878,2024-12-07,meta,accessories,US,43.77,0.0,43.77,False,completed
ORD002736,CUST01878,2024-07-01,meta,tops,US,40.72,7.64,33.08,False,completed
ORD002737,CUST01879,2024-06-04,meta,accessories,US,29.05,0.0,29.05,False,completed
ORD002738,CUST01880,2024-06-24,meta,accessories,US,43.08,8.89,34.19,False,completed
ORD002739,CUST01881,2024-06-09,meta,accessories,GB,46.91,11.08,35.83,False,completed
ORD002740,CUST01881,2024-10-02,meta,outerwear,GB,146.04,0.0,146.04,False,completed
ORD002741,CUST01882,2024-07-10,meta,outerwear,DE,105.52,0.0,15.83,True,returned
ORD002742,CUST01882,2024-10-30,meta,bottoms,DE,86.38,0.0,86.38,False,completed
ORD002743,CUST01883,2024-06-28,meta,bottoms,US,72.71,15.85,-4.94,True,returned
ORD002744,CUST01884,2024-06-22,meta,outerwear,GB,105.84,0.0,105.84,False,completed
ORD002745,CUST01884,2024-12-25,meta,accessories,GB,41.56,0.0,41.56,False,completed
ORD002746,CUST01885,2024-06-18,meta,outerwear,GB,87.36,16.63,70.73,False,completed
ORD002747,CUST01886,2024-06-29,meta,footwear,GB,87.99,0.0,13.2,True,returned
ORD002748,CUST01887,2024-07-03,meta,outerwear,GB,102.96,0.0,102.96,False,completed
ORD002749,CUST01887,2024-11-21,meta,accessories,GB,46.62,7.55,39.07,False,completed
ORD002750,CUST01888,2024-07-05,meta,tops,US,33.21,7.6,25.61,False,completed
ORD002751,CUST01889,2024-06-17,meta,tops,CA,34.19,0.0,34.19,False,completed
ORD002752,CUST01890,2024-06-22,meta,tops,DE,37.45,0.0,37.45,False,completed
ORD002753,CUST01891,2024-06-16,meta,accessories,US,25.6,3.01,22.59,False,completed
ORD002754,CUST01892,2024-06-13,google,bottoms,GB,95.56,0.0,95.56,False,completed
ORD002755,CUST01892,2024-09-09,google,bottoms,GB,58.72,0.0,58.72,False,completed
ORD002756,CUST01893,2024-06-21,google,accessories,NL,29.98,0.0,29.98,False,completed
ORD002757,CUST01894,2024-06-11,google,outerwear,DE,131.34,0.0,131.34,False,completed
ORD002758,CUST01895,2024-06-30,google,bottoms,FR,77.72,0.0,77.72,False,completed
ORD002759,CUST01896,2024-06-15,google,footwear,GB,73.83,0.0,73.83,False,completed
ORD002760,CUST01897,2024-06-15,google,outerwear,NL,133.13,0.0,133.13,False,completed
ORD002761,CUST01897,2024-10-25,google,tops,NL,40.13,0.0,40.13,False,completed
ORD002762,CUST01897,2024-12-11,google,accessories,NL,51.52,0.0,51.52,False,completed
ORD002763,CUST01898,2024-06-22,google,footwear,DE,121.66,0.0,18.25,True,returned
ORD002764,CUST01899,2024-06-15,google,tops,US,69.59,0.0,69.59,False,completed
ORD002765,CUST01899,2024-12-12,google,outerwear,US,146.84,0.0,146.84,False,completed
ORD002766,CUST01900,2024-06-12,google,bottoms,CA,68.29,0.0,68.29,False,completed
ORD002767,CUST01901,2024-06-14,google,tops,US,65.96,0.0,65.96,False,completed
ORD002768,CUST01902,2024-06-15,google,bottoms,GB,55.12,0.0,55.12,False,completed
ORD002769,CUST01903,2024-06-15,google,bottoms,US,72.06,0.0,72.06,False,completed
ORD002770,CUST01903,2024-08-16,google,bottoms,US,53.34,0.0,53.34,False,completed
ORD002771,CUST01904,2024-06-25,google,footwear,US,85.58,0.0,85.58,False,completed
ORD002772,CUST01905,2024-06-10,google,tops,GB,69.74,0.0,69.74,False,completed
ORD002773,CUST01905,2024-11-10,google,footwear,GB,135.22,0.0,135.22,False,completed
ORD002774,CUST01906,2024-06-20,google,outerwear,CA,191.87,0.0,191.87,False,completed
ORD002775,CUST01906,2024-08-26,google,outerwear,CA,172.25,0.0,25.84,True,returned
ORD002776,CUST01907,2024-06-15,google,accessories,DE,30.48,0.0,30.48,False,completed
ORD002777,CUST01908,2024-07-02,google,bottoms,GB,81.73,0.0,81.73,False,completed
ORD002778,CUST01909,2024-06-28,google,tops,GB,65.42,0.0,65.42,False,completed
ORD002779,CUST01910,2024-06-15,google,accessories,US,46.35,0.0,46.35,False,completed
ORD002780,CUST01911,2024-06-12,google,tops,GB,55.93,0.0,55.93,False,completed
ORD002781,CUST01912,2024-06-17,google,tops,CA,46.89,0.0,46.89,False,completed
ORD002782,CUST01912,2024-08-14,google,tops,CA,54.08,0.0,54.08,False,completed
ORD002783,CUST01912,2024-07-13,google,tops,CA,57.63,0.0,57.63,False,completed
ORD002784,CUST01913,2024-06-11,google,accessories,CA,39.97,0.0,39.97,False,completed
ORD002785,CUST01914,2024-07-04,google,tops,GB,40.62,0.0,40.62,False,completed
ORD002786,CUST01915,2024-06-29,google,outerwear,US,180.75,0.0,180.75,False,completed
ORD002787,CUST01916,2024-06-28,google,tops,GB,46.44,0.0,46.44,False,completed
ORD002788,CUST01917,2024-06-29,google,outerwear,US,187.28,0.0,28.09,True,returned
ORD002789,CUST01918,2024-06-18,google,outerwear,GB,151.53,0.0,151.53,False,completed
ORD002790,CUST01919,2024-07-03,google,tops,AU,40.21,0.0,40.21,False,completed
ORD002791,CUST01920,2024-06-18,google,bottoms,NL,55.65,0.0,55.65,False,completed
ORD002792,CUST01920,2024-09-03,google,bottoms,NL,81.2,0.0,81.2,False,completed
ORD002793,CUST01921,2024-06-23,google,footwear,US,88.81,0.0,88.81,False,completed
ORD002794,CUST01922,2024-07-05,google,bottoms,GB,103.57,0.0,103.57,False,completed
ORD002795,CUST01922,2024-11-26,google,accessories,GB,55.73,0.0,55.73,False,completed
ORD002796,CUST01923,2024-06-21,google,outerwear,DE,182.58,0.0,27.39,True,returned
ORD002797,CUST01924,2024-06-20,google,accessories,US,41.42,0.0,6.21,True,returned
ORD002798,CUST01925,2024-06-03,google,tops,GB,62.0,0.0,62.0,False,completed
ORD002799,CUST01925,2024-06-26,google,accessories,GB,55.61,0.0,55.61,False,completed
ORD002800,CUST01926,2024-06-20,google,bottoms,GB,101.82,0.0,15.27,True,returned
ORD002801,CUST01926,2024-12-17,google,bottoms,GB,92.04,0.0,92.04,False,completed
ORD002802,CUST01927,2024-06-25,google,bottoms,GB,91.06,0.0,91.06,False,completed
ORD002803,CUST01927,2024-11-12,google,accessories,GB,40.86,0.0,40.86,False,completed
ORD002804,CUST01928,2024-06-27,google,tops,GB,36.94,0.0,36.94,False,completed
ORD002805,CUST01928,2024-10-11,google,footwear,GB,108.28,0.0,16.24,True,returned
ORD002806,CUST01929,2024-06-03,google,bottoms,US,98.22,0.0,98.22,False,completed
ORD002807,CUST01929,2024-06-29,google,footwear,US,126.7,0.0,126.7,False,completed
ORD002808,CUST01930,2024-06-27,google,tops,US,50.36,0.0,50.36,False,completed
ORD002809,CUST01931,2024-06-13,google,bottoms,GB,83.05,0.0,83.05,False,completed
ORD002810,CUST01932,2024-06-19,google,accessories,GB,31.83,0.0,31.83,False,completed
ORD002811,CUST01933,2024-07-06,google,tops,FR,53.75,0.0,53.75,False,completed
ORD002812,CUST01934,2024-06-29,google,accessories,CA,44.24,0.0,44.24,False,completed
ORD002813,CUST01935,2024-06-27,google,outerwear,FR,115.0,0.0,115.0,False,completed
ORD002814,CUST01936,2024-06-21,google,accessories,NL,39.37,0.0,39.37,False,completed
ORD002815,CUST01937,2024-07-02,google,tops,DE,61.05,0.0,61.05,False,completed
ORD002816,CUST01937,2024-10-25,google,tops,DE,67.51,0.0,67.51,False,completed
ORD002817,CUST01938,2024-06-02,google,accessories,GB,41.8,0.0,41.8,False,completed
ORD002818,CUST01939,2024-06-27,google,footwear,US,132.37,0.0,132.37,False,completed
ORD002819,CUST01939,2024-09-15,google,outerwear,US,128.42,0.0,128.42,False,completed
ORD002820,CUST01940,2024-06-18,google,tops,GB,63.69,0.0,63.69,False,completed
ORD002821,CUST01941,2024-06-23,google,footwear,AU,138.19,0.0,138.19,False,completed
ORD002822,CUST01941,2024-08-09,google,accessories,AU,34.59,0.0,34.59,False,completed
ORD002823,CUST01941,2024-10-24,google,footwear,AU,111.44,0.0,111.44,False,completed
ORD002824,CUST01942,2024-07-06,google,accessories,US,33.39,0.0,33.39,False,completed
ORD002825,CUST01943,2024-06-29,google,tops,DE,44.47,0.0,44.47,False,completed
ORD002826,CUST01944,2024-06-10,google,bottoms,DE,98.73,0.0,98.73,False,completed
ORD002827,CUST01945,2024-06-27,google,footwear,NL,91.13,0.0,91.13,False,completed
ORD002828,CUST01946,2024-06-13,google,tops,AU,50.41,0.0,7.56,True,returned
ORD002829,CUST01947,2024-06-20,google,outerwear,FR,142.16,0.0,21.32,True,returned
ORD002830,CUST01948,2024-07-09,google,bottoms,CA,78.67,0.0,11.8,True,returned
ORD002831,CUST01949,2024-06-11,google,accessories,US,38.36,0.0,38.36,False,completed
ORD002832,CUST01949,2024-07-11,google,outerwear,US,164.29,0.0,164.29,False,completed
ORD002833,CUST01950,2024-06-13,google,bottoms,CA,71.82,0.0,10.77,True,returned
ORD002834,CUST01950,2024-09-10,google,footwear,CA,133.9,0.0,133.9,False,completed
ORD002835,CUST01950,2024-07-11,google,tops,CA,57.87,0.0,57.87,False,completed
ORD002836,CUST01951,2024-06-13,google,bottoms,GB,88.88,0.0,88.88,False,completed
ORD002837,CUST01951,2024-12-25,google,bottoms,GB,65.43,0.0,65.43,False,completed
ORD002838,CUST01952,2024-06-13,google,bottoms,US,91.16,0.0,91.16,False,completed
ORD002839,CUST01953,2024-06-19,google,bottoms,US,56.65,0.0,56.65,False,completed
ORD002840,CUST01953,2024-07-04,google,tops,US,67.58,0.0,67.58,False,completed
ORD002841,CUST01953,2024-10-29,google,outerwear,US,122.96,0.0,122.96,False,completed
ORD002842,CUST01954,2024-06-15,google,accessories,GB,28.8,0.0,28.8,False,completed
ORD002843,CUST01955,2024-06-18,google,tops,NL,70.39,0.0,70.39,False,completed
ORD002844,CUST01956,2024-06-30,google,accessories,DE,54.78,0.0,54.78,False,completed
ORD002845,CUST01957,2024-07-06,google,footwear,GB,121.46,0.0,121.46,False,completed
ORD002846,CUST01958,2024-06-29,google,outerwear,US,173.08,0.0,173.08,False,completed
ORD002847,CUST01958,2024-10-14,google,tops,US,49.24,0.0,49.24,False,completed
ORD002848,CUST01959,2024-06-12,google,accessories,FR,45.67,0.0,6.85,True,returned
ORD002849,CUST01960,2024-06-14,google,tops,US,64.11,0.0,64.11,False,completed
ORD002850,CUST01960,2024-07-11,google,bottoms,US,99.77,0.0,99.77,False,completed
ORD002851,CUST01961,2024-06-06,google,tops,GB,64.93,0.0,64.93,False,completed
ORD002852,CUST01962,2024-06-23,google,tops,DE,65.38,0.0,65.38,False,completed
ORD002853,CUST01962,2024-10-25,google,tops,DE,67.38,0.0,67.38,False,completed
ORD002854,CUST01963,2024-06-25,google,tops,US,51.12,0.0,51.12,False,completed
ORD002855,CUST01963,2024-10-28,google,bottoms,US,86.36,0.0,86.36,False,completed
ORD002856,CUST01964,2024-06-22,google,accessories,US,44.63,0.0,44.63,False,completed
ORD002857,CUST01964,2024-08-24,google,outerwear,US,133.17,0.0,133.17,False,completed
ORD002858,CUST01965,2024-06-26,google,footwear,GB,126.11,0.0,126.11,False,completed
ORD002859,CUST01966,2024-06-23,google,accessories,AU,31.65,0.0,31.65,False,completed
ORD002860,CUST01966,2024-10-05,google,tops,AU,36.43,0.0,36.43,False,completed
ORD002861,CUST01967,2024-06-16,google,outerwear,US,138.9,0.0,138.9,False,completed
ORD002862,CUST01967,2024-09-27,google,outerwear,US,171.18,0.0,171.18,False,completed
ORD002863,CUST01967,2024-08-30,google,outerwear,US,118.49,0.0,118.49,False,completed
ORD002864,CUST01968,2024-06-08,google,outerwear,US,175.04,0.0,175.04,False,completed
ORD002865,CUST01968,2024-12-23,google,outerwear,US,161.94,0.0,161.94,False,completed
ORD002866,CUST01969,2024-06-23,google,bottoms,GB,76.19,0.0,76.19,False,completed
ORD002867,CUST01970,2024-06-24,google,outerwear,GB,128.43,0.0,128.43,False,completed
ORD002868,CUST01971,2024-06-30,google,tops,GB,45.74,0.0,45.74,False,completed
ORD002869,CUST01972,2024-06-22,google,bottoms,FR,66.66,0.0,66.66,False,completed
ORD002870,CUST01972,2024-12-06,google,tops,FR,58.52,0.0,58.52,False,completed
ORD002871,CUST01972,2024-12-05,google,accessories,FR,34.87,0.0,34.87,False,completed
ORD002872,CUST01973,2024-06-16,google,tops,GB,43.68,0.0,43.68,False,completed
ORD002873,CUST01973,2024-12-18,google,outerwear,GB,178.51,0.0,178.51,False,completed
ORD002874,CUST01974,2024-06-29,google,tops,US,43.49,0.0,43.49,False,completed
ORD002875,CUST01975,2024-06-29,google,bottoms,US,85.14,0.0,85.14,False,completed
ORD002876,CUST01976,2024-06-19,google,bottoms,CA,81.14,0.0,81.14,False,completed
ORD002877,CUST01977,2024-06-12,google,accessories,GB,52.23,0.0,52.23,False,completed
ORD002878,CUST01977,2024-12-29,google,tops,GB,68.04,0.0,68.04,False,completed
ORD002879,CUST01978,2024-06-06,google,bottoms,US,82.0,0.0,12.3,True,returned
ORD002880,CUST01979,2024-06-02,google,bottoms,US,72.87,0.0,72.87,False,completed
ORD002881,CUST01980,2024-06-10,google,footwear,DE,143.95,0.0,143.95,False,completed
ORD002882,CUST01980,2024-08-09,google,tops,DE,56.76,0.0,56.76,False,completed
ORD002883,CUST01981,2024-06-27,google,accessories,AU,41.71,0.0,41.71,False,completed
ORD002884,CUST01982,2024-06-27,google,footwear,US,133.77,0.0,133.77,False,completed
ORD002885,CUST01982,2024-11-14,google,tops,US,53.89,0.0,53.89,False,completed
ORD002886,CUST01983,2024-06-27,google,outerwear,FR,176.52,0.0,176.52,False,completed
ORD002887,CUST01984,2024-06-08,google,bottoms,GB,81.15,0.0,12.17,True,returned
ORD002888,CUST01985,2024-06-11,google,tops,FR,69.53,0.0,69.53,False,completed
ORD002889,CUST01986,2024-06-15,google,accessories,GB,43.42,0.0,43.42,False,completed
ORD002890,CUST01986,2024-08-20,google,bottoms,GB,81.73,0.0,81.73,False,completed
ORD002891,CUST01987,2024-06-21,google,bottoms,US,53.02,0.0,53.02,False,completed
ORD002892,CUST01988,2024-06-09,google,bottoms,GB,63.18,0.0,63.18,False,completed
ORD002893,CUST01989,2024-06-19,google,tops,US,47.07,0.0,47.07,False,completed
ORD002894,CUST01989,2024-10-30,google,bottoms,US,102.7,0.0,102.7,False,completed
ORD002895,CUST01989,2024-06-23,google,accessories,US,33.29,0.0,33.29,False,completed
ORD002896,CUST01990,2024-06-06,google,bottoms,GB,94.16,0.0,94.16,False,completed
ORD002897,CUST01991,2024-07-04,tiktok,outerwear,CA,134.54,0.0,134.54,False,completed
ORD002898,CUST01991,2024-12-02,tiktok,bottoms,CA,75.2,13.15,62.05,False,completed
ORD002899,CUST01992,2024-06-01,tiktok,outerwear,AU,145.1,20.42,124.68,False,completed
ORD002900,CUST01992,2024-08-15,tiktok,outerwear,AU,129.91,21.57,108.34,False,completed
ORD002901,CUST01993,2024-06-14,tiktok,outerwear,GB,103.5,0.0,103.5,False,completed
ORD002902,CUST01994,2024-06-09,tiktok,accessories,GB,31.25,4.98,26.27,False,completed
ORD002903,CUST01995,2024-06-23,tiktok,accessories,CA,33.82,6.35,27.47,False,completed
ORD002904,CUST01996,2024-07-07,tiktok,tops,US,55.28,11.87,-3.58,True,returned
ORD002905,CUST01997,2024-06-03,tiktok,tops,US,56.88,0.0,56.88,False,completed
ORD002906,CUST01997,2024-09-12,tiktok,tops,US,32.4,0.0,32.4,False,completed
ORD002907,CUST01998,2024-07-03,tiktok,tops,US,55.48,5.63,49.85,False,completed
ORD002908,CUST01998,2024-11-25,tiktok,accessories,US,44.78,0.0,44.78,False,completed
ORD002909,CUST01999,2024-06-12,tiktok,outerwear,DE,94.24,0.0,14.14,True,returned
ORD002910,CUST02000,2024-06-24,tiktok,tops,US,40.31,6.1,34.21,False,completed
ORD002911,CUST02001,2024-06-25,tiktok,accessories,AU,35.27,7.75,27.52,False,completed
ORD002912,CUST02002,2024-06-28,tiktok,bottoms,GB,80.04,0.0,80.04,False,completed
ORD002913,CUST02002,2024-08-14,tiktok,tops,GB,41.31,5.06,1.14,True,returned
ORD002914,CUST02003,2024-07-01,tiktok,tops,DE,56.06,0.0,56.06,False,completed
ORD002915,CUST02003,2024-12-27,tiktok,accessories,DE,41.55,0.0,6.23,True,returned
ORD002916,CUST02003,2024-08-12,tiktok,bottoms,DE,65.72,8.83,1.03,True,returned
ORD002917,CUST02004,2024-06-09,tiktok,tops,GB,48.76,0.0,48.76,False,completed
ORD002918,CUST02005,2024-06-23,tiktok,tops,GB,41.64,9.7,31.94,False,completed
ORD002919,CUST02006,2024-06-28,tiktok,outerwear,GB,118.07,16.78,101.29,False,completed
ORD002920,CUST02007,2024-06-25,tiktok,tops,GB,47.4,0.0,47.4,False,completed
ORD002921,CUST02008,2024-06-30,tiktok,tops,CA,31.71,0.0,31.71,False,completed
ORD002922,CUST02009,2024-06-25,tiktok,bottoms,FR,59.11,0.0,59.11,False,completed
ORD002923,CUST02010,2024-06-20,tiktok,tops,GB,53.11,11.94,41.17,False,completed
ORD002924,CUST02010,2024-07-23,tiktok,tops,GB,42.9,0.0,42.9,False,completed
ORD002925,CUST02011,2024-06-27,tiktok,bottoms,GB,42.85,9.58,-3.15,True,returned
ORD002926,CUST02012,2024-06-18,tiktok,bottoms,US,56.69,0.0,8.5,True,returned
ORD002927,CUST02013,2024-07-04,tiktok,tops,NL,51.92,0.0,7.79,True,returned
ORD002928,CUST02014,2024-06-26,tiktok,footwear,GB,96.59,12.72,83.87,False,completed
ORD002929,CUST02015,2024-06-01,tiktok,tops,US,31.52,0.0,31.52,False,completed
ORD002930,CUST02016,2024-06-28,tiktok,footwear,DE,103.56,0.0,103.56,False,completed
ORD002931,CUST02016,2024-11-21,tiktok,tops,DE,38.35,9.08,29.27,False,completed
ORD002932,CUST02017,2024-07-04,tiktok,outerwear,GB,135.74,0.0,135.74,False,completed
ORD002933,CUST02018,2024-06-28,tiktok,bottoms,US,45.49,0.0,45.49,False,completed
ORD002934,CUST02018,2024-11-10,tiktok,bottoms,US,51.86,9.98,41.88,False,completed
ORD002935,CUST02018,2024-12-21,tiktok,outerwear,US,94.55,21.6,72.95,False,completed
ORD002936,CUST02019,2024-06-09,tiktok,tops,US,38.95,7.85,31.1,False,completed
ORD002937,CUST02020,2024-06-26,tiktok,outerwear,CA,108.64,16.35,92.29,False,completed
ORD002938,CUST02021,2024-06-03,tiktok,tops,FR,45.01,0.0,45.01,False,completed
ORD002939,CUST02022,2024-06-18,tiktok,accessories,AU,37.03,0.0,5.55,True,returned
ORD002940,CUST02023,2024-06-08,tiktok,tops,NL,33.11,4.04,29.07,False,completed
ORD002941,CUST02024,2024-07-04,tiktok,footwear,CA,79.5,0.0,79.5,False,completed
ORD002942,CUST02024,2024-08-09,tiktok,bottoms,CA,57.85,11.9,45.95,False,completed
ORD002943,CUST02025,2024-06-10,tiktok,tops,FR,43.34,10.7,32.64,False,completed
ORD002944,CUST02026,2024-07-07,tiktok,tops,GB,31.57,0.0,4.74,True,returned
ORD002945,CUST02027,2024-06-21,tiktok,bottoms,US,71.55,0.0,71.55,False,completed
ORD002946,CUST02028,2024-06-21,tiktok,bottoms,GB,54.26,0.0,54.26,False,completed
ORD002947,CUST02029,2024-07-05,tiktok,outerwear,FR,91.98,14.21,77.77,False,completed
ORD002948,CUST02030,2024-06-07,tiktok,bottoms,GB,59.52,0.0,8.93,True,returned
ORD002949,CUST02030,2024-10-28,tiktok,tops,GB,34.5,8.19,-3.01,True,returned
ORD002950,CUST02031,2024-06-25,tiktok,outerwear,FR,119.75,20.79,-2.83,True,returned
ORD002951,CUST02031,2024-08-18,tiktok,outerwear,FR,108.94,0.0,108.94,False,completed
ORD002952,CUST02032,2024-06-21,tiktok,accessories,US,37.83,0.0,37.83,False,completed
ORD002953,CUST02033,2024-06-02,tiktok,outerwear,GB,137.19,24.03,113.16,False,completed
ORD002954,CUST02033,2024-06-27,tiktok,outerwear,GB,106.67,0.0,106.67,False,completed
ORD002955,CUST02034,2024-06-27,tiktok,bottoms,GB,78.79,14.89,63.9,False,completed
ORD002956,CUST02035,2024-06-18,tiktok,bottoms,GB,82.23,0.0,82.23,False,completed
ORD002957,CUST02035,2024-08-27,tiktok,tops,GB,52.4,0.0,52.4,False,completed
ORD002958,CUST02036,2024-06-27,tiktok,tops,US,38.11,8.73,-3.01,True,returned
ORD002959,CUST02037,2024-06-17,tiktok,tops,FR,51.9,12.43,39.47,False,completed
ORD002960,CUST02038,2024-06-17,tiktok,bottoms,GB,63.58,7.43,56.15,False,completed
ORD002961,CUST02039,2024-06-29,tiktok,bottoms,NL,75.82,13.51,62.31,False,completed
ORD002962,CUST02039,2024-07-14,tiktok,tops,NL,53.79,8.83,44.96,False,completed
ORD002963,CUST02040,2024-06-27,tiktok,tops,FR,40.39,0.0,40.39,False,completed
ORD002964,CUST02040,2024-11-30,tiktok,footwear,FR,64.66,7.25,57.41,False,completed
ORD002965,CUST02041,2024-06-10,tiktok,tops,US,50.53,0.0,50.53,False,completed
ORD002966,CUST02042,2024-07-03,tiktok,footwear,NL,89.35,0.0,89.35,False,completed
ORD002967,CUST02043,2024-06-18,tiktok,outerwear,GB,146.15,0.0,21.92,True,returned
ORD002968,CUST02043,2024-08-29,tiktok,tops,GB,43.81,5.24,38.57,False,completed
ORD002969,CUST02044,2024-07-01,tiktok,tops,GB,52.27,5.23,47.04,False,completed
ORD002970,CUST02045,2024-06-12,tiktok,outerwear,NL,137.12,0.0,137.12,False,completed
ORD002971,CUST02045,2024-06-25,tiktok,tops,NL,54.03,7.79,0.31,True,returned
ORD002972,CUST02046,2024-07-07,tiktok,tops,CA,44.41,0.0,44.41,False,completed
ORD002973,CUST02047,2024-06-22,tiktok,outerwear,AU,123.46,29.26,94.2,False,completed
ORD002974,CUST02048,2024-06-25,tiktok,tops,NL,39.06,8.67,-2.81,True,returned
ORD002975,CUST02049,2024-06-19,tiktok,accessories,NL,35.31,5.82,29.49,False,completed
ORD002976,CUST02049,2024-11-04,tiktok,bottoms,NL,61.69,0.0,61.69,False,completed
ORD002977,CUST02050,2024-06-23,tiktok,outerwear,US,92.47,0.0,13.87,True,returned
ORD002978,CUST02051,2024-07-10,tiktok,footwear,US,112.56,0.0,112.56,False,completed
ORD002979,CUST02051,2024-07-15,tiktok,bottoms,US,79.53,9.79,2.14,True,returned
ORD002980,CUST02051,2024-11-03,tiktok,tops,US,52.21,9.74,-1.91,True,returned
ORD002981,CUST02052,2024-06-20,tiktok,tops,AU,53.9,0.0,53.9,False,completed
ORD002982,CUST02053,2024-06-28,organic,footwear,GB,151.26,0.0,151.26,False,completed
ORD002983,CUST02054,2024-07-07,organic,bottoms,CA,91.02,0.0,91.02,False,completed
ORD002984,CUST02054,2024-08-10,organic,outerwear,CA,138.54,0.0,20.78,True,returned
ORD002985,CUST02055,2024-06-12,organic,outerwear,GB,209.35,0.0,209.35,False,completed
ORD002986,CUST02056,2024-06-29,organic,outerwear,GB,182.12,0.0,182.12,False,completed
ORD002987,CUST02056,2024-09-24,organic,outerwear,GB,202.05,0.0,202.05,False,completed
ORD002988,CUST02056,2024-10-02,organic,bottoms,GB,100.09,0.0,100.09,False,completed
ORD002989,CUST02057,2024-06-12,organic,tops,GB,68.03,0.0,68.03,False,completed
ORD002990,CUST02058,2024-06-15,organic,accessories,AU,55.08,0.0,55.08,False,completed
ORD002991,CUST02058,2024-12-13,organic,outerwear,AU,203.55,0.0,203.55,False,completed
ORD002992,CUST02058,2024-08-03,organic,tops,AU,54.84,0.0,54.84,False,completed
ORD002993,CUST02059,2024-07-03,organic,outerwear,CA,211.45,0.0,31.72,True,returned
ORD002994,CUST02059,2024-12-06,organic,tops,CA,46.16,0.0,46.16,False,completed
ORD002995,CUST02060,2024-06-13,organic,outerwear,AU,186.3,0.0,186.3,False,completed
ORD002996,CUST02060,2024-07-28,organic,accessories,AU,60.58,0.0,60.58,False,completed
ORD002997,CUST02061,2024-07-08,organic,accessories,US,59.9,0.0,8.98,True,returned
ORD002998,CUST02061,2024-09-03,organic,bottoms,US,80.36,0.0,12.05,True,returned
ORD002999,CUST02062,2024-06-08,organic,accessories,US,57.72,0.0,8.66,True,returned
ORD003000,CUST02063,2024-06-28,organic,accessories,GB,62.51,0.0,62.51,False,completed
ORD003001,CUST02064,2024-07-05,organic,tops,US,74.36,0.0,74.36,False,completed
ORD003002,CUST02064,2024-07-22,organic,accessories,US,54.79,0.0,54.79,False,completed
ORD003003,CUST02065,2024-06-20,organic,tops,GB,74.7,0.0,74.7,False,completed
ORD003004,CUST02065,2024-08-17,organic,tops,GB,64.75,0.0,64.75,False,completed
ORD003005,CUST02066,2024-06-27,organic,tops,US,58.12,0.0,58.12,False,completed
ORD003006,CUST02066,2024-12-08,organic,accessories,US,42.9,0.0,42.9,False,completed
ORD003007,CUST02067,2024-06-16,organic,accessories,GB,54.49,0.0,54.49,False,completed
ORD003008,CUST02067,2024-08-26,organic,bottoms,GB,95.33,0.0,95.33,False,completed
ORD003009,CUST02068,2024-07-01,organic,footwear,US,111.65,0.0,111.65,False,completed
ORD003010,CUST02068,2024-10-05,organic,tops,US,66.59,0.0,66.59,False,completed
ORD003011,CUST02069,2024-06-21,organic,tops,FR,56.27,0.0,56.27,False,completed
ORD003012,CUST02070,2024-06-15,organic,footwear,GB,97.63,0.0,97.63,False,completed
ORD003013,CUST02070,2024-10-28,organic,accessories,GB,49.38,0.0,49.38,False,completed
ORD003014,CUST02070,2024-11-13,organic,bottoms,GB,64.92,0.0,64.92,False,completed
ORD003015,CUST02071,2024-06-25,organic,tops,GB,80.24,0.0,80.24,False,completed
ORD003016,CUST02072,2024-06-30,organic,footwear,DE,115.99,0.0,115.99,False,completed
ORD003017,CUST02072,2024-08-28,organic,outerwear,DE,151.84,0.0,151.84,False,completed
ORD003018,CUST02073,2024-06-29,organic,tops,US,73.79,0.0,73.79,False,completed
ORD003019,CUST02073,2024-08-08,organic,outerwear,US,159.64,0.0,159.64,False,completed
ORD003020,CUST02074,2024-06-22,organic,bottoms,US,105.77,0.0,105.77,False,completed
ORD003021,CUST02075,2024-06-26,organic,bottoms,DE,91.02,0.0,91.02,False,completed
ORD003022,CUST02076,2024-07-04,organic,outerwear,FR,180.1,0.0,180.1,False,completed
ORD003023,CUST02076,2024-09-24,organic,bottoms,FR,62.55,0.0,62.55,False,completed
ORD003024,CUST02076,2024-09-17,organic,tops,FR,62.0,0.0,62.0,False,completed
ORD003025,CUST02077,2024-06-26,organic,tops,GB,78.53,0.0,78.53,False,completed
ORD003026,CUST02077,2024-10-14,organic,footwear,GB,99.88,0.0,99.88,False,completed
ORD003027,CUST02078,2024-06-10,organic,tops,CA,81.19,0.0,81.19,False,completed
ORD003028,CUST02079,2024-06-20,organic,accessories,US,32.22,0.0,32.22,False,completed
ORD003029,CUST02080,2024-06-15,organic,outerwear,NL,207.39,0.0,207.39,False,completed
ORD003030,CUST02080,2024-07-13,organic,bottoms,NL,110.58,0.0,110.58,False,completed
ORD003031,CUST02081,2024-06-14,organic,footwear,US,157.08,0.0,157.08,False,completed
ORD003032,CUST02082,2024-06-10,organic,outerwear,GB,167.26,0.0,167.26,False,completed
ORD003033,CUST02082,2024-09-09,organic,tops,GB,66.76,0.0,66.76,False,completed
ORD003034,CUST02083,2024-06-05,organic,tops,US,46.65,0.0,46.65,False,completed
ORD003035,CUST02084,2024-06-21,organic,accessories,GB,61.87,0.0,61.87,False,completed
ORD003036,CUST02085,2024-06-20,organic,outerwear,GB,197.93,0.0,197.93,False,completed
ORD003037,CUST02085,2024-11-12,organic,outerwear,GB,118.69,0.0,118.69,False,completed
ORD003038,CUST02085,2024-12-03,organic,footwear,GB,159.49,0.0,159.49,False,completed
ORD003039,CUST02086,2024-06-11,organic,outerwear,GB,180.52,0.0,180.52,False,completed
ORD003040,CUST02087,2024-06-16,organic,tops,NL,77.58,0.0,11.64,True,returned
ORD003041,CUST02087,2024-08-14,organic,tops,NL,46.15,0.0,46.15,False,completed
ORD003042,CUST02088,2024-06-16,organic,tops,GB,67.18,0.0,67.18,False,completed
ORD003043,CUST02089,2024-06-13,organic,tops,GB,45.91,0.0,6.89,True,returned
ORD003044,CUST02089,2024-07-02,organic,accessories,GB,50.45,0.0,50.45,False,completed
ORD003045,CUST02090,2024-06-13,organic,bottoms,AU,87.5,0.0,87.5,False,completed
ORD003046,CUST02091,2024-07-04,organic,accessories,US,54.07,0.0,54.07,False,completed
ORD003047,CUST02091,2024-10-08,organic,bottoms,US,76.68,0.0,76.68,False,completed
ORD003048,CUST02092,2024-06-20,organic,bottoms,FR,105.68,0.0,105.68,False,completed
ORD003049,CUST02093,2024-06-19,organic,tops,FR,72.41,0.0,72.41,False,completed
ORD003050,CUST02093,2024-11-28,organic,outerwear,FR,145.13,0.0,145.13,False,completed
ORD003051,CUST02094,2024-06-29,organic,tops,DE,46.23,0.0,46.23,False,completed
ORD003052,CUST02095,2024-06-29,organic,accessories,GB,50.02,0.0,50.02,False,completed
ORD003053,CUST02095,2024-08-18,organic,tops,GB,56.53,0.0,56.53,False,completed
ORD003054,CUST02095,2024-10-11,organic,tops,GB,81.23,0.0,81.23,False,completed
ORD003055,CUST02096,2024-06-29,organic,bottoms,GB,85.82,0.0,85.82,False,completed
ORD003056,CUST02096,2024-11-18,organic,tops,GB,46.72,0.0,46.72,False,completed
ORD003057,CUST02096,2024-10-08,organic,tops,GB,70.66,0.0,70.66,False,completed
ORD003058,CUST02097,2024-06-20,organic,tops,US,60.97,0.0,60.97,False,completed
ORD003059,CUST02098,2024-06-19,organic,outerwear,US,153.46,0.0,153.46,False,completed
ORD003060,CUST02098,2024-08-04,organic,tops,US,73.57,0.0,73.57,False,completed
ORD003061,CUST02099,2024-06-04,organic,outerwear,US,114.21,0.0,114.21,False,completed
ORD003062,CUST02100,2024-06-29,organic,tops,US,80.92,0.0,80.92,False,completed
ORD003063,CUST02100,2024-11-13,organic,accessories,US,32.69,0.0,32.69,False,completed
ORD003064,CUST02101,2024-06-16,organic,bottoms,CA,95.13,0.0,95.13,False,completed
ORD003065,CUST02102,2024-07-05,organic,bottoms,US,87.39,0.0,87.39,False,completed
ORD003066,CUST02103,2024-06-26,organic,outerwear,AU,178.0,0.0,178.0,False,completed
ORD003067,CUST02104,2024-07-04,organic,tops,GB,75.29,0.0,75.29,False,completed
ORD003068,CUST02104,2024-12-10,organic,outerwear,GB,160.18,0.0,160.18,False,completed
ORD003069,CUST02105,2024-06-25,organic,tops,FR,42.44,0.0,6.37,True,returned
ORD003070,CUST02105,2024-08-08,organic,accessories,FR,41.94,0.0,41.94,False,completed
ORD003071,CUST02105,2024-10-23,organic,outerwear,FR,150.62,0.0,150.62,False,completed
ORD003072,CUST02106,2024-07-12,organic,outerwear,US,179.61,0.0,179.61,False,completed
ORD003073,CUST02106,2024-10-23,organic,bottoms,US,109.9,0.0,109.9,False,completed
ORD003074,CUST02107,2024-06-23,organic,tops,US,65.11,0.0,65.11,False,completed
ORD003075,CUST02108,2024-06-07,organic,bottoms,GB,118.26,0.0,118.26,False,completed
ORD003076,CUST02108,2024-08-05,organic,bottoms,GB,77.05,0.0,77.05,False,completed
ORD003077,CUST02109,2024-06-26,organic,tops,GB,48.03,0.0,48.03,False,completed
ORD003078,CUST02109,2024-12-22,organic,outerwear,GB,139.55,0.0,20.93,True,returned
ORD003079,CUST02109,2024-12-23,organic,bottoms,GB,77.13,0.0,77.13,False,completed
ORD003080,CUST02110,2024-06-26,organic,outerwear,GB,207.37,0.0,207.37,False,completed
ORD003081,CUST02111,2024-06-14,organic,outerwear,US,144.59,0.0,144.59,False,completed
ORD003082,CUST02111,2024-12-03,organic,bottoms,US,60.18,0.0,9.03,True,returned
ORD003083,CUST02112,2024-06-16,organic,accessories,GB,63.82,0.0,63.82,False,completed
ORD003084,CUST02113,2024-06-18,organic,bottoms,GB,102.68,0.0,102.68,False,completed
ORD003085,CUST02114,2024-06-12,organic,tops,GB,81.44,0.0,81.44,False,completed
ORD003086,CUST02114,2024-10-27,organic,bottoms,GB,67.03,0.0,67.03,False,completed
ORD003087,CUST02114,2024-08-04,organic,accessories,GB,48.41,0.0,48.41,False,completed
ORD003088,CUST02115,2024-06-20,organic,outerwear,GB,139.28,0.0,139.28,False,completed
ORD003089,CUST02115,2024-09-14,organic,tops,GB,74.12,0.0,74.12,False,completed
ORD003090,CUST02116,2024-06-15,organic,footwear,US,142.58,0.0,142.58,False,completed
ORD003091,CUST02117,2024-06-17,organic,outerwear,US,183.51,0.0,27.53,True,returned
ORD003092,CUST02117,2024-09-08,organic,bottoms,US,117.6,0.0,17.64,True,returned
ORD003093,CUST02118,2024-06-21,organic,footwear,US,90.62,0.0,90.62,False,completed
ORD003094,CUST02119,2024-06-09,organic,tops,GB,55.48,0.0,55.48,False,completed
ORD003095,CUST02119,2024-10-03,organic,outerwear,GB,220.76,0.0,220.76,False,completed
ORD003096,CUST02120,2024-07-01,organic,footwear,US,148.9,0.0,148.9,False,completed
ORD003097,CUST02120,2024-08-07,organic,footwear,US,97.81,0.0,14.67,True,returned
ORD003098,CUST02120,2024-09-22,organic,outerwear,US,162.03,0.0,162.03,False,completed
ORD003099,CUST02121,2024-06-06,organic,bottoms,GB,102.28,0.0,102.28,False,completed
ORD003100,CUST02122,2024-06-29,organic,outerwear,US,168.8,0.0,25.32,True,returned
ORD003101,CUST02122,2024-09-25,organic,outerwear,US,174.36,0.0,174.36,False,completed
ORD003102,CUST02123,2024-07-07,organic,accessories,GB,55.05,0.0,55.05,False,completed
ORD003103,CUST02123,2024-08-28,organic,tops,GB,67.18,0.0,67.18,False,completed
ORD003104,CUST02124,2024-06-03,organic,tops,GB,76.72,0.0,76.72,False,completed
ORD003105,CUST02124,2024-11-15,organic,bottoms,GB,89.49,0.0,89.49,False,completed
ORD003106,CUST02125,2024-06-24,organic,bottoms,FR,88.99,0.0,88.99,False,completed
ORD003107,CUST02126,2024-06-28,organic,bottoms,US,72.28,0.0,72.28,False,completed
ORD003108,CUST02127,2024-06-11,organic,footwear,AU,88.84,0.0,88.84,False,completed
ORD003109,CUST02128,2024-06-20,organic,tops,US,64.08,0.0,64.08,False,completed
ORD003110,CUST02128,2024-08-18,organic,tops,US,73.97,0.0,73.97,False,completed
ORD003111,CUST02129,2024-06-12,organic,outerwear,US,164.5,0.0,164.5,False,completed
ORD003112,CUST02130,2024-06-27,organic,tops,US,44.5,0.0,44.5,False,completed
ORD003113,CUST02131,2024-06-30,organic,bottoms,CA,59.81,0.0,59.81,False,completed
ORD003114,CUST02132,2024-06-19,organic,footwear,GB,124.15,0.0,124.15,False,completed
ORD003115,CUST02132,2024-07-08,organic,tops,GB,65.62,0.0,9.84,True,returned
ORD003116,CUST02133,2024-06-26,organic,footwear,US,90.85,0.0,90.85,False,completed
ORD003117,CUST02134,2024-06-24,organic,accessories,AU,54.87,0.0,8.23,True,returned
ORD003118,CUST02134,2024-12-12,organic,outerwear,AU,198.8,0.0,198.8,False,completed
ORD003119,CUST02135,2024-07-07,email,footwear,AU,127.98,0.0,127.98,False,completed
ORD003120,CUST02135,2024-07-19,email,bottoms,AU,100.66,0.0,100.66,False,completed
ORD003121,CUST02135,2024-10-11,email,outerwear,AU,159.79,0.0,159.79,False,completed
ORD003122,CUST02136,2024-06-12,email,tops,GB,77.8,0.0,77.8,False,completed
ORD003123,CUST02137,2024-06-25,email,bottoms,GB,104.5,0.0,15.67,True,returned
ORD003124,CUST02137,2024-10-06,email,accessories,GB,52.67,0.0,52.67,False,completed
ORD003125,CUST02138,2024-06-13,email,footwear,DE,140.01,0.0,140.01,False,completed
ORD003126,CUST02139,2024-06-29,email,bottoms,GB,104.96,0.0,104.96,False,completed
ORD003127,CUST02139,2024-08-05,email,accessories,GB,50.03,0.0,7.5,True,returned
ORD003128,CUST02140,2024-06-25,email,bottoms,US,101.0,0.0,101.0,False,completed
ORD003129,CUST02141,2024-06-26,email,tops,GB,78.12,0.0,78.12,False,completed
ORD003130,CUST02141,2024-12-11,email,bottoms,GB,113.39,0.0,113.39,False,completed
ORD003131,CUST02142,2024-06-26,email,bottoms,GB,105.32,0.0,105.32,False,completed
ORD003132,CUST02142,2024-11-12,email,outerwear,GB,202.1,0.0,30.31,True,returned
ORD003133,CUST02143,2024-06-09,email,outerwear,NL,169.84,0.0,169.84,False,completed
ORD003134,CUST02143,2024-12-27,email,bottoms,NL,122.82,0.0,122.82,False,completed
ORD003135,CUST02144,2024-06-08,email,accessories,US,65.48,0.0,65.48,False,completed
ORD003136,CUST02144,2024-11-22,email,tops,US,81.38,0.0,12.21,True,returned
ORD003137,CUST02144,2024-11-11,email,tops,US,64.37,0.0,64.37,False,completed
ORD003138,CUST02145,2024-06-09,email,outerwear,DE,208.34,0.0,208.34,False,completed
ORD003139,CUST02145,2024-10-24,email,bottoms,DE,103.32,0.0,103.32,False,completed
ORD003140,CUST02146,2024-07-03,email,footwear,AU,150.73,0.0,150.73,False,completed
ORD003141,CUST02146,2024-12-22,email,outerwear,AU,200.25,0.0,200.25,False,completed
ORD003142,CUST02147,2024-06-26,email,accessories,US,55.37,0.0,55.37,False,completed
ORD003143,CUST02147,2024-07-30,email,tops,US,76.67,0.0,76.67,False,completed
ORD003144,CUST02148,2024-06-27,email,outerwear,GB,146.64,0.0,146.64,False,completed
ORD003145,CUST02148,2024-10-21,email,outerwear,GB,151.47,0.0,151.47,False,completed
ORD003146,CUST02149,2024-06-14,email,accessories,US,41.56,0.0,41.56,False,completed
ORD003147,CUST02149,2024-08-27,email,tops,US,80.65,0.0,12.1,True,returned
ORD003148,CUST02150,2024-06-30,email,tops,US,53.12,0.0,53.12,False,completed
ORD003149,CUST02150,2024-11-21,email,bottoms,US,120.11,0.0,120.11,False,completed
ORD003150,CUST02150,2024-08-08,email,outerwear,US,129.12,0.0,129.12,False,completed
ORD003151,CUST02151,2024-06-19,email,tops,US,82.89,0.0,82.89,False,completed
ORD003152,CUST02152,2024-06-27,email,bottoms,GB,65.85,0.0,65.85,False,completed
ORD003153,CUST02153,2024-06-22,email,tops,DE,81.21,0.0,81.21,False,completed
ORD003154,CUST02154,2024-06-16,email,accessories,GB,44.16,0.0,6.62,True,returned
ORD003155,CUST02154,2024-11-15,email,accessories,GB,47.3,0.0,47.3,False,completed
ORD003156,CUST02154,2024-12-10,email,bottoms,GB,101.81,0.0,101.81,False,completed
ORD003157,CUST02155,2024-06-18,email,footwear,GB,126.77,0.0,126.77,False,completed
ORD003158,CUST02156,2024-06-27,email,accessories,GB,58.65,0.0,58.65,False,completed
ORD003159,CUST02157,2024-06-14,email,footwear,GB,103.38,0.0,103.38,False,completed
ORD003160,CUST02157,2024-10-24,email,bottoms,GB,69.36,0.0,69.36,False,completed
ORD003161,CUST02157,2024-11-24,email,tops,GB,84.45,0.0,84.45,False,completed
ORD003162,CUST02158,2024-06-07,email,tops,AU,47.04,0.0,47.04,False,completed
ORD003163,CUST02158,2024-09-23,email,bottoms,AU,92.54,0.0,92.54,False,completed
ORD003164,CUST02158,2024-10-31,email,accessories,AU,44.62,0.0,44.62,False,completed
ORD003165,CUST02159,2024-06-15,email,outerwear,US,168.36,0.0,168.36,False,completed
ORD003166,CUST02159,2024-09-23,email,tops,US,51.68,0.0,51.68,False,completed
ORD003167,CUST02159,2024-12-03,email,tops,US,46.97,0.0,46.97,False,completed
ORD003168,CUST02160,2024-06-14,email,accessories,US,46.07,0.0,46.07,False,completed
ORD003169,CUST02160,2024-12-19,email,bottoms,US,75.53,0.0,75.53,False,completed
ORD003170,CUST02160,2024-10-30,email,outerwear,US,203.74,0.0,203.74,False,completed
ORD003171,CUST02161,2024-06-11,email,accessories,GB,34.57,0.0,34.57,False,completed
ORD003172,CUST02162,2024-07-04,email,bottoms,DE,91.76,0.0,91.76,False,completed
ORD003173,CUST02162,2024-11-11,email,accessories,DE,57.11,0.0,57.11,False,completed
ORD003174,CUST02163,2024-06-13,email,outerwear,AU,142.75,0.0,142.75,False,completed
ORD003175,CUST02164,2024-07-01,email,outerwear,US,129.87,0.0,129.87,False,completed
ORD003176,CUST02164,2024-08-29,email,bottoms,US,102.62,0.0,102.62,False,completed
ORD003177,CUST02164,2024-09-06,email,footwear,US,95.25,0.0,95.25,False,completed
ORD003178,CUST02165,2024-06-07,email,bottoms,NL,120.75,0.0,120.75,False,completed
ORD003179,CUST02166,2024-06-28,email,accessories,US,33.99,0.0,33.99,False,completed
ORD003180,CUST02167,2024-06-23,email,accessories,GB,45.81,0.0,45.81,False,completed
ORD003181,CUST02167,2024-12-04,email,bottoms,GB,64.95,0.0,9.74,True,returned
ORD003182,CUST02168,2024-06-29,email,accessories,US,56.47,0.0,56.47,False,completed
ORD003183,CUST02168,2024-10-21,email,outerwear,US,174.22,0.0,174.22,False,completed
ORD003184,CUST02169,2024-06-17,email,bottoms,GB,110.37,0.0,110.37,False,completed
ORD003185,CUST02170,2024-07-03,email,outerwear,US,194.7,0.0,29.21,True,returned
ORD003186,CUST02170,2024-09-05,email,accessories,US,54.44,0.0,54.44,False,completed
ORD003187,CUST02171,2024-06-20,email,tops,GB,80.65,0.0,80.65,False,completed
ORD003188,CUST02171,2024-12-11,email,bottoms,GB,111.81,0.0,111.81,False,completed
ORD003189,CUST02172,2024-07-04,email,tops,FR,84.16,0.0,84.16,False,completed
ORD003190,CUST02172,2024-12-04,email,bottoms,FR,108.96,0.0,108.96,False,completed
ORD003191,CUST02173,2024-06-27,email,footwear,CA,163.19,0.0,163.19,False,completed
ORD003192,CUST02174,2024-06-17,referral,footwear,GB,125.74,0.0,18.86,True,returned
ORD003193,CUST02174,2024-07-31,referral,footwear,GB,81.87,0.0,81.87,False,completed
ORD003194,CUST02175,2024-06-04,referral,accessories,US,56.21,0.0,56.21,False,completed
ORD003195,CUST02176,2024-06-03,referral,tops,US,53.92,0.0,53.92,False,completed
ORD003196,CUST02176,2024-07-01,referral,accessories,US,49.5,0.0,49.5,False,completed
ORD003197,CUST02177,2024-07-08,referral,tops,FR,40.44,0.0,40.44,False,completed
ORD003198,CUST02177,2024-08-15,referral,footwear,FR,107.57,0.0,107.57,False,completed
ORD003199,CUST02178,2024-06-13,referral,footwear,GB,81.52,0.0,81.52,False,completed
ORD003200,CUST02179,2024-06-20,referral,tops,CA,71.08,0.0,10.66,True,returned
ORD003201,CUST02179,2024-07-31,referral,outerwear,CA,127.62,0.0,127.62,False,completed
ORD003202,CUST02180,2024-06-25,referral,tops,US,61.71,0.0,61.71,False,completed
ORD003203,CUST02181,2024-06-11,referral,tops,FR,42.7,0.0,42.7,False,completed
ORD003204,CUST02182,2024-06-05,referral,accessories,US,52.14,0.0,52.14,False,completed
ORD003205,CUST02183,2024-07-04,meta,bottoms,NL,82.85,11.24,71.61,False,completed
ORD003206,CUST02184,2024-07-24,meta,tops,AU,39.41,0.0,39.41,False,completed
ORD003207,CUST02184,2024-10-08,meta,bottoms,AU,80.65,0.0,80.65,False,completed
ORD003208,CUST02184,2024-11-21,meta,accessories,AU,46.2,0.0,6.93,True,returned
ORD003209,CUST02185,2024-07-14,meta,tops,GB,55.99,6.92,49.07,False,completed
ORD003210,CUST02186,2024-07-07,meta,accessories,GB,44.51,5.33,39.18,False,completed
ORD003211,CUST02187,2024-07-06,meta,bottoms,GB,52.36,0.0,52.36,False,completed
ORD003212,CUST02188,2024-08-09,meta,accessories,GB,39.54,0.0,5.93,True,returned
ORD003213,CUST02189,2024-07-25,meta,tops,GB,46.31,0.0,46.31,False,completed
ORD003214,CUST02190,2024-07-19,meta,accessories,AU,30.03,6.04,23.99,False,completed
ORD003215,CUST02190,2024-09-30,meta,tops,AU,52.28,0.0,7.84,True,returned
ORD003216,CUST02191,2024-07-25,meta,accessories,US,43.92,0.0,43.92,False,completed
ORD003217,CUST02192,2024-07-11,meta,tops,GB,52.38,0.0,7.86,True,returned
ORD003218,CUST02193,2024-08-02,meta,outerwear,US,111.07,0.0,111.07,False,completed
ORD003219,CUST02194,2024-07-11,meta,bottoms,GB,58.9,0.0,58.9,False,completed
ORD003220,CUST02194,2024-10-27,meta,accessories,GB,26.99,4.03,0.02,True,returned
ORD003221,CUST02195,2024-08-08,meta,outerwear,FR,157.8,0.0,23.67,True,returned
ORD003222,CUST02196,2024-08-03,meta,accessories,GB,26.6,6.06,-2.07,True,returned
ORD003223,CUST02197,2024-07-24,meta,bottoms,US,64.97,0.0,9.75,True,returned
ORD003224,CUST02198,2024-07-18,meta,accessories,GB,38.08,0.0,5.71,True,returned
ORD003225,CUST02199,2024-07-13,meta,bottoms,GB,55.92,0.0,55.92,False,completed
ORD003226,CUST02200,2024-07-28,meta,tops,CA,47.85,0.0,47.85,False,completed
ORD003227,CUST02201,2024-07-19,meta,bottoms,US,70.11,8.79,61.32,False,completed
ORD003228,CUST02202,2024-07-18,meta,tops,US,53.07,11.53,-3.57,True,returned
ORD003229,CUST02203,2024-07-18,meta,bottoms,US,74.24,8.12,66.12,False,completed
ORD003230,CUST02203,2024-09-22,meta,accessories,US,46.37,5.35,41.02,False,completed
ORD003231,CUST02204,2024-07-27,meta,tops,US,39.26,0.0,39.26,False,completed
ORD003232,CUST02204,2024-10-05,meta,bottoms,US,71.71,0.0,71.71,False,completed
ORD003233,CUST02205,2024-07-07,meta,footwear,GB,87.15,0.0,87.15,False,completed
ORD003234,CUST02205,2024-08-28,meta,tops,GB,54.91,0.0,54.91,False,completed
ORD003235,CUST02206,2024-07-31,meta,bottoms,GB,46.59,0.0,46.59,False,completed
ORD003236,CUST02206,2024-12-30,meta,tops,GB,60.85,10.67,50.18,False,completed
ORD003237,CUST02206,2024-12-30,meta,outerwear,GB,105.57,24.98,-9.14,True,returned
ORD003238,CUST02207,2024-07-23,meta,bottoms,FR,51.21,0.0,51.21,False,completed
ORD003239,CUST02208,2024-07-15,meta,bottoms,DE,61.16,0.0,9.17,True,returned
ORD003240,CUST02209,2024-08-04,meta,accessories,DE,39.7,0.0,39.7,False,completed
ORD003241,CUST02210,2024-08-11,meta,footwear,GB,94.63,10.71,83.92,False,completed
ORD003242,CUST02210,2024-10-24,meta,bottoms,GB,77.9,9.05,2.64,True,returned
ORD003243,CUST02210,2024-09-22,meta,tops,GB,35.55,7.33,-2.0,True,returned
ORD003244,CUST02211,2024-07-13,meta,outerwear,GB,158.34,0.0,158.34,False,completed
ORD003245,CUST02212,2024-07-25,meta,outerwear,GB,154.18,0.0,154.18,False,completed
ORD003246,CUST02213,2024-07-12,meta,outerwear,DE,131.78,31.74,100.04,False,completed
ORD003247,CUST02214,2024-07-21,meta,accessories,GB,34.09,0.0,5.11,True,returned
ORD003248,CUST02215,2024-07-22,meta,outerwear,GB,125.96,0.0,18.89,True,returned
ORD003249,CUST02215,2024-09-08,meta,tops,GB,53.33,7.56,45.77,False,completed
ORD003250,CUST02216,2024-07-11,meta,bottoms,US,81.69,0.0,12.25,True,returned
ORD003251,CUST02217,2024-07-22,meta,accessories,GB,38.06,7.2,30.86,False,completed
ORD003252,CUST02218,2024-07-19,meta,tops,GB,51.81,0.0,51.81,False,completed
ORD003253,CUST02219,2024-08-11,meta,tops,NL,42.48,10.19,32.29,False,completed
ORD003254,CUST02220,2024-07-08,meta,footwear,CA,96.03,21.28,74.75,False,completed
ORD003255,CUST02221,2024-07-20,meta,bottoms,GB,73.09,17.63,-6.67,True,returned
ORD003256,CUST02222,2024-07-13,meta,accessories,DE,46.14,11.22,34.92,False,completed
ORD003257,CUST02223,2024-08-06,meta,outerwear,GB,147.52,0.0,22.13,True,returned
ORD003258,CUST02224,2024-07-15,meta,tops,GB,34.86,6.96,27.9,False,completed
ORD003259,CUST02225,2024-07-08,meta,tops,GB,47.74,0.0,7.16,True,returned
ORD003260,CUST02226,2024-07-24,meta,tops,DE,52.23,8.25,43.98,False,completed
ORD003261,CUST02227,2024-07-21,meta,bottoms,NL,65.94,0.0,9.89,True,returned
ORD003262,CUST02228,2024-07-30,meta,bottoms,GB,55.01,0.0,55.01,False,completed
ORD003263,CUST02229,2024-07-18,meta,outerwear,NL,156.13,0.0,156.13,False,completed
ORD003264,CUST02230,2024-07-13,meta,accessories,GB,34.76,0.0,34.76,False,completed
ORD003265,CUST02231,2024-07-18,meta,bottoms,GB,81.76,17.36,-5.1,True,returned
ORD003266,CUST02232,2024-07-25,meta,outerwear,GB,158.36,0.0,23.75,True,returned
ORD003267,CUST02233,2024-07-16,meta,bottoms,NL,60.45,0.0,9.07,True,returned
ORD003268,CUST02233,2024-10-03,meta,tops,NL,38.29,5.51,0.23,True,returned
ORD003269,CUST02234,2024-08-07,meta,bottoms,GB,55.25,0.0,55.25,False,completed
ORD003270,CUST02235,2024-07-22,meta,bottoms,GB,72.12,0.0,10.82,True,returned
ORD003271,CUST02236,2024-07-07,meta,accessories,AU,33.53,4.95,28.58,False,completed
ORD003272,CUST02237,2024-07-18,meta,tops,DE,33.28,4.25,0.74,True,returned
ORD003273,CUST02237,2024-08-31,meta,outerwear,DE,122.46,0.0,122.46,False,completed
ORD003274,CUST02238,2024-08-03,meta,tops,GB,45.59,0.0,45.59,False,completed
ORD003275,CUST02239,2024-07-28,meta,tops,US,47.37,11.71,-4.6,True,returned
ORD003276,CUST02239,2024-11-15,meta,outerwear,US,87.92,13.59,74.33,False,completed
ORD003277,CUST02240,2024-07-10,meta,bottoms,GB,59.65,0.0,59.65,False,completed
ORD003278,CUST02241,2024-08-02,meta,outerwear,DE,144.16,0.0,144.16,False,completed
ORD003279,CUST02241,2024-10-13,meta,accessories,DE,35.06,6.77,28.29,False,completed
ORD003280,CUST02242,2024-07-25,meta,accessories,GB,28.93,0.0,28.93,False,completed
ORD003281,CUST02243,2024-08-05,meta,footwear,US,61.58,0.0,61.58,False,completed
ORD003282,CUST02244,2024-07-19,meta,tops,AU,31.83,0.0,4.77,True,returned
ORD003283,CUST02245,2024-07-15,meta,tops,US,47.42,11.4,36.02,False,completed
ORD003284,CUST02246,2024-07-23,meta,tops,AU,44.28,6.31,37.97,False,completed
ORD003285,CUST02246,2024-08-21,meta,outerwear,AU,117.79,19.09,-1.42,True,returned
ORD003286,CUST02247,2024-07-28,meta,accessories,GB,27.98,4.53,-0.33,True,returned
ORD003287,CUST02248,2024-07-19,meta,tops,FR,53.94,8.13,-0.04,True,returned
ORD003288,CUST02249,2024-07-25,meta,accessories,US,39.85,0.0,39.85,False,completed
ORD003289,CUST02250,2024-08-01,meta,bottoms,GB,58.08,0.0,8.71,True,returned
ORD003290,CUST02251,2024-07-31,meta,bottoms,US,46.04,11.21,34.83,False,completed
ORD003291,CUST02252,2024-07-24,meta,tops,US,46.59,0.0,46.59,False,completed
ORD003292,CUST02252,2024-12-15,meta,outerwear,US,147.71,32.4,115.31,False,completed
ORD003293,CUST02253,2024-07-21,meta,accessories,GB,45.67,0.0,6.85,True,returned
ORD003294,CUST02254,2024-07-15,meta,outerwear,US,138.79,0.0,138.79,False,completed
ORD003295,CUST02255,2024-07-15,meta,accessories,US,45.13,10.34,34.79,False,completed
ORD003296,CUST02256,2024-07-20,meta,tops,AU,38.91,8.27,30.64,False,completed
ORD003297,CUST02257,2024-07-22,meta,outerwear,NL,128.4,14.17,5.09,True,returned
ORD003298,CUST02257,2024-12-26,meta,outerwear,NL,86.89,0.0,86.89,False,completed
ORD003299,CUST02258,2024-07-13,meta,tops,GB,49.17,7.61,-0.23,True,returned
ORD003300,CUST02259,2024-08-06,meta,tops,GB,37.89,0.0,37.89,False,completed
ORD003301,CUST02260,2024-07-23,meta,tops,GB,52.04,0.0,7.81,True,returned
ORD003302,CUST02261,2024-07-16,meta,tops,DE,54.19,0.0,8.13,True,returned
ORD003303,CUST02262,2024-07-30,meta,tops,NL,44.75,0.0,44.75,False,completed
ORD003304,CUST02263,2024-07-17,meta,accessories,GB,31.92,0.0,31.92,False,completed
ORD003305,CUST02264,2024-07-25,meta,accessories,NL,45.71,0.0,45.71,False,completed
ORD003306,CUST02265,2024-08-02,meta,outerwear,DE,150.7,0.0,150.7,False,completed
ORD003307,CUST02266,2024-07-30,meta,bottoms,GB,59.87,0.0,8.98,True,returned
ORD003308,CUST02267,2024-08-06,meta,tops,GB,53.96,8.21,-0.12,True,returned
ORD003309,CUST02268,2024-07-25,meta,accessories,GB,38.24,7.56,30.68,False,completed
ORD003310,CUST02269,2024-07-21,meta,footwear,AU,84.2,16.03,68.17,False,completed
ORD003311,CUST02270,2024-07-28,meta,tops,GB,41.32,0.0,41.32,False,completed
ORD003312,CUST02270,2024-10-12,meta,accessories,GB,47.1,10.65,36.45,False,completed
ORD003313,CUST02271,2024-08-09,meta,accessories,GB,47.37,6.59,40.78,False,completed
ORD003314,CUST02272,2024-07-29,meta,bottoms,AU,83.13,20.06,63.07,False,completed
ORD003315,CUST02273,2024-07-03,meta,outerwear,US,148.41,0.0,148.41,False,completed
ORD003316,CUST02274,2024-07-26,meta,accessories,GB,43.29,0.0,6.49,True,returned
ORD003317,CUST02274,2024-11-08,meta,accessories,GB,24.28,0.0,3.64,True,returned
ORD003318,CUST02274,2024-09-12,meta,bottoms,GB,44.34,0.0,44.34,False,completed
ORD003319,CUST02275,2024-07-20,meta,accessories,FR,25.4,3.29,22.11,False,completed
ORD003320,CUST02275,2024-08-30,meta,bottoms,FR,62.15,14.88,-5.56,True,returned
ORD003321,CUST02276,2024-07-28,meta,bottoms,US,80.59,0.0,80.59,False,completed
ORD003322,CUST02276,2024-08-16,meta,tops,US,48.61,5.8,1.49,True,returned
ORD003323,CUST02277,2024-07-09,meta,outerwear,GB,116.43,0.0,116.43,False,completed
ORD003324,CUST02277,2024-10-07,meta,bottoms,GB,45.45,6.71,38.74,False,completed
ORD003325,CUST02277,2024-11-14,meta,bottoms,GB,74.94,14.16,60.78,False,completed
ORD003326,CUST02278,2024-07-28,meta,bottoms,US,80.27,0.0,80.27,False,completed
ORD003327,CUST02279,2024-07-24,meta,accessories,GB,41.16,0.0,41.16,False,completed
ORD003328,CUST02280,2024-07-10,meta,outerwear,US,145.45,15.61,129.84,False,completed
ORD003329,CUST02281,2024-08-03,meta,bottoms,GB,55.94,0.0,55.94,False,completed
ORD003330,CUST02282,2024-07-19,meta,bottoms,GB,49.53,10.35,-2.92,True,returned
ORD003331,CUST02283,2024-08-06,meta,footwear,GB,78.47,18.01,60.46,False,completed
ORD003332,CUST02284,2024-07-10,meta,outerwear,GB,106.64,20.33,86.31,False,completed
ORD003333,CUST02285,2024-07-22,meta,tops,GB,35.02,4.55,0.7,True,returned
ORD003334,CUST02286,2024-07-21,meta,bottoms,DE,69.74,0.0,10.46,True,returned
ORD003335,CUST02287,2024-07-25,meta,outerwear,GB,160.11,21.75,138.36,False,completed
ORD003336,CUST02288,2024-07-10,meta,tops,GB,47.59,9.34,38.25,False,completed
ORD003337,CUST02289,2024-07-31,meta,accessories,GB,41.02,6.13,34.89,False,completed
ORD003338,CUST02290,2024-07-17,meta,outerwear,US,85.95,15.67,70.28,False,completed
ORD003339,CUST02291,2024-07-15,meta,bottoms,US,49.23,11.23,38.0,False,completed
ORD003340,CUST02292,2024-07-14,meta,outerwear,AU,91.57,0.0,13.74,True,returned
ORD003341,CUST02293,2024-07-24,meta,outerwear,FR,88.35,0.0,88.35,False,completed
ORD003342,CUST02293,2024-10-09,meta,footwear,FR,61.69,0.0,9.25,True,returned
ORD003343,CUST02294,2024-07-18,meta,bottoms,US,77.71,19.02,58.69,False,completed
ORD003344,CUST02295,2024-08-10,meta,outerwear,GB,145.33,0.0,145.33,False,completed
ORD003345,CUST02296,2024-07-17,meta,outerwear,GB,98.87,13.56,85.31,False,completed
ORD003346,CUST02297,2024-07-23,meta,tops,GB,40.71,0.0,40.71,False,completed
ORD003347,CUST02297,2024-09-02,meta,accessories,GB,34.73,3.65,1.56,True,returned
ORD003348,CUST02298,2024-08-08,meta,outerwear,FR,151.34,24.62,126.72,False,completed
ORD003349,CUST02298,2024-12-10,meta,tops,FR,36.7,0.0,5.51,True,returned
ORD003350,CUST02299,2024-08-08,meta,footwear,AU,110.56,17.69,92.87,False,completed
ORD003351,CUST02299,2024-10-03,meta,tops,AU,58.84,12.96,45.88,False,completed
ORD003352,CUST02300,2024-07-24,meta,tops,US,35.06,0.0,35.06,False,completed
ORD003353,CUST02301,2024-07-18,meta,bottoms,US,81.39,0.0,12.21,True,returned
ORD003354,CUST02302,2024-07-29,meta,accessories,DE,35.82,0.0,35.82,False,completed
ORD003355,CUST02303,2024-07-21,meta,tops,US,35.36,0.0,35.36,False,completed
ORD003356,CUST02304,2024-07-31,meta,footwear,GB,80.84,0.0,80.84,False,completed
ORD003357,CUST02305,2024-07-24,meta,tops,US,40.54,0.0,40.54,False,completed
ORD003358,CUST02305,2024-10-04,meta,bottoms,US,61.69,0.0,61.69,False,completed
ORD003359,CUST02306,2024-08-03,meta,accessories,GB,44.72,10.05,-3.34,True,returned
ORD003360,CUST02306,2024-10-15,meta,footwear,GB,78.57,9.95,68.62,False,completed
ORD003361,CUST02307,2024-07-17,meta,bottoms,AU,55.28,0.0,55.28,False,completed
ORD003362,CUST02308,2024-07-20,meta,outerwear,AU,81.92,13.66,68.26,False,completed
ORD003363,CUST02309,2024-07-09,google,tops,DE,49.79,0.0,7.47,True,returned
ORD003364,CUST02309,2024-12-21,google,outerwear,DE,128.69,0.0,128.69,False,completed
ORD003365,CUST02310,2024-07-25,google,outerwear,US,100.86,0.0,15.13,True,returned
ORD003366,CUST02311,2024-07-31,google,bottoms,GB,103.23,0.0,15.48,True,returned
ORD003367,CUST02311,2024-11-22,google,footwear,GB,97.74,0.0,97.74,False,completed
ORD003368,CUST02312,2024-07-26,google,tops,FR,63.45,0.0,9.52,True,returned
ORD003369,CUST02313,2024-07-24,google,tops,US,58.79,0.0,58.79,False,completed
ORD003370,CUST02314,2024-07-20,google,bottoms,US,99.08,0.0,99.08,False,completed
ORD003371,CUST02315,2024-07-04,google,bottoms,GB,101.62,0.0,101.62,False,completed
ORD003372,CUST02316,2024-07-24,google,outerwear,GB,137.74,0.0,137.74,False,completed
ORD003373,CUST02317,2024-07-13,google,bottoms,US,102.99,0.0,102.99,False,completed
ORD003374,CUST02317,2024-08-07,google,bottoms,US,74.42,0.0,74.42,False,completed
ORD003375,CUST02318,2024-07-15,google,bottoms,GB,83.86,0.0,83.86,False,completed
ORD003376,CUST02319,2024-07-29,google,tops,DE,38.14,0.0,38.14,False,completed
ORD003377,CUST02319,2024-12-21,google,accessories,DE,44.59,0.0,44.59,False,completed
ORD003378,CUST02320,2024-07-26,google,outerwear,US,105.85,0.0,105.85,False,completed
ORD003379,CUST02320,2024-11-26,google,outerwear,US,154.33,0.0,154.33,False,completed
ORD003380,CUST02321,2024-08-02,google,tops,DE,39.03,0.0,39.03,False,completed
ORD003381,CUST02322,2024-07-16,google,footwear,US,113.84,0.0,113.84,False,completed
ORD003382,CUST02322,2024-09-15,google,accessories,US,39.54,0.0,39.54,False,completed
ORD003383,CUST02322,2024-08-14,google,accessories,US,50.98,0.0,7.65,True,returned
ORD003384,CUST02323,2024-07-09,google,tops,GB,58.29,0.0,58.29,False,completed
ORD003385,CUST02324,2024-08-06,google,bottoms,GB,102.94,0.0,102.94,False,completed
ORD003386,CUST02325,2024-07-16,google,bottoms,US,67.46,0.0,10.12,True,returned
ORD003387,CUST02326,2024-07-20,google,tops,GB,64.77,0.0,9.72,True,returned
ORD003388,CUST02327,2024-07-25,google,accessories,GB,37.15,0.0,37.15,False,completed
ORD003389,CUST02327,2024-08-17,google,footwear,GB,94.48,0.0,94.48,False,completed
ORD003390,CUST02328,2024-07-12,google,footwear,GB,141.6,0.0,141.6,False,completed
ORD003391,CUST02328,2024-08-22,google,outerwear,GB,149.74,0.0,22.46,True,returned
ORD003392,CUST02329,2024-07-30,google,tops,GB,47.33,0.0,7.1,True,returned
ORD003393,CUST02330,2024-08-04,google,accessories,US,42.94,0.0,42.94,False,completed
ORD003394,CUST02331,2024-07-26,google,tops,DE,45.03,0.0,45.03,False,completed
ORD003395,CUST02331,2024-08-05,google,outerwear,DE,110.16,0.0,110.16,False,completed
ORD003396,CUST02331,2024-12-23,google,footwear,DE,100.41,0.0,100.41,False,completed
ORD003397,CUST02332,2024-07-04,google,outerwear,US,191.91,0.0,191.91,False,completed
ORD003398,CUST02333,2024-07-26,google,tops,FR,66.06,0.0,66.06,False,completed
ORD003399,CUST02333,2024-09-21,google,tops,FR,55.33,0.0,55.33,False,completed
ORD003400,CUST02333,2024-08-10,google,accessories,FR,41.27,0.0,6.19,True,returned
ORD003401,CUST02334,2024-07-23,google,outerwear,NL,156.91,0.0,156.91,False,completed
ORD003402,CUST02334,2024-11-25,google,accessories,NL,41.82,0.0,41.82,False,completed
ORD003403,CUST02335,2024-07-14,google,footwear,GB,93.77,0.0,93.77,False,completed
ORD003404,CUST02335,2024-12-03,google,accessories,GB,52.22,0.0,52.22,False,completed
ORD003405,CUST02335,2024-08-15,google,tops,GB,52.16,0.0,52.16,False,completed
ORD003406,CUST02336,2024-07-02,google,tops,GB,65.97,0.0,65.97,False,completed
ORD003407,CUST02336,2024-12-16,google,bottoms,GB,55.8,0.0,55.8,False,completed
ORD003408,CUST02337,2024-07-15,google,footwear,GB,82.41,0.0,82.41,False,completed
ORD003409,CUST02337,2024-12-22,google,footwear,GB,96.82,0.0,96.82,False,completed
ORD003410,CUST02338,2024-07-10,google,bottoms,DE,94.16,0.0,94.16,False,completed
ORD003411,CUST02339,2024-07-26,google,outerwear,US,142.6,0.0,142.6,False,completed
ORD003412,CUST02340,2024-07-21,google,outerwear,US,126.63,0.0,126.63,False,completed
ORD003413,CUST02340,2024-11-15,google,outerwear,US,173.27,0.0,173.27,False,completed
ORD003414,CUST02341,2024-07-24,google,tops,NL,49.73,0.0,49.73,False,completed
ORD003415,CUST02341,2024-12-03,google,outerwear,NL,170.6,0.0,170.6,False,completed
ORD003416,CUST02341,2024-11-29,google,bottoms,NL,53.11,0.0,53.11,False,completed
ORD003417,CUST02342,2024-07-21,google,tops,GB,59.43,0.0,59.43,False,completed
ORD003418,CUST02342,2024-11-01,google,accessories,GB,34.47,0.0,34.47,False,completed
ORD003419,CUST02343,2024-07-11,google,tops,US,38.9,0.0,38.9,False,completed
ORD003420,CUST02344,2024-07-05,google,outerwear,US,158.48,0.0,158.48,False,completed
ORD003421,CUST02345,2024-07-12,google,outerwear,US,129.23,0.0,129.23,False,completed
ORD003422,CUST02346,2024-07-11,google,bottoms,GB,71.5,0.0,71.5,False,completed
ORD003423,CUST02346,2024-11-10,google,footwear,GB,136.97,0.0,136.97,False,completed
ORD003424,CUST02346,2024-11-30,google,outerwear,GB,154.75,0.0,154.75,False,completed
ORD003425,CUST02347,2024-07-26,google,bottoms,GB,78.24,0.0,78.24,False,completed
ORD003426,CUST02348,2024-07-21,google,tops,GB,69.64,0.0,69.64,False,completed
ORD003427,CUST02349,2024-07-13,google,tops,DE,64.12,0.0,64.12,False,completed
ORD003428,CUST02349,2024-09-12,google,outerwear,DE,122.68,0.0,122.68,False,completed
ORD003429,CUST02349,2024-09-29,google,outerwear,DE,128.32,0.0,128.32,False,completed
ORD003430,CUST02350,2024-07-17,google,outerwear,CA,167.28,0.0,167.28,False,completed
ORD003431,CUST02350,2024-10-04,google,tops,CA,56.95,0.0,56.95,False,completed
ORD003432,CUST02351,2024-07-21,google,footwear,DE,122.69,0.0,122.69,False,completed
ORD003433,CUST02351,2024-08-08,google,outerwear,DE,143.8,0.0,143.8,False,completed
ORD003434,CUST02352,2024-07-27,google,tops,GB,63.23,0.0,63.23,False,completed
ORD003435,CUST02352,2024-08-02,google,footwear,GB,96.13,0.0,14.42,True,returned
ORD003436,CUST02353,2024-07-29,google,bottoms,GB,99.92,0.0,99.92,False,completed
ORD003437,CUST02354,2024-08-02,google,bottoms,NL,88.51,0.0,88.51,False,completed
ORD003438,CUST02355,2024-07-30,google,accessories,US,54.82,0.0,54.82,False,completed
ORD003439,CUST02355,2024-09-10,google,accessories,US,51.13,0.0,51.13,False,completed
ORD003440,CUST02356,2024-08-07,google,tops,US,54.57,0.0,54.57,False,completed
ORD003441,CUST02356,2024-11-19,google,accessories,US,46.31,0.0,46.31,False,completed
ORD003442,CUST02357,2024-07-19,google,outerwear,GB,167.21,0.0,167.21,False,completed
ORD003443,CUST02358,2024-07-18,google,footwear,GB,80.64,0.0,80.64,False,completed
ORD003444,CUST02359,2024-07-19,google,footwear,US,102.46,0.0,102.46,False,completed
ORD003445,CUST02360,2024-07-12,google,tops,US,47.01,0.0,47.01,False,completed
ORD003446,CUST02361,2024-07-12,google,accessories,GB,55.9,0.0,55.9,False,completed
ORD003447,CUST02362,2024-07-07,google,tops,GB,51.55,0.0,51.55,False,completed
ORD003448,CUST02363,2024-07-22,google,outerwear,GB,98.53,0.0,98.53,False,completed
ORD003449,CUST02363,2024-11-11,google,tops,GB,64.84,0.0,64.84,False,completed
ORD003450,CUST02364,2024-07-15,google,footwear,US,123.5,0.0,123.5,False,completed
ORD003451,CUST02365,2024-07-18,google,tops,FR,41.51,0.0,6.23,True,returned
ORD003452,CUST02365,2024-09-17,google,tops,FR,39.14,0.0,5.87,True,returned
ORD003453,CUST02365,2024-11-07,google,tops,FR,51.22,0.0,51.22,False,completed
ORD003454,CUST02366,2024-07-29,google,bottoms,GB,93.21,0.0,93.21,False,completed
ORD003455,CUST02367,2024-08-02,google,outerwear,GB,151.1,0.0,151.1,False,completed
ORD003456,CUST02367,2024-08-13,google,tops,GB,40.62,0.0,6.09,True,returned
ORD003457,CUST02368,2024-07-18,google,outerwear,US,120.56,0.0,120.56,False,completed
ORD003458,CUST02369,2024-07-29,google,tops,GB,50.81,0.0,7.62,True,returned
ORD003459,CUST02370,2024-07-01,google,tops,GB,50.22,0.0,7.53,True,returned
ORD003460,CUST02371,2024-07-06,google,tops,CA,44.44,0.0,44.44,False,completed
ORD003461,CUST02371,2024-12-10,google,bottoms,CA,67.78,0.0,10.17,True,returned
ORD003462,CUST02372,2024-07-10,google,outerwear,NL,108.28,0.0,108.28,False,completed
ORD003463,CUST02373,2024-07-15,google,accessories,GB,55.87,0.0,55.87,False,completed
ORD003464,CUST02373,2024-11-24,google,tops,GB,49.6,0.0,49.6,False,completed
ORD003465,CUST02373,2024-12-05,google,bottoms,GB,91.74,0.0,91.74,False,completed
ORD003466,CUST02374,2024-07-25,google,bottoms,US,80.79,0.0,80.79,False,completed
ORD003467,CUST02375,2024-08-02,google,bottoms,GB,74.77,0.0,74.77,False,completed
ORD003468,CUST02376,2024-07-24,google,bottoms,US,86.13,0.0,12.92,True,returned
ORD003469,CUST02377,2024-07-28,google,tops,GB,70.95,0.0,70.95,False,completed
ORD003470,CUST02378,2024-07-13,google,tops,GB,54.24,0.0,54.24,False,completed
ORD003471,CUST02379,2024-07-06,google,outerwear,CA,126.63,0.0,126.63,False,completed
ORD003472,CUST02380,2024-08-01,google,accessories,US,30.37,0.0,30.37,False,completed
ORD003473,CUST02381,2024-07-27,google,tops,US,55.39,0.0,55.39,False,completed
ORD003474,CUST02382,2024-07-17,google,accessories,FR,48.38,0.0,7.26,True,returned
ORD003475,CUST02383,2024-07-03,google,bottoms,FR,77.19,0.0,77.19,False,completed
ORD003476,CUST02383,2024-09-18,google,outerwear,FR,183.09,0.0,27.46,True,returned
ORD003477,CUST02384,2024-07-12,google,tops,FR,50.09,0.0,50.09,False,completed
ORD003478,CUST02384,2024-09-28,google,footwear,FR,131.56,0.0,131.56,False,completed
ORD003479,CUST02384,2024-12-15,google,tops,FR,42.58,0.0,6.39,True,returned
ORD003480,CUST02385,2024-08-04,google,tops,US,50.78,0.0,50.78,False,completed
ORD003481,CUST02386,2024-07-24,google,tops,US,71.18,0.0,71.18,False,completed
ORD003482,CUST02386,2024-11-28,google,tops,US,48.78,0.0,48.78,False,completed
ORD003483,CUST02387,2024-07-27,google,tops,GB,68.23,0.0,68.23,False,completed
ORD003484,CUST02387,2024-12-11,google,bottoms,GB,69.5,0.0,69.5,False,completed
ORD003485,CUST02388,2024-07-10,google,footwear,GB,133.16,0.0,133.16,False,completed
ORD003486,CUST02389,2024-07-22,google,outerwear,GB,161.04,0.0,161.04,False,completed
ORD003487,CUST02389,2024-12-07,google,footwear,GB,134.97,0.0,134.97,False,completed
ORD003488,CUST02389,2024-12-27,google,outerwear,GB,180.17,0.0,180.17,False,completed
ORD003489,CUST02390,2024-07-04,google,footwear,GB,129.53,0.0,129.53,False,completed
ORD003490,CUST02390,2024-07-22,google,outerwear,GB,139.73,0.0,20.96,True,returned
ORD003491,CUST02390,2024-11-22,google,tops,GB,45.98,0.0,45.98,False,completed
ORD003492,CUST02391,2024-08-05,google,accessories,US,29.91,0.0,4.49,True,returned
ORD003493,CUST02392,2024-07-29,google,tops,CA,51.97,0.0,51.97,False,completed
ORD003494,CUST02393,2024-07-19,google,accessories,US,35.83,0.0,35.83,False,completed
ORD003495,CUST02394,2024-07-27,google,outerwear,AU,135.25,0.0,20.29,True,returned
ORD003496,CUST02395,2024-07-25,google,tops,NL,51.6,0.0,51.6,False,completed
ORD003497,CUST02396,2024-07-22,google,tops,FR,45.32,0.0,45.32,False,completed
ORD003498,CUST02397,2024-07-19,google,accessories,US,55.43,0.0,55.43,False,completed
ORD003499,CUST02398,2024-07-18,google,tops,DE,41.65,0.0,41.65,False,completed
ORD003500,CUST02399,2024-07-27,google,outerwear,DE,117.52,0.0,117.52,False,completed
ORD003501,CUST02400,2024-07-27,google,bottoms,GB,71.56,0.0,71.56,False,completed
ORD003502,CUST02401,2024-07-13,google,outerwear,DE,120.61,0.0,120.61,False,completed
ORD003503,CUST02402,2024-07-18,google,outerwear,US,101.48,0.0,101.48,False,completed
ORD003504,CUST02402,2024-09-10,google,bottoms,US,57.26,0.0,57.26,False,completed
ORD003505,CUST02403,2024-07-25,google,footwear,GB,113.29,0.0,113.29,False,completed
ORD003506,CUST02403,2024-11-16,google,tops,GB,52.82,0.0,52.82,False,completed
ORD003507,CUST02404,2024-07-03,google,footwear,GB,120.97,0.0,18.15,True,returned
ORD003508,CUST02405,2024-07-26,google,tops,US,44.91,0.0,44.91,False,completed
ORD003509,CUST02406,2024-08-04,google,accessories,NL,30.71,0.0,30.71,False,completed
ORD003510,CUST02406,2024-09-11,google,bottoms,NL,82.92,0.0,82.92,False,completed
ORD003511,CUST02406,2024-11-10,google,tops,NL,44.85,0.0,44.85,False,completed
ORD003512,CUST02407,2024-07-15,google,tops,FR,66.34,0.0,66.34,False,completed
ORD003513,CUST02407,2024-10-06,google,accessories,FR,41.13,0.0,6.17,True,returned
ORD003514,CUST02408,2024-07-23,google,tops,US,40.97,0.0,6.15,True,returned
ORD003515,CUST02408,2024-12-03,google,outerwear,US,115.73,0.0,17.36,True,returned
ORD003516,CUST02409,2024-07-31,google,outerwear,GB,106.9,0.0,106.9,False,completed
ORD003517,CUST02410,2024-07-08,google,tops,GB,36.42,0.0,5.46,True,returned
ORD003518,CUST02410,2024-12-10,google,bottoms,GB,82.32,0.0,12.35,True,returned
ORD003519,CUST02410,2024-07-26,google,bottoms,GB,58.69,0.0,8.8,True,returned
ORD003520,CUST02411,2024-07-20,tiktok,tops,DE,53.7,13.31,40.39,False,completed
ORD003521,CUST02412,2024-07-23,tiktok,accessories,GB,34.96,5.72,29.24,False,completed
ORD003522,CUST02413,2024-08-02,tiktok,tops,GB,48.54,0.0,48.54,False,completed
ORD003523,CUST02414,2024-07-28,tiktok,tops,US,32.88,4.65,28.23,False,completed
ORD003524,CUST02415,2024-07-28,tiktok,tops,GB,50.78,12.48,38.3,False,completed
ORD003525,CUST02415,2024-10-21,tiktok,bottoms,GB,71.55,8.3,63.25,False,completed
ORD003526,CUST02416,2024-07-17,tiktok,footwear,DE,68.14,12.49,-2.27,True,returned
ORD003527,CUST02416,2024-11-17,tiktok,tops,DE,38.82,7.78,-1.96,True,returned
ORD003528,CUST02417,2024-08-01,tiktok,accessories,GB,26.24,6.27,19.97,False,completed
ORD003529,CUST02417,2024-11-12,tiktok,bottoms,GB,77.91,0.0,77.91,False,completed
ORD003530,CUST02418,2024-08-01,tiktok,accessories,US,30.48,0.0,30.48,False,completed
ORD003531,CUST02419,2024-07-18,tiktok,tops,GB,49.07,0.0,49.07,False,completed
ORD003532,CUST02419,2024-09-12,tiktok,tops,GB,55.0,10.35,44.65,False,completed
ORD003533,CUST02420,2024-07-20,tiktok,tops,GB,30.32,5.45,24.87,False,completed
ORD003534,CUST02421,2024-07-25,tiktok,bottoms,US,64.33,0.0,9.65,True,returned
ORD003535,CUST02422,2024-07-17,tiktok,accessories,GB,33.53,0.0,33.53,False,completed
ORD003536,CUST02423,2024-08-01,tiktok,bottoms,GB,68.71,0.0,68.71,False,completed
ORD003537,CUST02423,2024-08-07,tiktok,outerwear,GB,87.53,0.0,13.13,True,returned
ORD003538,CUST02424,2024-07-20,tiktok,accessories,GB,28.07,0.0,28.07,False,completed
ORD003539,CUST02425,2024-07-25,tiktok,tops,US,41.3,0.0,41.3,False,completed
ORD003540,CUST02426,2024-07-06,tiktok,tops,GB,47.01,8.68,38.33,False,completed
ORD003541,CUST02426,2024-10-01,tiktok,footwear,GB,78.37,0.0,78.37,False,completed
ORD003542,CUST02427,2024-08-05,tiktok,tops,FR,48.55,7.56,40.99,False,completed
ORD003543,CUST02428,2024-07-10,tiktok,outerwear,GB,151.95,30.56,121.39,False,completed
ORD003544,CUST02429,2024-07-31,tiktok,tops,US,36.5,0.0,5.48,True,returned
ORD003545,CUST02430,2024-07-29,tiktok,bottoms,US,74.31,0.0,74.31,False,completed
ORD003546,CUST02431,2024-08-05,tiktok,bottoms,US,74.82,0.0,74.82,False,completed
ORD003547,CUST02432,2024-07-25,tiktok,accessories,CA,38.82,8.1,30.72,False,completed
ORD003548,CUST02433,2024-07-29,tiktok,outerwear,DE,98.91,0.0,98.91,False,completed
ORD003549,CUST02433,2024-08-29,tiktok,bottoms,DE,46.03,0.0,46.03,False,completed
ORD003550,CUST02434,2024-08-05,tiktok,footwear,GB,66.9,15.35,51.55,False,completed
ORD003551,CUST02434,2024-09-08,tiktok,bottoms,GB,45.86,0.0,45.86,False,completed
ORD003552,CUST02435,2024-07-23,tiktok,footwear,FR,73.62,11.41,62.21,False,completed
ORD003553,CUST02436,2024-08-05,tiktok,bottoms,AU,62.59,0.0,62.59,False,completed
ORD003554,CUST02437,2024-07-10,tiktok,outerwear,GB,138.6,0.0,138.6,False,completed
ORD003555,CUST02438,2024-08-02,tiktok,outerwear,GB,102.8,0.0,102.8,False,completed
ORD003556,CUST02439,2024-07-21,tiktok,bottoms,US,80.34,0.0,80.34,False,completed
ORD003557,CUST02439,2024-09-23,tiktok,tops,US,46.8,11.07,35.73,False,completed
ORD003558,CUST02440,2024-08-05,tiktok,tops,US,51.48,0.0,51.48,False,completed
ORD003559,CUST02441,2024-07-11,tiktok,accessories,CA,35.36,0.0,5.3,True,returned
ORD003560,CUST02442,2024-07-01,tiktok,tops,US,28.84,4.0,24.84,False,completed
ORD003561,CUST02443,2024-07-22,tiktok,footwear,DE,97.74,0.0,97.74,False,completed
ORD003562,CUST02443,2024-12-07,tiktok,accessories,DE,44.16,10.21,33.95,False,completed
ORD003563,CUST02444,2024-08-07,tiktok,bottoms,US,46.23,8.51,-1.58,True,returned
ORD003564,CUST02445,2024-07-18,tiktok,outerwear,US,93.85,0.0,93.85,False,completed
ORD003565,CUST02446,2024-07-16,tiktok,outerwear,DE,141.41,0.0,141.41,False,completed
ORD003566,CUST02447,2024-08-01,tiktok,footwear,GB,92.87,0.0,92.87,False,completed
ORD003567,CUST02447,2024-10-06,tiktok,footwear,GB,100.34,24.76,75.58,False,completed
ORD003568,CUST02448,2024-08-06,tiktok,outerwear,AU,153.42,0.0,153.42,False,completed
ORD003569,CUST02449,2024-07-19,tiktok,tops,US,44.47,0.0,6.67,True,returned
ORD003570,CUST02450,2024-07-19,tiktok,tops,AU,47.67,0.0,47.67,False,completed
ORD003571,CUST02451,2024-07-11,tiktok,bottoms,AU,76.76,10.5,66.26,False,completed
ORD003572,CUST02451,2024-11-25,tiktok,outerwear,AU,120.59,15.85,104.74,False,completed
ORD003573,CUST02451,2024-12-28,tiktok,bottoms,AU,67.42,0.0,67.42,False,completed
ORD003574,CUST02452,2024-08-01,tiktok,tops,DE,39.19,4.9,34.29,False,completed
ORD003575,CUST02452,2024-08-10,tiktok,accessories,DE,34.74,0.0,34.74,False,completed
ORD003576,CUST02453,2024-07-18,tiktok,footwear,GB,84.38,0.0,12.66,True,returned
ORD003577,CUST02453,2024-12-16,tiktok,tops,GB,56.07,9.92,46.15,False,completed
ORD003578,CUST02454,2024-07-17,tiktok,outerwear,US,116.4,23.56,92.84,False,completed
ORD003579,CUST02455,2024-07-08,tiktok,outerwear,NL,120.96,17.48,0.66,True,returned
ORD003580,CUST02456,2024-07-29,tiktok,tops,FR,35.95,5.72,30.23,False,completed
ORD003581,CUST02456,2024-10-28,tiktok,tops,FR,41.16,0.0,41.16,False,completed
ORD003582,CUST02457,2024-07-16,tiktok,tops,DE,51.65,0.0,51.65,False,completed
ORD003583,CUST02458,2024-07-14,tiktok,footwear,NL,96.88,0.0,96.88,False,completed
ORD003584,CUST02459,2024-07-16,tiktok,accessories,FR,28.24,6.51,-2.27,True,returned
ORD003585,CUST02460,2024-07-17,tiktok,tops,NL,51.38,0.0,51.38,False,completed
ORD003586,CUST02460,2024-10-07,tiktok,bottoms,NL,81.9,0.0,81.9,False,completed
ORD003587,CUST02461,2024-07-27,tiktok,outerwear,US,133.31,0.0,133.31,False,completed
ORD003588,CUST02462,2024-08-05,tiktok,bottoms,CA,60.18,0.0,60.18,False,completed
ORD003589,CUST02462,2024-08-28,tiktok,tops,CA,47.39,0.0,47.39,False,completed
ORD003590,CUST02463,2024-07-22,tiktok,tops,GB,31.44,5.87,25.57,False,completed
ORD003591,CUST02464,2024-07-22,tiktok,tops,GB,42.41,7.9,-1.54,True,returned
ORD003592,CUST02465,2024-07-19,tiktok,bottoms,DE,52.66,0.0,52.66,False,completed
ORD003593,CUST02465,2024-08-29,tiktok,footwear,DE,72.5,0.0,72.5,False,completed
ORD003594,CUST02466,2024-07-12,tiktok,bottoms,US,53.78,0.0,53.78,False,completed
ORD003595,CUST02467,2024-07-17,tiktok,accessories,CA,41.17,0.0,41.17,False,completed
ORD003596,CUST02468,2024-07-26,tiktok,accessories,GB,42.62,10.47,-4.08,True,returned
ORD003597,CUST02469,2024-07-24,tiktok,outerwear,CA,149.65,0.0,22.45,True,returned
ORD003598,CUST02469,2024-10-08,tiktok,accessories,CA,25.04,0.0,25.04,False,completed
ORD003599,CUST02470,2024-07-19,tiktok,tops,FR,35.98,0.0,5.4,True,returned
ORD003600,CUST02470,2024-10-29,tiktok,outerwear,FR,143.04,0.0,143.04,False,completed
ORD003601,CUST02470,2024-10-12,tiktok,tops,FR,49.12,0.0,7.37,True,returned
ORD003602,CUST02471,2024-07-26,tiktok,outerwear,DE,137.05,0.0,137.05,False,completed
ORD003603,CUST02472,2024-07-17,tiktok,accessories,US,27.17,6.6,20.57,False,completed
ORD003604,CUST02473,2024-07-22,tiktok,tops,GB,55.01,0.0,55.01,False,completed
ORD003605,CUST02474,2024-07-15,tiktok,tops,US,43.65,0.0,43.65,False,completed
ORD003606,CUST02475,2024-07-18,tiktok,accessories,US,40.38,7.06,33.32,False,completed
ORD003607,CUST02476,2024-07-03,tiktok,tops,US,36.64,0.0,36.64,False,completed
ORD003608,CUST02477,2024-07-31,tiktok,accessories,CA,23.1,4.36,-0.89,True,returned
ORD003609,CUST02477,2024-12-28,tiktok,accessories,CA,33.34,0.0,33.34,False,completed
ORD003610,CUST02478,2024-07-27,tiktok,bottoms,CA,69.07,0.0,69.07,False,completed
ORD003611,CUST02479,2024-07-31,organic,footwear,GB,120.76,0.0,120.76,False,completed
ORD003612,CUST02480,2024-07-16,organic,accessories,FR,54.99,0.0,54.99,False,completed
ORD003613,CUST02481,2024-07-18,organic,tops,DE,56.91,0.0,56.91,False,completed
ORD003614,CUST02481,2024-10-17,organic,tops,DE,47.58,0.0,47.58,False,completed
ORD003615,CUST02482,2024-07-16,organic,tops,AU,48.45,0.0,48.45,False,completed
ORD003616,CUST02482,2024-09-07,organic,outerwear,AU,138.08,0.0,138.08,False,completed
ORD003617,CUST02483,2024-07-27,organic,bottoms,CA,84.81,0.0,84.81,False,completed
ORD003618,CUST02483,2024-12-10,organic,outerwear,CA,119.47,0.0,119.47,False,completed
ORD003619,CUST02484,2024-07-07,organic,outerwear,US,175.01,0.0,175.01,False,completed
ORD003620,CUST02485,2024-07-24,organic,tops,DE,64.72,0.0,9.71,True,returned
ORD003621,CUST02485,2024-11-02,organic,outerwear,DE,123.97,0.0,123.97,False,completed
ORD003622,CUST02485,2024-08-31,organic,outerwear,DE,111.14,0.0,111.14,False,completed
ORD003623,CUST02486,2024-07-25,organic,footwear,US,111.87,0.0,111.87,False,completed
ORD003624,CUST02486,2024-11-04,organic,tops,US,75.76,0.0,75.76,False,completed
ORD003625,CUST02486,2024-08-24,organic,outerwear,US,161.7,0.0,161.7,False,completed
ORD003626,CUST02487,2024-07-21,organic,bottoms,DE,92.57,0.0,92.57,False,completed
ORD003627,CUST02488,2024-07-29,organic,bottoms,US,108.76,0.0,108.76,False,completed
ORD003628,CUST02488,2024-11-04,organic,outerwear,US,164.67,0.0,164.67,False,completed
ORD003629,CUST02489,2024-07-26,organic,accessories,FR,45.06,0.0,45.06,False,completed
ORD003630,CUST02489,2024-10-31,organic,outerwear,FR,152.89,0.0,152.89,False,completed
ORD003631,CUST02490,2024-07-24,organic,tops,US,56.01,0.0,8.4,True,returned
ORD003632,CUST02490,2024-12-07,organic,outerwear,US,148.16,0.0,148.16,False,completed
ORD003633,CUST02491,2024-08-05,organic,bottoms,GB,78.98,0.0,78.98,False,completed
ORD003634,CUST02491,2024-11-16,organic,bottoms,GB,76.99,0.0,76.99,False,completed
ORD003635,CUST02492,2024-07-27,organic,tops,AU,64.51,0.0,64.51,False,completed
ORD003636,CUST02492,2024-08-26,organic,bottoms,AU,77.69,0.0,77.69,False,completed
ORD003637,CUST02493,2024-07-21,organic,tops,FR,70.37,0.0,70.37,False,completed
ORD003638,CUST02494,2024-07-05,organic,outerwear,US,169.6,0.0,169.6,False,completed
ORD003639,CUST02495,2024-07-20,organic,bottoms,US,100.8,0.0,15.12,True,returned
ORD003640,CUST02496,2024-07-20,organic,tops,NL,58.58,0.0,58.58,False,completed
ORD003641,CUST02497,2024-07-18,organic,tops,CA,74.52,0.0,11.18,True,returned
ORD003642,CUST02498,2024-07-07,organic,tops,GB,70.23,0.0,70.23,False,completed
ORD003643,CUST02499,2024-08-03,organic,tops,US,42.22,0.0,6.33,True,returned
ORD003644,CUST02499,2024-09-03,organic,accessories,US,48.57,0.0,48.57,False,completed
ORD003645,CUST02500,2024-07-26,organic,bottoms,GB,79.14,0.0,79.14,False,completed
ORD003646,CUST02501,2024-07-15,organic,outerwear,US,149.64,0.0,149.64,False,completed
ORD003647,CUST02502,2024-07-30,organic,tops,CA,58.46,0.0,58.46,False,completed
ORD003648,CUST02503,2024-07-16,organic,outerwear,FR,168.17,0.0,168.17,False,completed
ORD003649,CUST02504,2024-07-27,organic,accessories,US,38.63,0.0,38.63,False,completed
ORD003650,CUST02504,2024-12-14,organic,footwear,US,137.18,0.0,137.18,False,completed
ORD003651,CUST02504,2024-10-14,organic,footwear,US,158.47,0.0,158.47,False,completed
ORD003652,CUST02505,2024-07-22,organic,accessories,GB,49.67,0.0,49.67,False,completed
ORD003653,CUST02505,2024-10-10,organic,outerwear,GB,192.6,0.0,192.6,False,completed
ORD003654,CUST02505,2024-09-19,organic,tops,GB,68.45,0.0,68.45,False,completed
ORD003655,CUST02506,2024-07-14,organic,footwear,GB,140.14,0.0,140.14,False,completed
ORD003656,CUST02507,2024-07-04,organic,accessories,US,61.7,0.0,61.7,False,completed
ORD003657,CUST02507,2024-09-06,organic,accessories,US,62.28,0.0,62.28,False,completed
ORD003658,CUST02508,2024-07-18,organic,outerwear,DE,153.82,0.0,153.82,False,completed
ORD003659,CUST02509,2024-08-04,organic,tops,GB,63.14,0.0,63.14,False,completed
ORD003660,CUST02509,2024-09-04,organic,bottoms,GB,95.07,0.0,95.07,False,completed
ORD003661,CUST02509,2024-11-14,organic,outerwear,GB,202.97,0.0,202.97,False,completed
ORD003662,CUST02510,2024-07-22,organic,tops,GB,82.31,0.0,82.31,False,completed
ORD003663,CUST02511,2024-07-06,organic,outerwear,GB,116.82,0.0,116.82,False,completed
ORD003664,CUST02511,2024-11-17,organic,bottoms,GB,102.87,0.0,102.87,False,completed
ORD003665,CUST02512,2024-07-20,organic,tops,FR,80.94,0.0,80.94,False,completed
ORD003666,CUST02513,2024-07-23,organic,tops,US,77.02,0.0,77.02,False,completed
ORD003667,CUST02514,2024-07-05,organic,outerwear,US,209.65,0.0,209.65,False,completed
ORD003668,CUST02515,2024-07-18,organic,accessories,CA,55.48,0.0,55.48,False,completed
ORD003669,CUST02516,2024-07-09,organic,tops,AU,55.33,0.0,55.33,False,completed
ORD003670,CUST02517,2024-07-06,organic,outerwear,US,219.19,0.0,219.19,False,completed
ORD003671,CUST02517,2024-10-25,organic,tops,US,49.21,0.0,49.21,False,completed
ORD003672,CUST02518,2024-07-11,organic,outerwear,GB,120.48,0.0,120.48,False,completed
ORD003673,CUST02519,2024-07-20,organic,bottoms,GB,116.28,0.0,116.28,False,completed
ORD003674,CUST02520,2024-07-08,organic,tops,GB,52.73,0.0,52.73,False,completed
ORD003675,CUST02520,2024-08-13,organic,accessories,GB,49.24,0.0,49.24,False,completed
ORD003676,CUST02521,2024-07-26,organic,bottoms,GB,81.87,0.0,81.87,False,completed
ORD003677,CUST02521,2024-12-03,organic,tops,GB,77.3,0.0,77.3,False,completed
ORD003678,CUST02521,2024-11-17,organic,tops,GB,65.59,0.0,65.59,False,completed
ORD003679,CUST02522,2024-08-01,organic,tops,CA,52.37,0.0,7.86,True,returned
ORD003680,CUST02522,2024-09-13,organic,tops,CA,78.96,0.0,11.84,True,returned
ORD003681,CUST02523,2024-07-26,organic,tops,GB,69.46,0.0,69.46,False,completed
ORD003682,CUST02523,2024-09-12,organic,footwear,GB,93.5,0.0,93.5,False,completed
ORD003683,CUST02524,2024-07-31,organic,bottoms,US,81.01,0.0,81.01,False,completed
ORD003684,CUST02525,2024-07-26,organic,tops,US,56.18,0.0,56.18,False,completed
ORD003685,CUST02526,2024-08-06,organic,outerwear,US,122.18,0.0,122.18,False,completed
ORD003686,CUST02527,2024-07-14,organic,bottoms,DE,66.12,0.0,66.12,False,completed
ORD003687,CUST02528,2024-07-17,organic,accessories,GB,50.78,0.0,50.78,False,completed
ORD003688,CUST02529,2024-07-19,organic,bottoms,AU,62.85,0.0,62.85,False,completed
ORD003689,CUST02529,2024-08-12,organic,bottoms,AU,115.64,0.0,115.64,False,completed
ORD003690,CUST02530,2024-07-12,organic,outerwear,US,173.26,0.0,173.26,False,completed
ORD003691,CUST02530,2024-10-21,organic,outerwear,US,192.19,0.0,192.19,False,completed
ORD003692,CUST02530,2024-11-24,organic,accessories,US,48.44,0.0,48.44,False,completed
ORD003693,CUST02531,2024-08-09,organic,tops,US,70.58,0.0,70.58,False,completed
ORD003694,CUST02531,2024-08-26,organic,accessories,US,51.62,0.0,51.62,False,completed
ORD003695,CUST02532,2024-07-31,organic,footwear,GB,139.82,0.0,139.82,False,completed
ORD003696,CUST02533,2024-07-21,organic,outerwear,US,173.04,0.0,173.04,False,completed
ORD003697,CUST02533,2024-09-27,organic,bottoms,US,114.82,0.0,114.82,False,completed
ORD003698,CUST02533,2024-12-30,organic,tops,US,74.1,0.0,11.12,True,returned
ORD003699,CUST02534,2024-07-24,organic,footwear,US,85.58,0.0,85.58,False,completed
ORD003700,CUST02534,2024-10-19,organic,accessories,US,55.44,0.0,55.44,False,completed
ORD003701,CUST02534,2024-08-21,organic,tops,US,71.09,0.0,71.09,False,completed
ORD003702,CUST02535,2024-07-27,organic,accessories,NL,44.83,0.0,44.83,False,completed
ORD003703,CUST02536,2024-07-30,organic,outerwear,GB,172.6,0.0,172.6,False,completed
ORD003704,CUST02537,2024-07-16,organic,tops,DE,69.97,0.0,69.97,False,completed
ORD003705,CUST02537,2024-12-09,organic,tops,DE,43.73,0.0,43.73,False,completed
ORD003706,CUST02538,2024-07-31,organic,bottoms,FR,89.71,0.0,89.71,False,completed
ORD003707,CUST02539,2024-07-23,organic,accessories,US,48.53,0.0,48.53,False,completed
ORD003708,CUST02540,2024-07-17,organic,bottoms,GB,88.65,0.0,13.3,True,returned
ORD003709,CUST02541,2024-07-31,organic,bottoms,US,82.05,0.0,12.31,True,returned
ORD003710,CUST02541,2024-08-19,organic,outerwear,US,209.71,0.0,209.71,False,completed
ORD003711,CUST02541,2024-09-21,organic,outerwear,US,125.91,0.0,125.91,False,completed
ORD003712,CUST02542,2024-07-16,organic,footwear,US,156.05,0.0,156.05,False,completed
ORD003713,CUST02542,2024-09-29,organic,outerwear,US,123.71,0.0,123.71,False,completed
ORD003714,CUST02542,2024-11-24,organic,bottoms,US,87.46,0.0,13.12,True,returned
ORD003715,CUST02543,2024-07-24,organic,outerwear,GB,134.71,0.0,134.71,False,completed
ORD003716,CUST02544,2024-07-22,organic,outerwear,GB,217.72,0.0,217.72,False,completed
ORD003717,CUST02544,2024-11-08,organic,tops,GB,75.44,0.0,11.32,True,returned
ORD003718,CUST02545,2024-07-20,organic,outerwear,US,147.15,0.0,147.15,False,completed
ORD003719,CUST02546,2024-07-13,organic,footwear,GB,145.42,0.0,145.42,False,completed
ORD003720,CUST02546,2024-10-28,organic,bottoms,GB,106.9,0.0,106.9,False,completed
ORD003721,CUST02547,2024-08-11,organic,outerwear,FR,150.03,0.0,150.03,False,completed
ORD003722,CUST02547,2024-10-22,organic,footwear,FR,116.61,0.0,116.61,False,completed
ORD003723,CUST02548,2024-07-10,organic,outerwear,US,159.83,0.0,159.83,False,completed
ORD003724,CUST02549,2024-08-05,organic,outerwear,GB,167.35,0.0,167.35,False,completed
ORD003725,CUST02550,2024-07-16,organic,tops,GB,81.59,0.0,81.59,False,completed
ORD003726,CUST02551,2024-07-15,organic,bottoms,GB,88.5,0.0,88.5,False,completed
ORD003727,CUST02552,2024-07-28,organic,bottoms,US,67.6,0.0,67.6,False,completed
ORD003728,CUST02553,2024-07-07,organic,tops,DE,47.36,0.0,47.36,False,completed
ORD003729,CUST02554,2024-07-11,organic,outerwear,GB,162.49,0.0,162.49,False,completed
ORD003730,CUST02555,2024-07-14,organic,tops,NL,65.84,0.0,65.84,False,completed
ORD003731,CUST02556,2024-07-17,email,bottoms,DE,109.65,0.0,109.65,False,completed
ORD003732,CUST02557,2024-07-27,email,outerwear,GB,134.35,0.0,134.35,False,completed
ORD003733,CUST02557,2024-08-13,email,tops,GB,85.94,0.0,85.94,False,completed
ORD003734,CUST02557,2024-10-05,email,outerwear,GB,218.62,0.0,218.62,False,completed
ORD003735,CUST02558,2024-08-02,email,outerwear,US,192.11,0.0,192.11,False,completed
ORD003736,CUST02559,2024-07-22,email,footwear,US,126.82,0.0,126.82,False,completed
ORD003737,CUST02560,2024-07-22,email,accessories,US,47.14,0.0,47.14,False,completed
ORD003738,CUST02560,2024-08-03,email,tops,US,85.41,0.0,85.41,False,completed
ORD003739,CUST02561,2024-07-24,email,bottoms,US,86.87,0.0,86.87,False,completed
ORD003740,CUST02562,2024-07-10,email,bottoms,US,105.1,0.0,15.77,True,returned
ORD003741,CUST02562,2024-11-06,email,outerwear,US,139.43,0.0,139.43,False,completed
ORD003742,CUST02563,2024-07-20,email,footwear,NL,87.82,0.0,87.82,False,completed
ORD003743,CUST02564,2024-08-05,email,accessories,GB,47.95,0.0,47.95,False,completed
ORD003744,CUST02564,2024-09-16,email,bottoms,GB,97.69,0.0,97.69,False,completed
ORD003745,CUST02565,2024-07-30,email,bottoms,NL,108.23,0.0,108.23,False,completed
ORD003746,CUST02566,2024-07-28,email,outerwear,DE,216.8,0.0,216.8,False,completed
ORD003747,CUST02567,2024-07-28,email,bottoms,US,65.82,0.0,65.82,False,completed
ORD003748,CUST02567,2024-11-06,email,tops,US,76.94,0.0,76.94,False,completed
ORD003749,CUST02567,2024-09-26,email,outerwear,US,216.03,0.0,216.03,False,completed
ORD003750,CUST02568,2024-07-22,email,tops,GB,47.53,0.0,47.53,False,completed
ORD003751,CUST02569,2024-07-10,email,tops,DE,45.28,0.0,45.28,False,completed
ORD003752,CUST02569,2024-10-23,email,bottoms,DE,93.73,0.0,93.73,False,completed
ORD003753,CUST02570,2024-07-24,email,outerwear,CA,225.3,0.0,225.3,False,completed
ORD003754,CUST02570,2024-11-23,email,footwear,CA,109.89,0.0,109.89,False,completed
ORD003755,CUST02571,2024-08-05,email,accessories,US,58.93,0.0,58.93,False,completed
ORD003756,CUST02571,2024-12-18,email,outerwear,US,186.94,0.0,186.94,False,completed
ORD003757,CUST02571,2024-11-04,email,outerwear,US,152.53,0.0,152.53,False,completed
ORD003758,CUST02572,2024-08-02,email,tops,NL,79.92,0.0,79.92,False,completed
ORD003759,CUST02573,2024-07-09,email,accessories,US,51.89,0.0,51.89,False,completed
ORD003760,CUST02574,2024-07-29,email,tops,US,61.38,0.0,9.21,True,returned
ORD003761,CUST02575,2024-07-25,email,bottoms,US,93.22,0.0,93.22,False,completed
ORD003762,CUST02576,2024-08-01,email,accessories,CA,36.66,0.0,36.66,False,completed
ORD003763,CUST02577,2024-07-13,email,tops,AU,52.49,0.0,52.49,False,completed
ORD003764,CUST02578,2024-07-15,email,tops,GB,49.82,0.0,49.82,False,completed
ORD003765,CUST02579,2024-07-18,email,tops,GB,51.62,0.0,51.62,False,completed
ORD003766,CUST02580,2024-07-16,email,outerwear,NL,148.73,0.0,22.31,True,returned
ORD003767,CUST02581,2024-07-24,email,tops,AU,45.17,0.0,45.17,False,completed
ORD003768,CUST02581,2024-11-21,email,outerwear,AU,164.33,0.0,164.33,False,completed
ORD003769,CUST02582,2024-07-07,email,outerwear,US,184.83,0.0,184.83,False,completed
ORD003770,CUST02582,2024-09-03,email,tops,US,76.61,0.0,76.61,False,completed
ORD003771,CUST02582,2024-09-18,email,bottoms,US,98.3,0.0,98.3,False,completed
ORD003772,CUST02583,2024-07-16,referral,outerwear,GB,174.89,0.0,174.89,False,completed
ORD003773,CUST02584,2024-07-02,referral,footwear,GB,109.0,0.0,109.0,False,completed
ORD003774,CUST02584,2024-08-26,referral,accessories,GB,36.16,0.0,36.16,False,completed
ORD003775,CUST02585,2024-07-25,referral,tops,US,48.26,0.0,48.26,False,completed
ORD003776,CUST02586,2024-08-01,referral,tops,US,75.76,0.0,75.76,False,completed
ORD003777,CUST02586,2024-12-22,referral,bottoms,US,82.1,0.0,82.1,False,completed
ORD003778,CUST02586,2024-11-03,referral,footwear,US,83.84,0.0,83.84,False,completed
ORD003779,CUST02587,2024-07-26,referral,tops,US,45.17,0.0,45.17,False,completed
ORD003780,CUST02587,2024-08-16,referral,accessories,US,32.44,0.0,32.44,False,completed
ORD003781,CUST02588,2024-08-01,referral,tops,GB,74.03,0.0,74.03,False,completed
ORD003782,CUST02588,2024-09-12,referral,tops,GB,67.85,0.0,67.85,False,completed
ORD003783,CUST02589,2024-07-05,referral,tops,GB,54.67,0.0,54.67,False,completed
ORD003784,CUST02590,2024-07-16,referral,tops,US,67.24,0.0,67.24,False,completed
ORD003785,CUST02591,2024-07-23,referral,tops,US,57.45,0.0,57.45,False,completed
ORD003786,CUST02592,2024-07-28,referral,accessories,FR,33.52,0.0,33.52,False,completed
ORD003787,CUST02593,2024-08-04,referral,bottoms,DE,73.8,0.0,73.8,False,completed
ORD003788,CUST02594,2024-08-23,meta,tops,DE,42.42,9.06,33.36,False,completed
ORD003789,CUST02594,2024-11-18,meta,bottoms,DE,49.1,0.0,49.1,False,completed
ORD003790,CUST02595,2024-08-31,meta,bottoms,AU,50.2,5.74,44.46,False,completed
ORD003791,CUST02596,2024-08-15,meta,accessories,GB,41.75,4.27,37.48,False,completed
ORD003792,CUST02597,2024-08-20,meta,tops,US,45.39,0.0,45.39,False,completed
ORD003793,CUST02598,2024-08-02,meta,tops,GB,51.22,9.8,41.42,False,completed
ORD003794,CUST02599,2024-08-25,meta,tops,CA,41.09,0.0,41.09,False,completed
ORD003795,CUST02600,2024-08-12,meta,bottoms,US,51.44,0.0,7.72,True,returned
ORD003796,CUST02601,2024-08-12,meta,accessories,GB,35.8,0.0,35.8,False,completed
ORD003797,CUST02602,2024-08-25,meta,outerwear,DE,140.85,0.0,140.85,False,completed
ORD003798,CUST02603,2024-08-14,meta,accessories,GB,31.89,6.62,25.27,False,completed
ORD003799,CUST02604,2024-08-14,meta,footwear,GB,88.24,0.0,88.24,False,completed
ORD003800,CUST02605,2024-08-28,meta,bottoms,GB,69.16,0.0,10.37,True,returned
ORD003801,CUST02606,2024-08-06,meta,tops,DE,33.9,4.37,29.53,False,completed
ORD003802,CUST02606,2024-08-23,meta,bottoms,DE,52.84,12.3,40.54,False,completed
ORD003803,CUST02607,2024-08-29,meta,tops,CA,39.87,8.02,31.85,False,completed
ORD003804,CUST02608,2024-08-28,meta,accessories,US,35.1,3.77,1.5,True,returned
ORD003805,CUST02609,2024-09-06,meta,bottoms,GB,80.09,14.14,65.95,False,completed
ORD003806,CUST02610,2024-08-17,meta,outerwear,US,88.91,0.0,88.91,False,completed
ORD003807,CUST02611,2024-08-14,meta,bottoms,GB,73.38,0.0,11.01,True,returned
ORD003808,CUST02612,2024-08-14,meta,footwear,CA,94.4,10.32,84.08,False,completed
ORD003809,CUST02613,2024-08-27,meta,accessories,GB,31.78,0.0,31.78,False,completed
ORD003810,CUST02614,2024-09-04,meta,bottoms,US,47.35,8.74,38.61,False,completed
ORD003811,CUST02615,2024-08-31,meta,bottoms,US,69.32,10.12,59.2,False,completed
ORD003812,CUST02616,2024-08-23,meta,accessories,GB,34.91,4.29,30.62,False,completed
ORD003813,CUST02617,2024-08-02,meta,tops,GB,60.75,10.68,50.07,False,completed
ORD003814,CUST02618,2024-08-19,meta,outerwear,US,107.92,20.78,-4.59,True,returned
ORD003815,CUST02619,2024-08-09,meta,bottoms,AU,67.37,0.0,67.37,False,completed
ORD003816,CUST02620,2024-09-01,meta,bottoms,US,87.45,0.0,87.45,False,completed
ORD003817,CUST02621,2024-08-15,meta,tops,GB,52.78,0.0,52.78,False,completed
ORD003818,CUST02621,2024-12-25,meta,tops,GB,52.02,0.0,7.8,True,returned
ORD003819,CUST02622,2024-08-16,meta,bottoms,US,73.64,0.0,11.05,True,returned
ORD003820,CUST02623,2024-08-24,meta,tops,GB,39.35,0.0,5.9,True,returned
ORD003821,CUST02624,2024-08-19,meta,bottoms,NL,77.74,16.05,61.69,False,completed
ORD003822,CUST02625,2024-08-25,meta,outerwear,GB,115.57,28.39,87.18,False,completed
ORD003823,CUST02626,2024-08-17,meta,footwear,GB,114.23,0.0,114.23,False,completed
ORD003824,CUST02627,2024-08-25,meta,outerwear,GB,86.21,11.8,1.13,True,returned
ORD003825,CUST02627,2024-09-11,meta,tops,GB,51.75,10.53,-2.77,True,returned
ORD003826,CUST02628,2024-08-22,meta,tops,NL,57.33,13.2,-4.6,True,returned
ORD003827,CUST02629,2024-08-25,meta,accessories,GB,28.44,3.98,24.46,False,completed
ORD003828,CUST02630,2024-08-20,meta,outerwear,GB,153.74,35.47,118.27,False,completed
ORD003829,CUST02631,2024-08-07,meta,tops,DE,44.9,0.0,6.73,True,returned
ORD003830,CUST02631,2024-10-15,meta,footwear,DE,81.55,18.1,63.45,False,completed
ORD003831,CUST02632,2024-08-29,meta,outerwear,US,96.26,13.06,83.2,False,completed
ORD003832,CUST02633,2024-09-06,meta,tops,US,49.7,0.0,7.45,True,returned
ORD003833,CUST02634,2024-08-23,meta,outerwear,DE,95.77,12.13,2.24,True,returned
ORD003834,CUST02635,2024-09-10,meta,footwear,US,71.82,9.49,62.33,False,completed
ORD003835,CUST02636,2024-08-19,meta,accessories,US,32.72,0.0,32.72,False,completed
ORD003836,CUST02636,2024-10-30,meta,tops,US,30.66,0.0,30.66,False,completed
ORD003837,CUST02637,2024-08-03,meta,accessories,US,29.04,0.0,4.36,True,returned
ORD003838,CUST02638,2024-08-15,meta,tops,DE,59.91,0.0,59.91,False,completed
ORD003839,CUST02639,2024-08-08,meta,footwear,NL,62.77,10.09,52.68,False,completed
ORD003840,CUST02640,2024-08-20,meta,outerwear,DE,125.26,0.0,125.26,False,completed
ORD003841,CUST02641,2024-09-02,meta,tops,DE,32.05,4.5,27.55,False,completed
ORD003842,CUST02641,2024-11-29,meta,tops,DE,43.47,9.08,34.39,False,completed
ORD003843,CUST02642,2024-08-17,meta,tops,GB,44.24,9.81,-3.17,True,returned
ORD003844,CUST02643,2024-08-29,meta,bottoms,CA,65.91,0.0,65.91,False,completed
ORD003845,CUST02643,2024-11-25,meta,bottoms,CA,62.97,7.09,55.88,False,completed
ORD003846,CUST02644,2024-08-24,meta,tops,US,35.64,0.0,5.35,True,returned
ORD003847,CUST02645,2024-09-01,meta,tops,GB,58.44,14.46,43.98,False,completed
ORD003848,CUST02646,2024-09-08,meta,bottoms,NL,88.18,0.0,88.18,False,completed
ORD003849,CUST02647,2024-08-11,meta,footwear,US,64.88,13.76,51.12,False,completed
ORD003850,CUST02648,2024-08-22,meta,tops,GB,31.72,4.98,26.74,False,completed
ORD003851,CUST02649,2024-08-20,meta,bottoms,DE,55.75,6.14,2.22,True,returned
ORD003852,CUST02650,2024-08-31,meta,tops,DE,42.6,7.38,35.22,False,completed
ORD003853,CUST02651,2024-08-21,meta,footwear,US,65.35,0.0,65.35,False,completed
ORD003854,CUST02652,2024-09-04,meta,outerwear,FR,139.43,0.0,139.43,False,completed
ORD003855,CUST02653,2024-09-10,meta,outerwear,GB,99.01,0.0,99.01,False,completed
ORD003856,CUST02654,2024-08-13,meta,tops,GB,37.63,0.0,37.63,False,completed
ORD003857,CUST02654,2024-12-05,meta,bottoms,GB,80.48,0.0,80.48,False,completed
ORD003858,CUST02655,2024-09-08,meta,bottoms,DE,64.93,10.09,54.84,False,completed
ORD003859,CUST02656,2024-08-31,meta,outerwear,DE,125.3,0.0,125.3,False,completed
ORD003860,CUST02657,2024-08-20,meta,outerwear,AU,161.18,0.0,161.18,False,completed
ORD003861,CUST02657,2024-09-03,meta,accessories,AU,36.43,0.0,36.43,False,completed
ORD003862,CUST02658,2024-08-23,meta,bottoms,US,44.87,6.55,38.32,False,completed
ORD003863,CUST02659,2024-08-20,meta,tops,GB,45.48,0.0,45.48,False,completed
ORD003864,CUST02660,2024-08-17,meta,bottoms,GB,49.93,7.32,0.17,True,returned
ORD003865,CUST02661,2024-08-16,meta,bottoms,NL,82.94,15.54,-3.1,True,returned
ORD003866,CUST02662,2024-08-11,meta,footwear,US,98.32,13.38,1.37,True,returned
ORD003867,CUST02663,2024-08-17,meta,outerwear,US,120.0,0.0,120.0,False,completed
ORD003868,CUST02664,2024-08-17,meta,accessories,US,41.0,0.0,41.0,False,completed
ORD003869,CUST02665,2024-08-23,meta,bottoms,GB,54.08,12.0,42.08,False,completed
ORD003870,CUST02666,2024-08-15,meta,outerwear,US,142.79,34.48,108.31,False,completed
ORD003871,CUST02666,2024-12-06,meta,accessories,US,33.78,0.0,33.78,False,completed
ORD003872,CUST02667,2024-08-27,meta,accessories,CA,42.19,0.0,42.19,False,completed
ORD003873,CUST02668,2024-08-22,meta,outerwear,GB,127.51,0.0,127.51,False,completed
ORD003874,CUST02669,2024-08-12,meta,tops,GB,49.7,0.0,49.7,False,completed
ORD003875,CUST02670,2024-09-09,meta,outerwear,DE,93.2,0.0,93.2,False,completed
ORD003876,CUST02671,2024-08-19,meta,bottoms,NL,46.8,8.68,-1.66,True,returned
ORD003877,CUST02672,2024-09-02,meta,tops,US,43.29,0.0,43.29,False,completed
ORD003878,CUST02673,2024-08-24,meta,bottoms,GB,75.46,0.0,11.32,True,returned
ORD003879,CUST02674,2024-09-07,meta,outerwear,US,108.83,15.98,92.85,False,completed
ORD003880,CUST02674,2024-12-06,meta,outerwear,US,83.38,8.62,3.89,True,returned
ORD003881,CUST02675,2024-08-12,meta,tops,US,43.07,0.0,6.46,True,returned
ORD003882,CUST02675,2024-12-03,meta,bottoms,US,64.04,0.0,64.04,False,completed
ORD003883,CUST02676,2024-08-22,meta,outerwear,GB,138.03,33.56,-12.86,True,returned
ORD003884,CUST02676,2024-09-14,meta,bottoms,GB,79.76,10.91,68.85,False,completed
ORD003885,CUST02677,2024-08-10,meta,tops,US,55.55,10.97,-2.64,True,returned
ORD003886,CUST02677,2024-10-07,meta,bottoms,US,79.75,0.0,79.75,False,completed
ORD003887,CUST02677,2024-12-29,meta,tops,US,49.11,11.62,-4.25,True,returned
ORD003888,CUST02678,2024-08-12,meta,outerwear,FR,87.05,0.0,87.05,False,completed
ORD003889,CUST02679,2024-08-20,meta,bottoms,US,64.43,10.46,53.97,False,completed
ORD003890,CUST02680,2024-08-25,meta,bottoms,GB,59.98,0.0,9.0,True,returned
ORD003891,CUST02680,2024-09-09,meta,tops,GB,58.13,0.0,58.13,False,completed
ORD003892,CUST02681,2024-08-15,meta,tops,FR,54.21,5.83,48.38,False,completed
ORD003893,CUST02681,2024-11-06,meta,outerwear,FR,128.45,13.8,114.65,False,completed
ORD003894,CUST02682,2024-08-07,meta,tops,GB,38.23,0.0,38.23,False,completed
ORD003895,CUST02683,2024-08-13,meta,bottoms,US,73.14,0.0,73.14,False,completed
ORD003896,CUST02684,2024-08-05,meta,tops,DE,38.26,0.0,38.26,False,completed
ORD003897,CUST02685,2024-08-10,meta,bottoms,US,75.9,0.0,75.9,False,completed
ORD003898,CUST02686,2024-08-26,meta,bottoms,GB,66.61,16.02,50.59,False,completed
ORD003899,CUST02687,2024-08-09,meta,outerwear,GB,101.57,0.0,101.57,False,completed
ORD003900,CUST02687,2024-11-13,meta,outerwear,GB,149.76,18.89,130.87,False,completed
ORD003901,CUST02687,2024-10-11,meta,tops,GB,47.94,0.0,47.94,False,completed
ORD003902,CUST02688,2024-08-13,meta,tops,GB,53.26,10.28,42.98,False,completed
ORD003903,CUST02689,2024-08-03,meta,tops,CA,47.31,0.0,47.31,False,completed
ORD003904,CUST02690,2024-08-29,meta,outerwear,DE,154.25,0.0,154.25,False,completed
ORD003905,CUST02690,2024-11-08,meta,accessories,DE,32.33,0.0,4.85,True,returned
ORD003906,CUST02691,2024-08-06,meta,outerwear,GB,138.75,0.0,20.81,True,returned
ORD003907,CUST02692,2024-09-04,meta,footwear,AU,87.67,19.61,68.06,False,completed
ORD003908,CUST02693,2024-08-21,meta,tops,GB,41.93,9.7,-3.41,True,returned
ORD003909,CUST02694,2024-08-24,meta,bottoms,GB,67.99,0.0,67.99,False,completed
ORD003910,CUST02694,2024-08-28,meta,accessories,GB,35.75,0.0,35.75,False,completed
ORD003911,CUST02695,2024-08-28,meta,tops,GB,51.56,0.0,51.56,False,completed
ORD003912,CUST02696,2024-08-10,meta,bottoms,US,50.53,5.39,45.14,False,completed
ORD003913,CUST02697,2024-09-06,meta,outerwear,AU,86.28,0.0,86.28,False,completed
ORD003914,CUST02698,2024-08-07,meta,accessories,GB,35.59,0.0,5.34,True,returned
ORD003915,CUST02699,2024-08-27,google,tops,US,39.52,0.0,39.52,False,completed
ORD003916,CUST02700,2024-08-25,google,outerwear,GB,108.24,0.0,108.24,False,completed
ORD003917,CUST02701,2024-08-12,google,bottoms,US,68.83,0.0,68.83,False,completed
ORD003918,CUST02702,2024-08-15,google,outerwear,GB,164.32,0.0,164.32,False,completed
ORD003919,CUST02703,2024-08-21,google,accessories,GB,49.12,0.0,49.12,False,completed
ORD003920,CUST02704,2024-08-14,google,footwear,US,141.08,0.0,141.08,False,completed
ORD003921,CUST02704,2024-11-11,google,footwear,US,100.17,0.0,100.17,False,completed
ORD003922,CUST02704,2024-09-03,google,bottoms,US,90.62,0.0,13.59,True,returned
ORD003923,CUST02705,2024-08-13,google,outerwear,US,103.77,0.0,103.77,False,completed
ORD003924,CUST02706,2024-08-28,google,footwear,US,112.73,0.0,112.73,False,completed
ORD003925,CUST02707,2024-08-30,google,tops,GB,59.01,0.0,59.01,False,completed
ORD003926,CUST02707,2024-11-15,google,bottoms,GB,88.17,0.0,13.23,True,returned
ORD003927,CUST02708,2024-08-19,google,tops,GB,48.03,0.0,48.03,False,completed
ORD003928,CUST02708,2024-10-04,google,tops,GB,68.63,0.0,68.63,False,completed
ORD003929,CUST02708,2024-12-06,google,tops,GB,50.22,0.0,50.22,False,completed
ORD003930,CUST02709,2024-08-15,google,footwear,NL,118.17,0.0,118.17,False,completed
ORD003931,CUST02710,2024-08-20,google,outerwear,FR,168.94,0.0,168.94,False,completed
ORD003932,CUST02711,2024-08-14,google,bottoms,AU,77.05,0.0,77.05,False,completed
ORD003933,CUST02712,2024-08-17,google,outerwear,GB,104.19,0.0,104.19,False,completed
ORD003934,CUST02713,2024-08-30,google,tops,DE,58.57,0.0,58.57,False,completed
ORD003935,CUST02714,2024-08-17,google,accessories,GB,55.7,0.0,55.7,False,completed
ORD003936,CUST02715,2024-08-27,google,outerwear,GB,136.51,0.0,20.48,True,returned
ORD003937,CUST02716,2024-08-09,google,tops,GB,46.14,0.0,46.14,False,completed
ORD003938,CUST02717,2024-08-18,google,tops,GB,50.06,0.0,50.06,False,completed
ORD003939,CUST02717,2024-12-28,google,tops,GB,65.72,0.0,65.72,False,completed
ORD003940,CUST02718,2024-08-24,google,accessories,DE,38.16,0.0,38.16,False,completed
ORD003941,CUST02719,2024-08-30,google,bottoms,FR,59.8,0.0,59.8,False,completed
ORD003942,CUST02719,2024-12-03,google,tops,FR,51.02,0.0,51.02,False,completed
ORD003943,CUST02720,2024-08-18,google,bottoms,FR,72.36,0.0,72.36,False,completed
ORD003944,CUST02720,2024-09-23,google,accessories,FR,42.58,0.0,42.58,False,completed
ORD003945,CUST02721,2024-08-26,google,accessories,US,51.47,0.0,51.47,False,completed
ORD003946,CUST02722,2024-08-30,google,bottoms,US,52.96,0.0,52.96,False,completed
ORD003947,CUST02723,2024-08-31,google,tops,GB,52.0,0.0,52.0,False,completed
ORD003948,CUST02724,2024-08-31,google,outerwear,US,127.19,0.0,127.19,False,completed
ORD003949,CUST02724,2024-10-24,google,accessories,US,51.49,0.0,7.72,True,returned
ORD003950,CUST02724,2024-12-27,google,bottoms,US,91.15,0.0,13.67,True,returned
ORD003951,CUST02725,2024-08-18,google,tops,GB,66.35,0.0,66.35,False,completed
ORD003952,CUST02726,2024-08-17,google,bottoms,CA,103.22,0.0,103.22,False,completed
ORD003953,CUST02726,2024-09-07,google,outerwear,CA,115.19,0.0,115.19,False,completed
ORD003954,CUST02727,2024-08-19,google,outerwear,US,105.01,0.0,105.01,False,completed
ORD003955,CUST02727,2024-12-08,google,accessories,US,41.07,0.0,41.07,False,completed
ORD003956,CUST02728,2024-08-11,google,outerwear,GB,136.69,0.0,136.69,False,completed
ORD003957,CUST02729,2024-08-25,google,bottoms,AU,78.37,0.0,78.37,False,completed
ORD003958,CUST02730,2024-08-22,google,outerwear,US,122.87,0.0,18.43,True,returned
ORD003959,CUST02731,2024-08-23,google,outerwear,GB,164.84,0.0,164.84,False,completed
ORD003960,CUST02732,2024-08-03,google,accessories,DE,41.74,0.0,41.74,False,completed
ORD003961,CUST02733,2024-08-11,google,outerwear,US,106.33,0.0,106.33,False,completed
ORD003962,CUST02733,2024-10-09,google,outerwear,US,108.11,0.0,108.11,False,completed
ORD003963,CUST02734,2024-08-29,google,bottoms,US,95.18,0.0,95.18,False,completed
ORD003964,CUST02734,2024-11-10,google,tops,US,65.02,0.0,65.02,False,completed
ORD003965,CUST02734,2024-10-23,google,tops,US,50.5,0.0,50.5,False,completed
ORD003966,CUST02735,2024-08-30,google,tops,GB,66.89,0.0,66.89,False,completed
ORD003967,CUST02736,2024-08-09,google,accessories,GB,44.9,0.0,44.9,False,completed
ORD003968,CUST02737,2024-08-16,google,tops,GB,54.1,0.0,54.1,False,completed
ORD003969,CUST02738,2024-08-29,google,bottoms,AU,66.38,0.0,66.38,False,completed
ORD003970,CUST02739,2024-08-14,google,outerwear,FR,119.62,0.0,119.62,False,completed
ORD003971,CUST02740,2024-08-15,google,bottoms,DE,95.64,0.0,14.35,True,returned
ORD003972,CUST02741,2024-08-27,google,footwear,US,122.63,0.0,122.63,False,completed
ORD003973,CUST02741,2024-11-21,google,tops,US,56.43,0.0,56.43,False,completed
ORD003974,CUST02741,2024-10-29,google,outerwear,US,150.1,0.0,150.1,False,completed
ORD003975,CUST02742,2024-08-25,google,outerwear,FR,149.94,0.0,149.94,False,completed
ORD003976,CUST02742,2024-11-02,google,tops,FR,66.69,0.0,66.69,False,completed
ORD003977,CUST02743,2024-08-21,google,bottoms,GB,95.35,0.0,95.35,False,completed
ORD003978,CUST02743,2024-11-13,google,tops,GB,67.73,0.0,67.73,False,completed
ORD003979,CUST02744,2024-08-12,google,bottoms,US,69.68,0.0,69.68,False,completed
ORD003980,CUST02745,2024-08-25,google,outerwear,GB,151.93,0.0,22.79,True,returned
ORD003981,CUST02745,2024-11-19,google,outerwear,GB,165.15,0.0,165.15,False,completed
ORD003982,CUST02745,2024-12-18,google,tops,GB,70.06,0.0,70.06,False,completed
ORD003983,CUST02746,2024-08-29,google,footwear,DE,126.49,0.0,126.49,False,completed
ORD003984,CUST02746,2024-11-18,google,accessories,DE,53.86,0.0,53.86,False,completed
ORD003985,CUST02747,2024-08-30,google,outerwear,DE,98.95,0.0,98.95,False,completed
ORD003986,CUST02748,2024-09-04,google,outerwear,US,135.34,0.0,135.34,False,completed
ORD003987,CUST02749,2024-08-22,google,footwear,NL,103.56,0.0,15.53,True,returned
ORD003988,CUST02750,2024-08-10,google,footwear,US,123.26,0.0,123.26,False,completed
ORD003989,CUST02751,2024-08-12,google,tops,US,63.3,0.0,63.3,False,completed
ORD003990,CUST02752,2024-08-22,google,bottoms,US,63.43,0.0,63.43,False,completed
ORD003991,CUST02753,2024-09-02,google,tops,US,63.88,0.0,63.88,False,completed
ORD003992,CUST02754,2024-08-28,google,bottoms,GB,77.12,0.0,77.12,False,completed
ORD003993,CUST02754,2024-09-22,google,outerwear,GB,162.87,0.0,162.87,False,completed
ORD003994,CUST02754,2024-11-05,google,bottoms,GB,66.92,0.0,66.92,False,completed
ORD003995,CUST02755,2024-08-30,google,bottoms,GB,53.77,0.0,53.77,False,completed
ORD003996,CUST02756,2024-08-10,google,outerwear,GB,103.29,0.0,103.29,False,completed
ORD003997,CUST02756,2024-12-14,google,tops,GB,70.07,0.0,70.07,False,completed
ORD003998,CUST02757,2024-08-12,google,accessories,GB,46.31,0.0,46.31,False,completed
ORD003999,CUST02758,2024-08-28,google,accessories,GB,42.49,0.0,42.49,False,completed
ORD004000,CUST02758,2024-12-23,google,tops,GB,66.59,0.0,66.59,False,completed
ORD004001,CUST02758,2024-09-29,google,tops,GB,57.23,0.0,57.23,False,completed
ORD004002,CUST02759,2024-09-08,google,tops,GB,45.8,0.0,45.8,False,completed
ORD004003,CUST02759,2024-12-20,google,accessories,GB,47.22,0.0,47.22,False,completed
ORD004004,CUST02760,2024-08-17,google,tops,US,39.26,0.0,39.26,False,completed
ORD004005,CUST02761,2024-08-19,google,outerwear,GB,140.82,0.0,140.82,False,completed
ORD004006,CUST02762,2024-08-29,google,footwear,CA,120.35,0.0,120.35,False,completed
ORD004007,CUST02763,2024-08-13,google,tops,GB,54.23,0.0,54.23,False,completed
ORD004008,CUST02763,2024-11-02,google,bottoms,GB,91.43,0.0,91.43,False,completed
ORD004009,CUST02763,2024-10-17,google,outerwear,GB,123.17,0.0,123.17,False,completed
ORD004010,CUST02764,2024-08-20,google,accessories,GB,45.81,0.0,6.87,True,returned
ORD004011,CUST02764,2024-12-25,google,tops,GB,43.58,0.0,43.58,False,completed
ORD004012,CUST02765,2024-08-27,google,bottoms,CA,55.52,0.0,55.52,False,completed
ORD004013,CUST02766,2024-08-16,google,bottoms,FR,58.54,0.0,58.54,False,completed
ORD004014,CUST02767,2024-08-11,google,bottoms,DE,55.52,0.0,8.33,True,returned
ORD004015,CUST02767,2024-12-13,google,outerwear,DE,114.85,0.0,114.85,False,completed
ORD004016,CUST02768,2024-08-17,google,outerwear,US,111.94,0.0,111.94,False,completed
ORD004017,CUST02769,2024-08-29,google,bottoms,FR,75.32,0.0,75.32,False,completed
ORD004018,CUST02770,2024-08-02,google,outerwear,US,117.91,0.0,117.91,False,completed
ORD004019,CUST02770,2024-10-03,google,outerwear,US,164.13,0.0,164.13,False,completed
ORD004020,CUST02771,2024-09-02,google,accessories,US,29.02,0.0,29.02,False,completed
ORD004021,CUST02771,2024-10-10,google,accessories,US,42.66,0.0,42.66,False,completed
ORD004022,CUST02771,2024-09-21,google,accessories,US,49.87,0.0,49.87,False,completed
ORD004023,CUST02772,2024-08-20,google,outerwear,GB,174.54,0.0,174.54,False,completed
ORD004024,CUST02773,2024-08-15,google,tops,AU,60.09,0.0,60.09,False,completed
ORD004025,CUST02774,2024-08-14,google,bottoms,AU,73.19,0.0,73.19,False,completed
ORD004026,CUST02775,2024-08-12,google,outerwear,CA,179.77,0.0,179.77,False,completed
ORD004027,CUST02775,2024-08-24,google,tops,CA,63.08,0.0,63.08,False,completed
ORD004028,CUST02776,2024-08-07,tiktok,bottoms,GB,56.09,8.35,47.74,False,completed
ORD004029,CUST02777,2024-08-23,tiktok,tops,GB,42.33,9.5,32.83,False,completed
ORD004030,CUST02778,2024-08-22,tiktok,bottoms,GB,66.27,0.0,66.27,False,completed
ORD004031,CUST02779,2024-08-21,tiktok,outerwear,US,87.15,20.77,-7.7,True,returned
ORD004032,CUST02779,2024-12-04,tiktok,footwear,US,114.68,12.04,102.64,False,completed
ORD004033,CUST02780,2024-08-09,tiktok,tops,FR,52.88,8.76,-0.83,True,returned
ORD004034,CUST02781,2024-08-18,tiktok,outerwear,US,126.21,0.0,126.21,False,completed
ORD004035,CUST02782,2024-08-29,tiktok,bottoms,GB,55.81,13.31,42.5,False,completed
ORD004036,CUST02783,2024-08-19,tiktok,bottoms,NL,52.36,0.0,52.36,False,completed
ORD004037,CUST02784,2024-08-09,tiktok,bottoms,GB,73.45,0.0,73.45,False,completed
ORD004038,CUST02785,2024-08-25,tiktok,outerwear,GB,149.69,34.19,115.5,False,completed
ORD004039,CUST02785,2024-09-29,tiktok,outerwear,GB,127.08,0.0,127.08,False,completed
ORD004040,CUST02785,2024-09-11,tiktok,outerwear,GB,139.5,33.32,106.18,False,completed
ORD004041,CUST02786,2024-08-30,tiktok,outerwear,GB,113.38,26.04,87.34,False,completed
ORD004042,CUST02786,2024-09-21,tiktok,bottoms,GB,59.4,0.0,59.4,False,completed
ORD004043,CUST02787,2024-08-21,tiktok,tops,FR,40.71,0.0,40.71,False,completed
ORD004044,CUST02788,2024-08-20,tiktok,tops,NL,49.97,0.0,49.97,False,completed
ORD004045,CUST02789,2024-08-12,tiktok,bottoms,US,44.12,10.72,33.4,False,completed
ORD004046,CUST02790,2024-08-27,tiktok,outerwear,US,145.92,0.0,145.92,False,completed
ORD004047,CUST02791,2024-09-04,tiktok,outerwear,US,95.56,0.0,95.56,False,completed
ORD004048,CUST02791,2024-10-02,tiktok,tops,US,38.05,8.73,-3.02,True,returned
ORD004049,CUST02792,2024-08-30,tiktok,accessories,GB,43.42,7.83,35.59,False,completed
ORD004050,CUST02792,2024-09-04,tiktok,accessories,GB,26.94,5.43,-1.39,True,returned
ORD004051,CUST02793,2024-08-28,tiktok,bottoms,US,57.31,0.0,57.31,False,completed
ORD004052,CUST02793,2024-11-23,tiktok,accessories,US,38.42,0.0,38.42,False,completed
ORD004053,CUST02794,2024-08-14,tiktok,footwear,DE,72.05,0.0,72.05,False,completed
ORD004054,CUST02795,2024-09-02,tiktok,outerwear,GB,78.69,19.6,59.09,False,completed
ORD004055,CUST02795,2024-12-12,tiktok,outerwear,GB,110.89,19.85,91.04,False,completed
ORD004056,CUST02795,2024-10-18,tiktok,footwear,GB,103.48,0.0,15.52,True,returned
ORD004057,CUST02796,2024-08-17,tiktok,accessories,US,38.37,0.0,5.76,True,returned
ORD004058,CUST02796,2024-10-12,tiktok,tops,US,50.51,0.0,7.58,True,returned
ORD004059,CUST02796,2024-11-14,tiktok,tops,US,35.73,0.0,35.73,False,completed
ORD004060,CUST02797,2024-08-16,tiktok,bottoms,GB,55.82,0.0,55.82,False,completed
ORD004061,CUST02798,2024-08-12,tiktok,bottoms,GB,63.64,8.86,54.78,False,completed
ORD004062,CUST02799,2024-08-31,tiktok,bottoms,NL,50.95,0.0,7.64,True,returned
ORD004063,CUST02800,2024-08-16,tiktok,bottoms,GB,55.18,0.0,55.18,False,completed
ORD004064,CUST02801,2024-08-30,tiktok,outerwear,FR,134.78,15.5,119.28,False,completed
ORD004065,CUST02802,2024-09-01,tiktok,outerwear,GB,110.34,23.93,-7.38,True,returned
ORD004066,CUST02802,2024-11-14,tiktok,tops,GB,40.83,7.37,33.46,False,completed
ORD004067,CUST02803,2024-08-22,tiktok,tops,CA,39.93,0.0,39.93,False,completed
ORD004068,CUST02804,2024-08-24,tiktok,tops,DE,29.38,4.87,-0.46,True,returned
ORD004069,CUST02804,2024-12-05,tiktok,outerwear,DE,126.8,0.0,126.8,False,completed
ORD004070,CUST02805,2024-08-11,tiktok,bottoms,GB,44.85,8.21,-1.48,True,returned
ORD004071,CUST02805,2024-11-04,tiktok,tops,GB,42.31,0.0,42.31,False,completed
ORD004072,CUST02806,2024-08-27,tiktok,tops,GB,34.78,3.73,31.05,False,completed
ORD004073,CUST02807,2024-08-14,tiktok,accessories,US,37.35,4.24,33.11,False,completed
ORD004074,CUST02807,2024-10-08,tiktok,tops,US,47.58,0.0,47.58,False,completed
ORD004075,CUST02808,2024-08-30,tiktok,tops,GB,56.18,12.1,-3.67,True,returned
ORD004076,CUST02809,2024-08-07,tiktok,bottoms,NL,56.69,12.05,44.64,False,completed
ORD004077,CUST02810,2024-08-29,tiktok,bottoms,CA,79.61,9.91,69.7,False,completed
ORD004078,CUST02811,2024-08-04,tiktok,accessories,GB,24.73,4.06,-0.35,True,returned
ORD004079,CUST02812,2024-08-31,tiktok,outerwear,GB,133.61,21.17,112.44,False,completed
ORD004080,CUST02813,2024-08-15,tiktok,outerwear,GB,125.73,0.0,125.73,False,completed
ORD004081,CUST02814,2024-09-01,tiktok,accessories,GB,36.38,0.0,36.38,False,completed
ORD004082,CUST02815,2024-08-24,tiktok,footwear,US,73.58,14.27,59.31,False,completed
ORD004083,CUST02815,2024-12-19,tiktok,bottoms,US,54.89,0.0,54.89,False,completed
ORD004084,CUST02816,2024-08-12,tiktok,footwear,AU,82.4,16.69,-4.33,True,returned
ORD004085,CUST02816,2024-09-22,tiktok,accessories,AU,39.74,8.4,31.34,False,completed
ORD004086,CUST02817,2024-08-21,tiktok,bottoms,GB,74.89,12.7,62.19,False,completed
ORD004087,CUST02817,2024-10-08,tiktok,outerwear,GB,105.59,0.0,15.84,True,returned
ORD004088,CUST02818,2024-08-16,tiktok,outerwear,GB,134.33,15.33,119.0,False,completed
ORD004089,CUST02819,2024-08-29,tiktok,footwear,US,95.45,0.0,95.45,False,completed
ORD004090,CUST02820,2024-09-02,tiktok,outerwear,US,101.13,0.0,101.13,False,completed
ORD004091,CUST02821,2024-08-14,tiktok,outerwear,US,99.28,10.01,89.27,False,completed
ORD004092,CUST02822,2024-08-16,tiktok,footwear,DE,109.47,0.0,16.42,True,returned
ORD004093,CUST02822,2024-09-23,tiktok,tops,DE,45.69,5.33,40.36,False,completed
ORD004094,CUST02823,2024-08-25,tiktok,bottoms,DE,46.6,7.67,38.93,False,completed
ORD004095,CUST02824,2024-08-02,tiktok,accessories,GB,39.41,8.15,31.26,False,completed
ORD004096,CUST02825,2024-08-09,tiktok,tops,US,46.1,11.28,34.82,False,completed
ORD004097,CUST02826,2024-08-14,tiktok,tops,FR,50.56,0.0,50.56,False,completed
ORD004098,CUST02826,2024-09-19,tiktok,accessories,FR,27.77,0.0,27.77,False,completed
ORD004099,CUST02827,2024-08-18,tiktok,bottoms,US,57.95,0.0,57.95,False,completed
ORD004100,CUST02828,2024-08-25,tiktok,accessories,NL,34.99,0.0,34.99,False,completed
ORD004101,CUST02829,2024-08-02,organic,bottoms,GB,98.11,0.0,98.11,False,completed
ORD004102,CUST02830,2024-08-30,organic,outerwear,DE,201.98,0.0,201.98,False,completed
ORD004103,CUST02831,2024-09-06,organic,accessories,US,42.91,0.0,6.44,True,returned
ORD004104,CUST02832,2024-08-23,organic,accessories,CA,53.48,0.0,53.48,False,completed
ORD004105,CUST02832,2024-08-31,organic,accessories,CA,36.0,0.0,36.0,False,completed
ORD004106,CUST02833,2024-08-29,organic,tops,FR,43.86,0.0,6.58,True,returned
ORD004107,CUST02834,2024-08-21,organic,bottoms,AU,101.11,0.0,101.11,False,completed
ORD004108,CUST02835,2024-09-05,organic,tops,US,80.3,0.0,80.3,False,completed
ORD004109,CUST02835,2024-09-10,organic,tops,US,70.8,0.0,70.8,False,completed
ORD004110,CUST02836,2024-09-02,organic,outerwear,US,211.46,0.0,211.46,False,completed
ORD004111,CUST02836,2024-11-07,organic,outerwear,US,164.14,0.0,164.14,False,completed
ORD004112,CUST02837,2024-09-02,organic,outerwear,US,155.1,0.0,155.1,False,completed
ORD004113,CUST02838,2024-08-11,organic,bottoms,NL,103.43,0.0,103.43,False,completed
ORD004114,CUST02839,2024-09-01,organic,tops,US,47.53,0.0,47.53,False,completed
ORD004115,CUST02839,2024-12-19,organic,tops,US,59.47,0.0,59.47,False,completed
ORD004116,CUST02839,2024-12-11,organic,outerwear,US,149.66,0.0,149.66,False,completed
ORD004117,CUST02840,2024-09-02,organic,tops,US,50.34,0.0,50.34,False,completed
ORD004118,CUST02840,2024-11-20,organic,tops,US,42.15,0.0,42.15,False,completed
ORD004119,CUST02841,2024-08-29,organic,bottoms,US,86.18,0.0,86.18,False,completed
ORD004120,CUST02841,2024-11-28,organic,bottoms,US,77.12,0.0,77.12,False,completed
ORD004121,CUST02842,2024-08-07,organic,bottoms,FR,83.74,0.0,83.74,False,completed
ORD004122,CUST02843,2024-08-08,organic,tops,US,68.21,0.0,10.23,True,returned
ORD004123,CUST02844,2024-08-17,organic,bottoms,US,75.8,0.0,75.8,False,completed
ORD004124,CUST02845,2024-09-03,organic,tops,US,66.79,0.0,10.02,True,returned
ORD004125,CUST02845,2024-11-14,organic,tops,US,56.58,0.0,56.58,False,completed
ORD004126,CUST02845,2024-11-22,organic,tops,US,68.45,0.0,68.45,False,completed
ORD004127,CUST02846,2024-08-28,organic,accessories,AU,60.53,0.0,60.53,False,completed
ORD004128,CUST02847,2024-08-13,organic,tops,FR,67.04,0.0,67.04,False,completed
ORD004129,CUST02847,2024-10-24,organic,bottoms,FR,79.48,0.0,79.48,False,completed
ORD004130,CUST02847,2024-10-04,organic,outerwear,FR,182.62,0.0,182.62,False,completed
ORD004131,CUST02848,2024-08-06,organic,outerwear,GB,156.44,0.0,156.44,False,completed
ORD004132,CUST02849,2024-08-15,organic,accessories,US,44.74,0.0,44.74,False,completed
ORD004133,CUST02849,2024-12-11,organic,bottoms,US,86.75,0.0,86.75,False,completed
ORD004134,CUST02850,2024-08-21,organic,outerwear,NL,195.77,0.0,195.77,False,completed
ORD004135,CUST02851,2024-08-05,organic,footwear,NL,116.04,0.0,116.04,False,completed
ORD004136,CUST02852,2024-08-27,organic,footwear,GB,125.76,0.0,125.76,False,completed
ORD004137,CUST02852,2024-11-04,organic,accessories,GB,54.93,0.0,54.93,False,completed
ORD004138,CUST02853,2024-08-25,organic,outerwear,AU,141.08,0.0,141.08,False,completed
ORD004139,CUST02853,2024-11-30,organic,accessories,AU,61.56,0.0,61.56,False,completed
ORD004140,CUST02853,2024-12-05,organic,outerwear,AU,166.29,0.0,166.29,False,completed
ORD004141,CUST02854,2024-08-22,organic,footwear,GB,130.51,0.0,130.51,False,completed
ORD004142,CUST02854,2024-10-28,organic,bottoms,GB,70.63,0.0,70.63,False,completed
ORD004143,CUST02855,2024-08-03,organic,tops,GB,52.32,0.0,52.32,False,completed
ORD004144,CUST02856,2024-09-01,organic,footwear,AU,117.54,0.0,117.54,False,completed
ORD004145,CUST02857,2024-08-20,organic,bottoms,GB,108.19,0.0,108.19,False,completed
ORD004146,CUST02858,2024-08-13,organic,outerwear,US,126.25,0.0,126.25,False,completed
ORD004147,CUST02858,2024-09-18,organic,tops,US,61.71,0.0,61.71,False,completed
ORD004148,CUST02859,2024-08-22,organic,bottoms,US,114.33,0.0,114.33,False,completed
ORD004149,CUST02859,2024-12-15,organic,footwear,US,131.03,0.0,131.03,False,completed
ORD004150,CUST02860,2024-08-15,organic,tops,FR,71.17,0.0,71.17,False,completed
ORD004151,CUST02861,2024-08-15,organic,accessories,NL,38.42,0.0,38.42,False,completed
ORD004152,CUST02861,2024-09-02,organic,outerwear,NL,141.1,0.0,141.1,False,completed
ORD004153,CUST02861,2024-11-10,organic,tops,NL,63.33,0.0,63.33,False,completed
ORD004154,CUST02862,2024-08-20,organic,tops,US,75.41,0.0,75.41,False,completed
ORD004155,CUST02863,2024-09-01,organic,tops,GB,70.79,0.0,70.79,False,completed
ORD004156,CUST02863,2024-11-01,organic,outerwear,GB,110.65,0.0,16.6,True,returned
ORD004157,CUST02864,2024-08-05,organic,accessories,DE,44.1,0.0,6.62,True,returned
ORD004158,CUST02864,2024-10-05,organic,accessories,DE,64.23,0.0,9.63,True,returned
ORD004159,CUST02865,2024-08-25,organic,bottoms,GB,119.11,0.0,119.11,False,completed
ORD004160,CUST02866,2024-08-25,organic,outerwear,AU,129.88,0.0,129.88,False,completed
ORD004161,CUST02866,2024-10-31,organic,outerwear,AU,144.13,0.0,144.13,False,completed
ORD004162,CUST02867,2024-08-22,organic,tops,GB,65.77,0.0,65.77,False,completed
ORD004163,CUST02868,2024-08-05,organic,accessories,US,44.27,0.0,44.27,False,completed
ORD004164,CUST02868,2024-12-19,organic,footwear,US,122.58,0.0,122.58,False,completed
ORD004165,CUST02869,2024-08-09,organic,footwear,US,119.68,0.0,119.68,False,completed
ORD004166,CUST02870,2024-09-08,organic,accessories,US,54.81,0.0,54.81,False,completed
ORD004167,CUST02870,2024-10-29,organic,footwear,US,122.9,0.0,18.44,True,returned
ORD004168,CUST02871,2024-08-30,organic,tops,US,65.7,0.0,65.7,False,completed
ORD004169,CUST02872,2024-08-11,organic,accessories,GB,54.52,0.0,54.52,False,completed
ORD004170,CUST02873,2024-08-22,organic,tops,GB,58.01,0.0,58.01,False,completed
ORD004171,CUST02874,2024-08-26,organic,footwear,FR,140.81,0.0,140.81,False,completed
ORD004172,CUST02875,2024-08-17,organic,bottoms,GB,116.85,0.0,17.53,True,returned
ORD004173,CUST02875,2024-10-24,organic,tops,GB,78.68,0.0,78.68,False,completed
ORD004174,CUST02875,2024-11-14,organic,accessories,GB,47.17,0.0,47.17,False,completed
ORD004175,CUST02876,2024-08-02,organic,bottoms,US,119.04,0.0,119.04,False,completed
ORD004176,CUST02876,2024-12-06,organic,footwear,US,143.66,0.0,143.66,False,completed
ORD004177,CUST02877,2024-08-11,organic,outerwear,US,146.37,0.0,146.37,False,completed
ORD004178,CUST02878,2024-08-13,organic,tops,GB,70.23,0.0,70.23,False,completed
ORD004179,CUST02878,2024-12-16,organic,footwear,GB,139.73,0.0,139.73,False,completed
ORD004180,CUST02879,2024-08-11,organic,bottoms,GB,102.81,0.0,102.81,False,completed
ORD004181,CUST02879,2024-09-19,organic,footwear,GB,96.71,0.0,96.71,False,completed
ORD004182,CUST02880,2024-08-26,organic,bottoms,NL,116.66,0.0,116.66,False,completed
ORD004183,CUST02881,2024-08-24,organic,outerwear,GB,145.57,0.0,145.57,False,completed
ORD004184,CUST02881,2024-11-23,organic,tops,GB,61.38,0.0,61.38,False,completed
ORD004185,CUST02881,2024-09-13,organic,accessories,GB,44.56,0.0,44.56,False,completed
ORD004186,CUST02882,2024-08-24,organic,footwear,GB,86.51,0.0,86.51,False,completed
ORD004187,CUST02882,2024-09-09,organic,bottoms,GB,114.1,0.0,114.1,False,completed
ORD004188,CUST02882,2024-11-12,organic,tops,GB,75.06,0.0,75.06,False,completed
ORD004189,CUST02883,2024-08-17,organic,tops,DE,67.23,0.0,67.23,False,completed
ORD004190,CUST02884,2024-08-19,organic,tops,US,73.31,0.0,11.0,True,returned
ORD004191,CUST02885,2024-08-18,organic,bottoms,GB,85.84,0.0,85.84,False,completed
ORD004192,CUST02885,2024-10-17,organic,outerwear,GB,146.21,0.0,146.21,False,completed
ORD004193,CUST02886,2024-08-12,organic,outerwear,DE,182.37,0.0,182.37,False,completed
ORD004194,CUST02887,2024-08-19,organic,tops,CA,55.27,0.0,55.27,False,completed
ORD004195,CUST02888,2024-09-05,organic,outerwear,CA,211.25,0.0,211.25,False,completed
ORD004196,CUST02888,2024-09-10,organic,bottoms,CA,112.99,0.0,112.99,False,completed
ORD004197,CUST02888,2024-12-17,organic,tops,CA,55.18,0.0,55.18,False,completed
ORD004198,CUST02889,2024-08-17,organic,accessories,US,46.48,0.0,46.48,False,completed
ORD004199,CUST02890,2024-08-19,email,bottoms,GB,84.67,0.0,84.67,False,completed
ORD004200,CUST02890,2024-09-15,email,bottoms,GB,82.07,0.0,12.31,True,returned
ORD004201,CUST02890,2024-08-23,email,footwear,GB,116.45,0.0,116.45,False,completed
ORD004202,CUST02891,2024-09-04,email,footwear,GB,99.92,0.0,99.92,False,completed
ORD004203,CUST02891,2024-09-18,email,outerwear,GB,176.44,0.0,176.44,False,completed
ORD004204,CUST02892,2024-08-13,email,tops,AU,51.45,0.0,51.45,False,completed
ORD004205,CUST02893,2024-08-24,email,outerwear,GB,190.75,0.0,190.75,False,completed
ORD004206,CUST02893,2024-10-26,email,outerwear,GB,183.94,0.0,183.94,False,completed
ORD004207,CUST02894,2024-08-21,email,tops,GB,59.74,0.0,59.74,False,completed
ORD004208,CUST02895,2024-08-14,email,bottoms,GB,92.51,0.0,92.51,False,completed
ORD004209,CUST02895,2024-12-20,email,accessories,GB,48.61,0.0,48.61,False,completed
ORD004210,CUST02896,2024-08-09,email,bottoms,GB,94.91,0.0,94.91,False,completed
ORD004211,CUST02897,2024-08-27,email,bottoms,DE,74.75,0.0,74.75,False,completed
ORD004212,CUST02898,2024-08-30,email,bottoms,US,63.64,0.0,9.55,True,returned
ORD004213,CUST02899,2024-08-20,email,outerwear,GB,128.1,0.0,128.1,False,completed
ORD004214,CUST02899,2024-11-13,email,accessories,GB,46.93,0.0,46.93,False,completed
ORD004215,CUST02899,2024-09-08,email,bottoms,GB,120.96,0.0,120.96,False,completed
ORD004216,CUST02900,2024-08-22,email,tops,CA,78.3,0.0,78.3,False,completed
ORD004217,CUST02900,2024-10-18,email,footwear,CA,153.25,0.0,22.99,True,returned
ORD004218,CUST02901,2024-08-31,email,footwear,FR,86.61,0.0,86.61,False,completed
ORD004219,CUST02901,2024-10-03,email,tops,FR,74.33,0.0,74.33,False,completed
ORD004220,CUST02902,2024-08-15,email,tops,FR,79.49,0.0,79.49,False,completed
ORD004221,CUST02902,2024-12-29,email,tops,FR,62.53,0.0,62.53,False,completed
ORD004222,CUST02903,2024-08-24,email,accessories,AU,63.65,0.0,63.65,False,completed
ORD004223,CUST02904,2024-09-04,email,tops,DE,43.81,0.0,43.81,False,completed
ORD004224,CUST02904,2024-11-14,email,bottoms,DE,112.72,0.0,112.72,False,completed
ORD004225,CUST02905,2024-08-18,email,tops,US,48.42,0.0,7.26,True,returned
ORD004226,CUST02906,2024-08-10,email,bottoms,US,64.48,0.0,64.48,False,completed
ORD004227,CUST02907,2024-08-05,email,bottoms,US,123.61,0.0,123.61,False,completed
ORD004228,CUST02908,2024-09-06,email,outerwear,GB,190.92,0.0,190.92,False,completed
ORD004229,CUST02909,2024-08-15,email,outerwear,US,225.96,0.0,225.96,False,completed
ORD004230,CUST02909,2024-09-12,email,tops,US,73.51,0.0,73.51,False,completed
ORD004231,CUST02910,2024-08-23,email,footwear,GB,92.89,0.0,92.89,False,completed
ORD004232,CUST02911,2024-08-26,email,footwear,US,158.07,0.0,158.07,False,completed
ORD004233,CUST02911,2024-09-27,email,bottoms,US,71.7,0.0,71.7,False,completed
ORD004234,CUST02911,2024-11-06,email,outerwear,US,214.73,0.0,214.73,False,completed
ORD004235,CUST02912,2024-08-29,email,accessories,GB,42.59,0.0,42.59,False,completed
ORD004236,CUST02913,2024-08-25,email,outerwear,US,194.72,0.0,194.72,False,completed
ORD004237,CUST02913,2024-09-17,email,accessories,US,46.66,0.0,46.66,False,completed
ORD004238,CUST02914,2024-08-11,email,tops,GB,74.48,0.0,74.48,False,completed
ORD004239,CUST02915,2024-08-26,email,footwear,GB,116.98,0.0,116.98,False,completed
ORD004240,CUST02915,2024-09-23,email,accessories,GB,46.73,0.0,46.73,False,completed
ORD004241,CUST02916,2024-08-24,email,outerwear,US,139.52,0.0,139.52,False,completed
ORD004242,CUST02916,2024-12-16,email,outerwear,US,213.05,0.0,213.05,False,completed
ORD004243,CUST02916,2024-12-02,email,outerwear,US,202.04,0.0,202.04,False,completed
ORD004244,CUST02917,2024-08-20,referral,bottoms,US,87.42,0.0,87.42,False,completed
ORD004245,CUST02918,2024-08-18,referral,accessories,US,36.65,0.0,36.65,False,completed
ORD004246,CUST02918,2024-09-13,referral,accessories,US,31.51,0.0,31.51,False,completed
ORD004247,CUST02919,2024-09-10,referral,footwear,AU,109.74,0.0,109.74,False,completed
ORD004248,CUST02919,2024-10-18,referral,bottoms,AU,108.26,0.0,108.26,False,completed
ORD004249,CUST02919,2024-11-21,referral,accessories,AU,59.52,0.0,59.52,False,completed
ORD004250,CUST02920,2024-09-04,referral,bottoms,GB,86.03,0.0,12.9,True,returned
ORD004251,CUST02921,2024-08-22,referral,tops,GB,49.32,0.0,49.32,False,completed
ORD004252,CUST02922,2024-08-30,referral,bottoms,GB,93.44,0.0,93.44,False,completed
ORD004253,CUST02923,2024-09-01,referral,bottoms,GB,77.38,0.0,77.38,False,completed
ORD004254,CUST02923,2024-12-13,referral,tops,GB,46.41,0.0,46.41,False,completed
ORD004255,CUST02924,2024-08-18,referral,outerwear,US,124.37,0.0,124.37,False,completed
ORD004256,CUST02925,2024-08-15,referral,footwear,US,113.7,0.0,113.7,False,completed
ORD004257,CUST02925,2024-10-12,referral,bottoms,US,70.7,0.0,70.7,False,completed
ORD004258,CUST02926,2024-08-06,referral,footwear,US,88.92,0.0,88.92,False,completed
ORD004259,CUST02927,2024-08-31,referral,footwear,GB,129.47,0.0,129.47,False,completed
ORD004260,CUST02927,2024-12-24,referral,accessories,GB,54.8,0.0,8.22,True,returned
ORD004261,CUST02928,2024-09-29,meta,accessories,NL,24.22,0.0,24.22,False,completed
ORD004262,CUST02928,2024-12-15,meta,footwear,NL,86.93,20.61,66.32,False,completed
ORD004263,CUST02929,2024-09-26,meta,outerwear,US,128.23,19.84,-0.61,True,returned
ORD004264,CUST02930,2024-09-25,meta,footwear,GB,112.54,12.49,4.39,True,returned
ORD004265,CUST02931,2024-09-19,meta,footwear,GB,106.24,0.0,15.94,True,returned
ORD004266,CUST02932,2024-09-30,meta,footwear,GB,113.63,0.0,113.63,False,completed
ORD004267,CUST02932,2024-11-14,meta,outerwear,GB,159.91,0.0,23.99,True,returned
ORD004268,CUST02933,2024-09-25,meta,outerwear,US,89.56,8.98,80.58,False,completed
ORD004269,CUST02934,2024-09-21,meta,tops,DE,44.93,9.83,35.1,False,completed
ORD004270,CUST02935,2024-10-04,meta,bottoms,AU,65.22,8.69,56.53,False,completed
ORD004271,CUST02936,2024-09-25,meta,tops,NL,40.53,0.0,40.53,False,completed
ORD004272,CUST02936,2024-10-16,meta,tops,NL,34.52,0.0,34.52,False,completed
ORD004273,CUST02937,2024-09-06,meta,bottoms,GB,55.35,6.9,48.45,False,completed
ORD004274,CUST02938,2024-09-19,meta,bottoms,GB,59.42,0.0,8.91,True,returned
ORD004275,CUST02939,2024-09-29,meta,bottoms,GB,45.74,6.15,39.59,False,completed
ORD004276,CUST02940,2024-09-22,meta,bottoms,DE,80.98,17.62,63.36,False,completed
ORD004277,CUST02940,2024-12-07,meta,outerwear,DE,136.04,0.0,136.04,False,completed
ORD004278,CUST02941,2024-10-10,meta,tops,CA,50.9,10.84,40.06,False,completed
ORD004279,CUST02942,2024-09-22,meta,outerwear,AU,159.3,0.0,159.3,False,completed
ORD004280,CUST02943,2024-09-14,meta,tops,GB,50.34,0.0,7.55,True,returned
ORD004281,CUST02944,2024-09-11,meta,bottoms,GB,81.87,0.0,81.87,False,completed
ORD004282,CUST02944,2024-12-20,meta,outerwear,GB,105.25,17.66,87.59,False,completed
ORD004283,CUST02945,2024-09-15,meta,bottoms,DE,77.87,16.17,61.7,False,completed
ORD004284,CUST02946,2024-09-30,meta,accessories,US,44.5,0.0,44.5,False,completed
ORD004285,CUST02947,2024-09-23,meta,footwear,AU,97.05,20.07,76.98,False,completed
ORD004286,CUST02947,2024-11-02,meta,outerwear,AU,95.71,18.62,77.09,False,completed
ORD004287,CUST02948,2024-09-28,meta,bottoms,DE,66.05,13.29,52.76,False,completed
ORD004288,CUST02949,2024-10-08,meta,accessories,US,32.2,0.0,32.2,False,completed
ORD004289,CUST02950,2024-09-25,meta,outerwear,GB,128.13,0.0,128.13,False,completed
ORD004290,CUST02951,2024-09-14,meta,tops,GB,47.43,4.96,42.47,False,completed
ORD004291,CUST02952,2024-09-09,meta,bottoms,US,62.22,7.92,54.3,False,completed
ORD004292,CUST02953,2024-09-21,meta,bottoms,DE,59.24,0.0,8.89,True,returned
ORD004293,CUST02954,2024-09-26,meta,outerwear,GB,114.04,0.0,17.11,True,returned
ORD004294,CUST02954,2024-12-14,meta,footwear,GB,62.06,8.67,53.39,False,completed
ORD004295,CUST02955,2024-09-23,meta,outerwear,US,155.06,0.0,23.26,True,returned
ORD004296,CUST02955,2024-11-11,meta,accessories,US,45.22,0.0,6.78,True,returned
ORD004297,CUST02956,2024-09-19,meta,bottoms,US,75.31,13.36,-2.06,True,returned
ORD004298,CUST02957,2024-09-19,meta,tops,FR,34.4,0.0,34.4,False,completed
ORD004299,CUST02957,2024-10-02,meta,tops,FR,37.24,8.99,28.25,False,completed
ORD004300,CUST02958,2024-09-26,meta,bottoms,DE,74.06,0.0,74.06,False,completed
ORD004301,CUST02959,2024-09-28,meta,bottoms,GB,81.02,0.0,81.02,False,completed
ORD004302,CUST02960,2024-09-16,meta,outerwear,NL,82.34,0.0,82.34,False,completed
ORD004303,CUST02961,2024-09-28,meta,tops,AU,58.52,0.0,8.78,True,returned
ORD004304,CUST02962,2024-10-02,meta,tops,GB,54.73,0.0,8.21,True,returned
ORD004305,CUST02963,2024-09-21,meta,bottoms,GB,55.88,0.0,55.88,False,completed
ORD004306,CUST02964,2024-10-11,meta,accessories,US,30.3,0.0,4.55,True,returned
ORD004307,CUST02964,2024-12-25,meta,tops,US,34.26,4.61,29.65,False,completed
ORD004308,CUST02964,2024-11-20,meta,bottoms,US,73.21,0.0,10.98,True,returned
ORD004309,CUST02965,2024-09-26,meta,bottoms,AU,52.92,0.0,52.92,False,completed
ORD004310,CUST02966,2024-09-15,meta,accessories,GB,31.56,0.0,31.56,False,completed
ORD004311,CUST02967,2024-09-15,meta,bottoms,GB,44.66,0.0,44.66,False,completed
ORD004312,CUST02968,2024-10-08,meta,tops,US,51.67,8.74,42.93,False,completed
ORD004313,CUST02969,2024-09-16,meta,outerwear,NL,160.36,0.0,24.05,True,returned
ORD004314,CUST02970,2024-09-22,meta,outerwear,US,136.29,0.0,20.44,True,returned
ORD004315,CUST02971,2024-09-30,meta,bottoms,US,75.05,0.0,11.26,True,returned
ORD004316,CUST02972,2024-09-10,meta,tops,US,49.12,0.0,49.12,False,completed
ORD004317,CUST02972,2024-12-04,meta,tops,US,31.11,3.79,27.32,False,completed
ORD004318,CUST02973,2024-09-06,meta,bottoms,GB,47.61,8.06,-0.92,True,returned
ORD004319,CUST02973,2024-09-30,meta,accessories,GB,43.77,9.24,34.53,False,completed
ORD004320,CUST02974,2024-09-25,meta,accessories,GB,40.17,0.0,40.17,False,completed
ORD004321,CUST02975,2024-09-25,meta,outerwear,GB,111.38,0.0,16.71,True,returned
ORD004322,CUST02976,2024-10-03,meta,outerwear,US,126.0,0.0,126.0,False,completed
ORD004323,CUST02976,2024-10-16,meta,bottoms,US,57.38,0.0,57.38,False,completed
ORD004324,CUST02977,2024-09-08,meta,footwear,DE,103.64,22.27,81.37,False,completed
ORD004325,CUST02978,2024-09-13,meta,tops,GB,47.4,0.0,47.4,False,completed
ORD004326,CUST02978,2024-09-22,meta,tops,GB,34.5,0.0,5.18,True,returned
ORD004327,CUST02979,2024-09-07,meta,footwear,US,85.14,0.0,85.14,False,completed
ORD004328,CUST02979,2024-11-06,meta,bottoms,US,51.12,0.0,7.67,True,returned
ORD004329,CUST02980,2024-09-10,meta,tops,US,45.89,8.77,-1.89,True,returned
ORD004330,CUST02980,2024-10-02,meta,bottoms,US,51.84,10.8,41.04,False,completed
ORD004331,CUST02981,2024-09-21,meta,accessories,AU,35.06,0.0,35.06,False,completed
ORD004332,CUST02982,2024-09-23,meta,tops,US,51.8,9.43,42.37,False,completed
ORD004333,CUST02983,2024-09-14,meta,accessories,US,45.18,0.0,6.78,True,returned
ORD004334,CUST02984,2024-09-13,meta,bottoms,GB,82.64,0.0,12.4,True,returned
ORD004335,CUST02985,2024-10-07,meta,footwear,GB,94.44,0.0,94.44,False,completed
ORD004336,CUST02985,2024-10-24,meta,bottoms,GB,83.7,0.0,83.7,False,completed
ORD004337,CUST02986,2024-09-12,meta,bottoms,GB,51.12,10.77,40.35,False,completed
ORD004338,CUST02987,2024-09-21,meta,outerwear,AU,107.79,19.19,88.6,False,completed
ORD004339,CUST02988,2024-09-09,meta,footwear,GB,68.72,13.93,54.79,False,completed
ORD004340,CUST02989,2024-09-10,meta,footwear,GB,90.59,21.77,68.82,False,completed
ORD004341,CUST02990,2024-09-07,meta,outerwear,CA,109.21,19.6,-3.22,True,returned
ORD004342,CUST02991,2024-10-04,meta,footwear,GB,95.23,18.02,77.21,False,completed
ORD004343,CUST02992,2024-09-19,meta,tops,AU,43.92,9.74,34.18,False,completed
ORD004344,CUST02992,2024-12-07,meta,bottoms,AU,63.06,12.3,-2.84,True,returned
ORD004345,CUST02993,2024-09-09,meta,tops,US,37.31,5.28,0.32,True,returned
ORD004346,CUST02994,2024-10-04,meta,tops,GB,45.27,9.91,35.36,False,completed
ORD004347,CUST02995,2024-10-03,meta,footwear,GB,71.62,0.0,10.74,True,returned
ORD004348,CUST02995,2024-11-10,meta,tops,GB,37.29,0.0,5.59,True,returned
ORD004349,CUST02996,2024-10-03,meta,tops,DE,40.18,7.64,32.54,False,completed
ORD004350,CUST02997,2024-09-12,meta,tops,US,34.6,0.0,34.6,False,completed
ORD004351,CUST02998,2024-09-21,meta,bottoms,FR,70.51,0.0,10.58,True,returned
ORD004352,CUST02998,2024-12-26,meta,bottoms,FR,87.36,15.72,71.64,False,completed
ORD004353,CUST02999,2024-09-22,meta,outerwear,FR,131.09,0.0,19.66,True,returned
ORD004354,CUST03000,2024-09-27,meta,bottoms,US,60.33,0.0,60.33,False,completed
ORD004355,CUST03001,2024-10-09,meta,bottoms,GB,57.44,0.0,57.44,False,completed
ORD004356,CUST03002,2024-09-21,meta,bottoms,US,55.02,0.0,55.02,False,completed
ORD004357,CUST03003,2024-09-24,meta,tops,GB,54.85,13.04,41.81,False,completed
ORD004358,CUST03004,2024-10-09,meta,bottoms,FR,59.18,0.0,8.88,True,returned
ORD004359,CUST03005,2024-09-16,meta,outerwear,GB,88.08,14.82,-1.61,True,returned
ORD004360,CUST03006,2024-09-09,meta,accessories,CA,45.64,0.0,6.85,True,returned
ORD004361,CUST03007,2024-09-19,meta,bottoms,US,60.7,0.0,60.7,False,completed
ORD004362,CUST03008,2024-09-17,meta,tops,US,36.33,0.0,36.33,False,completed
ORD004363,CUST03008,2024-09-29,meta,footwear,US,81.01,17.09,-4.94,True,returned
ORD004364,CUST03009,2024-09-27,meta,bottoms,GB,60.3,0.0,9.05,True,returned
ORD004365,CUST03010,2024-09-15,meta,tops,NL,58.92,11.7,-2.86,True,returned
ORD004366,CUST03011,2024-09-08,meta,footwear,CA,72.73,0.0,10.91,True,returned
ORD004367,CUST03011,2024-10-01,meta,accessories,CA,41.96,9.72,32.24,False,completed
ORD004368,CUST03012,2024-10-04,meta,outerwear,GB,120.14,0.0,120.14,False,completed
ORD004369,CUST03013,2024-09-17,meta,outerwear,US,163.0,33.51,-9.06,True,returned
ORD004370,CUST03014,2024-09-14,meta,bottoms,GB,68.96,11.76,57.2,False,completed
ORD004371,CUST03015,2024-10-12,meta,tops,US,52.07,11.86,40.21,False,completed
ORD004372,CUST03016,2024-09-07,meta,outerwear,US,119.86,0.0,17.98,True,returned
ORD004373,CUST03017,2024-10-04,meta,accessories,CA,43.92,0.0,43.92,False,completed
ORD004374,CUST03018,2024-09-27,meta,bottoms,GB,58.6,13.59,45.01,False,completed
ORD004375,CUST03019,2024-10-02,meta,tops,NL,41.73,0.0,6.26,True,returned
ORD004376,CUST03020,2024-09-26,meta,footwear,DE,115.96,0.0,115.96,False,completed
ORD004377,CUST03021,2024-09-29,meta,tops,DE,44.11,10.69,-4.07,True,returned
ORD004378,CUST03022,2024-09-27,meta,bottoms,GB,51.2,7.67,0.01,True,returned
ORD004379,CUST03023,2024-09-02,meta,outerwear,US,116.31,0.0,17.45,True,returned
ORD004380,CUST03024,2024-09-27,meta,accessories,FR,46.58,6.6,39.98,False,completed
ORD004381,CUST03025,2024-09-16,meta,tops,US,57.51,0.0,57.51,False,completed
ORD004382,CUST03026,2024-09-21,meta,footwear,US,102.28,0.0,15.34,True,returned
ORD004383,CUST03027,2024-09-07,meta,outerwear,GB,147.4,0.0,147.4,False,completed
ORD004384,CUST03028,2024-09-25,meta,tops,FR,46.56,0.0,46.56,False,completed
ORD004385,CUST03029,2024-09-25,google,outerwear,GB,189.48,0.0,189.48,False,completed
ORD004386,CUST03030,2024-09-22,google,bottoms,US,73.6,0.0,73.6,False,completed
ORD004387,CUST03030,2024-12-20,google,tops,US,39.84,0.0,39.84,False,completed
ORD004388,CUST03031,2024-09-25,google,accessories,GB,51.18,0.0,51.18,False,completed
ORD004389,CUST03032,2024-09-30,google,footwear,GB,88.16,0.0,88.16,False,completed
ORD004390,CUST03032,2024-12-21,google,outerwear,GB,110.94,0.0,110.94,False,completed
ORD004391,CUST03033,2024-10-04,google,tops,US,39.04,0.0,39.04,False,completed
ORD004392,CUST03033,2024-11-21,google,tops,US,67.35,0.0,67.35,False,completed
ORD004393,CUST03033,2024-10-24,google,outerwear,US,175.57,0.0,175.57,False,completed
ORD004394,CUST03034,2024-09-13,google,bottoms,NL,65.56,0.0,65.56,False,completed
ORD004395,CUST03035,2024-09-19,google,accessories,US,49.36,0.0,49.36,False,completed
ORD004396,CUST03036,2024-10-02,google,tops,GB,50.21,0.0,50.21,False,completed
ORD004397,CUST03037,2024-09-22,google,bottoms,GB,71.31,0.0,71.31,False,completed
ORD004398,CUST03038,2024-09-25,google,accessories,GB,48.58,0.0,48.58,False,completed
ORD004399,CUST03039,2024-09-30,google,accessories,NL,36.92,0.0,36.92,False,completed
ORD004400,CUST03040,2024-10-07,google,bottoms,GB,86.26,0.0,86.26,False,completed
ORD004401,CUST03040,2024-10-13,google,tops,GB,42.44,0.0,42.44,False,completed
ORD004402,CUST03041,2024-09-17,google,outerwear,GB,166.79,0.0,166.79,False,completed
ORD004403,CUST03041,2024-09-25,google,outerwear,GB,183.55,0.0,183.55,False,completed
ORD004404,CUST03042,2024-09-19,google,tops,US,53.44,0.0,53.44,False,completed
ORD004405,CUST03043,2024-10-04,google,outerwear,US,100.46,0.0,15.07,True,returned
ORD004406,CUST03044,2024-09-23,google,tops,CA,46.31,0.0,46.31,False,completed
ORD004407,CUST03045,2024-09-09,google,outerwear,NL,107.23,0.0,107.23,False,completed
ORD004408,CUST03045,2024-12-27,google,outerwear,NL,137.1,0.0,137.1,False,completed
ORD004409,CUST03046,2024-09-29,google,outerwear,GB,156.45,0.0,156.45,False,completed
ORD004410,CUST03047,2024-09-21,google,tops,FR,45.92,0.0,45.92,False,completed
ORD004411,CUST03048,2024-09-08,google,tops,US,65.85,0.0,65.85,False,completed
ORD004412,CUST03049,2024-09-16,google,outerwear,FR,108.49,0.0,108.49,False,completed
ORD004413,CUST03050,2024-09-20,google,outerwear,US,99.57,0.0,99.57,False,completed
ORD004414,CUST03051,2024-09-30,google,outerwear,FR,127.88,0.0,127.88,False,completed
ORD004415,CUST03052,2024-09-15,google,footwear,GB,138.26,0.0,138.26,False,completed
ORD004416,CUST03052,2024-12-03,google,tops,GB,43.83,0.0,43.83,False,completed
ORD004417,CUST03053,2024-09-09,google,bottoms,GB,68.91,0.0,68.91,False,completed
ORD004418,CUST03054,2024-09-26,google,tops,US,62.26,0.0,62.26,False,completed
ORD004419,CUST03054,2024-10-06,google,accessories,US,49.64,0.0,49.64,False,completed
ORD004420,CUST03055,2024-09-09,google,tops,GB,58.9,0.0,58.9,False,completed
ORD004421,CUST03055,2024-12-06,google,bottoms,GB,64.88,0.0,64.88,False,completed
ORD004422,CUST03056,2024-09-10,google,tops,US,43.62,0.0,43.62,False,completed
ORD004423,CUST03056,2024-12-02,google,bottoms,US,66.21,0.0,66.21,False,completed
ORD004424,CUST03057,2024-09-20,google,accessories,GB,43.22,0.0,43.22,False,completed
ORD004425,CUST03057,2024-12-27,google,outerwear,GB,176.85,0.0,26.53,True,returned
ORD004426,CUST03057,2024-09-23,google,outerwear,GB,132.14,0.0,132.14,False,completed
ORD004427,CUST03058,2024-09-27,google,footwear,US,87.17,0.0,87.17,False,completed
ORD004428,CUST03059,2024-10-06,google,footwear,US,135.9,0.0,135.9,False,completed
ORD004429,CUST03060,2024-09-19,google,tops,GB,68.16,0.0,68.16,False,completed
ORD004430,CUST03060,2024-11-17,google,bottoms,GB,57.65,0.0,57.65,False,completed
ORD004431,CUST03060,2024-10-09,google,bottoms,GB,57.26,0.0,57.26,False,completed
ORD004432,CUST03061,2024-09-15,google,bottoms,US,59.98,0.0,59.98,False,completed
ORD004433,CUST03062,2024-09-18,google,tops,GB,39.89,0.0,39.89,False,completed
ORD004434,CUST03063,2024-10-05,google,bottoms,US,92.05,0.0,92.05,False,completed
ORD004435,CUST03064,2024-09-14,google,footwear,GB,129.01,0.0,129.01,False,completed
ORD004436,CUST03064,2024-11-20,google,bottoms,GB,70.92,0.0,70.92,False,completed
ORD004437,CUST03065,2024-09-21,google,outerwear,FR,139.33,0.0,139.33,False,completed
ORD004438,CUST03065,2024-11-07,google,outerwear,FR,104.6,0.0,104.6,False,completed
ORD004439,CUST03066,2024-10-02,google,tops,AU,46.0,0.0,46.0,False,completed
ORD004440,CUST03067,2024-09-23,google,tops,GB,68.7,0.0,68.7,False,completed
ORD004441,CUST03067,2024-10-14,google,accessories,GB,37.32,0.0,37.32,False,completed
ORD004442,CUST03067,2024-10-31,google,accessories,GB,38.36,0.0,38.36,False,completed
ORD004443,CUST03068,2024-09-17,google,outerwear,GB,144.02,0.0,144.02,False,completed
ORD004444,CUST03069,2024-09-19,google,outerwear,US,123.44,0.0,123.44,False,completed
ORD004445,CUST03070,2024-10-07,google,accessories,US,31.21,0.0,31.21,False,completed
ORD004446,CUST03071,2024-09-16,google,outerwear,CA,120.41,0.0,120.41,False,completed
ORD004447,CUST03071,2024-12-12,google,tops,CA,57.71,0.0,57.71,False,completed
ORD004448,CUST03072,2024-09-28,google,tops,DE,50.12,0.0,50.12,False,completed
ORD004449,CUST03072,2024-10-18,google,bottoms,DE,61.03,0.0,61.03,False,completed
ORD004450,CUST03073,2024-09-30,google,tops,DE,60.33,0.0,60.33,False,completed
ORD004451,CUST03074,2024-09-29,google,tops,US,42.13,0.0,42.13,False,completed
ORD004452,CUST03075,2024-09-12,google,tops,GB,47.72,0.0,47.72,False,completed
ORD004453,CUST03076,2024-09-10,google,tops,US,70.01,0.0,70.01,False,completed
ORD004454,CUST03077,2024-10-04,google,bottoms,GB,100.82,0.0,100.82,False,completed
ORD004455,CUST03077,2024-11-17,google,bottoms,GB,95.81,0.0,95.81,False,completed
ORD004456,CUST03078,2024-09-06,google,accessories,NL,45.6,0.0,45.6,False,completed
ORD004457,CUST03079,2024-09-15,google,tops,US,50.47,0.0,50.47,False,completed
ORD004458,CUST03079,2024-10-03,google,bottoms,US,66.24,0.0,66.24,False,completed
ORD004459,CUST03080,2024-09-14,google,bottoms,GB,76.48,0.0,76.48,False,completed
ORD004460,CUST03080,2024-10-17,google,tops,GB,37.17,0.0,37.17,False,completed
ORD004461,CUST03080,2024-12-01,google,outerwear,GB,142.92,0.0,142.92,False,completed
ORD004462,CUST03081,2024-09-24,google,tops,US,52.92,0.0,52.92,False,completed
ORD004463,CUST03081,2024-10-26,google,tops,US,50.74,0.0,50.74,False,completed
ORD004464,CUST03082,2024-09-27,google,bottoms,NL,74.59,0.0,74.59,False,completed
ORD004465,CUST03082,2024-12-29,google,bottoms,NL,78.45,0.0,11.77,True,returned
ORD004466,CUST03082,2024-12-02,google,accessories,NL,49.34,0.0,49.34,False,completed
ORD004467,CUST03083,2024-10-06,google,accessories,GB,44.34,0.0,44.34,False,completed
ORD004468,CUST03084,2024-09-24,google,outerwear,DE,114.61,0.0,17.19,True,returned
ORD004469,CUST03085,2024-10-01,google,outerwear,DE,143.51,0.0,143.51,False,completed
ORD004470,CUST03086,2024-09-23,google,bottoms,FR,65.55,0.0,65.55,False,completed
ORD004471,CUST03086,2024-12-23,google,tops,FR,60.72,0.0,60.72,False,completed
ORD004472,CUST03087,2024-09-30,google,outerwear,GB,116.09,0.0,116.09,False,completed
ORD004473,CUST03087,2024-10-23,google,tops,GB,40.44,0.0,40.44,False,completed
ORD004474,CUST03088,2024-09-21,google,bottoms,CA,83.04,0.0,83.04,False,completed
ORD004475,CUST03088,2024-11-02,google,tops,CA,43.47,0.0,43.47,False,completed
ORD004476,CUST03089,2024-10-02,google,tops,DE,47.48,0.0,47.48,False,completed
ORD004477,CUST03090,2024-09-09,google,bottoms,DE,57.48,0.0,57.48,False,completed
ORD004478,CUST03090,2024-09-24,google,tops,DE,51.24,0.0,51.24,False,completed
ORD004479,CUST03090,2024-10-15,google,accessories,DE,34.22,0.0,34.22,False,completed
ORD004480,CUST03091,2024-10-07,google,footwear,US,77.18,0.0,77.18,False,completed
ORD004481,CUST03091,2024-12-28,google,accessories,US,53.03,0.0,53.03,False,completed
ORD004482,CUST03092,2024-09-06,google,bottoms,GB,64.8,0.0,64.8,False,completed
ORD004483,CUST03093,2024-09-14,google,tops,GB,49.59,0.0,49.59,False,completed
ORD004484,CUST03093,2024-11-14,google,bottoms,GB,61.53,0.0,61.53,False,completed
ORD004485,CUST03094,2024-10-02,google,bottoms,NL,101.43,0.0,101.43,False,completed
ORD004486,CUST03095,2024-09-20,google,accessories,FR,36.71,0.0,36.71,False,completed
ORD004487,CUST03095,2024-11-23,google,outerwear,FR,108.66,0.0,108.66,False,completed
ORD004488,CUST03095,2024-11-02,google,tops,FR,64.15,0.0,64.15,False,completed
ORD004489,CUST03096,2024-09-16,google,footwear,AU,79.15,0.0,79.15,False,completed
ORD004490,CUST03097,2024-09-20,google,footwear,FR,81.03,0.0,12.15,True,returned
ORD004491,CUST03098,2024-09-05,google,bottoms,GB,76.96,0.0,76.96,False,completed
ORD004492,CUST03099,2024-09-06,google,bottoms,GB,88.87,0.0,88.87,False,completed
ORD004493,CUST03100,2024-10-05,google,footwear,FR,106.39,0.0,106.39,False,completed
ORD004494,CUST03101,2024-09-19,google,bottoms,GB,73.76,0.0,73.76,False,completed
ORD004495,CUST03101,2024-11-04,google,bottoms,GB,56.83,0.0,56.83,False,completed
ORD004496,CUST03102,2024-09-22,google,tops,GB,37.51,0.0,37.51,False,completed
ORD004497,CUST03102,2024-11-18,google,footwear,GB,75.88,0.0,75.88,False,completed
ORD004498,CUST03102,2024-11-17,google,tops,GB,46.1,0.0,46.1,False,completed
ORD004499,CUST03103,2024-09-10,google,outerwear,GB,187.59,0.0,28.14,True,returned
ORD004500,CUST03104,2024-09-23,google,tops,GB,64.66,0.0,64.66,False,completed
ORD004501,CUST03105,2024-09-28,google,bottoms,FR,78.71,0.0,78.71,False,completed
ORD004502,CUST03105,2024-12-09,google,bottoms,FR,79.22,0.0,79.22,False,completed
ORD004503,CUST03106,2024-09-09,google,tops,US,42.06,0.0,42.06,False,completed
ORD004504,CUST03107,2024-09-18,google,footwear,GB,82.99,0.0,82.99,False,completed
ORD004505,CUST03108,2024-09-04,google,outerwear,US,160.38,0.0,160.38,False,completed
ORD004506,CUST03109,2024-10-04,google,tops,US,46.68,0.0,46.68,False,completed
ORD004507,CUST03109,2024-12-17,google,tops,US,60.62,0.0,60.62,False,completed
ORD004508,CUST03110,2024-09-25,google,tops,GB,59.07,0.0,59.07,False,completed
ORD004509,CUST03111,2024-09-17,google,bottoms,AU,65.95,0.0,65.95,False,completed
ORD004510,CUST03112,2024-10-08,google,tops,US,71.36,0.0,71.36,False,completed
ORD004511,CUST03113,2024-09-13,google,footwear,US,132.18,0.0,132.18,False,completed
ORD004512,CUST03114,2024-09-12,google,footwear,US,118.77,0.0,118.77,False,completed
ORD004513,CUST03114,2024-11-12,google,accessories,US,37.41,0.0,37.41,False,completed
ORD004514,CUST03115,2024-09-26,google,tops,GB,62.7,0.0,62.7,False,completed
ORD004515,CUST03116,2024-09-04,tiktok,outerwear,US,85.68,19.86,65.82,False,completed
ORD004516,CUST03116,2024-11-01,tiktok,accessories,US,44.61,5.75,38.86,False,completed
ORD004517,CUST03116,2024-11-02,tiktok,tops,US,50.61,0.0,50.61,False,completed
ORD004518,CUST03117,2024-09-04,tiktok,tops,GB,37.8,0.0,5.67,True,returned
ORD004519,CUST03118,2024-09-18,tiktok,bottoms,US,41.9,5.28,36.62,False,completed
ORD004520,CUST03119,2024-09-05,tiktok,outerwear,AU,92.7,0.0,92.7,False,completed
ORD004521,CUST03119,2024-10-14,tiktok,accessories,AU,31.33,4.91,26.42,False,completed
ORD004522,CUST03119,2024-11-14,tiktok,tops,AU,44.63,4.89,1.8,True,returned
ORD004523,CUST03120,2024-09-24,tiktok,tops,GB,51.67,0.0,51.67,False,completed
ORD004524,CUST03121,2024-09-27,tiktok,bottoms,NL,46.18,0.0,46.18,False,completed
ORD004525,CUST03121,2024-10-13,tiktok,outerwear,NL,122.73,27.55,95.18,False,completed
ORD004526,CUST03122,2024-09-30,tiktok,accessories,US,40.27,8.87,31.4,False,completed
ORD004527,CUST03122,2024-10-26,tiktok,bottoms,US,56.95,8.78,48.17,False,completed
ORD004528,CUST03123,2024-10-04,tiktok,outerwear,US,78.96,0.0,78.96,False,completed
ORD004529,CUST03124,2024-09-11,tiktok,bottoms,GB,45.67,7.47,38.2,False,completed
ORD004530,CUST03124,2024-10-19,tiktok,tops,GB,33.63,0.0,5.04,True,returned
ORD004531,CUST03124,2024-12-11,tiktok,bottoms,GB,44.98,7.67,37.31,False,completed
ORD004532,CUST03125,2024-09-17,tiktok,tops,GB,49.34,0.0,49.34,False,completed
ORD004533,CUST03126,2024-09-18,tiktok,outerwear,GB,128.85,15.24,113.61,False,completed
ORD004534,CUST03127,2024-09-16,tiktok,outerwear,GB,146.7,0.0,146.7,False,completed
ORD004535,CUST03128,2024-10-07,tiktok,accessories,NL,34.81,0.0,34.81,False,completed
ORD004536,CUST03129,2024-09-19,tiktok,tops,CA,36.23,5.21,31.02,False,completed
ORD004537,CUST03130,2024-09-11,tiktok,footwear,AU,108.68,12.08,96.6,False,completed
ORD004538,CUST03130,2024-10-28,tiktok,bottoms,AU,80.0,0.0,80.0,False,completed
ORD004539,CUST03131,2024-09-09,tiktok,outerwear,GB,147.61,21.87,125.74,False,completed
ORD004540,CUST03132,2024-09-13,tiktok,outerwear,GB,118.48,0.0,118.48,False,completed
ORD004541,CUST03132,2024-10-28,tiktok,tops,GB,54.51,0.0,54.51,False,completed
ORD004542,CUST03133,2024-09-27,tiktok,accessories,US,24.4,4.82,-1.16,True,returned
ORD004543,CUST03133,2024-10-06,tiktok,tops,US,48.16,0.0,48.16,False,completed
ORD004544,CUST03134,2024-09-24,tiktok,outerwear,GB,126.72,17.32,109.4,False,completed
ORD004545,CUST03134,2024-10-27,tiktok,bottoms,GB,57.44,5.85,51.59,False,completed
ORD004546,CUST03135,2024-09-03,tiktok,outerwear,FR,142.24,0.0,142.24,False,completed
ORD004547,CUST03136,2024-09-29,tiktok,accessories,US,38.59,0.0,38.59,False,completed
ORD004548,CUST03137,2024-09-04,tiktok,accessories,US,24.08,3.39,20.69,False,completed
ORD004549,CUST03138,2024-09-26,tiktok,footwear,FR,98.34,0.0,98.34,False,completed
ORD004550,CUST03139,2024-10-02,tiktok,bottoms,DE,53.73,7.59,46.14,False,completed
ORD004551,CUST03140,2024-09-09,tiktok,tops,US,56.23,14.0,-5.57,True,returned
ORD004552,CUST03140,2024-11-17,tiktok,tops,US,30.91,0.0,4.64,True,returned
ORD004553,CUST03141,2024-09-19,tiktok,tops,GB,52.03,0.0,52.03,False,completed
ORD004554,CUST03142,2024-09-11,tiktok,outerwear,GB,95.08,14.05,81.03,False,completed
ORD004555,CUST03143,2024-10-11,tiktok,tops,GB,36.21,0.0,5.43,True,returned
ORD004556,CUST03144,2024-10-07,tiktok,accessories,US,28.46,2.99,25.47,False,completed
ORD004557,CUST03145,2024-09-19,tiktok,tops,FR,48.7,0.0,7.3,True,returned
ORD004558,CUST03146,2024-09-05,tiktok,footwear,GB,94.57,22.01,72.56,False,completed
ORD004559,CUST03146,2024-11-04,tiktok,outerwear,GB,134.93,0.0,20.24,True,returned
ORD004560,CUST03147,2024-09-15,tiktok,outerwear,GB,117.93,0.0,117.93,False,completed
ORD004561,CUST03148,2024-09-21,tiktok,tops,CA,44.85,4.58,40.27,False,completed
ORD004562,CUST03149,2024-09-27,tiktok,outerwear,US,151.06,0.0,151.06,False,completed
ORD004563,CUST03150,2024-09-09,tiktok,tops,GB,49.02,0.0,49.02,False,completed
ORD004564,CUST03150,2024-12-19,tiktok,tops,GB,50.66,8.31,42.35,False,completed
ORD004565,CUST03151,2024-09-28,tiktok,accessories,DE,30.53,0.0,30.53,False,completed
ORD004566,CUST03151,2024-12-30,tiktok,outerwear,DE,138.01,13.89,124.12,False,completed
ORD004567,CUST03152,2024-09-22,tiktok,tops,US,55.06,8.79,-0.53,True,returned
ORD004568,CUST03153,2024-09-28,tiktok,tops,FR,29.31,3.02,26.29,False,completed
ORD004569,CUST03154,2024-09-20,tiktok,tops,US,38.88,4.28,34.6,False,completed
ORD004570,CUST03154,2024-10-22,tiktok,bottoms,US,47.98,11.61,36.37,False,completed
ORD004571,CUST03155,2024-09-20,tiktok,tops,DE,41.07,6.24,34.83,False,completed
ORD004572,CUST03155,2024-10-27,tiktok,tops,DE,48.67,0.0,48.67,False,completed
ORD004573,CUST03156,2024-09-12,tiktok,tops,GB,42.85,0.0,42.85,False,completed
ORD004574,CUST03156,2024-09-23,tiktok,bottoms,GB,63.76,0.0,63.76,False,completed
ORD004575,CUST03157,2024-09-28,tiktok,tops,GB,32.33,0.0,32.33,False,completed
ORD004576,CUST03158,2024-09-15,tiktok,outerwear,AU,144.25,0.0,21.64,True,returned
ORD004577,CUST03159,2024-09-20,tiktok,footwear,DE,68.28,0.0,68.28,False,completed
ORD004578,CUST03160,2024-09-11,tiktok,bottoms,US,55.91,9.15,46.76,False,completed
ORD004579,CUST03161,2024-09-04,tiktok,footwear,CA,72.65,0.0,10.9,True,returned
ORD004580,CUST03162,2024-10-05,tiktok,tops,CA,34.6,6.0,28.6,False,completed
ORD004581,CUST03163,2024-09-27,tiktok,outerwear,AU,100.57,0.0,15.09,True,returned
ORD004582,CUST03164,2024-09-24,tiktok,outerwear,US,145.64,25.67,119.97,False,completed
ORD004583,CUST03165,2024-09-11,tiktok,tops,GB,30.25,5.6,24.65,False,completed
ORD004584,CUST03166,2024-10-03,tiktok,tops,GB,53.85,0.0,53.85,False,completed
ORD004585,CUST03167,2024-10-02,tiktok,bottoms,US,70.27,0.0,70.27,False,completed
ORD004586,CUST03167,2024-11-20,tiktok,outerwear,US,151.12,30.33,120.79,False,completed
ORD004587,CUST03168,2024-09-08,organic,bottoms,DE,80.62,0.0,80.62,False,completed
ORD004588,CUST03169,2024-09-29,organic,bottoms,FR,100.52,0.0,100.52,False,completed
ORD004589,CUST03169,2024-10-24,organic,outerwear,FR,119.79,0.0,119.79,False,completed
ORD004590,CUST03170,2024-09-18,organic,tops,NL,49.99,0.0,49.99,False,completed
ORD004591,CUST03171,2024-10-03,organic,bottoms,GB,105.54,0.0,15.83,True,returned
ORD004592,CUST03172,2024-09-26,organic,footwear,DE,105.89,0.0,105.89,False,completed
ORD004593,CUST03172,2024-12-16,organic,accessories,DE,55.11,0.0,55.11,False,completed
ORD004594,CUST03172,2024-10-18,organic,tops,DE,75.46,0.0,75.46,False,completed
ORD004595,CUST03173,2024-09-25,organic,footwear,FR,128.98,0.0,128.98,False,completed
ORD004596,CUST03174,2024-09-13,organic,accessories,US,59.9,0.0,59.9,False,completed
ORD004597,CUST03174,2024-11-19,organic,tops,US,75.8,0.0,75.8,False,completed
ORD004598,CUST03175,2024-10-08,organic,footwear,US,129.32,0.0,129.32,False,completed
ORD004599,CUST03175,2024-11-30,organic,tops,US,66.98,0.0,66.98,False,completed
ORD004600,CUST03176,2024-09-10,organic,bottoms,CA,116.39,0.0,116.39,False,completed
ORD004601,CUST03176,2024-10-20,organic,bottoms,CA,63.03,0.0,9.45,True,returned
ORD004602,CUST03176,2024-11-02,organic,bottoms,CA,82.07,0.0,82.07,False,completed
ORD004603,CUST03177,2024-09-22,organic,accessories,GB,41.91,0.0,41.91,False,completed
ORD004604,CUST03178,2024-09-19,organic,bottoms,FR,71.6,0.0,71.6,False,completed
ORD004605,CUST03178,2024-12-01,organic,bottoms,FR,104.08,0.0,104.08,False,completed
ORD004606,CUST03179,2024-09-10,organic,accessories,CA,46.54,0.0,46.54,False,completed
ORD004607,CUST03180,2024-09-26,organic,tops,US,76.27,0.0,76.27,False,completed
ORD004608,CUST03180,2024-10-05,organic,bottoms,US,89.0,0.0,89.0,False,completed
ORD004609,CUST03181,2024-09-19,organic,footwear,US,109.45,0.0,109.45,False,completed
ORD004610,CUST03182,2024-09-05,organic,footwear,GB,128.49,0.0,128.49,False,completed
ORD004611,CUST03182,2024-10-10,organic,accessories,GB,33.08,0.0,33.08,False,completed
ORD004612,CUST03183,2024-09-18,organic,bottoms,AU,79.06,0.0,79.06,False,completed
ORD004613,CUST03184,2024-10-05,organic,tops,GB,61.32,0.0,61.32,False,completed
ORD004614,CUST03185,2024-10-01,organic,bottoms,GB,103.83,0.0,103.83,False,completed
ORD004615,CUST03185,2024-10-14,organic,footwear,GB,118.09,0.0,118.09,False,completed
ORD004616,CUST03186,2024-09-29,organic,tops,US,42.78,0.0,42.78,False,completed
ORD004617,CUST03187,2024-09-30,organic,outerwear,GB,164.87,0.0,164.87,False,completed
ORD004618,CUST03188,2024-09-23,organic,tops,AU,78.88,0.0,78.88,False,completed
ORD004619,CUST03188,2024-11-23,organic,accessories,AU,34.42,0.0,34.42,False,completed
ORD004620,CUST03189,2024-09-06,organic,footwear,US,131.68,0.0,131.68,False,completed
ORD004621,CUST03190,2024-09-19,organic,bottoms,GB,103.24,0.0,103.24,False,completed
ORD004622,CUST03191,2024-09-08,organic,tops,GB,61.81,0.0,9.27,True,returned
ORD004623,CUST03192,2024-09-13,organic,bottoms,AU,97.54,0.0,97.54,False,completed
ORD004624,CUST03193,2024-09-25,organic,outerwear,GB,207.45,0.0,207.45,False,completed
ORD004625,CUST03194,2024-09-18,organic,bottoms,DE,62.5,0.0,62.5,False,completed
ORD004626,CUST03195,2024-10-03,organic,accessories,GB,46.65,0.0,46.65,False,completed
ORD004627,CUST03196,2024-09-13,organic,outerwear,CA,213.26,0.0,213.26,False,completed
ORD004628,CUST03197,2024-09-20,organic,tops,GB,58.98,0.0,58.98,False,completed
ORD004629,CUST03198,2024-09-27,organic,bottoms,DE,113.09,0.0,113.09,False,completed
ORD004630,CUST03199,2024-09-27,organic,outerwear,GB,123.61,0.0,18.54,True,returned
ORD004631,CUST03199,2024-11-14,organic,footwear,GB,157.86,0.0,157.86,False,completed
ORD004632,CUST03199,2024-10-05,organic,outerwear,GB,163.03,0.0,163.03,False,completed
ORD004633,CUST03200,2024-09-06,organic,accessories,US,42.3,0.0,42.3,False,completed
ORD004634,CUST03200,2024-11-22,organic,tops,US,81.91,0.0,81.91,False,completed
ORD004635,CUST03200,2024-12-10,organic,bottoms,US,107.68,0.0,107.68,False,completed
ORD004636,CUST03201,2024-09-17,organic,bottoms,GB,116.7,0.0,116.7,False,completed
ORD004637,CUST03202,2024-10-04,organic,accessories,GB,58.74,0.0,58.74,False,completed
ORD004638,CUST03202,2024-11-03,organic,footwear,GB,85.58,0.0,85.58,False,completed
ORD004639,CUST03202,2024-10-11,organic,footwear,GB,135.45,0.0,135.45,False,completed
ORD004640,CUST03203,2024-09-22,organic,footwear,GB,137.94,0.0,137.94,False,completed
ORD004641,CUST03203,2024-12-15,organic,footwear,GB,83.6,0.0,83.6,False,completed
ORD004642,CUST03203,2024-10-03,organic,tops,GB,57.69,0.0,57.69,False,completed
ORD004643,CUST03204,2024-09-23,organic,tops,GB,82.01,0.0,12.3,True,returned
ORD004644,CUST03205,2024-09-20,organic,bottoms,US,61.79,0.0,61.79,False,completed
ORD004645,CUST03205,2024-11-25,organic,tops,US,67.49,0.0,10.12,True,returned
ORD004646,CUST03205,2024-10-11,organic,accessories,US,57.43,0.0,57.43,False,completed
ORD004647,CUST03206,2024-09-09,organic,bottoms,GB,60.13,0.0,9.02,True,returned
ORD004648,CUST03207,2024-09-22,organic,tops,NL,53.53,0.0,53.53,False,completed
ORD004649,CUST03208,2024-09-12,organic,outerwear,US,152.91,0.0,152.91,False,completed
ORD004650,CUST03208,2024-11-17,organic,outerwear,US,169.52,0.0,169.52,False,completed
ORD004651,CUST03208,2024-10-24,organic,bottoms,US,60.93,0.0,60.93,False,completed
ORD004652,CUST03209,2024-09-28,organic,accessories,DE,44.96,0.0,44.96,False,completed
ORD004653,CUST03209,2024-11-22,organic,bottoms,DE,64.77,0.0,64.77,False,completed
ORD004654,CUST03210,2024-09-22,organic,outerwear,US,191.93,0.0,28.79,True,returned
ORD004655,CUST03211,2024-09-12,organic,outerwear,US,122.19,0.0,122.19,False,completed
ORD004656,CUST03211,2024-11-30,organic,tops,US,68.64,0.0,10.3,True,returned
ORD004657,CUST03212,2024-09-12,organic,outerwear,CA,176.82,0.0,176.82,False,completed
ORD004658,CUST03212,2024-10-10,organic,bottoms,CA,61.09,0.0,61.09,False,completed
ORD004659,CUST03213,2024-09-29,organic,accessories,US,40.47,0.0,40.47,False,completed
ORD004660,CUST03213,2024-12-18,organic,tops,US,80.71,0.0,80.71,False,completed
ORD004661,CUST03213,2024-12-26,organic,footwear,US,137.56,0.0,137.56,False,completed
ORD004662,CUST03214,2024-09-29,organic,outerwear,DE,186.66,0.0,186.66,False,completed
ORD004663,CUST03214,2024-12-26,organic,accessories,DE,54.76,0.0,54.76,False,completed
ORD004664,CUST03215,2024-10-04,organic,tops,DE,56.4,0.0,56.4,False,completed
ORD004665,CUST03216,2024-09-28,organic,tops,GB,53.51,0.0,53.51,False,completed
ORD004666,CUST03217,2024-09-20,organic,accessories,GB,52.92,0.0,52.92,False,completed
ORD004667,CUST03218,2024-09-18,organic,outerwear,US,119.67,0.0,119.67,False,completed
ORD004668,CUST03218,2024-10-19,organic,tops,US,78.44,0.0,11.77,True,returned
ORD004669,CUST03219,2024-09-17,organic,accessories,US,52.57,0.0,52.57,False,completed
ORD004670,CUST03220,2024-09-24,email,accessories,GB,64.97,0.0,64.97,False,completed
ORD004671,CUST03220,2024-12-10,email,tops,GB,68.18,0.0,68.18,False,completed
ORD004672,CUST03221,2024-10-01,email,tops,DE,80.32,0.0,80.32,False,completed
ORD004673,CUST03222,2024-10-04,email,footwear,FR,136.1,0.0,136.1,False,completed
ORD004674,CUST03223,2024-10-11,email,outerwear,FR,159.49,0.0,159.49,False,completed
ORD004675,CUST03223,2024-12-04,email,tops,FR,60.7,0.0,60.7,False,completed
ORD004676,CUST03223,2024-12-29,email,outerwear,FR,189.43,0.0,189.43,False,completed
ORD004677,CUST03224,2024-10-09,email,bottoms,GB,63.54,0.0,63.54,False,completed
ORD004678,CUST03224,2024-12-24,email,tops,GB,60.36,0.0,60.36,False,completed
ORD004679,CUST03225,2024-10-09,email,accessories,DE,62.28,0.0,62.28,False,completed
ORD004680,CUST03225,2024-11-02,email,bottoms,DE,65.23,0.0,65.23,False,completed
ORD004681,CUST03226,2024-09-22,email,tops,GB,47.5,0.0,47.5,False,completed
ORD004682,CUST03226,2024-10-10,email,bottoms,GB,115.23,0.0,115.23,False,completed
ORD004683,CUST03226,2024-10-28,email,bottoms,GB,112.74,0.0,112.74,False,completed
ORD004684,CUST03227,2024-09-13,email,accessories,US,56.85,0.0,56.85,False,completed
ORD004685,CUST03227,2024-10-12,email,outerwear,US,218.2,0.0,218.2,False,completed
ORD004686,CUST03228,2024-10-01,email,bottoms,US,103.45,0.0,103.45,False,completed
ORD004687,CUST03228,2024-10-23,email,bottoms,US,116.36,0.0,116.36,False,completed
ORD004688,CUST03228,2024-10-14,email,bottoms,US,84.55,0.0,84.55,False,completed
ORD004689,CUST03229,2024-09-22,email,tops,AU,70.34,0.0,70.34,False,completed
ORD004690,CUST03229,2024-12-17,email,outerwear,AU,139.69,0.0,139.69,False,completed
ORD004691,CUST03230,2024-09-19,email,bottoms,GB,103.68,0.0,103.68,False,completed
ORD004692,CUST03230,2024-12-19,email,bottoms,GB,92.43,0.0,92.43,False,completed
ORD004693,CUST03231,2024-09-27,email,bottoms,DE,90.5,0.0,90.5,False,completed
ORD004694,CUST03232,2024-09-06,email,tops,GB,58.98,0.0,58.98,False,completed
ORD004695,CUST03232,2024-09-23,email,outerwear,GB,156.67,0.0,156.67,False,completed
ORD004696,CUST03232,2024-11-08,email,outerwear,GB,119.32,0.0,119.32,False,completed
ORD004697,CUST03233,2024-10-04,email,bottoms,GB,113.08,0.0,113.08,False,completed
ORD004698,CUST03233,2024-11-12,email,footwear,GB,105.1,0.0,105.1,False,completed
ORD004699,CUST03234,2024-09-17,email,tops,GB,57.74,0.0,57.74,False,completed
ORD004700,CUST03234,2024-12-19,email,bottoms,GB,114.41,0.0,114.41,False,completed
ORD004701,CUST03234,2024-12-07,email,tops,GB,78.97,0.0,78.97,False,completed
ORD004702,CUST03235,2024-09-21,email,outerwear,US,228.42,0.0,34.26,True,returned
ORD004703,CUST03235,2024-11-29,email,accessories,US,65.59,0.0,65.59,False,completed
ORD004704,CUST03235,2024-12-11,email,bottoms,US,91.75,0.0,91.75,False,completed
ORD004705,CUST03236,2024-10-01,email,bottoms,GB,98.08,0.0,98.08,False,completed
ORD004706,CUST03237,2024-09-18,email,tops,GB,74.19,0.0,74.19,False,completed
ORD004707,CUST03237,2024-11-12,email,accessories,GB,62.61,0.0,62.61,False,completed
ORD004708,CUST03237,2024-12-12,email,accessories,GB,34.37,0.0,34.37,False,completed
ORD004709,CUST03238,2024-10-12,email,tops,US,70.68,0.0,70.68,False,completed
ORD004710,CUST03239,2024-09-10,email,tops,GB,50.65,0.0,50.65,False,completed
ORD004711,CUST03239,2024-11-12,email,tops,GB,58.77,0.0,8.82,True,returned
ORD004712,CUST03240,2024-10-01,email,accessories,NL,48.13,0.0,48.13,False,completed
ORD004713,CUST03240,2024-11-24,email,accessories,NL,49.29,0.0,49.29,False,completed
ORD004714,CUST03241,2024-10-03,referral,tops,GB,78.95,0.0,78.95,False,completed
ORD004715,CUST03242,2024-09-09,referral,bottoms,DE,111.25,0.0,111.25,False,completed
ORD004716,CUST03243,2024-09-19,referral,accessories,AU,41.37,0.0,41.37,False,completed
ORD004717,CUST03244,2024-10-02,referral,outerwear,US,142.42,0.0,142.42,False,completed
ORD004718,CUST03245,2024-09-20,referral,outerwear,US,120.59,0.0,18.09,True,returned
ORD004719,CUST03245,2024-10-02,referral,tops,US,42.11,0.0,42.11,False,completed
ORD004720,CUST03246,2024-09-12,referral,accessories,GB,48.65,0.0,48.65,False,completed
ORD004721,CUST03246,2024-12-22,referral,tops,GB,46.64,0.0,46.64,False,completed
ORD004722,CUST03247,2024-09-21,referral,accessories,GB,39.38,0.0,39.38,False,completed
ORD004723,CUST03247,2024-11-24,referral,tops,GB,67.19,0.0,67.19,False,completed
ORD004724,CUST03248,2024-09-16,referral,tops,GB,67.09,0.0,67.09,False,completed
ORD004725,CUST03248,2024-10-28,referral,bottoms,GB,72.23,0.0,72.23,False,completed
ORD004726,CUST03249,2024-09-22,referral,tops,CA,57.9,0.0,57.9,False,completed
ORD004727,CUST03249,2024-10-12,referral,tops,CA,75.83,0.0,75.83,False,completed
ORD004728,CUST03249,2024-10-12,referral,footwear,CA,130.96,0.0,19.64,True,returned
ORD004729,CUST03250,2024-09-16,referral,outerwear,US,201.27,0.0,201.27,False,completed
ORD004730,CUST03251,2024-11-08,meta,footwear,GB,102.81,13.63,89.18,False,completed
ORD004731,CUST03251,2024-12-29,meta,footwear,GB,111.82,19.26,92.56,False,completed
ORD004732,CUST03251,2024-12-26,meta,accessories,GB,41.55,0.0,41.55,False,completed
ORD004733,CUST03252,2024-10-21,meta,bottoms,GB,65.15,11.89,53.26,False,completed
ORD004734,CUST03253,2024-10-15,meta,outerwear,US,82.39,13.78,68.61,False,completed
ORD004735,CUST03253,2024-11-11,meta,outerwear,US,88.07,9.79,78.28,False,completed
ORD004736,CUST03254,2024-10-10,meta,footwear,GB,81.4,15.68,-3.47,True,returned
ORD004737,CUST03255,2024-11-06,meta,outerwear,FR,138.96,0.0,20.84,True,returned
ORD004738,CUST03256,2024-10-27,meta,outerwear,GB,143.8,0.0,143.8,False,completed
ORD004739,CUST03257,2024-11-08,meta,outerwear,AU,103.5,0.0,103.5,False,completed
ORD004740,CUST03258,2024-10-12,meta,bottoms,US,66.58,0.0,66.58,False,completed
ORD004741,CUST03258,2024-12-08,meta,bottoms,US,71.45,11.21,-0.49,True,returned
ORD004742,CUST03259,2024-10-31,meta,outerwear,US,152.28,19.4,132.88,False,completed
ORD004743,CUST03259,2024-12-08,meta,tops,US,40.29,0.0,6.04,True,returned
ORD004744,CUST03260,2024-10-01,meta,tops,US,38.67,8.54,30.13,False,completed
ORD004745,CUST03261,2024-10-21,meta,outerwear,GB,147.25,0.0,22.09,True,returned
ORD004746,CUST03262,2024-10-26,meta,bottoms,US,63.55,10.13,53.42,False,completed
ORD004747,CUST03263,2024-10-22,meta,tops,NL,48.42,0.0,48.42,False,completed
ORD004748,CUST03263,2024-11-06,meta,tops,NL,34.08,5.43,28.65,False,completed
ORD004749,CUST03264,2024-10-24,meta,accessories,AU,35.16,0.0,35.16,False,completed
ORD004750,CUST03264,2024-11-12,meta,footwear,AU,103.61,24.43,-8.89,True,returned
ORD004751,CUST03265,2024-10-23,meta,footwear,GB,110.28,26.64,83.64,False,completed
ORD004752,CUST03266,2024-10-24,meta,tops,DE,37.12,0.0,37.12,False,completed
ORD004753,CUST03267,2024-10-19,meta,tops,FR,57.7,0.0,8.66,True,returned
ORD004754,CUST03268,2024-10-17,meta,tops,GB,35.39,0.0,35.39,False,completed
ORD004755,CUST03268,2024-12-17,meta,accessories,GB,45.68,0.0,6.85,True,returned
ORD004756,CUST03269,2024-10-14,meta,footwear,US,86.65,12.17,0.83,True,returned
ORD004757,CUST03269,2024-12-25,meta,bottoms,US,62.01,0.0,9.3,True,returned
ORD004758,CUST03270,2024-10-22,meta,tops,AU,47.2,8.05,-0.97,True,returned
ORD004759,CUST03270,2024-11-06,meta,accessories,AU,40.73,0.0,6.11,True,returned
ORD004760,CUST03271,2024-10-30,meta,tops,GB,57.96,0.0,57.96,False,completed
ORD004761,CUST03271,2024-11-16,meta,outerwear,GB,108.36,0.0,108.36,False,completed
ORD004762,CUST03271,2024-12-15,meta,tops,GB,60.1,0.0,60.1,False,completed
ORD004763,CUST03272,2024-10-16,meta,accessories,AU,47.15,0.0,47.15,False,completed
ORD004764,CUST03273,2024-10-02,meta,accessories,GB,29.91,0.0,29.91,False,completed
ORD004765,CUST03274,2024-10-18,meta,bottoms,DE,44.56,7.13,-0.45,True,returned
ORD004766,CUST03275,2024-10-24,meta,bottoms,GB,82.95,0.0,82.95,False,completed
ORD004767,CUST03276,2024-10-27,meta,accessories,GB,41.89,4.85,37.04,False,completed
ORD004768,CUST03277,2024-10-17,meta,accessories,CA,26.4,0.0,3.96,True,returned
ORD004769,CUST03278,2024-10-03,meta,bottoms,US,60.51,0.0,60.51,False,completed
ORD004770,CUST03278,2024-12-10,meta,bottoms,US,78.93,0.0,78.93,False,completed
ORD004771,CUST03279,2024-11-01,meta,bottoms,US,76.82,0.0,76.82,False,completed
ORD004772,CUST03280,2024-10-08,meta,tops,US,39.46,0.0,39.46,False,completed
ORD004773,CUST03280,2024-11-13,meta,outerwear,US,132.53,0.0,132.53,False,completed
ORD004774,CUST03281,2024-11-10,meta,accessories,US,24.25,0.0,24.25,False,completed
ORD004775,CUST03282,2024-10-18,meta,bottoms,US,49.67,0.0,49.67,False,completed
ORD004776,CUST03282,2024-12-11,meta,footwear,US,115.18,22.19,92.99,False,completed
ORD004777,CUST03283,2024-10-16,meta,tops,AU,38.4,0.0,38.4,False,completed
ORD004778,CUST03283,2024-12-18,meta,tops,AU,35.19,8.67,26.52,False,completed
ORD004779,CUST03283,2024-12-21,meta,tops,AU,50.59,0.0,7.59,True,returned
ORD004780,CUST03284,2024-10-29,meta,bottoms,US,69.69,0.0,10.45,True,returned
ORD004781,CUST03284,2024-12-23,meta,bottoms,US,76.78,9.08,67.7,False,completed
ORD004782,CUST03285,2024-11-01,meta,bottoms,US,45.49,9.24,36.25,False,completed
ORD004783,CUST03286,2024-10-23,meta,accessories,GB,26.44,0.0,26.44,False,completed
ORD004784,CUST03286,2024-10-30,meta,accessories,GB,45.52,6.49,39.03,False,completed
ORD004785,CUST03287,2024-10-25,meta,bottoms,US,67.6,0.0,67.6,False,completed
ORD004786,CUST03288,2024-10-26,meta,bottoms,GB,50.0,0.0,7.5,True,returned
ORD004787,CUST03288,2024-11-17,meta,outerwear,GB,100.58,13.16,87.42,False,completed
ORD004788,CUST03289,2024-10-09,meta,tops,GB,35.45,0.0,35.45,False,completed
ORD004789,CUST03289,2024-12-20,meta,bottoms,GB,54.01,0.0,54.01,False,completed
ORD004790,CUST03289,2024-11-17,meta,accessories,GB,25.09,0.0,25.09,False,completed
ORD004791,CUST03290,2024-10-07,meta,bottoms,GB,70.01,11.89,-1.39,True,returned
ORD004792,CUST03291,2024-10-16,meta,outerwear,FR,150.75,0.0,150.75,False,completed
ORD004793,CUST03291,2024-10-30,meta,tops,FR,54.29,6.48,47.81,False,completed
ORD004794,CUST03292,2024-11-03,meta,tops,US,31.05,4.77,26.28,False,completed
ORD004795,CUST03293,2024-10-02,meta,accessories,GB,44.03,4.72,39.31,False,completed
ORD004796,CUST03293,2024-12-19,meta,bottoms,GB,54.85,0.0,8.23,True,returned
ORD004797,CUST03294,2024-10-28,meta,accessories,GB,38.62,9.07,29.55,False,completed
ORD004798,CUST03294,2024-11-11,meta,bottoms,GB,62.47,13.79,48.68,False,completed
ORD004799,CUST03295,2024-10-22,meta,footwear,DE,106.87,0.0,106.87,False,completed
ORD004800,CUST03296,2024-10-27,meta,tops,FR,56.97,6.93,50.04,False,completed
ORD004801,CUST03297,2024-10-23,meta,tops,GB,57.32,0.0,57.32,False,completed
ORD004802,CUST03298,2024-10-14,meta,bottoms,US,56.06,0.0,56.06,False,completed
ORD004803,CUST03298,2024-12-12,meta,accessories,US,43.37,0.0,43.37,False,completed
ORD004804,CUST03298,2024-12-16,meta,footwear,US,111.21,25.95,85.26,False,completed
ORD004805,CUST03299,2024-10-18,meta,footwear,US,100.35,14.44,85.91,False,completed
ORD004806,CUST03299,2024-11-28,meta,footwear,US,120.42,0.0,18.06,True,returned
ORD004807,CUST03300,2024-10-28,meta,tops,US,31.44,4.21,0.51,True,returned
ORD004808,CUST03300,2024-11-29,meta,accessories,US,40.81,0.0,6.12,True,returned
ORD004809,CUST03301,2024-11-09,meta,accessories,AU,32.93,0.0,32.93,False,completed
ORD004810,CUST03302,2024-10-15,meta,outerwear,NL,82.03,0.0,12.3,True,returned
ORD004811,CUST03303,2024-10-14,meta,outerwear,US,148.63,0.0,22.29,True,returned
ORD004812,CUST03303,2024-11-03,meta,bottoms,US,67.62,0.0,10.14,True,returned
ORD004813,CUST03303,2024-12-02,meta,tops,US,34.08,0.0,5.11,True,returned
ORD004814,CUST03304,2024-10-09,meta,footwear,FR,109.86,21.26,88.6,False,completed
ORD004815,CUST03304,2024-11-17,meta,footwear,FR,81.3,0.0,81.3,False,completed
ORD004816,CUST03305,2024-10-17,meta,bottoms,NL,52.15,9.21,-1.39,True,returned
ORD004817,CUST03306,2024-10-03,meta,bottoms,US,59.43,12.12,-3.21,True,returned
ORD004818,CUST03307,2024-11-03,meta,tops,GB,56.37,8.42,47.95,False,completed
ORD004819,CUST03307,2024-12-04,meta,bottoms,GB,48.26,0.0,48.26,False,completed
ORD004820,CUST03307,2024-12-13,meta,tops,GB,41.66,0.0,6.25,True,returned
ORD004821,CUST03308,2024-10-29,meta,accessories,US,38.92,8.26,-2.42,True,returned
ORD004822,CUST03309,2024-10-17,meta,tops,FR,60.21,8.35,51.86,False,completed
ORD004823,CUST03309,2024-11-03,meta,footwear,FR,106.18,19.86,86.32,False,completed
ORD004824,CUST03310,2024-10-22,meta,tops,US,54.21,0.0,54.21,False,completed
ORD004825,CUST03310,2024-11-15,meta,accessories,US,32.91,0.0,32.91,False,completed
ORD004826,CUST03311,2024-10-06,meta,bottoms,GB,81.21,0.0,12.18,True,returned
ORD004827,CUST03312,2024-11-03,meta,tops,GB,36.83,0.0,5.52,True,returned
ORD004828,CUST03313,2024-10-28,meta,bottoms,GB,46.21,10.26,-3.33,True,returned
ORD004829,CUST03314,2024-10-26,meta,tops,GB,56.47,8.3,48.17,False,completed
ORD004830,CUST03315,2024-10-03,meta,outerwear,GB,154.52,19.85,134.67,False,completed
ORD004831,CUST03315,2024-11-14,meta,tops,GB,43.68,8.68,35.0,False,completed
ORD004832,CUST03315,2024-12-27,meta,footwear,GB,103.61,0.0,103.61,False,completed
ORD004833,CUST03316,2024-10-29,meta,outerwear,DE,91.18,0.0,13.68,True,returned
ORD004834,CUST03317,2024-10-16,meta,footwear,AU,84.55,0.0,12.68,True,returned
ORD004835,CUST03318,2024-10-16,meta,bottoms,US,68.54,9.2,59.34,False,completed
ORD004836,CUST03318,2024-12-23,meta,accessories,US,26.86,6.01,-1.98,True,returned
ORD004837,CUST03318,2024-11-11,meta,accessories,US,40.26,0.0,40.26,False,completed
ORD004838,CUST03319,2024-10-14,meta,bottoms,GB,78.17,0.0,78.17,False,completed
ORD004839,CUST03320,2024-10-08,meta,bottoms,DE,55.63,12.03,-3.69,True,returned
ORD004840,CUST03321,2024-10-20,meta,footwear,AU,87.44,15.3,-2.18,True,returned
ORD004841,CUST03322,2024-10-17,meta,outerwear,US,119.47,0.0,119.47,False,completed
ORD004842,CUST03323,2024-10-25,meta,tops,GB,46.01,0.0,46.01,False,completed
ORD004843,CUST03324,2024-10-17,meta,tops,GB,47.58,0.0,47.58,False,completed
ORD004844,CUST03325,2024-10-20,meta,outerwear,GB,84.01,0.0,84.01,False,completed
ORD004845,CUST03326,2024-10-18,meta,bottoms,CA,46.43,8.29,38.14,False,completed
ORD004846,CUST03327,2024-10-27,meta,tops,GB,47.84,0.0,47.84,False,completed
ORD004847,CUST03327,2024-12-18,meta,accessories,GB,33.41,0.0,33.41,False,completed
ORD004848,CUST03328,2024-10-20,meta,accessories,GB,36.76,5.76,31.0,False,completed
ORD004849,CUST03329,2024-10-29,meta,accessories,CA,35.8,8.45,27.35,False,completed
ORD004850,CUST03329,2024-12-21,meta,outerwear,CA,107.02,19.44,87.58,False,completed
ORD004851,CUST03330,2024-10-29,meta,bottoms,GB,45.23,7.57,37.66,False,completed
ORD004852,CUST03331,2024-10-26,meta,tops,FR,49.3,0.0,49.3,False,completed
ORD004853,CUST03332,2024-10-23,meta,tops,US,47.66,9.95,37.71,False,completed
ORD004854,CUST03333,2024-10-24,meta,accessories,GB,29.95,0.0,29.95,False,completed
ORD004855,CUST03334,2024-10-06,meta,footwear,US,110.06,0.0,16.51,True,returned
ORD004856,CUST03335,2024-10-30,meta,bottoms,US,79.38,0.0,79.38,False,completed
ORD004857,CUST03336,2024-10-10,meta,bottoms,US,52.28,0.0,7.84,True,returned
ORD004858,CUST03337,2024-10-26,meta,bottoms,DE,62.87,9.31,53.56,False,completed
ORD004859,CUST03338,2024-10-14,meta,outerwear,FR,106.38,0.0,106.38,False,completed
ORD004860,CUST03339,2024-10-20,meta,accessories,GB,28.84,0.0,28.84,False,completed
ORD004861,CUST03340,2024-10-16,meta,outerwear,GB,150.22,31.58,118.64,False,completed
ORD004862,CUST03341,2024-10-13,meta,bottoms,GB,56.9,13.84,43.06,False,completed
ORD004863,CUST03341,2024-12-02,meta,bottoms,GB,72.34,0.0,10.85,True,returned
ORD004864,CUST03342,2024-10-29,meta,tops,FR,35.71,0.0,35.71,False,completed
ORD004865,CUST03343,2024-10-25,meta,footwear,CA,77.73,16.2,61.53,False,completed
ORD004866,CUST03344,2024-10-18,meta,bottoms,US,68.27,0.0,68.27,False,completed
ORD004867,CUST03345,2024-11-05,meta,bottoms,US,50.16,0.0,50.16,False,completed
ORD004868,CUST03346,2024-10-16,meta,bottoms,US,75.8,0.0,75.8,False,completed
ORD004869,CUST03346,2024-11-01,meta,bottoms,US,64.05,7.53,56.52,False,completed
ORD004870,CUST03347,2024-10-30,meta,bottoms,GB,58.19,0.0,58.19,False,completed
ORD004871,CUST03348,2024-10-16,meta,outerwear,US,106.14,0.0,15.92,True,returned
ORD004872,CUST03349,2024-10-20,meta,tops,GB,36.07,0.0,36.07,False,completed
ORD004873,CUST03350,2024-10-12,meta,bottoms,AU,56.19,8.27,47.92,False,completed
ORD004874,CUST03351,2024-10-11,meta,tops,US,35.61,0.0,35.61,False,completed
ORD004875,CUST03351,2024-12-17,meta,bottoms,US,67.96,8.17,2.02,True,returned
ORD004876,CUST03352,2024-10-20,meta,outerwear,DE,131.04,25.82,105.22,False,completed
ORD004877,CUST03353,2024-11-01,meta,outerwear,GB,96.84,10.95,85.89,False,completed
ORD004878,CUST03354,2024-10-31,meta,bottoms,CA,56.08,0.0,56.08,False,completed
ORD004879,CUST03355,2024-11-06,meta,outerwear,GB,88.06,0.0,13.21,True,returned
ORD004880,CUST03356,2024-10-31,meta,bottoms,DE,71.91,7.75,3.04,True,returned
ORD004881,CUST03357,2024-10-25,meta,bottoms,US,56.81,0.0,56.81,False,completed
ORD004882,CUST03358,2024-11-09,meta,tops,CA,49.11,0.0,7.37,True,returned
ORD004883,CUST03359,2024-10-27,meta,outerwear,US,116.66,0.0,116.66,False,completed
ORD004884,CUST03360,2024-10-24,google,bottoms,NL,68.17,0.0,68.17,False,completed
ORD004885,CUST03360,2024-11-04,google,tops,NL,53.08,0.0,53.08,False,completed
ORD004886,CUST03361,2024-10-17,google,tops,US,62.47,0.0,62.47,False,completed
ORD004887,CUST03362,2024-10-04,google,accessories,GB,28.12,0.0,28.12,False,completed
ORD004888,CUST03363,2024-10-11,google,bottoms,US,87.09,0.0,87.09,False,completed
ORD004889,CUST03364,2024-10-27,google,outerwear,DE,175.15,0.0,26.27,True,returned
ORD004890,CUST03364,2024-11-19,google,tops,DE,50.82,0.0,50.82,False,completed
ORD004891,CUST03364,2024-12-08,google,outerwear,DE,106.17,0.0,106.17,False,completed
ORD004892,CUST03365,2024-10-17,google,outerwear,US,134.79,0.0,134.79,False,completed
ORD004893,CUST03366,2024-10-17,google,tops,GB,60.08,0.0,60.08,False,completed
ORD004894,CUST03366,2024-12-21,google,tops,GB,37.21,0.0,5.58,True,returned
ORD004895,CUST03367,2024-11-01,google,footwear,GB,143.56,0.0,143.56,False,completed
ORD004896,CUST03368,2024-11-04,google,accessories,AU,46.1,0.0,46.1,False,completed
ORD004897,CUST03369,2024-10-04,google,footwear,NL,120.51,0.0,120.51,False,completed
ORD004898,CUST03370,2024-10-21,google,footwear,FR,92.48,0.0,92.48,False,completed
ORD004899,CUST03371,2024-11-04,google,tops,DE,71.85,0.0,10.78,True,returned
ORD004900,CUST03371,2024-12-07,google,bottoms,DE,81.8,0.0,81.8,False,completed
ORD004901,CUST03372,2024-11-02,google,bottoms,NL,77.92,0.0,77.92,False,completed
ORD004902,CUST03372,2024-12-28,google,bottoms,NL,68.45,0.0,68.45,False,completed
ORD004903,CUST03373,2024-10-10,google,outerwear,US,160.62,0.0,160.62,False,completed
ORD004904,CUST03374,2024-10-23,google,outerwear,GB,176.69,0.0,176.69,False,completed
ORD004905,CUST03375,2024-10-30,google,bottoms,GB,100.95,0.0,100.95,False,completed
ORD004906,CUST03376,2024-10-22,google,outerwear,US,191.64,0.0,191.64,False,completed
ORD004907,CUST03377,2024-11-05,google,tops,DE,63.88,0.0,63.88,False,completed
ORD004908,CUST03378,2024-10-14,google,outerwear,GB,125.67,0.0,125.67,False,completed
ORD004909,CUST03378,2024-12-16,google,bottoms,GB,99.78,0.0,99.78,False,completed
ORD004910,CUST03379,2024-10-17,google,accessories,GB,29.51,0.0,29.51,False,completed
ORD004911,CUST03379,2024-12-10,google,footwear,GB,81.32,0.0,81.32,False,completed
ORD004912,CUST03380,2024-10-13,google,footwear,GB,106.62,0.0,106.62,False,completed
ORD004913,CUST03380,2024-12-10,google,tops,GB,63.85,0.0,9.58,True,returned
ORD004914,CUST03381,2024-10-25,google,bottoms,GB,98.69,0.0,98.69,False,completed
ORD004915,CUST03381,2024-11-07,google,tops,GB,57.47,0.0,57.47,False,completed
ORD004916,CUST03382,2024-10-11,google,outerwear,US,111.84,0.0,111.84,False,completed
ORD004917,CUST03383,2024-10-27,google,tops,DE,40.63,0.0,6.09,True,returned
ORD004918,CUST03384,2024-10-23,google,footwear,US,105.83,0.0,105.83,False,completed
ORD004919,CUST03385,2024-10-16,google,tops,US,57.32,0.0,8.6,True,returned
ORD004920,CUST03385,2024-12-28,google,bottoms,US,81.32,0.0,81.32,False,completed
ORD004921,CUST03385,2024-12-01,google,accessories,US,51.21,0.0,51.21,False,completed
ORD004922,CUST03386,2024-10-27,google,accessories,DE,37.81,0.0,5.67,True,returned
ORD004923,CUST03387,2024-10-21,google,tops,AU,69.09,0.0,69.09,False,completed
ORD004924,CUST03388,2024-11-06,google,outerwear,GB,145.35,0.0,21.8,True,returned
ORD004925,CUST03388,2024-12-01,google,tops,GB,62.41,0.0,62.41,False,completed
ORD004926,CUST03389,2024-10-16,google,tops,NL,69.59,0.0,69.59,False,completed
ORD004927,CUST03390,2024-10-13,google,accessories,AU,45.34,0.0,45.34,False,completed
ORD004928,CUST03390,2024-11-11,google,footwear,AU,124.43,0.0,18.66,True,returned
ORD004929,CUST03391,2024-10-25,google,outerwear,DE,172.24,0.0,172.24,False,completed
ORD004930,CUST03392,2024-10-09,google,tops,US,59.76,0.0,8.96,True,returned
ORD004931,CUST03393,2024-10-29,google,footwear,GB,108.38,0.0,108.38,False,completed
ORD004932,CUST03394,2024-11-03,google,tops,FR,38.1,0.0,38.1,False,completed
ORD004933,CUST03395,2024-10-30,google,footwear,GB,123.95,0.0,123.95,False,completed
ORD004934,CUST03396,2024-10-28,google,outerwear,US,113.81,0.0,113.81,False,completed
ORD004935,CUST03396,2024-11-27,google,outerwear,US,179.86,0.0,179.86,False,completed
ORD004936,CUST03396,2024-11-22,google,tops,US,48.05,0.0,48.05,False,completed
ORD004937,CUST03397,2024-10-22,google,outerwear,US,101.05,0.0,101.05,False,completed
ORD004938,CUST03397,2024-10-28,google,bottoms,US,84.32,0.0,84.32,False,completed
ORD004939,CUST03397,2024-12-26,google,tops,US,57.75,0.0,57.75,False,completed
ORD004940,CUST03398,2024-10-08,google,tops,US,70.94,0.0,70.94,False,completed
ORD004941,CUST03399,2024-10-15,google,accessories,NL,33.46,0.0,33.46,False,completed
ORD004942,CUST03400,2024-11-06,google,bottoms,NL,66.41,0.0,9.96,True,returned
ORD004943,CUST03401,2024-10-15,google,outerwear,US,190.25,0.0,190.25,False,completed
ORD004944,CUST03401,2024-11-29,google,footwear,US,136.1,0.0,136.1,False,completed
ORD004945,CUST03402,2024-10-23,google,outerwear,GB,97.71,0.0,97.71,False,completed
ORD004946,CUST03403,2024-10-16,google,bottoms,US,89.62,0.0,89.62,False,completed
ORD004947,CUST03403,2024-12-14,google,footwear,US,104.14,0.0,104.14,False,completed
ORD004948,CUST03403,2024-12-15,google,footwear,US,98.0,0.0,98.0,False,completed
ORD004949,CUST03404,2024-10-27,google,tops,CA,59.31,0.0,59.31,False,completed
ORD004950,CUST03405,2024-10-25,google,accessories,GB,33.97,0.0,33.97,False,completed
ORD004951,CUST03405,2024-12-26,google,bottoms,GB,71.91,0.0,10.79,True,returned
ORD004952,CUST03406,2024-10-04,google,accessories,US,38.62,0.0,38.62,False,completed
ORD004953,CUST03406,2024-10-30,google,tops,US,36.73,0.0,5.51,True,returned
ORD004954,CUST03407,2024-10-21,google,bottoms,AU,68.0,0.0,68.0,False,completed
ORD004955,CUST03408,2024-10-17,google,outerwear,US,168.51,0.0,168.51,False,completed
ORD004956,CUST03409,2024-10-03,google,bottoms,US,85.1,0.0,85.1,False,completed
ORD004957,CUST03410,2024-10-17,google,accessories,GB,50.0,0.0,50.0,False,completed
ORD004958,CUST03411,2024-10-10,google,bottoms,DE,63.22,0.0,63.22,False,completed
ORD004959,CUST03412,2024-10-22,google,tops,AU,56.03,0.0,56.03,False,completed
ORD004960,CUST03412,2024-11-17,google,outerwear,AU,184.85,0.0,184.85,False,completed
ORD004961,CUST03412,2024-12-08,google,accessories,AU,33.01,0.0,33.01,False,completed
ORD004962,CUST03413,2024-10-20,google,bottoms,NL,56.62,0.0,56.62,False,completed
ORD004963,CUST03413,2024-11-26,google,tops,NL,45.37,0.0,45.37,False,completed
ORD004964,CUST03414,2024-10-29,google,accessories,GB,28.74,0.0,28.74,False,completed
ORD004965,CUST03415,2024-10-23,google,bottoms,AU,85.85,0.0,85.85,False,completed
ORD004966,CUST03416,2024-10-06,google,outerwear,GB,150.19,0.0,150.19,False,completed
ORD004967,CUST03417,2024-10-26,google,footwear,GB,126.7,0.0,126.7,False,completed
ORD004968,CUST03418,2024-10-09,google,outerwear,GB,149.07,0.0,22.36,True,returned
ORD004969,CUST03419,2024-10-28,google,accessories,US,40.51,0.0,40.51,False,completed
ORD004970,CUST03420,2024-10-26,google,accessories,GB,34.4,0.0,34.4,False,completed
ORD004971,CUST03420,2024-12-21,google,bottoms,GB,85.65,0.0,12.85,True,returned
ORD004972,CUST03421,2024-10-19,google,tops,GB,39.19,0.0,39.19,False,completed
ORD004973,CUST03421,2024-10-23,google,footwear,GB,78.45,0.0,78.45,False,completed
ORD004974,CUST03422,2024-10-28,google,bottoms,NL,82.11,0.0,82.11,False,completed
ORD004975,CUST03423,2024-10-15,google,bottoms,NL,101.47,0.0,15.22,True,returned
ORD004976,CUST03423,2024-11-29,google,accessories,NL,48.39,0.0,48.39,False,completed
ORD004977,CUST03424,2024-10-07,google,outerwear,GB,101.24,0.0,101.24,False,completed
ORD004978,CUST03424,2024-11-15,google,footwear,GB,127.35,0.0,19.1,True,returned
ORD004979,CUST03425,2024-10-18,google,bottoms,FR,71.68,0.0,71.68,False,completed
ORD004980,CUST03426,2024-10-28,google,bottoms,US,75.82,0.0,75.82,False,completed
ORD004981,CUST03427,2024-10-26,google,bottoms,AU,67.64,0.0,67.64,False,completed
ORD004982,CUST03428,2024-10-17,google,bottoms,GB,83.94,0.0,83.94,False,completed
ORD004983,CUST03429,2024-10-17,google,tops,GB,37.96,0.0,37.96,False,completed
ORD004984,CUST03429,2024-12-09,google,accessories,GB,33.2,0.0,33.2,False,completed
ORD004985,CUST03430,2024-10-28,google,accessories,GB,51.46,0.0,51.46,False,completed
ORD004986,CUST03431,2024-10-18,google,tops,GB,66.15,0.0,66.15,False,completed
ORD004987,CUST03431,2024-10-26,google,bottoms,GB,92.35,0.0,92.35,False,completed
ORD004988,CUST03431,2024-11-10,google,bottoms,GB,52.0,0.0,52.0,False,completed
ORD004989,CUST03432,2024-10-19,google,tops,CA,43.29,0.0,43.29,False,completed
ORD004990,CUST03433,2024-10-31,google,tops,GB,67.24,0.0,67.24,False,completed
ORD004991,CUST03433,2024-11-10,google,bottoms,GB,58.33,0.0,58.33,False,completed
ORD004992,CUST03434,2024-10-29,google,tops,US,56.74,0.0,56.74,False,completed
ORD004993,CUST03435,2024-11-08,google,outerwear,US,161.38,0.0,161.38,False,completed
ORD004994,CUST03436,2024-10-06,google,tops,NL,56.71,0.0,56.71,False,completed
ORD004995,CUST03437,2024-10-21,google,footwear,US,99.88,0.0,14.98,True,returned
ORD004996,CUST03438,2024-11-01,google,accessories,GB,52.16,0.0,52.16,False,completed
ORD004997,CUST03439,2024-10-23,google,tops,GB,54.47,0.0,54.47,False,completed
ORD004998,CUST03439,2024-12-17,google,bottoms,GB,89.03,0.0,89.03,False,completed
ORD004999,CUST03440,2024-10-17,google,footwear,US,83.03,0.0,83.03,False,completed
ORD005000,CUST03441,2024-10-22,google,footwear,GB,125.34,0.0,125.34,False,completed
ORD005001,CUST03442,2024-10-06,google,bottoms,NL,65.19,0.0,65.19,False,completed
ORD005002,CUST03443,2024-10-29,google,tops,GB,64.06,0.0,9.61,True,returned
ORD005003,CUST03443,2024-12-20,google,tops,GB,47.68,0.0,47.68,False,completed
ORD005004,CUST03443,2024-12-10,google,outerwear,GB,130.07,0.0,19.51,True,returned
ORD005005,CUST03444,2024-10-24,tiktok,bottoms,DE,77.29,17.41,59.88,False,completed
ORD005006,CUST03444,2024-12-10,tiktok,bottoms,DE,72.05,12.99,59.06,False,completed
ORD005007,CUST03444,2024-12-24,tiktok,tops,DE,37.26,7.13,30.13,False,completed
ORD005008,CUST03445,2024-10-18,tiktok,outerwear,DE,111.31,20.61,90.7,False,completed
ORD005009,CUST03445,2024-11-16,tiktok,outerwear,DE,136.91,25.4,111.51,False,completed
ORD005010,CUST03446,2024-10-12,tiktok,footwear,GB,62.54,0.0,62.54,False,completed
ORD005011,CUST03447,2024-10-18,tiktok,bottoms,GB,62.93,13.91,-4.47,True,returned
ORD005012,CUST03447,2024-11-03,tiktok,tops,GB,54.8,11.51,43.29,False,completed
ORD005013,CUST03448,2024-10-16,tiktok,tops,NL,38.8,4.45,34.35,False,completed
ORD005014,CUST03449,2024-10-14,tiktok,footwear,US,86.08,19.78,66.3,False,completed
ORD005015,CUST03449,2024-12-22,tiktok,footwear,US,93.44,21.14,72.3,False,completed
ORD005016,CUST03450,2024-10-02,tiktok,outerwear,US,141.61,0.0,141.61,False,completed
ORD005017,CUST03451,2024-11-10,tiktok,tops,US,56.49,0.0,56.49,False,completed
ORD005018,CUST03452,2024-10-30,tiktok,accessories,US,31.11,0.0,4.67,True,returned
ORD005019,CUST03453,2024-10-19,tiktok,tops,DE,28.86,0.0,28.86,False,completed
ORD005020,CUST03454,2024-10-24,tiktok,bottoms,DE,63.19,0.0,63.19,False,completed
ORD005021,CUST03455,2024-10-02,tiktok,tops,CA,47.45,0.0,47.45,False,completed
ORD005022,CUST03456,2024-11-01,tiktok,outerwear,GB,90.37,9.83,80.54,False,completed
ORD005023,CUST03456,2024-11-17,tiktok,bottoms,GB,72.65,12.14,60.51,False,completed
ORD005024,CUST03456,2024-12-21,tiktok,tops,GB,33.19,7.95,25.24,False,completed
ORD005025,CUST03457,2024-10-16,tiktok,outerwear,CA,122.1,0.0,122.1,False,completed
ORD005026,CUST03458,2024-11-02,tiktok,footwear,GB,61.94,7.46,54.48,False,completed
ORD005027,CUST03458,2024-12-24,tiktok,accessories,GB,27.61,0.0,27.61,False,completed
ORD005028,CUST03459,2024-10-18,tiktok,bottoms,AU,72.88,0.0,72.88,False,completed
ORD005029,CUST03460,2024-11-04,tiktok,accessories,FR,26.11,5.19,20.92,False,completed
ORD005030,CUST03461,2024-10-25,tiktok,tops,FR,48.79,0.0,48.79,False,completed
ORD005031,CUST03462,2024-10-17,tiktok,outerwear,GB,85.8,0.0,85.8,False,completed
ORD005032,CUST03463,2024-10-23,tiktok,accessories,US,37.46,0.0,37.46,False,completed
ORD005033,CUST03464,2024-11-05,tiktok,accessories,GB,30.52,0.0,30.52,False,completed
ORD005034,CUST03465,2024-10-14,tiktok,bottoms,AU,42.18,0.0,42.18,False,completed
ORD005035,CUST03466,2024-10-26,tiktok,bottoms,GB,48.54,0.0,48.54,False,completed
ORD005036,CUST03467,2024-10-13,tiktok,tops,US,36.03,0.0,5.4,True,returned
ORD005037,CUST03468,2024-10-19,tiktok,accessories,DE,42.24,7.72,34.52,False,completed
ORD005038,CUST03469,2024-10-06,tiktok,bottoms,US,42.11,0.0,42.11,False,completed
ORD005039,CUST03470,2024-10-12,tiktok,outerwear,US,80.2,0.0,80.2,False,completed
ORD005040,CUST03471,2024-10-18,tiktok,tops,NL,53.51,0.0,53.51,False,completed
ORD005041,CUST03472,2024-10-31,tiktok,bottoms,DE,72.74,0.0,72.74,False,completed
ORD005042,CUST03473,2024-10-19,tiktok,accessories,GB,42.04,0.0,6.31,True,returned
ORD005043,CUST03473,2024-12-22,tiktok,footwear,GB,99.3,0.0,99.3,False,completed
ORD005044,CUST03474,2024-11-02,tiktok,tops,FR,48.28,0.0,48.28,False,completed
ORD005045,CUST03475,2024-10-23,tiktok,footwear,US,114.83,12.94,101.89,False,completed
ORD005046,CUST03475,2024-11-24,tiktok,accessories,US,36.64,7.93,28.71,False,completed
ORD005047,CUST03476,2024-10-19,tiktok,accessories,US,41.99,10.02,31.97,False,completed
ORD005048,CUST03476,2024-12-07,tiktok,accessories,US,34.6,7.28,27.32,False,completed
ORD005049,CUST03477,2024-10-21,tiktok,footwear,AU,91.46,0.0,91.46,False,completed
ORD005050,CUST03478,2024-10-20,tiktok,tops,US,34.11,0.0,34.11,False,completed
ORD005051,CUST03478,2024-11-03,tiktok,accessories,US,38.18,0.0,38.18,False,completed
ORD005052,CUST03479,2024-11-03,tiktok,accessories,FR,29.79,3.85,25.94,False,completed
ORD005053,CUST03479,2024-12-26,tiktok,accessories,FR,31.11,3.85,27.26,False,completed
ORD005054,CUST03479,2024-12-10,tiktok,footwear,FR,66.51,16.28,-6.3,True,returned
ORD005055,CUST03480,2024-10-10,tiktok,accessories,US,41.02,0.0,41.02,False,completed
ORD005056,CUST03481,2024-11-07,tiktok,outerwear,GB,106.49,11.85,4.12,True,returned
ORD005057,CUST03482,2024-10-24,tiktok,tops,US,49.79,0.0,49.79,False,completed
ORD005058,CUST03483,2024-10-25,tiktok,bottoms,DE,43.14,0.0,43.14,False,completed
ORD005059,CUST03484,2024-10-11,tiktok,outerwear,GB,82.22,0.0,12.33,True,returned
ORD005060,CUST03485,2024-11-02,tiktok,tops,GB,48.79,8.5,40.29,False,completed
ORD005061,CUST03485,2024-11-18,tiktok,accessories,GB,27.9,0.0,27.9,False,completed
ORD005062,CUST03485,2024-12-12,tiktok,bottoms,GB,55.46,0.0,55.46,False,completed
ORD005063,CUST03486,2024-10-16,tiktok,outerwear,GB,129.53,15.68,113.85,False,completed
ORD005064,CUST03486,2024-11-23,tiktok,tops,GB,44.03,0.0,44.03,False,completed
ORD005065,CUST03487,2024-11-05,tiktok,accessories,FR,39.42,4.13,35.29,False,completed
ORD005066,CUST03487,2024-11-13,tiktok,tops,FR,54.6,11.56,43.04,False,completed
ORD005067,CUST03488,2024-10-09,tiktok,outerwear,DE,78.77,8.22,70.55,False,completed
ORD005068,CUST03488,2024-12-22,tiktok,bottoms,DE,64.83,13.97,50.86,False,completed
ORD005069,CUST03489,2024-10-12,tiktok,tops,GB,32.05,7.0,-2.19,True,returned
ORD005070,CUST03490,2024-11-09,tiktok,accessories,US,27.16,0.0,27.16,False,completed
ORD005071,CUST03491,2024-10-02,tiktok,outerwear,US,82.63,12.04,70.59,False,completed
ORD005072,CUST03491,2024-12-04,tiktok,accessories,US,38.04,0.0,5.71,True,returned
ORD005073,CUST03492,2024-11-01,tiktok,bottoms,FR,73.69,0.0,73.69,False,completed
ORD005074,CUST03493,2024-11-03,tiktok,tops,GB,50.67,0.0,7.6,True,returned
ORD005075,CUST03494,2024-11-10,tiktok,tops,FR,33.58,0.0,5.04,True,returned
ORD005076,CUST03494,2024-12-27,tiktok,tops,FR,32.34,6.59,25.75,False,completed
ORD005077,CUST03495,2024-10-25,tiktok,tops,US,32.58,5.65,-0.76,True,returned
ORD005078,CUST03496,2024-10-17,tiktok,bottoms,AU,70.86,0.0,70.86,False,completed
ORD005079,CUST03497,2024-10-19,tiktok,outerwear,FR,143.84,0.0,143.84,False,completed
ORD005080,CUST03498,2024-10-18,organic,tops,GB,76.88,0.0,76.88,False,completed
ORD005081,CUST03499,2024-10-21,organic,tops,US,57.8,0.0,57.8,False,completed
ORD005082,CUST03500,2024-10-22,organic,outerwear,GB,135.27,0.0,135.27,False,completed
ORD005083,CUST03500,2024-11-07,organic,footwear,GB,151.16,0.0,151.16,False,completed
ORD005084,CUST03501,2024-10-06,organic,accessories,GB,34.27,0.0,34.27,False,completed
ORD005085,CUST03501,2024-12-17,organic,tops,GB,49.47,0.0,49.47,False,completed
ORD005086,CUST03502,2024-11-02,organic,footwear,US,97.42,0.0,97.42,False,completed
ORD005087,CUST03503,2024-10-26,organic,accessories,US,35.13,0.0,35.13,False,completed
ORD005088,CUST03503,2024-10-28,organic,tops,US,79.32,0.0,79.32,False,completed
ORD005089,CUST03504,2024-10-03,organic,accessories,US,39.81,0.0,39.81,False,completed
ORD005090,CUST03504,2024-12-01,organic,bottoms,US,113.29,0.0,113.29,False,completed
ORD005091,CUST03505,2024-10-21,organic,bottoms,US,101.43,0.0,101.43,False,completed
ORD005092,CUST03505,2024-12-22,organic,tops,US,71.86,0.0,71.86,False,completed
ORD005093,CUST03506,2024-10-30,organic,tops,GB,81.17,0.0,81.17,False,completed
ORD005094,CUST03506,2024-11-16,organic,footwear,GB,141.61,0.0,141.61,False,completed
ORD005095,CUST03507,2024-10-30,organic,tops,GB,76.3,0.0,76.3,False,completed
ORD005096,CUST03508,2024-10-28,organic,bottoms,DE,61.92,0.0,61.92,False,completed
ORD005097,CUST03509,2024-10-17,organic,tops,GB,50.56,0.0,50.56,False,completed
ORD005098,CUST03509,2024-12-20,organic,bottoms,GB,71.94,0.0,71.94,False,completed
ORD005099,CUST03510,2024-10-10,organic,tops,DE,41.4,0.0,41.4,False,completed
ORD005100,CUST03510,2024-12-22,organic,accessories,DE,43.08,0.0,43.08,False,completed
ORD005101,CUST03510,2024-12-01,organic,bottoms,DE,74.08,0.0,74.08,False,completed
ORD005102,CUST03511,2024-10-30,organic,tops,AU,81.98,0.0,81.98,False,completed
ORD005103,CUST03512,2024-10-29,organic,tops,DE,66.45,0.0,66.45,False,completed
ORD005104,CUST03513,2024-10-26,organic,outerwear,US,113.45,0.0,113.45,False,completed
ORD005105,CUST03513,2024-11-19,organic,bottoms,US,100.56,0.0,100.56,False,completed
ORD005106,CUST03513,2024-11-14,organic,tops,US,54.24,0.0,54.24,False,completed
ORD005107,CUST03514,2024-10-10,organic,bottoms,GB,60.13,0.0,60.13,False,completed
ORD005108,CUST03514,2024-10-20,organic,tops,GB,51.98,0.0,51.98,False,completed
ORD005109,CUST03515,2024-10-16,organic,bottoms,US,100.2,0.0,100.2,False,completed
ORD005110,CUST03515,2024-11-20,organic,bottoms,US,104.22,0.0,104.22,False,completed
ORD005111,CUST03515,2024-10-28,organic,tops,US,45.77,0.0,45.77,False,completed
ORD005112,CUST03516,2024-10-22,organic,tops,US,41.49,0.0,41.49,False,completed
ORD005113,CUST03516,2024-12-06,organic,tops,US,63.02,0.0,63.02,False,completed
ORD005114,CUST03517,2024-10-17,organic,accessories,NL,35.81,0.0,35.81,False,completed
ORD005115,CUST03518,2024-11-01,organic,footwear,US,92.73,0.0,92.73,False,completed
ORD005116,CUST03519,2024-10-16,organic,bottoms,DE,113.84,0.0,113.84,False,completed
ORD005117,CUST03519,2024-12-01,organic,accessories,DE,41.23,0.0,41.23,False,completed
ORD005118,CUST03520,2024-10-25,organic,outerwear,CA,184.77,0.0,184.77,False,completed
ORD005119,CUST03521,2024-11-03,organic,footwear,GB,143.52,0.0,143.52,False,completed
ORD005120,CUST03521,2024-12-15,organic,bottoms,GB,112.41,0.0,112.41,False,completed
ORD005121,CUST03522,2024-11-11,organic,accessories,US,37.5,0.0,37.5,False,completed
ORD005122,CUST03522,2024-11-14,organic,tops,US,81.55,0.0,81.55,False,completed
ORD005123,CUST03523,2024-10-03,organic,accessories,US,44.55,0.0,44.55,False,completed
ORD005124,CUST03523,2024-11-09,organic,tops,US,56.99,0.0,56.99,False,completed
ORD005125,CUST03524,2024-10-14,organic,outerwear,FR,188.86,0.0,188.86,False,completed
ORD005126,CUST03525,2024-10-24,organic,footwear,DE,110.71,0.0,16.61,True,returned
ORD005127,CUST03526,2024-10-22,organic,bottoms,US,117.04,0.0,117.04,False,completed
ORD005128,CUST03527,2024-10-30,organic,footwear,US,142.32,0.0,142.32,False,completed
ORD005129,CUST03528,2024-10-21,organic,bottoms,GB,114.66,0.0,114.66,False,completed
ORD005130,CUST03529,2024-10-14,organic,outerwear,GB,132.83,0.0,132.83,False,completed
ORD005131,CUST03530,2024-10-07,organic,outerwear,GB,214.22,0.0,214.22,False,completed
ORD005132,CUST03531,2024-11-11,organic,tops,FR,70.78,0.0,70.78,False,completed
ORD005133,CUST03532,2024-10-08,organic,accessories,GB,45.67,0.0,45.67,False,completed
ORD005134,CUST03533,2024-10-17,organic,accessories,GB,32.61,0.0,32.61,False,completed
ORD005135,CUST03534,2024-11-06,organic,footwear,FR,99.54,0.0,99.54,False,completed
ORD005136,CUST03535,2024-10-31,organic,bottoms,GB,70.95,0.0,70.95,False,completed
ORD005137,CUST03536,2024-11-06,organic,bottoms,NL,115.18,0.0,115.18,False,completed
ORD005138,CUST03537,2024-10-17,organic,tops,GB,51.64,0.0,51.64,False,completed
ORD005139,CUST03538,2024-10-30,organic,accessories,GB,40.83,0.0,40.83,False,completed
ORD005140,CUST03538,2024-11-17,organic,bottoms,GB,96.49,0.0,96.49,False,completed
ORD005141,CUST03539,2024-10-20,organic,outerwear,US,210.18,0.0,31.53,True,returned
ORD005142,CUST03539,2024-12-17,organic,tops,US,65.62,0.0,65.62,False,completed
ORD005143,CUST03539,2024-11-29,organic,bottoms,US,66.32,0.0,66.32,False,completed
ORD005144,CUST03540,2024-10-28,organic,tops,GB,52.9,0.0,52.9,False,completed
ORD005145,CUST03540,2024-12-19,organic,bottoms,GB,87.52,0.0,87.52,False,completed
ORD005146,CUST03541,2024-11-05,organic,accessories,CA,50.07,0.0,50.07,False,completed
ORD005147,CUST03542,2024-10-29,organic,outerwear,CA,220.66,0.0,220.66,False,completed
ORD005148,CUST03543,2024-10-24,organic,outerwear,DE,127.54,0.0,127.54,False,completed
ORD005149,CUST03544,2024-10-19,organic,bottoms,GB,66.96,0.0,66.96,False,completed
ORD005150,CUST03545,2024-10-30,organic,accessories,DE,35.65,0.0,35.65,False,completed
ORD005151,CUST03546,2024-10-11,organic,bottoms,US,79.75,0.0,11.96,True,returned
ORD005152,CUST03546,2024-11-10,organic,footwear,US,138.49,0.0,138.49,False,completed
ORD005153,CUST03547,2024-10-26,organic,accessories,US,35.99,0.0,35.99,False,completed
ORD005154,CUST03547,2024-11-13,organic,accessories,US,50.32,0.0,50.32,False,completed
ORD005155,CUST03548,2024-10-10,organic,tops,FR,76.85,0.0,76.85,False,completed
ORD005156,CUST03549,2024-10-29,organic,accessories,DE,43.11,0.0,6.47,True,returned
ORD005157,CUST03549,2024-12-24,organic,bottoms,DE,113.0,0.0,113.0,False,completed
ORD005158,CUST03550,2024-10-20,organic,tops,NL,78.71,0.0,78.71,False,completed
ORD005159,CUST03550,2024-11-13,organic,outerwear,NL,180.76,0.0,180.76,False,completed
ORD005160,CUST03551,2024-10-22,organic,outerwear,US,206.56,0.0,206.56,False,completed
ORD005161,CUST03552,2024-10-05,organic,bottoms,US,110.31,0.0,110.31,False,completed
ORD005162,CUST03552,2024-12-15,organic,bottoms,US,95.79,0.0,95.79,False,completed
ORD005163,CUST03553,2024-10-13,organic,bottoms,US,102.06,0.0,15.31,True,returned
ORD005164,CUST03554,2024-10-10,organic,accessories,FR,40.16,0.0,40.16,False,completed
ORD005165,CUST03555,2024-11-01,organic,outerwear,US,144.09,0.0,144.09,False,completed
ORD005166,CUST03556,2024-10-28,organic,outerwear,NL,151.54,0.0,151.54,False,completed
ORD005167,CUST03556,2024-12-05,organic,outerwear,NL,161.39,0.0,161.39,False,completed
ORD005168,CUST03557,2024-10-25,organic,tops,FR,71.04,0.0,71.04,False,completed
ORD005169,CUST03558,2024-10-21,organic,bottoms,US,62.36,0.0,62.36,False,completed
ORD005170,CUST03558,2024-12-29,organic,tops,US,69.0,0.0,10.35,True,returned
ORD005171,CUST03558,2024-12-09,organic,bottoms,US,79.0,0.0,79.0,False,completed
ORD005172,CUST03559,2024-10-17,organic,tops,AU,51.07,0.0,51.07,False,completed
ORD005173,CUST03560,2024-11-01,email,bottoms,GB,115.81,0.0,115.81,False,completed
ORD005174,CUST03560,2024-12-26,email,bottoms,GB,112.99,0.0,112.99,False,completed
ORD005175,CUST03560,2024-12-18,email,tops,GB,58.5,0.0,58.5,False,completed
ORD005176,CUST03561,2024-10-10,email,bottoms,NL,62.86,0.0,62.86,False,completed
ORD005177,CUST03562,2024-10-25,email,bottoms,GB,77.4,0.0,77.4,False,completed
ORD005178,CUST03563,2024-11-03,email,tops,DE,45.16,0.0,45.16,False,completed
ORD005179,CUST03563,2024-11-14,email,bottoms,DE,78.8,0.0,78.8,False,completed
ORD005180,CUST03564,2024-10-30,email,outerwear,US,207.91,0.0,207.91,False,completed
ORD005181,CUST03565,2024-10-24,email,tops,US,75.19,0.0,75.19,False,completed
ORD005182,CUST03566,2024-10-15,email,tops,GB,52.05,0.0,52.05,False,completed
ORD005183,CUST03567,2024-11-04,email,outerwear,US,151.15,0.0,151.15,False,completed
ORD005184,CUST03567,2024-12-30,email,bottoms,US,84.18,0.0,84.18,False,completed
ORD005185,CUST03568,2024-10-12,email,footwear,GB,171.92,0.0,25.79,True,returned
ORD005186,CUST03568,2024-10-26,email,accessories,GB,50.8,0.0,50.8,False,completed
ORD005187,CUST03568,2024-11-03,email,bottoms,GB,76.84,0.0,76.84,False,completed
ORD005188,CUST03569,2024-10-22,email,accessories,US,51.16,0.0,51.16,False,completed
ORD005189,CUST03570,2024-10-09,email,tops,CA,56.08,0.0,56.08,False,completed
ORD005190,CUST03571,2024-11-01,email,bottoms,AU,118.68,0.0,17.8,True,returned
ORD005191,CUST03571,2024-12-09,email,footwear,AU,163.3,0.0,163.3,False,completed
ORD005192,CUST03572,2024-10-28,email,bottoms,US,101.14,0.0,101.14,False,completed
ORD005193,CUST03573,2024-10-14,email,tops,US,60.57,0.0,60.57,False,completed
ORD005194,CUST03573,2024-12-15,email,bottoms,US,73.04,0.0,10.96,True,returned
ORD005195,CUST03574,2024-10-18,email,tops,US,83.78,0.0,83.78,False,completed
ORD005196,CUST03575,2024-10-26,email,accessories,GB,36.23,0.0,36.23,False,completed
ORD005197,CUST03576,2024-10-14,email,tops,GB,62.7,0.0,62.7,False,completed
ORD005198,CUST03576,2024-10-31,email,outerwear,GB,138.4,0.0,138.4,False,completed
ORD005199,CUST03577,2024-10-31,email,tops,GB,53.1,0.0,53.1,False,completed
ORD005200,CUST03578,2024-10-17,email,tops,FR,48.04,0.0,48.04,False,completed
ORD005201,CUST03578,2024-11-23,email,bottoms,FR,78.32,0.0,78.32,False,completed
ORD005202,CUST03579,2024-11-07,email,outerwear,US,162.1,0.0,162.1,False,completed
ORD005203,CUST03579,2024-11-28,email,accessories,US,64.71,0.0,64.71,False,completed
ORD005204,CUST03580,2024-10-11,email,outerwear,GB,208.49,0.0,208.49,False,completed
ORD005205,CUST03581,2024-10-02,email,bottoms,DE,118.44,0.0,118.44,False,completed
ORD005206,CUST03582,2024-11-07,email,bottoms,CA,64.53,0.0,64.53,False,completed
ORD005207,CUST03583,2024-10-15,email,tops,FR,45.42,0.0,45.42,False,completed
ORD005208,CUST03584,2024-10-28,email,footwear,GB,127.32,0.0,127.32,False,completed
ORD005209,CUST03584,2024-12-20,email,tops,GB,65.27,0.0,65.27,False,completed
ORD005210,CUST03585,2024-11-02,referral,tops,US,75.77,0.0,75.77,False,completed
ORD005211,CUST03585,2024-12-27,referral,bottoms,US,57.42,0.0,57.42,False,completed
ORD005212,CUST03585,2024-11-30,referral,outerwear,US,149.68,0.0,149.68,False,completed
ORD005213,CUST03586,2024-10-27,referral,outerwear,FR,152.51,0.0,152.51,False,completed
ORD005214,CUST03587,2024-10-31,referral,bottoms,US,93.48,0.0,93.48,False,completed
ORD005215,CUST03587,2024-11-07,referral,accessories,US,58.3,0.0,58.3,False,completed
ORD005216,CUST03588,2024-10-31,referral,outerwear,FR,160.18,0.0,160.18,False,completed
ORD005217,CUST03588,2024-12-30,referral,bottoms,FR,91.15,0.0,91.15,False,completed
ORD005218,CUST03589,2024-10-20,referral,outerwear,AU,131.26,0.0,131.26,False,completed
ORD005219,CUST03589,2024-11-08,referral,tops,AU,46.23,0.0,46.23,False,completed
ORD005220,CUST03590,2024-10-11,referral,accessories,US,33.43,0.0,33.43,False,completed
ORD005221,CUST03591,2024-10-10,referral,tops,NL,41.66,0.0,41.66,False,completed
ORD005222,CUST03591,2024-12-09,referral,outerwear,NL,112.41,0.0,112.41,False,completed
ORD005223,CUST03591,2024-11-28,referral,bottoms,NL,114.11,0.0,114.11,False,completed
ORD005224,CUST03592,2024-10-14,referral,outerwear,GB,210.71,0.0,210.71,False,completed
ORD005225,CUST03592,2024-12-07,referral,tops,GB,78.59,0.0,78.59,False,completed
ORD005226,CUST03592,2024-10-29,referral,footwear,GB,95.16,0.0,95.16,False,completed
ORD005227,CUST03593,2024-10-14,referral,bottoms,US,76.06,0.0,76.06,False,completed
ORD005228,CUST03594,2024-10-25,referral,outerwear,FR,164.33,0.0,164.33,False,completed
ORD005229,CUST03594,2024-12-12,referral,footwear,FR,142.8,0.0,142.8,False,completed
ORD005230,CUST03595,2024-10-24,referral,tops,DE,56.07,0.0,56.07,False,completed
ORD005231,CUST03596,2024-10-30,referral,outerwear,DE,180.14,0.0,180.14,False,completed
ORD005232,CUST03596,2024-11-10,referral,bottoms,DE,101.39,0.0,101.39,False,completed
ORD005233,CUST03597,2024-11-20,meta,tops,GB,37.31,7.7,29.61,False,completed
ORD005234,CUST03598,2024-11-13,meta,outerwear,GB,149.56,34.26,115.3,False,completed
ORD005235,CUST03599,2024-12-03,meta,bottoms,US,64.22,0.0,64.22,False,completed
ORD005236,CUST03600,2024-11-18,meta,outerwear,NL,104.17,11.57,92.6,False,completed
ORD005237,CUST03601,2024-12-10,meta,footwear,US,72.94,0.0,10.94,True,returned
ORD005238,CUST03601,2024-12-26,meta,footwear,US,72.83,0.0,72.83,False,completed
ORD005239,CUST03601,2024-12-13,meta,tops,US,38.82,8.73,30.09,False,completed
ORD005240,CUST03602,2024-11-23,meta,tops,DE,60.77,9.11,51.66,False,completed
ORD005241,CUST03603,2024-11-20,meta,bottoms,GB,47.37,4.76,42.61,False,completed
ORD005242,CUST03603,2024-12-03,meta,bottoms,GB,62.37,0.0,62.37,False,completed
ORD005243,CUST03603,2024-11-22,meta,tops,GB,54.84,0.0,54.84,False,completed
ORD005244,CUST03604,2024-11-24,meta,bottoms,GB,48.18,0.0,7.23,True,returned
ORD005245,CUST03605,2024-11-02,meta,bottoms,AU,60.79,10.86,49.93,False,completed
ORD005246,CUST03605,2024-12-24,meta,accessories,AU,38.43,0.0,38.43,False,completed
ORD005247,CUST03606,2024-11-20,meta,accessories,US,41.56,0.0,6.23,True,returned
ORD005248,CUST03607,2024-11-23,meta,tops,DE,39.9,0.0,5.98,True,returned
ORD005249,CUST03608,2024-12-01,meta,tops,US,58.19,0.0,8.73,True,returned
ORD005250,CUST03609,2024-11-25,meta,bottoms,US,65.19,7.97,57.22,False,completed
ORD005251,CUST03610,2024-11-26,meta,outerwear,US,135.97,0.0,135.97,False,completed
ORD005252,CUST03611,2024-11-18,meta,tops,AU,57.81,0.0,57.81,False,completed
ORD005253,CUST03611,2024-12-19,meta,outerwear,AU,143.87,26.74,117.13,False,completed
ORD005254,CUST03612,2024-11-09,meta,outerwear,US,157.33,38.71,118.62,False,completed
ORD005255,CUST03613,2024-11-02,meta,outerwear,DE,97.4,10.04,4.57,True,returned
ORD005256,CUST03614,2024-11-24,meta,tops,GB,42.06,0.0,42.06,False,completed
ORD005257,CUST03615,2024-11-13,meta,tops,GB,37.64,0.0,37.64,False,completed
ORD005258,CUST03616,2024-11-20,meta,bottoms,US,58.89,12.83,46.06,False,completed
ORD005259,CUST03617,2024-12-02,meta,tops,NL,61.19,8.28,52.91,False,completed
ORD005260,CUST03618,2024-11-29,meta,accessories,AU,31.19,0.0,31.19,False,completed
ORD005261,CUST03619,2024-11-27,meta,outerwear,DE,126.21,0.0,126.21,False,completed
ORD005262,CUST03620,2024-11-07,meta,bottoms,CA,77.69,9.03,68.66,False,completed
ORD005263,CUST03620,2024-12-21,meta,tops,CA,43.42,7.24,-0.73,True,returned
ORD005264,CUST03621,2024-11-17,meta,accessories,US,33.09,0.0,33.09,False,completed
ORD005265,CUST03622,2024-11-04,meta,accessories,US,27.56,0.0,27.56,False,completed
ORD005266,CUST03622,2024-12-30,meta,tops,US,50.38,12.14,-4.58,True,returned
ORD005267,CUST03623,2024-11-14,meta,accessories,GB,30.34,6.82,23.52,False,completed
ORD005268,CUST03624,2024-11-12,meta,footwear,GB,90.3,20.57,69.73,False,completed
ORD005269,CUST03625,2024-11-20,meta,tops,GB,38.24,6.23,32.01,False,completed
ORD005270,CUST03625,2024-12-15,meta,accessories,GB,47.01,9.5,37.51,False,completed
ORD005271,CUST03626,2024-11-28,meta,tops,GB,37.83,0.0,37.83,False,completed
ORD005272,CUST03627,2024-11-15,meta,outerwear,NL,147.25,0.0,147.25,False,completed
ORD005273,CUST03628,2024-11-29,meta,tops,GB,49.01,0.0,49.01,False,completed
ORD005274,CUST03629,2024-11-23,meta,bottoms,GB,78.65,9.42,69.23,False,completed
ORD005275,CUST03630,2024-11-30,meta,bottoms,GB,73.81,0.0,73.81,False,completed
ORD005276,CUST03630,2024-12-23,meta,accessories,GB,30.41,0.0,4.56,True,returned
ORD005277,CUST03631,2024-11-19,meta,bottoms,FR,70.19,8.29,61.9,False,completed
ORD005278,CUST03632,2024-11-19,meta,bottoms,US,78.08,0.0,78.08,False,completed
ORD005279,CUST03633,2024-11-14,meta,outerwear,US,82.27,0.0,82.27,False,completed
ORD005280,CUST03634,2024-11-28,meta,footwear,US,79.38,14.89,64.49,False,completed
ORD005281,CUST03635,2024-11-21,meta,outerwear,US,137.66,19.52,118.14,False,completed
ORD005282,CUST03636,2024-11-16,meta,tops,DE,39.78,7.32,32.46,False,completed
ORD005283,CUST03637,2024-11-18,meta,tops,US,55.91,0.0,8.39,True,returned
ORD005284,CUST03638,2024-11-12,meta,bottoms,GB,48.19,0.0,48.19,False,completed
ORD005285,CUST03638,2024-11-28,meta,bottoms,GB,44.52,8.18,36.34,False,completed
ORD005286,CUST03639,2024-11-19,meta,bottoms,US,67.33,0.0,67.33,False,completed
ORD005287,CUST03639,2024-11-29,meta,outerwear,US,134.37,0.0,134.37,False,completed
ORD005288,CUST03640,2024-11-27,meta,bottoms,US,48.9,0.0,48.9,False,completed
ORD005289,CUST03641,2024-11-19,meta,footwear,GB,85.29,0.0,85.29,False,completed
ORD005290,CUST03642,2024-11-28,meta,outerwear,GB,106.45,14.55,91.9,False,completed
ORD005291,CUST03642,2024-12-25,meta,accessories,GB,25.4,5.33,20.07,False,completed
ORD005292,CUST03643,2024-12-04,meta,bottoms,GB,62.05,11.43,-2.12,True,returned
ORD005293,CUST03644,2024-12-06,meta,tops,GB,30.92,0.0,4.64,True,returned
ORD005294,CUST03645,2024-12-02,meta,outerwear,GB,131.78,18.18,113.6,False,completed
ORD005295,CUST03646,2024-11-27,meta,outerwear,DE,118.52,17.13,101.39,False,completed
ORD005296,CUST03647,2024-11-28,meta,accessories,GB,46.79,5.61,41.18,False,completed
ORD005297,CUST03647,2024-12-22,meta,bottoms,GB,51.73,0.0,51.73,False,completed
ORD005298,CUST03647,2024-12-27,meta,tops,GB,36.0,4.98,31.02,False,completed
ORD005299,CUST03648,2024-11-22,meta,tops,FR,31.32,3.22,28.1,False,completed
ORD005300,CUST03649,2024-11-20,meta,bottoms,GB,56.97,0.0,56.97,False,completed
ORD005301,CUST03650,2024-11-16,meta,tops,FR,33.04,3.75,1.21,True,returned
ORD005302,CUST03651,2024-11-08,meta,accessories,DE,24.15,0.0,3.62,True,returned
ORD005303,CUST03651,2024-12-05,meta,outerwear,DE,108.29,0.0,108.29,False,completed
ORD005304,CUST03652,2024-12-08,meta,bottoms,DE,87.34,0.0,13.1,True,returned
ORD005305,CUST03653,2024-11-21,meta,outerwear,GB,97.7,14.59,0.06,True,returned
ORD005306,CUST03654,2024-11-16,meta,footwear,AU,62.42,9.24,53.18,False,completed
ORD005307,CUST03654,2024-12-13,meta,footwear,AU,66.34,0.0,66.34,False,completed
ORD005308,CUST03655,2024-11-29,meta,accessories,CA,45.55,7.39,38.16,False,completed
ORD005309,CUST03655,2024-12-04,meta,tops,CA,32.98,0.0,4.95,True,returned
ORD005310,CUST03656,2024-12-10,meta,accessories,FR,39.71,4.81,34.9,False,completed
ORD005311,CUST03656,2024-12-20,meta,outerwear,FR,116.53,0.0,116.53,False,completed
ORD005312,CUST03657,2024-11-13,meta,tops,NL,50.77,0.0,7.62,True,returned
ORD005313,CUST03658,2024-11-24,meta,bottoms,US,51.87,0.0,7.78,True,returned
ORD005314,CUST03659,2024-11-29,meta,outerwear,DE,139.16,0.0,139.16,False,completed
ORD005315,CUST03660,2024-11-27,meta,accessories,GB,47.17,0.0,47.17,False,completed
ORD005316,CUST03660,2024-12-13,meta,accessories,GB,31.96,0.0,31.96,False,completed
ORD005317,CUST03661,2024-12-03,meta,outerwear,GB,116.1,23.69,92.41,False,completed
ORD005318,CUST03662,2024-11-09,meta,accessories,CA,47.58,0.0,7.14,True,returned
ORD005319,CUST03663,2024-11-08,meta,tops,CA,54.0,0.0,54.0,False,completed
ORD005320,CUST03663,2024-12-05,meta,outerwear,CA,122.64,25.12,97.52,False,completed
ORD005321,CUST03664,2024-11-04,meta,outerwear,FR,85.83,0.0,85.83,False,completed
ORD005322,CUST03665,2024-11-21,meta,outerwear,DE,87.97,0.0,13.2,True,returned
ORD005323,CUST03665,2024-12-28,meta,outerwear,DE,116.75,0.0,17.51,True,returned
ORD005324,CUST03666,2024-11-26,meta,tops,AU,44.05,0.0,44.05,False,completed
ORD005325,CUST03667,2024-11-23,meta,bottoms,US,60.93,0.0,9.14,True,returned
ORD005326,CUST03668,2024-11-22,meta,accessories,US,41.85,0.0,41.85,False,completed
ORD005327,CUST03668,2024-12-13,meta,outerwear,US,86.59,0.0,86.59,False,completed
ORD005328,CUST03669,2024-11-16,meta,tops,US,41.46,0.0,41.46,False,completed
ORD005329,CUST03670,2024-11-19,meta,tops,GB,56.67,0.0,56.67,False,completed
ORD005330,CUST03671,2024-11-13,meta,accessories,GB,38.89,4.98,33.91,False,completed
ORD005331,CUST03671,2024-12-23,meta,tops,GB,42.48,6.57,-0.2,True,returned
ORD005332,CUST03672,2024-12-07,meta,footwear,US,105.56,18.55,87.01,False,completed
ORD005333,CUST03673,2024-11-28,meta,bottoms,DE,59.45,0.0,59.45,False,completed
ORD005334,CUST03674,2024-11-18,meta,outerwear,GB,130.75,13.65,117.1,False,completed
ORD005335,CUST03675,2024-11-04,meta,footwear,GB,92.08,15.28,76.8,False,completed
ORD005336,CUST03676,2024-11-26,meta,footwear,US,62.13,7.89,54.24,False,completed
ORD005337,CUST03676,2024-12-23,meta,tops,US,44.24,0.0,6.64,True,returned
ORD005338,CUST03677,2024-11-27,meta,bottoms,GB,60.17,0.0,60.17,False,completed
ORD005339,CUST03678,2024-11-11,meta,bottoms,GB,79.27,13.29,65.98,False,completed
ORD005340,CUST03679,2024-11-18,meta,tops,AU,40.37,0.0,40.37,False,completed
ORD005341,CUST03680,2024-12-03,meta,footwear,GB,88.59,0.0,88.59,False,completed
ORD005342,CUST03681,2024-11-30,meta,bottoms,GB,80.56,0.0,12.08,True,returned
ORD005343,CUST03682,2024-12-01,meta,tops,US,41.05,0.0,41.05,False,completed
ORD005344,CUST03682,2024-12-14,meta,tops,US,54.87,9.3,45.57,False,completed
ORD005345,CUST03683,2024-11-02,meta,outerwear,GB,148.99,37.15,111.84,False,completed
ORD005346,CUST03684,2024-11-20,meta,tops,CA,39.71,0.0,39.71,False,completed
ORD005347,CUST03685,2024-11-22,meta,outerwear,DE,100.82,0.0,15.12,True,returned
ORD005348,CUST03685,2024-12-29,meta,bottoms,DE,71.79,9.13,62.66,False,completed
ORD005349,CUST03686,2024-11-18,meta,bottoms,GB,52.15,0.0,52.15,False,completed
ORD005350,CUST03686,2024-12-29,meta,bottoms,GB,79.8,13.17,-1.2,True,returned
ORD005351,CUST03687,2024-12-02,meta,bottoms,US,62.78,0.0,62.78,False,completed
ORD005352,CUST03687,2024-12-19,meta,outerwear,US,99.54,15.43,-0.5,True,returned
ORD005353,CUST03687,2024-12-25,meta,outerwear,US,125.97,0.0,18.9,True,returned
ORD005354,CUST03688,2024-11-17,meta,tops,GB,30.76,7.07,23.69,False,completed
ORD005355,CUST03688,2024-12-08,meta,tops,GB,40.71,0.0,40.71,False,completed
ORD005356,CUST03689,2024-11-18,meta,tops,GB,55.3,11.3,44.0,False,completed
ORD005357,CUST03690,2024-11-21,meta,bottoms,US,45.27,0.0,6.79,True,returned
ORD005358,CUST03691,2024-11-05,meta,bottoms,AU,50.4,0.0,7.56,True,returned
ORD005359,CUST03692,2024-12-01,meta,footwear,US,90.22,14.35,-0.82,True,returned
ORD005360,CUST03693,2024-11-07,meta,bottoms,CA,64.23,0.0,64.23,False,completed
ORD005361,CUST03694,2024-11-29,meta,bottoms,US,45.94,0.0,45.94,False,completed
ORD005362,CUST03695,2024-11-10,meta,bottoms,DE,80.0,0.0,80.0,False,completed
ORD005363,CUST03696,2024-11-30,meta,bottoms,FR,76.68,15.0,61.68,False,completed
ORD005364,CUST03697,2024-12-03,meta,bottoms,AU,60.57,6.25,54.32,False,completed
ORD005365,CUST03698,2024-12-03,meta,bottoms,NL,64.58,0.0,64.58,False,completed
ORD005366,CUST03699,2024-11-10,meta,accessories,FR,45.97,0.0,45.97,False,completed
ORD005367,CUST03699,2024-11-20,meta,accessories,FR,41.91,0.0,41.91,False,completed
ORD005368,CUST03700,2024-11-25,meta,bottoms,US,68.07,9.02,59.05,False,completed
ORD005369,CUST03701,2024-11-17,meta,tops,GB,56.29,0.0,8.44,True,returned
ORD005370,CUST03702,2024-12-06,meta,tops,US,54.7,6.73,47.97,False,completed
ORD005371,CUST03703,2024-11-13,meta,bottoms,US,55.78,0.0,55.78,False,completed
ORD005372,CUST03703,2024-12-24,meta,outerwear,US,147.28,24.1,123.18,False,completed
ORD005373,CUST03703,2024-12-12,meta,tops,US,33.07,0.0,33.07,False,completed
ORD005374,CUST03704,2024-11-05,meta,tops,US,56.39,9.65,46.74,False,completed
ORD005375,CUST03704,2024-11-24,meta,footwear,US,119.75,0.0,119.75,False,completed
ORD005376,CUST03705,2024-11-02,meta,accessories,GB,41.62,0.0,6.24,True,returned
ORD005377,CUST03706,2024-11-21,meta,bottoms,GB,74.76,0.0,74.76,False,completed
ORD005378,CUST03706,2024-12-09,meta,tops,GB,54.22,11.13,43.09,False,completed
ORD005379,CUST03707,2024-12-08,meta,footwear,DE,102.9,0.0,102.9,False,completed
ORD005380,CUST03708,2024-11-28,meta,tops,US,33.87,6.26,27.61,False,completed
ORD005381,CUST03709,2024-12-09,meta,footwear,NL,116.3,0.0,116.3,False,completed
ORD005382,CUST03709,2024-12-16,meta,tops,NL,35.26,6.98,28.28,False,completed
ORD005383,CUST03710,2024-11-10,meta,bottoms,FR,44.49,8.75,35.74,False,completed
ORD005384,CUST03711,2024-11-22,meta,tops,GB,45.06,0.0,6.76,True,returned
ORD005385,CUST03712,2024-12-06,meta,bottoms,US,59.04,7.55,51.49,False,completed
ORD005386,CUST03712,2024-12-15,meta,bottoms,US,63.84,0.0,63.84,False,completed
ORD005387,CUST03713,2024-11-18,meta,outerwear,US,147.8,0.0,22.17,True,returned
ORD005388,CUST03714,2024-11-25,meta,outerwear,AU,113.08,22.64,-5.68,True,returned
ORD005389,CUST03715,2024-11-22,meta,outerwear,GB,84.06,0.0,12.61,True,returned
ORD005390,CUST03716,2024-11-29,meta,outerwear,CA,160.45,0.0,160.45,False,completed
ORD005391,CUST03716,2024-12-09,meta,bottoms,CA,88.21,0.0,13.23,True,returned
ORD005392,CUST03717,2024-11-16,meta,tops,FR,32.37,0.0,4.86,True,returned
ORD005393,CUST03718,2024-11-17,meta,tops,AU,33.4,0.0,33.4,False,completed
ORD005394,CUST03719,2024-11-14,meta,outerwear,AU,132.92,0.0,19.94,True,returned
ORD005395,CUST03719,2024-12-15,meta,accessories,AU,25.98,0.0,3.9,True,returned
ORD005396,CUST03719,2024-12-24,meta,accessories,AU,40.07,0.0,40.07,False,completed
ORD005397,CUST03720,2024-11-15,meta,outerwear,US,123.12,0.0,123.12,False,completed
ORD005398,CUST03721,2024-11-20,meta,outerwear,GB,146.19,0.0,21.93,True,returned
ORD005399,CUST03722,2024-11-21,meta,bottoms,GB,47.91,6.23,41.68,False,completed
ORD005400,CUST03723,2024-12-03,meta,bottoms,FR,58.42,0.0,58.42,False,completed
ORD005401,CUST03723,2024-12-26,meta,bottoms,FR,71.41,0.0,71.41,False,completed
ORD005402,CUST03724,2024-11-20,meta,tops,US,58.2,0.0,8.73,True,returned
ORD005403,CUST03725,2024-11-11,meta,tops,FR,47.03,9.06,37.97,False,completed
ORD005404,CUST03726,2024-12-01,meta,tops,DE,50.19,0.0,7.53,True,returned
ORD005405,CUST03727,2024-11-28,meta,bottoms,US,70.9,16.11,54.79,False,completed
ORD005406,CUST03728,2024-11-09,meta,outerwear,FR,129.68,23.2,106.48,False,completed
ORD005407,CUST03729,2024-11-27,meta,bottoms,GB,84.24,0.0,12.64,True,returned
ORD005408,CUST03730,2024-12-05,meta,tops,GB,51.11,0.0,51.11,False,completed
ORD005409,CUST03731,2024-11-30,meta,tops,US,30.81,0.0,30.81,False,completed
ORD005410,CUST03732,2024-11-24,meta,tops,US,60.81,0.0,60.81,False,completed
ORD005411,CUST03732,2024-12-09,meta,bottoms,US,81.54,0.0,81.54,False,completed
ORD005412,CUST03732,2024-12-08,meta,bottoms,US,52.07,6.02,46.05,False,completed
ORD005413,CUST03733,2024-11-07,meta,outerwear,US,105.84,0.0,15.88,True,returned
ORD005414,CUST03734,2024-11-19,meta,tops,CA,31.3,6.34,24.96,False,completed
ORD005415,CUST03735,2024-11-20,meta,bottoms,AU,62.74,0.0,62.74,False,completed
ORD005416,CUST03736,2024-11-27,meta,outerwear,DE,91.31,16.47,74.84,False,completed
ORD005417,CUST03737,2024-11-11,meta,outerwear,GB,125.72,0.0,125.72,False,completed
ORD005418,CUST03738,2024-11-15,meta,bottoms,US,56.88,0.0,56.88,False,completed
ORD005419,CUST03739,2024-12-05,meta,accessories,GB,39.59,0.0,39.59,False,completed
ORD005420,CUST03740,2024-11-13,meta,bottoms,GB,80.87,11.27,69.6,False,completed
ORD005421,CUST03741,2024-11-17,meta,tops,US,33.65,0.0,33.65,False,completed
ORD005422,CUST03742,2024-11-09,meta,outerwear,US,149.19,0.0,149.19,False,completed
ORD005423,CUST03743,2024-12-03,meta,bottoms,CA,56.65,0.0,56.65,False,completed
ORD005424,CUST03743,2024-12-27,meta,tops,CA,44.64,0.0,6.7,True,returned
ORD005425,CUST03744,2024-11-20,meta,footwear,AU,84.77,19.0,65.77,False,completed
ORD005426,CUST03744,2024-12-03,meta,accessories,AU,26.09,4.84,21.25,False,completed
ORD005427,CUST03744,2024-12-15,meta,tops,AU,46.7,10.29,36.41,False,completed
ORD005428,CUST03745,2024-11-21,meta,outerwear,GB,94.65,15.18,79.47,False,completed
ORD005429,CUST03745,2024-11-27,meta,outerwear,GB,143.93,0.0,143.93,False,completed
ORD005430,CUST03746,2024-11-28,meta,tops,US,43.48,0.0,43.48,False,completed
ORD005431,CUST03747,2024-11-26,meta,bottoms,US,49.92,9.11,-1.62,True,returned
ORD005432,CUST03748,2024-11-12,meta,tops,GB,43.27,0.0,43.27,False,completed
ORD005433,CUST03749,2024-11-15,meta,tops,DE,57.19,0.0,57.19,False,completed
ORD005434,CUST03750,2024-11-20,meta,outerwear,GB,81.6,14.75,66.85,False,completed
ORD005435,CUST03751,2024-12-05,meta,accessories,GB,41.32,0.0,41.32,False,completed
ORD005436,CUST03752,2024-11-04,meta,tops,GB,53.73,0.0,8.06,True,returned
ORD005437,CUST03753,2024-11-18,meta,tops,US,53.97,6.74,47.23,False,completed
ORD005438,CUST03754,2024-11-17,meta,bottoms,CA,72.82,8.04,2.88,True,returned
ORD005439,CUST03754,2024-12-24,meta,tops,CA,48.3,10.9,37.4,False,completed
ORD005440,CUST03755,2024-11-24,meta,bottoms,AU,50.13,0.0,50.13,False,completed
ORD005441,CUST03756,2024-11-14,meta,accessories,AU,45.99,6.89,39.1,False,completed
ORD005442,CUST03757,2024-11-21,meta,bottoms,US,51.6,9.67,41.93,False,completed
ORD005443,CUST03757,2024-12-27,meta,bottoms,US,73.15,8.29,64.86,False,completed
ORD005444,CUST03758,2024-11-12,meta,footwear,GB,83.2,0.0,83.2,False,completed
ORD005445,CUST03759,2024-11-08,meta,accessories,US,39.26,0.0,5.89,True,returned
ORD005446,CUST03760,2024-11-09,meta,accessories,GB,25.74,6.28,19.46,False,completed
ORD005447,CUST03761,2024-11-15,meta,tops,GB,51.96,7.31,0.48,True,returned
ORD005448,CUST03762,2024-11-06,meta,footwear,DE,114.77,0.0,114.77,False,completed
ORD005449,CUST03763,2024-11-16,meta,bottoms,GB,58.69,0.0,58.69,False,completed
ORD005450,CUST03764,2024-11-21,meta,outerwear,DE,141.22,19.7,1.48,True,returned
ORD005451,CUST03765,2024-11-17,meta,outerwear,DE,131.86,0.0,19.78,True,returned
ORD005452,CUST03766,2024-12-07,meta,accessories,US,30.96,4.29,26.67,False,completed
ORD005453,CUST03767,2024-11-20,meta,accessories,GB,33.82,0.0,33.82,False,completed
ORD005454,CUST03767,2024-12-11,meta,bottoms,GB,68.07,0.0,10.21,True,returned
ORD005455,CUST03768,2024-11-08,meta,accessories,US,37.07,8.17,28.9,False,completed
ORD005456,CUST03769,2024-12-01,meta,tops,US,37.04,0.0,37.04,False,completed
ORD005457,CUST03770,2024-11-08,google,outerwear,GB,159.13,0.0,159.13,False,completed
ORD005458,CUST03771,2024-11-21,google,accessories,GB,39.81,0.0,5.97,True,returned
ORD005459,CUST03772,2024-11-07,google,bottoms,US,83.19,0.0,12.48,True,returned
ORD005460,CUST03772,2024-11-21,google,bottoms,US,85.97,0.0,12.9,True,returned
ORD005461,CUST03773,2024-11-26,google,accessories,GB,35.65,0.0,35.65,False,completed
ORD005462,CUST03773,2024-12-15,google,accessories,GB,46.99,0.0,7.05,True,returned
ORD005463,CUST03774,2024-11-30,google,tops,CA,60.93,0.0,60.93,False,completed
ORD005464,CUST03774,2024-12-22,google,bottoms,CA,59.23,0.0,59.23,False,completed
ORD005465,CUST03774,2024-12-25,google,bottoms,CA,84.32,0.0,84.32,False,completed
ORD005466,CUST03775,2024-11-24,google,accessories,US,51.45,0.0,51.45,False,completed
ORD005467,CUST03775,2024-12-21,google,tops,US,49.91,0.0,49.91,False,completed
ORD005468,CUST03775,2024-11-30,google,footwear,US,110.26,0.0,110.26,False,completed
ORD005469,CUST03776,2024-11-27,google,outerwear,DE,186.69,0.0,28.0,True,returned
ORD005470,CUST03777,2024-11-18,google,tops,CA,60.87,0.0,60.87,False,completed
ORD005471,CUST03777,2024-12-14,google,outerwear,CA,125.51,0.0,125.51,False,completed
ORD005472,CUST03778,2024-11-13,google,accessories,GB,52.9,0.0,7.94,True,returned
ORD005473,CUST03779,2024-11-30,google,tops,US,47.38,0.0,47.38,False,completed
ORD005474,CUST03779,2024-12-23,google,accessories,US,40.79,0.0,40.79,False,completed
ORD005475,CUST03780,2024-11-27,google,footwear,FR,127.77,0.0,127.77,False,completed
ORD005476,CUST03780,2024-12-26,google,accessories,FR,38.59,0.0,38.59,False,completed
ORD005477,CUST03781,2024-11-12,google,bottoms,FR,69.26,0.0,69.26,False,completed
ORD005478,CUST03782,2024-11-11,google,accessories,CA,38.08,0.0,38.08,False,completed
ORD005479,CUST03783,2024-11-14,google,tops,GB,70.84,0.0,70.84,False,completed
ORD005480,CUST03784,2024-11-15,google,bottoms,GB,102.61,0.0,102.61,False,completed
ORD005481,CUST03785,2024-11-08,google,tops,AU,48.36,0.0,48.36,False,completed
ORD005482,CUST03786,2024-11-30,google,accessories,US,34.68,0.0,34.68,False,completed
ORD005483,CUST03786,2024-12-19,google,bottoms,US,82.42,0.0,82.42,False,completed
ORD005484,CUST03787,2024-12-01,google,tops,GB,36.22,0.0,36.22,False,completed
ORD005485,CUST03787,2024-12-26,google,outerwear,GB,131.7,0.0,131.7,False,completed
ORD005486,CUST03787,2024-12-28,google,bottoms,GB,91.79,0.0,91.79,False,completed
ORD005487,CUST03788,2024-11-15,google,outerwear,AU,177.86,0.0,177.86,False,completed
ORD005488,CUST03789,2024-11-03,google,tops,GB,59.22,0.0,59.22,False,completed
ORD005489,CUST03790,2024-12-04,google,bottoms,US,66.53,0.0,66.53,False,completed
ORD005490,CUST03791,2024-11-30,google,outerwear,AU,119.63,0.0,119.63,False,completed
ORD005491,CUST03792,2024-11-27,google,outerwear,US,155.0,0.0,155.0,False,completed
ORD005492,CUST03793,2024-11-28,google,tops,GB,36.21,0.0,5.43,True,returned
ORD005493,CUST03793,2024-12-27,google,bottoms,GB,88.25,0.0,88.25,False,completed
ORD005494,CUST03793,2024-12-30,google,tops,GB,37.86,0.0,37.86,False,completed
ORD005495,CUST03794,2024-11-05,google,accessories,DE,42.55,0.0,42.55,False,completed
ORD005496,CUST03794,2024-12-11,google,tops,DE,45.3,0.0,45.3,False,completed
ORD005497,CUST03795,2024-11-14,google,bottoms,US,103.94,0.0,103.94,False,completed
ORD005498,CUST03796,2024-11-21,google,bottoms,GB,101.32,0.0,101.32,False,completed
ORD005499,CUST03796,2024-12-05,google,outerwear,GB,136.12,0.0,136.12,False,completed
ORD005500,CUST03797,2024-11-27,google,outerwear,US,173.3,0.0,173.3,False,completed
ORD005501,CUST03797,2024-12-15,google,bottoms,US,54.9,0.0,54.9,False,completed
ORD005502,CUST03798,2024-12-04,google,outerwear,US,111.61,0.0,16.74,True,returned
ORD005503,CUST03799,2024-11-28,google,outerwear,GB,157.46,0.0,23.62,True,returned
ORD005504,CUST03799,2024-12-15,google,tops,GB,38.33,0.0,38.33,False,completed
ORD005505,CUST03800,2024-12-04,google,outerwear,DE,143.05,0.0,21.46,True,returned
ORD005506,CUST03801,2024-12-11,google,accessories,CA,36.46,0.0,36.46,False,completed
ORD005507,CUST03801,2024-12-22,google,bottoms,CA,102.36,0.0,102.36,False,completed
ORD005508,CUST03801,2024-12-27,google,bottoms,CA,81.39,0.0,81.39,False,completed
ORD005509,CUST03802,2024-11-30,google,bottoms,GB,63.81,0.0,63.81,False,completed
ORD005510,CUST03802,2024-12-16,google,bottoms,GB,62.9,0.0,62.9,False,completed
ORD005511,CUST03803,2024-11-13,google,bottoms,FR,99.77,0.0,14.97,True,returned
ORD005512,CUST03803,2024-12-28,google,tops,FR,62.77,0.0,62.77,False,completed
ORD005513,CUST03804,2024-11-23,google,tops,FR,65.19,0.0,65.19,False,completed
ORD005514,CUST03805,2024-11-23,google,tops,US,47.49,0.0,47.49,False,completed
ORD005515,CUST03806,2024-11-27,google,footwear,GB,130.39,0.0,130.39,False,completed
ORD005516,CUST03806,2024-12-13,google,bottoms,GB,99.34,0.0,99.34,False,completed
ORD005517,CUST03806,2024-12-09,google,bottoms,GB,73.41,0.0,11.01,True,returned
ORD005518,CUST03807,2024-11-10,google,tops,AU,52.73,0.0,52.73,False,completed
ORD005519,CUST03807,2024-11-23,google,tops,AU,62.77,0.0,9.42,True,returned
ORD005520,CUST03808,2024-12-10,google,bottoms,NL,95.18,0.0,95.18,False,completed
ORD005521,CUST03809,2024-11-20,google,tops,US,59.38,0.0,59.38,False,completed
ORD005522,CUST03810,2024-11-21,google,tops,GB,49.2,0.0,49.2,False,completed
ORD005523,CUST03810,2024-12-20,google,outerwear,GB,152.87,0.0,152.87,False,completed
ORD005524,CUST03811,2024-11-26,google,accessories,GB,37.26,0.0,5.59,True,returned
ORD005525,CUST03811,2024-12-28,google,outerwear,GB,104.46,0.0,104.46,False,completed
ORD005526,CUST03811,2024-12-28,google,tops,GB,48.64,0.0,48.64,False,completed
ORD005527,CUST03812,2024-11-27,google,outerwear,GB,184.61,0.0,184.61,False,completed
ORD005528,CUST03813,2024-11-22,google,bottoms,FR,60.81,0.0,9.12,True,returned
ORD005529,CUST03814,2024-11-11,google,accessories,GB,55.77,0.0,55.77,False,completed
ORD005530,CUST03814,2024-12-24,google,bottoms,GB,97.62,0.0,97.62,False,completed
ORD005531,CUST03815,2024-11-22,google,accessories,NL,53.1,0.0,7.97,True,returned
ORD005532,CUST03815,2024-12-18,google,accessories,NL,54.91,0.0,54.91,False,completed
ORD005533,CUST03815,2024-12-28,google,tops,NL,45.59,0.0,45.59,False,completed
ORD005534,CUST03816,2024-11-22,google,bottoms,AU,95.97,0.0,95.97,False,completed
ORD005535,CUST03816,2024-12-17,google,tops,AU,53.71,0.0,53.71,False,completed
ORD005536,CUST03816,2024-12-24,google,outerwear,AU,182.65,0.0,182.65,False,completed
ORD005537,CUST03817,2024-11-14,google,bottoms,US,70.6,0.0,70.6,False,completed
ORD005538,CUST03818,2024-12-12,google,tops,GB,63.72,0.0,63.72,False,completed
ORD005539,CUST03819,2024-11-28,google,accessories,GB,36.32,0.0,36.32,False,completed
ORD005540,CUST03819,2024-12-28,google,outerwear,GB,100.2,0.0,100.2,False,completed
ORD005541,CUST03820,2024-11-10,google,accessories,CA,51.55,0.0,51.55,False,completed
ORD005542,CUST03821,2024-11-15,google,bottoms,AU,72.19,0.0,72.19,False,completed
ORD005543,CUST03822,2024-11-28,google,tops,US,67.84,0.0,67.84,False,completed
ORD005544,CUST03823,2024-11-21,google,tops,AU,50.85,0.0,50.85,False,completed
ORD005545,CUST03824,2024-11-20,google,bottoms,US,91.8,0.0,91.8,False,completed
ORD005546,CUST03825,2024-11-30,google,bottoms,DE,100.53,0.0,100.53,False,completed
ORD005547,CUST03825,2024-12-30,google,accessories,DE,48.96,0.0,48.96,False,completed
ORD005548,CUST03826,2024-11-22,google,tops,GB,37.52,0.0,37.52,False,completed
ORD005549,CUST03827,2024-11-29,google,outerwear,GB,151.12,0.0,151.12,False,completed
ORD005550,CUST03828,2024-11-24,google,bottoms,US,95.98,0.0,95.98,False,completed
ORD005551,CUST03828,2024-12-07,google,bottoms,US,64.59,0.0,64.59,False,completed
ORD005552,CUST03829,2024-11-08,google,accessories,CA,55.5,0.0,55.5,False,completed
ORD005553,CUST03829,2024-11-23,google,footwear,CA,83.09,0.0,83.09,False,completed
ORD005554,CUST03830,2024-12-01,google,tops,US,55.94,0.0,55.94,False,completed
ORD005555,CUST03831,2024-11-28,google,tops,AU,61.77,0.0,9.27,True,returned
ORD005556,CUST03831,2024-12-17,google,footwear,AU,93.45,0.0,93.45,False,completed
ORD005557,CUST03831,2024-12-28,google,outerwear,AU,112.4,0.0,112.4,False,completed
ORD005558,CUST03832,2024-11-06,google,accessories,US,29.56,0.0,4.43,True,returned
ORD005559,CUST03833,2024-12-08,google,bottoms,GB,83.39,0.0,83.39,False,completed
ORD005560,CUST03834,2024-11-24,google,outerwear,US,127.96,0.0,127.96,False,completed
ORD005561,CUST03834,2024-12-26,google,outerwear,US,164.56,0.0,164.56,False,completed
ORD005562,CUST03835,2024-11-23,google,outerwear,DE,189.43,0.0,28.41,True,returned
ORD005563,CUST03836,2024-11-26,google,tops,US,46.1,0.0,46.1,False,completed
ORD005564,CUST03836,2024-12-27,google,tops,US,62.47,0.0,62.47,False,completed
ORD005565,CUST03836,2024-12-15,google,tops,US,63.63,0.0,63.63,False,completed
ORD005566,CUST03837,2024-12-04,google,bottoms,US,100.56,0.0,100.56,False,completed
ORD005567,CUST03837,2024-12-09,google,footwear,US,72.25,0.0,72.25,False,completed
ORD005568,CUST03837,2024-12-23,google,bottoms,US,83.07,0.0,83.07,False,completed
ORD005569,CUST03838,2024-11-25,google,bottoms,FR,58.7,0.0,58.7,False,completed
ORD005570,CUST03838,2024-12-10,google,outerwear,FR,128.1,0.0,128.1,False,completed
ORD005571,CUST03838,2024-12-12,google,bottoms,FR,77.47,0.0,77.47,False,completed
ORD005572,CUST03839,2024-11-12,google,tops,GB,41.24,0.0,41.24,False,completed
ORD005573,CUST03839,2024-12-16,google,outerwear,GB,150.93,0.0,150.93,False,completed
ORD005574,CUST03840,2024-11-06,google,bottoms,US,90.54,0.0,90.54,False,completed
ORD005575,CUST03840,2024-11-26,google,footwear,US,83.25,0.0,83.25,False,completed
ORD005576,CUST03841,2024-11-08,google,tops,GB,71.7,0.0,71.7,False,completed
ORD005577,CUST03842,2024-11-06,google,bottoms,DE,92.89,0.0,92.89,False,completed
ORD005578,CUST03842,2024-12-02,google,tops,DE,41.88,0.0,41.88,False,completed
ORD005579,CUST03843,2024-11-27,google,tops,FR,60.54,0.0,60.54,False,completed
ORD005580,CUST03843,2024-12-17,google,footwear,FR,130.91,0.0,19.64,True,returned
ORD005581,CUST03843,2024-12-07,google,footwear,FR,93.55,0.0,93.55,False,completed
ORD005582,CUST03844,2024-11-21,google,tops,CA,71.54,0.0,71.54,False,completed
ORD005583,CUST03845,2024-11-24,google,outerwear,US,146.15,0.0,146.15,False,completed
ORD005584,CUST03846,2024-11-29,google,outerwear,US,182.89,0.0,182.89,False,completed
ORD005585,CUST03847,2024-11-14,google,bottoms,GB,60.13,0.0,60.13,False,completed
ORD005586,CUST03848,2024-11-24,google,outerwear,FR,140.07,0.0,21.01,True,returned
ORD005587,CUST03848,2024-12-14,google,accessories,FR,43.48,0.0,43.48,False,completed
ORD005588,CUST03849,2024-11-30,google,tops,AU,54.8,0.0,54.8,False,completed
ORD005589,CUST03849,2024-12-24,google,bottoms,AU,84.46,0.0,84.46,False,completed
ORD005590,CUST03850,2024-11-18,google,bottoms,US,91.65,0.0,91.65,False,completed
ORD005591,CUST03850,2024-12-16,google,bottoms,US,77.08,0.0,77.08,False,completed
ORD005592,CUST03851,2024-11-20,google,bottoms,FR,99.27,0.0,14.89,True,returned
ORD005593,CUST03852,2024-11-09,google,tops,US,53.35,0.0,53.35,False,completed
ORD005594,CUST03853,2024-11-26,google,outerwear,US,153.89,0.0,153.89,False,completed
ORD005595,CUST03853,2024-12-30,google,tops,US,60.53,0.0,60.53,False,completed
ORD005596,CUST03854,2024-11-18,google,tops,GB,58.31,0.0,58.31,False,completed
ORD005597,CUST03854,2024-12-07,google,outerwear,GB,187.6,0.0,187.6,False,completed
ORD005598,CUST03855,2024-12-01,google,outerwear,GB,132.57,0.0,19.89,True,returned
ORD005599,CUST03856,2024-11-29,google,accessories,FR,52.21,0.0,52.21,False,completed
ORD005600,CUST03856,2024-12-11,google,bottoms,FR,58.77,0.0,58.77,False,completed
ORD005601,CUST03857,2024-11-22,google,accessories,GB,30.89,0.0,4.63,True,returned
ORD005602,CUST03857,2024-12-04,google,accessories,GB,52.48,0.0,52.48,False,completed
ORD005603,CUST03858,2024-12-06,google,footwear,GB,82.28,0.0,82.28,False,completed
ORD005604,CUST03859,2024-12-10,google,tops,US,59.31,0.0,59.31,False,completed
ORD005605,CUST03860,2024-11-05,google,outerwear,GB,150.57,0.0,150.57,False,completed
ORD005606,CUST03861,2024-11-24,google,bottoms,AU,65.87,0.0,65.87,False,completed
ORD005607,CUST03862,2024-11-24,google,accessories,US,55.4,0.0,55.4,False,completed
ORD005608,CUST03862,2024-12-22,google,bottoms,US,96.22,0.0,96.22,False,completed
ORD005609,CUST03863,2024-11-16,google,outerwear,NL,124.31,0.0,124.31,False,completed
ORD005610,CUST03864,2024-11-20,google,bottoms,US,69.95,0.0,69.95,False,completed
ORD005611,CUST03864,2024-12-12,google,tops,US,40.31,0.0,40.31,False,completed
ORD005612,CUST03865,2024-11-25,google,bottoms,CA,85.83,0.0,12.87,True,returned
ORD005613,CUST03866,2024-11-10,google,tops,GB,70.85,0.0,10.63,True,returned
ORD005614,CUST03866,2024-11-26,google,tops,GB,49.08,0.0,49.08,False,completed
ORD005615,CUST03866,2024-12-24,google,bottoms,GB,82.5,0.0,82.5,False,completed
ORD005616,CUST03867,2024-11-15,google,bottoms,GB,85.83,0.0,85.83,False,completed
ORD005617,CUST03868,2024-11-14,google,bottoms,GB,84.62,0.0,84.62,False,completed
ORD005618,CUST03869,2024-11-22,google,bottoms,US,56.13,0.0,8.42,True,returned
ORD005619,CUST03870,2024-11-08,google,tops,GB,46.6,0.0,46.6,False,completed
ORD005620,CUST03871,2024-11-02,google,bottoms,AU,83.51,0.0,83.51,False,completed
ORD005621,CUST03872,2024-11-24,google,outerwear,US,142.31,0.0,142.31,False,completed
ORD005622,CUST03873,2024-11-21,google,tops,GB,57.03,0.0,57.03,False,completed
ORD005623,CUST03873,2024-12-08,google,bottoms,GB,88.33,0.0,88.33,False,completed
ORD005624,CUST03874,2024-12-05,google,footwear,AU,84.46,0.0,12.67,True,returned
ORD005625,CUST03874,2024-12-26,google,outerwear,AU,97.56,0.0,97.56,False,completed
ORD005626,CUST03875,2024-11-19,google,tops,DE,38.64,0.0,38.64,False,completed
ORD005627,CUST03876,2024-11-19,google,outerwear,US,115.87,0.0,17.38,True,returned
ORD005628,CUST03876,2024-12-14,google,bottoms,US,52.49,0.0,7.87,True,returned
ORD005629,CUST03877,2024-11-24,google,bottoms,GB,68.46,0.0,68.46,False,completed
ORD005630,CUST03877,2024-11-27,google,accessories,GB,40.46,0.0,40.46,False,completed
ORD005631,CUST03878,2024-11-10,google,tops,CA,54.81,0.0,54.81,False,completed
ORD005632,CUST03878,2024-11-22,google,bottoms,CA,53.09,0.0,53.09,False,completed
ORD005633,CUST03879,2024-11-19,google,footwear,AU,106.14,0.0,106.14,False,completed
ORD005634,CUST03880,2024-12-02,google,bottoms,US,57.97,0.0,57.97,False,completed
ORD005635,CUST03881,2024-11-26,google,footwear,DE,103.28,0.0,103.28,False,completed
ORD005636,CUST03882,2024-11-08,google,tops,FR,63.05,0.0,63.05,False,completed
ORD005637,CUST03883,2024-11-17,google,bottoms,DE,85.65,0.0,85.65,False,completed
ORD005638,CUST03884,2024-11-29,google,footwear,GB,134.88,0.0,134.88,False,completed
ORD005639,CUST03885,2024-11-28,google,tops,US,61.16,0.0,61.16,False,completed
ORD005640,CUST03886,2024-11-30,google,tops,US,36.25,0.0,36.25,False,completed
ORD005641,CUST03887,2024-11-15,google,outerwear,US,125.39,0.0,125.39,False,completed
ORD005642,CUST03887,2024-12-23,google,tops,US,69.35,0.0,69.35,False,completed
ORD005643,CUST03888,2024-11-17,google,outerwear,US,137.14,0.0,137.14,False,completed
ORD005644,CUST03889,2024-11-09,google,accessories,DE,39.41,0.0,5.91,True,returned
ORD005645,CUST03890,2024-11-27,google,tops,US,38.68,0.0,38.68,False,completed
ORD005646,CUST03891,2024-11-30,google,accessories,US,28.72,0.0,28.72,False,completed
ORD005647,CUST03891,2024-12-25,google,bottoms,US,60.57,0.0,60.57,False,completed
ORD005648,CUST03891,2024-12-24,google,bottoms,US,88.78,0.0,88.78,False,completed
ORD005649,CUST03892,2024-11-24,google,bottoms,GB,75.27,0.0,75.27,False,completed
ORD005650,CUST03893,2024-11-24,google,outerwear,US,178.9,0.0,178.9,False,completed
ORD005651,CUST03893,2024-12-08,google,accessories,US,35.41,0.0,35.41,False,completed
ORD005652,CUST03894,2024-11-18,google,tops,GB,51.35,0.0,51.35,False,completed
ORD005653,CUST03894,2024-12-25,google,tops,GB,69.73,0.0,69.73,False,completed
ORD005654,CUST03895,2024-11-17,google,accessories,FR,53.04,0.0,53.04,False,completed
ORD005655,CUST03896,2024-11-01,google,bottoms,CA,101.51,0.0,101.51,False,completed
ORD005656,CUST03896,2024-12-17,google,outerwear,CA,163.09,0.0,163.09,False,completed
ORD005657,CUST03897,2024-11-22,google,tops,US,51.34,0.0,51.34,False,completed
ORD005658,CUST03897,2024-12-28,google,tops,US,49.87,0.0,49.87,False,completed
ORD005659,CUST03898,2024-11-15,google,tops,US,60.88,0.0,9.13,True,returned
ORD005660,CUST03899,2024-11-22,google,outerwear,GB,117.42,0.0,117.42,False,completed
ORD005661,CUST03899,2024-12-29,google,outerwear,GB,181.1,0.0,181.1,False,completed
ORD005662,CUST03899,2024-11-29,google,footwear,GB,104.72,0.0,104.72,False,completed
ORD005663,CUST03900,2024-11-15,google,accessories,GB,38.79,0.0,38.79,False,completed
ORD005664,CUST03901,2024-11-09,google,tops,GB,52.06,0.0,52.06,False,completed
ORD005665,CUST03902,2024-11-27,google,outerwear,US,161.2,0.0,161.2,False,completed
ORD005666,CUST03903,2024-11-29,google,tops,US,60.55,0.0,60.55,False,completed
ORD005667,CUST03903,2024-12-25,google,footwear,US,102.48,0.0,15.37,True,returned
ORD005668,CUST03904,2024-11-07,google,outerwear,AU,96.16,0.0,96.16,False,completed
ORD005669,CUST03905,2024-11-18,google,tops,GB,59.59,0.0,59.59,False,completed
ORD005670,CUST03906,2024-12-02,google,tops,AU,50.83,0.0,50.83,False,completed
ORD005671,CUST03907,2024-11-10,google,tops,GB,57.0,0.0,57.0,False,completed
ORD005672,CUST03908,2024-11-19,google,bottoms,GB,73.03,0.0,73.03,False,completed
ORD005673,CUST03909,2024-11-25,google,bottoms,US,79.36,0.0,11.9,True,returned
ORD005674,CUST03910,2024-11-27,google,outerwear,GB,101.12,0.0,101.12,False,completed
ORD005675,CUST03911,2024-12-02,google,bottoms,GB,87.98,0.0,87.98,False,completed
ORD005676,CUST03912,2024-11-05,google,bottoms,GB,102.76,0.0,102.76,False,completed
ORD005677,CUST03913,2024-11-26,tiktok,bottoms,GB,44.84,4.94,39.9,False,completed
ORD005678,CUST03914,2024-11-09,tiktok,bottoms,CA,57.93,0.0,57.93,False,completed
ORD005679,CUST03915,2024-11-26,tiktok,bottoms,GB,45.44,0.0,6.82,True,returned
ORD005680,CUST03916,2024-11-24,tiktok,outerwear,GB,118.01,0.0,118.01,False,completed
ORD005681,CUST03917,2024-11-24,tiktok,tops,US,56.03,12.61,43.42,False,completed
ORD005682,CUST03918,2024-11-11,tiktok,accessories,US,32.15,6.56,25.59,False,completed
ORD005683,CUST03919,2024-11-02,tiktok,tops,US,52.58,0.0,52.58,False,completed
ORD005684,CUST03920,2024-11-18,tiktok,bottoms,NL,60.14,0.0,60.14,False,completed
ORD005685,CUST03920,2024-12-07,tiktok,accessories,NL,36.31,0.0,5.45,True,returned
ORD005686,CUST03921,2024-11-26,tiktok,tops,DE,34.5,6.02,28.48,False,completed
ORD005687,CUST03921,2024-12-28,tiktok,bottoms,DE,76.97,0.0,76.97,False,completed
ORD005688,CUST03922,2024-11-09,tiktok,accessories,US,29.68,4.12,0.33,True,returned
ORD005689,CUST03923,2024-11-28,tiktok,tops,NL,46.04,5.33,1.58,True,returned
ORD005690,CUST03924,2024-12-05,tiktok,tops,NL,52.6,0.0,7.89,True,returned
ORD005691,CUST03925,2024-11-17,tiktok,tops,GB,35.97,0.0,5.4,True,returned
ORD005692,CUST03926,2024-11-17,tiktok,tops,CA,31.59,6.41,25.18,False,completed
ORD005693,CUST03927,2024-11-21,tiktok,bottoms,FR,70.9,0.0,70.9,False,completed
ORD005694,CUST03928,2024-11-27,tiktok,bottoms,GB,65.0,9.55,55.45,False,completed
ORD005695,CUST03929,2024-11-30,tiktok,tops,GB,51.38,0.0,51.38,False,completed
ORD005696,CUST03929,2024-12-23,tiktok,outerwear,GB,110.14,13.8,96.34,False,completed
ORD005697,CUST03930,2024-11-26,tiktok,tops,NL,31.81,0.0,31.81,False,completed
ORD005698,CUST03931,2024-11-27,tiktok,tops,US,39.79,7.86,31.93,False,completed
ORD005699,CUST03931,2024-12-22,tiktok,bottoms,US,55.37,9.94,-1.63,True,returned
ORD005700,CUST03932,2024-11-29,tiktok,bottoms,GB,58.27,0.0,58.27,False,completed
ORD005701,CUST03933,2024-11-20,tiktok,accessories,NL,37.38,4.8,32.58,False,completed
ORD005702,CUST03934,2024-11-21,tiktok,bottoms,US,48.93,0.0,48.93,False,completed
ORD005703,CUST03935,2024-12-01,tiktok,bottoms,GB,50.91,10.25,40.66,False,completed
ORD005704,CUST03936,2024-11-21,tiktok,bottoms,US,68.39,0.0,10.26,True,returned
ORD005705,CUST03937,2024-11-22,tiktok,bottoms,US,50.87,0.0,50.87,False,completed
ORD005706,CUST03938,2024-11-08,tiktok,tops,US,49.4,9.18,40.22,False,completed
ORD005707,CUST03939,2024-11-16,tiktok,footwear,NL,67.16,0.0,67.16,False,completed
ORD005708,CUST03940,2024-12-03,tiktok,tops,DE,49.66,10.85,38.81,False,completed
ORD005709,CUST03941,2024-11-19,tiktok,tops,DE,52.25,0.0,52.25,False,completed
ORD005710,CUST03941,2024-12-26,tiktok,footwear,DE,81.15,18.97,-6.8,True,returned
ORD005711,CUST03942,2024-11-15,tiktok,accessories,CA,32.39,0.0,32.39,False,completed
ORD005712,CUST03942,2024-11-24,tiktok,outerwear,CA,141.89,26.46,115.43,False,completed
ORD005713,CUST03943,2024-11-18,tiktok,tops,US,47.19,0.0,7.08,True,returned
ORD005714,CUST03944,2024-11-30,tiktok,tops,DE,35.5,6.36,29.14,False,completed
ORD005715,CUST03944,2024-12-28,tiktok,tops,DE,36.11,0.0,36.11,False,completed
ORD005716,CUST03945,2024-11-25,tiktok,bottoms,US,83.16,0.0,83.16,False,completed
ORD005717,CUST03946,2024-11-14,tiktok,outerwear,GB,107.86,21.91,85.95,False,completed
ORD005718,CUST03946,2024-12-30,tiktok,accessories,GB,41.79,0.0,41.79,False,completed
ORD005719,CUST03946,2024-11-27,tiktok,bottoms,GB,61.0,0.0,61.0,False,completed
ORD005720,CUST03947,2024-11-18,tiktok,outerwear,DE,130.25,0.0,130.25,False,completed
ORD005721,CUST03948,2024-11-11,tiktok,bottoms,US,73.43,0.0,73.43,False,completed
ORD005722,CUST03949,2024-11-09,tiktok,accessories,NL,23.98,5.97,18.01,False,completed
ORD005723,CUST03950,2024-11-14,tiktok,tops,NL,31.3,0.0,4.7,True,returned
ORD005724,CUST03950,2024-12-18,tiktok,bottoms,NL,54.26,0.0,54.26,False,completed
ORD005725,CUST03951,2024-11-20,tiktok,tops,DE,51.92,0.0,51.92,False,completed
ORD005726,CUST03952,2024-11-13,tiktok,outerwear,CA,140.24,0.0,21.04,True,returned
ORD005727,CUST03953,2024-12-01,tiktok,bottoms,NL,60.17,13.03,47.14,False,completed
ORD005728,CUST03954,2024-11-10,tiktok,bottoms,GB,79.36,0.0,79.36,False,completed
ORD005729,CUST03955,2024-11-14,tiktok,outerwear,AU,106.94,16.93,90.01,False,completed
ORD005730,CUST03956,2024-12-04,tiktok,bottoms,DE,45.12,0.0,45.12,False,completed
ORD005731,CUST03957,2024-11-15,tiktok,tops,NL,37.9,5.35,32.55,False,completed
ORD005732,CUST03957,2024-12-28,tiktok,tops,NL,48.94,8.9,40.04,False,completed
ORD005733,CUST03958,2024-12-02,tiktok,tops,DE,41.75,0.0,41.75,False,completed
ORD005734,CUST03959,2024-11-30,tiktok,tops,US,53.87,10.8,43.07,False,completed
ORD005735,CUST03960,2024-12-03,tiktok,bottoms,GB,78.96,0.0,11.84,True,returned
ORD005736,CUST03960,2024-12-23,tiktok,tops,GB,40.67,9.25,31.42,False,completed
ORD005737,CUST03961,2024-11-30,tiktok,accessories,GB,32.39,0.0,32.39,False,completed
ORD005738,CUST03962,2024-11-18,tiktok,bottoms,DE,55.26,13.31,-5.02,True,returned
ORD005739,CUST03963,2024-11-06,tiktok,tops,US,32.1,7.44,-2.62,True,returned
ORD005740,CUST03964,2024-11-20,tiktok,outerwear,NL,89.35,0.0,89.35,False,completed
ORD005741,CUST03964,2024-12-24,tiktok,accessories,NL,44.0,8.81,-2.21,True,returned
ORD005742,CUST03965,2024-11-13,tiktok,tops,GB,39.45,0.0,39.45,False,completed
ORD005743,CUST03966,2024-11-14,tiktok,accessories,NL,35.48,0.0,35.48,False,completed
ORD005744,CUST03967,2024-11-25,tiktok,outerwear,GB,104.54,20.75,83.79,False,completed
ORD005745,CUST03967,2024-12-13,tiktok,tops,GB,30.21,4.52,25.69,False,completed
ORD005746,CUST03967,2024-12-17,tiktok,bottoms,GB,58.15,0.0,58.15,False,completed
ORD005747,CUST03968,2024-11-14,tiktok,tops,AU,44.99,9.16,35.83,False,completed
ORD005748,CUST03969,2024-11-16,tiktok,tops,FR,53.5,11.15,42.35,False,completed
ORD005749,CUST03970,2024-11-22,tiktok,bottoms,CA,77.01,0.0,77.01,False,completed
ORD005750,CUST03970,2024-12-06,tiktok,tops,CA,56.81,6.8,50.01,False,completed
ORD005751,CUST03971,2024-11-21,tiktok,accessories,GB,27.78,6.31,21.47,False,completed
ORD005752,CUST03972,2024-11-24,tiktok,tops,US,54.63,0.0,54.63,False,completed
ORD005753,CUST03972,2024-12-21,tiktok,accessories,US,29.15,0.0,29.15,False,completed
ORD005754,CUST03973,2024-11-25,tiktok,outerwear,GB,80.39,18.75,61.64,False,completed
ORD005755,CUST03974,2024-11-13,tiktok,bottoms,GB,54.39,8.3,46.09,False,completed
ORD005756,CUST03974,2024-12-20,tiktok,bottoms,GB,61.59,14.37,47.22,False,completed
ORD005757,CUST03975,2024-11-21,tiktok,tops,US,50.13,0.0,7.52,True,returned
ORD005758,CUST03976,2024-11-27,tiktok,outerwear,DE,132.29,27.09,-7.25,True,returned
ORD005759,CUST03976,2024-12-30,tiktok,tops,DE,30.97,5.07,25.9,False,completed
ORD005760,CUST03977,2024-12-01,tiktok,bottoms,FR,54.53,11.38,43.15,False,completed
ORD005761,CUST03977,2024-12-26,tiktok,outerwear,FR,126.19,0.0,126.19,False,completed
ORD005762,CUST03978,2024-11-12,tiktok,bottoms,DE,49.09,0.0,49.09,False,completed
ORD005763,CUST03979,2024-12-01,tiktok,tops,GB,40.46,0.0,40.46,False,completed
ORD005764,CUST03980,2024-11-18,tiktok,footwear,AU,83.86,16.41,67.45,False,completed
ORD005765,CUST03981,2024-11-22,tiktok,bottoms,US,66.96,0.0,66.96,False,completed
ORD005766,CUST03982,2024-11-07,tiktok,footwear,US,115.0,28.71,86.29,False,completed
ORD005767,CUST03983,2024-11-19,tiktok,tops,US,30.82,4.66,26.16,False,completed
ORD005768,CUST03983,2024-12-06,tiktok,footwear,US,85.15,0.0,85.15,False,completed
ORD005769,CUST03984,2024-11-17,tiktok,accessories,US,34.0,3.74,1.36,True,returned
ORD005770,CUST03984,2024-11-29,tiktok,accessories,US,29.86,0.0,29.86,False,completed
ORD005771,CUST03984,2024-11-24,tiktok,bottoms,US,42.68,0.0,42.68,False,completed
ORD005772,CUST03985,2024-11-26,tiktok,accessories,GB,25.02,0.0,3.75,True,returned
ORD005773,CUST03985,2024-12-28,tiktok,accessories,GB,29.4,6.86,22.54,False,completed
ORD005774,CUST03985,2024-12-10,tiktok,bottoms,GB,82.69,0.0,82.69,False,completed
ORD005775,CUST03986,2024-11-08,tiktok,accessories,AU,24.38,3.53,0.13,True,returned
ORD005776,CUST03987,2024-12-05,tiktok,accessories,GB,35.75,0.0,35.75,False,completed
ORD005777,CUST03988,2024-11-16,tiktok,accessories,GB,39.35,8.08,31.27,False,completed
ORD005778,CUST03989,2024-11-17,organic,bottoms,DE,99.15,0.0,99.15,False,completed
ORD005779,CUST03989,2024-12-20,organic,tops,DE,43.1,0.0,43.1,False,completed
ORD005780,CUST03990,2024-11-23,organic,bottoms,GB,81.98,0.0,81.98,False,completed
ORD005781,CUST03990,2024-12-12,organic,accessories,GB,60.37,0.0,60.37,False,completed
ORD005782,CUST03991,2024-11-17,organic,bottoms,GB,85.73,0.0,85.73,False,completed
ORD005783,CUST03991,2024-12-11,organic,footwear,GB,108.63,0.0,108.63,False,completed
ORD005784,CUST03992,2024-11-30,organic,tops,GB,58.12,0.0,58.12,False,completed
ORD005785,CUST03992,2024-12-16,organic,accessories,GB,59.87,0.0,59.87,False,completed
ORD005786,CUST03993,2024-11-28,organic,bottoms,GB,102.24,0.0,15.34,True,returned
ORD005787,CUST03993,2024-12-16,organic,accessories,GB,50.89,0.0,50.89,False,completed
ORD005788,CUST03994,2024-11-05,organic,accessories,US,35.08,0.0,35.08,False,completed
ORD005789,CUST03994,2024-11-29,organic,bottoms,US,117.03,0.0,117.03,False,completed
ORD005790,CUST03995,2024-11-09,organic,tops,US,66.32,0.0,66.32,False,completed
ORD005791,CUST03995,2024-12-29,organic,tops,US,65.24,0.0,65.24,False,completed
ORD005792,CUST03996,2024-12-01,organic,accessories,US,35.24,0.0,35.24,False,completed
ORD005793,CUST03996,2024-12-18,organic,bottoms,US,103.05,0.0,103.05,False,completed
ORD005794,CUST03997,2024-11-19,organic,tops,US,78.2,0.0,78.2,False,completed
ORD005795,CUST03998,2024-12-02,organic,outerwear,US,214.2,0.0,214.2,False,completed
ORD005796,CUST03998,2024-12-19,organic,tops,US,64.53,0.0,64.53,False,completed
ORD005797,CUST03998,2024-12-26,organic,outerwear,US,153.26,0.0,22.99,True,returned
ORD005798,CUST03999,2024-11-30,organic,outerwear,US,204.78,0.0,30.72,True,returned
ORD005799,CUST04000,2024-11-29,organic,accessories,US,48.97,0.0,7.35,True,returned
ORD005800,CUST04000,2024-12-25,organic,accessories,US,36.02,0.0,36.02,False,completed
ORD005801,CUST04000,2024-12-14,organic,tops,US,51.35,0.0,7.7,True,returned
ORD005802,CUST04001,2024-11-17,organic,tops,GB,45.64,0.0,45.64,False,completed
ORD005803,CUST04002,2024-11-27,organic,tops,CA,55.16,0.0,55.16,False,completed
ORD005804,CUST04003,2024-11-21,organic,outerwear,DE,194.15,0.0,194.15,False,completed
ORD005805,CUST04003,2024-12-08,organic,outerwear,DE,203.41,0.0,203.41,False,completed
ORD005806,CUST04004,2024-11-16,organic,outerwear,GB,117.74,0.0,117.74,False,completed
ORD005807,CUST04004,2024-12-03,organic,bottoms,GB,84.69,0.0,84.69,False,completed
ORD005808,CUST04005,2024-11-20,organic,footwear,DE,151.25,0.0,151.25,False,completed
ORD005809,CUST04005,2024-12-19,organic,bottoms,DE,72.0,0.0,72.0,False,completed
ORD005810,CUST04006,2024-11-20,organic,accessories,GB,63.98,0.0,63.98,False,completed
ORD005811,CUST04006,2024-12-30,organic,tops,GB,72.71,0.0,72.71,False,completed
ORD005812,CUST04006,2024-12-15,organic,footwear,GB,117.27,0.0,117.27,False,completed
ORD005813,CUST04007,2024-11-18,organic,bottoms,NL,110.31,0.0,110.31,False,completed
ORD005814,CUST04008,2024-12-02,organic,tops,US,43.84,0.0,43.84,False,completed
ORD005815,CUST04009,2024-11-24,organic,bottoms,CA,79.82,0.0,79.82,False,completed
ORD005816,CUST04010,2024-11-18,organic,bottoms,GB,70.51,0.0,70.51,False,completed
ORD005817,CUST04010,2024-12-23,organic,outerwear,GB,212.75,0.0,212.75,False,completed
ORD005818,CUST04010,2024-12-30,organic,bottoms,GB,111.14,0.0,111.14,False,completed
ORD005819,CUST04011,2024-11-20,organic,tops,DE,74.5,0.0,74.5,False,completed
ORD005820,CUST04011,2024-12-16,organic,tops,DE,58.45,0.0,58.45,False,completed
ORD005821,CUST04012,2024-11-19,organic,bottoms,GB,119.05,0.0,119.05,False,completed
ORD005822,CUST04012,2024-12-24,organic,outerwear,GB,128.39,0.0,128.39,False,completed
ORD005823,CUST04013,2024-12-08,organic,accessories,GB,53.85,0.0,53.85,False,completed
ORD005824,CUST04013,2024-12-15,organic,tops,GB,67.9,0.0,67.9,False,completed
ORD005825,CUST04013,2024-12-17,organic,outerwear,GB,179.6,0.0,179.6,False,completed
ORD005826,CUST04014,2024-11-24,organic,outerwear,US,200.3,0.0,200.3,False,completed
ORD005827,CUST04014,2024-12-18,organic,outerwear,US,179.34,0.0,179.34,False,completed
ORD005828,CUST04015,2024-11-20,organic,footwear,US,158.47,0.0,158.47,False,completed
ORD005829,CUST04016,2024-11-29,organic,bottoms,GB,102.63,0.0,102.63,False,completed
ORD005830,CUST04016,2024-12-14,organic,outerwear,GB,126.34,0.0,18.95,True,returned
ORD005831,CUST04017,2024-12-09,organic,outerwear,DE,169.03,0.0,169.03,False,completed
ORD005832,CUST04017,2024-12-19,organic,accessories,DE,57.56,0.0,57.56,False,completed
ORD005833,CUST04017,2024-12-19,organic,bottoms,DE,107.09,0.0,107.09,False,completed
ORD005834,CUST04018,2024-12-04,organic,tops,GB,61.2,0.0,61.2,False,completed
ORD005835,CUST04018,2024-12-28,organic,tops,GB,44.82,0.0,6.72,True,returned
ORD005836,CUST04019,2024-11-30,organic,bottoms,US,98.22,0.0,98.22,False,completed
ORD005837,CUST04019,2024-12-19,organic,tops,US,43.95,0.0,43.95,False,completed
ORD005838,CUST04019,2024-12-24,organic,footwear,US,89.23,0.0,89.23,False,completed
ORD005839,CUST04020,2024-11-27,organic,outerwear,NL,123.38,0.0,123.38,False,completed
ORD005840,CUST04020,2024-12-19,organic,tops,NL,44.38,0.0,44.38,False,completed
ORD005841,CUST04020,2024-12-22,organic,tops,NL,77.78,0.0,11.67,True,returned
ORD005842,CUST04021,2024-11-21,organic,accessories,NL,42.0,0.0,42.0,False,completed
ORD005843,CUST04021,2024-12-29,organic,accessories,NL,63.29,0.0,63.29,False,completed
ORD005844,CUST04021,2024-12-03,organic,outerwear,NL,166.3,0.0,166.3,False,completed
ORD005845,CUST04022,2024-11-17,organic,outerwear,US,128.66,0.0,128.66,False,completed
ORD005846,CUST04022,2024-12-08,organic,outerwear,US,152.92,0.0,152.92,False,completed
ORD005847,CUST04022,2024-12-13,organic,bottoms,US,76.04,0.0,76.04,False,completed
ORD005848,CUST04023,2024-11-27,organic,bottoms,CA,63.46,0.0,63.46,False,completed
ORD005849,CUST04024,2024-11-24,organic,outerwear,US,123.78,0.0,123.78,False,completed
ORD005850,CUST04025,2024-11-20,organic,accessories,US,35.73,0.0,35.73,False,completed
ORD005851,CUST04026,2024-11-24,organic,footwear,AU,95.85,0.0,95.85,False,completed
ORD005852,CUST04026,2024-11-28,organic,outerwear,AU,193.14,0.0,193.14,False,completed
ORD005853,CUST04026,2024-12-03,organic,footwear,AU,116.86,0.0,17.53,True,returned
ORD005854,CUST04027,2024-12-04,organic,footwear,GB,129.46,0.0,129.46,False,completed
ORD005855,CUST04028,2024-11-06,organic,tops,FR,44.06,0.0,44.06,False,completed
ORD005856,CUST04028,2024-11-30,organic,footwear,FR,84.7,0.0,84.7,False,completed
ORD005857,CUST04028,2024-12-18,organic,accessories,FR,43.06,0.0,43.06,False,completed
ORD005858,CUST04029,2024-11-13,organic,footwear,GB,98.26,0.0,98.26,False,completed
ORD005859,CUST04029,2024-12-18,organic,accessories,GB,63.9,0.0,63.9,False,completed
ORD005860,CUST04029,2024-12-01,organic,tops,GB,51.37,0.0,51.37,False,completed
ORD005861,CUST04030,2024-11-21,organic,accessories,AU,32.93,0.0,32.93,False,completed
ORD005862,CUST04030,2024-12-04,organic,bottoms,AU,71.74,0.0,71.74,False,completed
ORD005863,CUST04030,2024-12-29,organic,accessories,AU,32.64,0.0,32.64,False,completed
ORD005864,CUST04031,2024-11-24,organic,tops,GB,67.94,0.0,67.94,False,completed
ORD005865,CUST04032,2024-11-14,organic,bottoms,GB,86.45,0.0,86.45,False,completed
ORD005866,CUST04033,2024-11-30,organic,bottoms,US,87.72,0.0,87.72,False,completed
ORD005867,CUST04034,2024-11-30,organic,accessories,NL,44.2,0.0,6.63,True,returned
ORD005868,CUST04035,2024-12-02,organic,outerwear,GB,210.33,0.0,210.33,False,completed
ORD005869,CUST04035,2024-12-27,organic,accessories,GB,60.38,0.0,60.38,False,completed
ORD005870,CUST04035,2024-12-17,organic,tops,GB,54.32,0.0,54.32,False,completed
ORD005871,CUST04036,2024-11-23,organic,tops,GB,58.96,0.0,58.96,False,completed
ORD005872,CUST04036,2024-12-15,organic,tops,GB,45.38,0.0,45.38,False,completed
ORD005873,CUST04036,2024-12-26,organic,bottoms,GB,75.62,0.0,75.62,False,completed
ORD005874,CUST04037,2024-11-12,organic,outerwear,GB,116.99,0.0,116.99,False,completed
ORD005875,CUST04037,2024-11-30,organic,outerwear,GB,181.45,0.0,181.45,False,completed
ORD005876,CUST04037,2024-12-01,organic,bottoms,GB,106.14,0.0,106.14,False,completed
ORD005877,CUST04038,2024-12-02,organic,tops,NL,54.33,0.0,54.33,False,completed
ORD005878,CUST04039,2024-11-10,organic,footwear,US,103.02,0.0,103.02,False,completed
ORD005879,CUST04039,2024-12-29,organic,accessories,US,36.62,0.0,36.62,False,completed
ORD005880,CUST04040,2024-11-15,organic,accessories,DE,41.24,0.0,6.19,True,returned
ORD005881,CUST04041,2024-11-08,organic,tops,DE,44.13,0.0,44.13,False,completed
ORD005882,CUST04042,2024-11-26,organic,tops,GB,51.68,0.0,51.68,False,completed
ORD005883,CUST04042,2024-12-19,organic,outerwear,GB,185.14,0.0,185.14,False,completed
ORD005884,CUST04043,2024-11-10,organic,outerwear,AU,208.83,0.0,208.83,False,completed
ORD005885,CUST04044,2024-11-22,organic,bottoms,US,104.08,0.0,104.08,False,completed
ORD005886,CUST04045,2024-12-10,organic,outerwear,DE,191.66,0.0,191.66,False,completed
ORD005887,CUST04046,2024-11-26,organic,bottoms,US,99.98,0.0,99.98,False,completed
ORD005888,CUST04047,2024-11-23,organic,tops,AU,55.79,0.0,55.79,False,completed
ORD005889,CUST04047,2024-12-23,organic,bottoms,AU,77.14,0.0,77.14,False,completed
ORD005890,CUST04048,2024-12-08,organic,outerwear,GB,131.38,0.0,131.38,False,completed
ORD005891,CUST04049,2024-11-05,organic,bottoms,AU,114.26,0.0,114.26,False,completed
ORD005892,CUST04049,2024-12-03,organic,bottoms,AU,62.65,0.0,62.65,False,completed
ORD005893,CUST04050,2024-11-13,organic,tops,GB,45.34,0.0,45.34,False,completed
ORD005894,CUST04051,2024-12-01,organic,accessories,NL,63.53,0.0,63.53,False,completed
ORD005895,CUST04051,2024-12-11,organic,tops,NL,70.37,0.0,70.37,False,completed
ORD005896,CUST04051,2024-12-15,organic,tops,NL,71.11,0.0,71.11,False,completed
ORD005897,CUST04052,2024-11-12,organic,accessories,CA,39.68,0.0,39.68,False,completed
ORD005898,CUST04052,2024-11-28,organic,bottoms,CA,84.09,0.0,84.09,False,completed
ORD005899,CUST04053,2024-11-26,organic,bottoms,DE,78.18,0.0,78.18,False,completed
ORD005900,CUST04053,2024-12-28,organic,bottoms,DE,88.97,0.0,88.97,False,completed
ORD005901,CUST04053,2024-12-25,organic,accessories,DE,50.88,0.0,50.88,False,completed
ORD005902,CUST04054,2024-11-20,organic,bottoms,US,92.4,0.0,92.4,False,completed
ORD005903,CUST04054,2024-12-14,organic,outerwear,US,211.25,0.0,211.25,False,completed
ORD005904,CUST04055,2024-11-09,organic,footwear,US,125.51,0.0,18.83,True,returned
ORD005905,CUST04056,2024-11-12,organic,tops,US,77.42,0.0,77.42,False,completed
ORD005906,CUST04057,2024-11-22,organic,bottoms,US,118.41,0.0,118.41,False,completed
ORD005907,CUST04058,2024-11-29,organic,bottoms,GB,108.38,0.0,108.38,False,completed
ORD005908,CUST04058,2024-12-22,organic,bottoms,GB,111.49,0.0,111.49,False,completed
ORD005909,CUST04059,2024-11-14,organic,outerwear,US,117.85,0.0,117.85,False,completed
ORD005910,CUST04060,2024-11-25,organic,tops,US,54.1,0.0,8.12,True,returned
ORD005911,CUST04060,2024-12-05,organic,outerwear,US,201.51,0.0,201.51,False,completed
ORD005912,CUST04060,2024-12-27,organic,tops,US,52.83,0.0,52.83,False,completed
ORD005913,CUST04061,2024-11-21,organic,bottoms,GB,85.38,0.0,12.81,True,returned
ORD005914,CUST04062,2024-11-13,organic,accessories,GB,55.85,0.0,55.85,False,completed
ORD005915,CUST04063,2024-11-08,organic,bottoms,AU,91.26,0.0,91.26,False,completed
ORD005916,CUST04063,2024-12-26,organic,bottoms,AU,72.97,0.0,72.97,False,completed
ORD005917,CUST04064,2024-12-08,organic,bottoms,GB,90.77,0.0,90.77,False,completed
ORD005918,CUST04065,2024-11-21,organic,accessories,NL,54.47,0.0,54.47,False,completed
ORD005919,CUST04065,2024-12-25,organic,outerwear,NL,181.12,0.0,181.12,False,completed
ORD005920,CUST04066,2024-11-21,organic,bottoms,GB,89.43,0.0,89.43,False,completed
ORD005921,CUST04066,2024-12-09,organic,accessories,GB,57.67,0.0,57.67,False,completed
ORD005922,CUST04066,2024-12-21,organic,bottoms,GB,86.0,0.0,86.0,False,completed
ORD005923,CUST04067,2024-11-30,organic,outerwear,GB,189.8,0.0,189.8,False,completed
ORD005924,CUST04067,2024-12-25,organic,outerwear,GB,202.3,0.0,202.3,False,completed
ORD005925,CUST04068,2024-11-25,organic,tops,DE,42.22,0.0,42.22,False,completed
ORD005926,CUST04069,2024-11-23,organic,tops,DE,60.89,0.0,60.89,False,completed
ORD005927,CUST04070,2024-11-26,organic,outerwear,GB,173.85,0.0,173.85,False,completed
ORD005928,CUST04070,2024-12-18,organic,bottoms,GB,67.41,0.0,10.11,True,returned
ORD005929,CUST04071,2024-11-25,organic,bottoms,NL,109.92,0.0,109.92,False,completed
ORD005930,CUST04072,2024-11-28,organic,bottoms,AU,78.98,0.0,78.98,False,completed
ORD005931,CUST04073,2024-11-05,organic,accessories,FR,56.31,0.0,56.31,False,completed
ORD005932,CUST04074,2024-11-24,organic,outerwear,GB,196.74,0.0,29.51,True,returned
ORD005933,CUST04075,2024-11-10,organic,tops,GB,58.72,0.0,58.72,False,completed
ORD005934,CUST04076,2024-11-16,organic,tops,AU,55.49,0.0,55.49,False,completed
ORD005935,CUST04077,2024-11-03,organic,outerwear,DE,167.1,0.0,167.1,False,completed
ORD005936,CUST04077,2024-12-16,organic,bottoms,DE,116.65,0.0,116.65,False,completed
ORD005937,CUST04077,2024-12-04,organic,tops,DE,65.15,0.0,65.15,False,completed
ORD005938,CUST04078,2024-11-17,organic,bottoms,GB,102.9,0.0,102.9,False,completed
ORD005939,CUST04078,2024-11-28,organic,accessories,GB,34.11,0.0,34.11,False,completed
ORD005940,CUST04078,2024-12-09,organic,outerwear,GB,115.0,0.0,115.0,False,completed
ORD005941,CUST04079,2024-11-19,organic,outerwear,FR,195.19,0.0,195.19,False,completed
ORD005942,CUST04080,2024-11-12,organic,tops,GB,55.94,0.0,55.94,False,completed
ORD005943,CUST04080,2024-12-03,organic,outerwear,GB,139.59,0.0,139.59,False,completed
ORD005944,CUST04081,2024-11-10,organic,accessories,NL,54.01,0.0,8.1,True,returned
ORD005945,CUST04081,2024-12-22,organic,bottoms,NL,83.95,0.0,12.59,True,returned
ORD005946,CUST04082,2024-11-19,organic,tops,GB,80.55,0.0,80.55,False,completed
ORD005947,CUST04083,2024-11-12,email,bottoms,US,99.98,0.0,99.98,False,completed
ORD005948,CUST04084,2024-11-24,email,bottoms,GB,83.45,0.0,83.45,False,completed
ORD005949,CUST04084,2024-12-07,email,tops,GB,54.89,0.0,54.89,False,completed
ORD005950,CUST04085,2024-11-23,email,tops,GB,64.6,0.0,9.69,True,returned
ORD005951,CUST04086,2024-11-25,email,accessories,FR,35.12,0.0,35.12,False,completed
ORD005952,CUST04087,2024-11-13,email,outerwear,US,144.44,0.0,144.44,False,completed
ORD005953,CUST04088,2024-11-30,email,footwear,GB,135.34,0.0,135.34,False,completed
ORD005954,CUST04088,2024-12-18,email,footwear,GB,100.6,0.0,100.6,False,completed
ORD005955,CUST04089,2024-11-15,email,accessories,GB,66.68,0.0,66.68,False,completed
ORD005956,CUST04090,2024-11-25,email,bottoms,GB,75.72,0.0,75.72,False,completed
ORD005957,CUST04090,2024-12-23,email,tops,GB,47.69,0.0,47.69,False,completed
ORD005958,CUST04091,2024-11-15,email,tops,DE,83.56,0.0,83.56,False,completed
ORD005959,CUST04092,2024-11-15,email,bottoms,GB,122.62,0.0,122.62,False,completed
ORD005960,CUST04093,2024-11-20,email,tops,GB,55.58,0.0,55.58,False,completed
ORD005961,CUST04093,2024-11-28,email,bottoms,GB,77.51,0.0,77.51,False,completed
ORD005962,CUST04094,2024-11-30,email,bottoms,US,87.97,0.0,87.97,False,completed
ORD005963,CUST04095,2024-11-15,email,bottoms,US,87.11,0.0,87.11,False,completed
ORD005964,CUST04096,2024-11-19,email,tops,US,68.5,0.0,68.5,False,completed
ORD005965,CUST04097,2024-11-25,email,tops,FR,48.42,0.0,48.42,False,completed
ORD005966,CUST04097,2024-12-17,email,tops,FR,59.85,0.0,59.85,False,completed
ORD005967,CUST04098,2024-11-10,email,bottoms,GB,86.12,0.0,12.92,True,returned
ORD005968,CUST04098,2024-12-17,email,accessories,GB,55.84,0.0,55.84,False,completed
ORD005969,CUST04099,2024-11-09,email,tops,US,68.56,0.0,10.28,True,returned
ORD005970,CUST04099,2024-12-26,email,tops,US,64.34,0.0,64.34,False,completed
ORD005971,CUST04099,2024-11-26,email,outerwear,US,162.94,0.0,162.94,False,completed
ORD005972,CUST04100,2024-11-04,email,tops,DE,61.07,0.0,61.07,False,completed
ORD005973,CUST04101,2024-11-11,email,accessories,CA,66.54,0.0,66.54,False,completed
ORD005974,CUST04102,2024-11-23,email,footwear,US,156.25,0.0,23.44,True,returned
ORD005975,CUST04102,2024-12-27,email,accessories,US,63.51,0.0,63.51,False,completed
ORD005976,CUST04103,2024-11-04,email,footwear,US,114.07,0.0,114.07,False,completed
ORD005977,CUST04104,2024-11-26,email,outerwear,US,171.1,0.0,171.1,False,completed
ORD005978,CUST04105,2024-11-29,email,bottoms,US,69.52,0.0,69.52,False,completed
ORD005979,CUST04106,2024-11-27,email,tops,US,85.0,0.0,85.0,False,completed
ORD005980,CUST04106,2024-12-29,email,tops,US,49.23,0.0,49.23,False,completed
ORD005981,CUST04107,2024-11-15,email,footwear,US,107.72,0.0,107.72,False,completed
ORD005982,CUST04107,2024-12-23,email,bottoms,US,111.74,0.0,111.74,False,completed
ORD005983,CUST04107,2024-12-15,email,tops,US,60.71,0.0,60.71,False,completed
ORD005984,CUST04108,2024-11-24,email,accessories,US,64.82,0.0,64.82,False,completed
ORD005985,CUST04109,2024-11-28,email,footwear,NL,162.14,0.0,162.14,False,completed
ORD005986,CUST04109,2024-12-01,email,bottoms,NL,97.32,0.0,97.32,False,completed
ORD005987,CUST04109,2024-12-14,email,tops,NL,51.88,0.0,51.88,False,completed
ORD005988,CUST04110,2024-12-05,email,tops,AU,79.93,0.0,79.93,False,completed
ORD005989,CUST04111,2024-12-05,email,tops,GB,60.01,0.0,60.01,False,completed
ORD005990,CUST04111,2024-12-16,email,outerwear,GB,117.92,0.0,117.92,False,completed
ORD005991,CUST04111,2024-12-18,email,outerwear,GB,163.25,0.0,163.25,False,completed
ORD005992,CUST04112,2024-11-25,email,accessories,NL,49.88,0.0,49.88,False,completed
ORD005993,CUST04113,2024-11-25,email,outerwear,US,117.02,0.0,117.02,False,completed
ORD005994,CUST04113,2024-12-01,email,outerwear,US,179.75,0.0,179.75,False,completed
ORD005995,CUST04114,2024-11-22,email,tops,US,72.67,0.0,72.67,False,completed
ORD005996,CUST04115,2024-11-19,email,accessories,GB,50.36,0.0,50.36,False,completed
ORD005997,CUST04115,2024-12-22,email,tops,GB,49.42,0.0,49.42,False,completed
ORD005998,CUST04116,2024-11-23,email,outerwear,GB,215.89,0.0,215.89,False,completed
ORD005999,CUST04116,2024-12-03,email,bottoms,GB,88.4,0.0,88.4,False,completed
ORD006000,CUST04117,2024-11-28,email,footwear,GB,149.56,0.0,149.56,False,completed
ORD006001,CUST04117,2024-12-20,email,tops,GB,75.69,0.0,11.35,True,returned
ORD006002,CUST04118,2024-11-22,email,tops,GB,86.06,0.0,86.06,False,completed
ORD006003,CUST04118,2024-12-24,email,bottoms,GB,101.75,0.0,101.75,False,completed
ORD006004,CUST04119,2024-11-20,email,tops,GB,77.74,0.0,77.74,False,completed
ORD006005,CUST04119,2024-11-24,email,outerwear,GB,179.86,0.0,26.98,True,returned
ORD006006,CUST04119,2024-11-23,email,outerwear,GB,141.83,0.0,141.83,False,completed
ORD006007,CUST04120,2024-11-18,email,accessories,GB,44.66,0.0,44.66,False,completed
ORD006008,CUST04120,2024-12-20,email,bottoms,GB,78.56,0.0,78.56,False,completed
ORD006009,CUST04121,2024-11-25,email,outerwear,US,197.09,0.0,197.09,False,completed
ORD006010,CUST04122,2024-11-27,email,tops,CA,56.82,0.0,56.82,False,completed
ORD006011,CUST04123,2024-11-19,email,accessories,CA,46.78,0.0,46.78,False,completed
ORD006012,CUST04124,2024-11-20,email,outerwear,DE,219.76,0.0,219.76,False,completed
ORD006013,CUST04125,2024-11-16,email,bottoms,GB,106.22,0.0,106.22,False,completed
ORD006014,CUST04126,2024-11-11,referral,bottoms,US,67.12,0.0,67.12,False,completed
ORD006015,CUST04127,2024-11-22,referral,accessories,US,37.72,0.0,37.72,False,completed
ORD006016,CUST04127,2024-12-20,referral,accessories,US,30.94,0.0,30.94,False,completed
ORD006017,CUST04128,2024-11-27,referral,bottoms,DE,65.72,0.0,65.72,False,completed
ORD006018,CUST04129,2024-11-13,referral,footwear,US,117.13,0.0,117.13,False,completed
ORD006019,CUST04130,2024-11-19,referral,tops,DE,75.1,0.0,75.1,False,completed
ORD006020,CUST04131,2024-11-22,referral,outerwear,US,118.13,0.0,118.13,False,completed
ORD006021,CUST04132,2024-11-13,referral,bottoms,GB,78.07,0.0,11.71,True,returned
ORD006022,CUST04132,2024-12-08,referral,footwear,GB,113.46,0.0,113.46,False,completed
ORD006023,CUST04133,2024-11-29,referral,footwear,GB,141.59,0.0,141.59,False,completed
ORD006024,CUST04133,2024-12-28,referral,accessories,GB,57.6,0.0,57.6,False,completed
ORD006025,CUST04133,2024-12-23,referral,bottoms,GB,92.59,0.0,92.59,False,completed
ORD006026,CUST04134,2024-11-21,referral,footwear,NL,111.87,0.0,111.87,False,completed
ORD006027,CUST04135,2024-11-28,referral,tops,FR,54.58,0.0,54.58,False,completed
ORD006028,CUST04136,2024-12-12,referral,accessories,FR,41.5,0.0,41.5,False,completed
ORD006029,CUST04136,2024-12-21,referral,tops,FR,66.0,0.0,66.0,False,completed
ORD006030,CUST04137,2024-11-13,referral,footwear,CA,102.7,0.0,102.7,False,completed
ORD006031,CUST04138,2024-12-09,referral,tops,US,59.3,0.0,59.3,False,completed
ORD006032,CUST04139,2024-11-30,referral,tops,US,45.35,0.0,45.35,False,completed
ORD006033,CUST04140,2024-11-19,referral,footwear,US,87.73,0.0,87.73,False,completed
ORD006034,CUST04140,2024-12-29,referral,accessories,US,36.71,0.0,36.71,False,completed
ORD006035,CUST04141,2024-12-02,referral,tops,FR,48.81,0.0,48.81,False,completed
ORD006036,CUST04141,2024-12-09,referral,bottoms,FR,62.97,0.0,62.97,False,completed
ORD006037,CUST04142,2024-11-12,referral,bottoms,US,98.88,0.0,98.88,False,completed
ORD006038,CUST04142,2024-12-13,referral,outerwear,US,130.43,0.0,130.43,False,completed
ORD006039,CUST04143,2024-11-20,referral,tops,GB,77.46,0.0,77.46,False,completed
ORD006040,CUST04144,2024-11-20,referral,outerwear,FR,209.58,0.0,209.58,False,completed
ORD006041,CUST04145,2024-12-19,meta,outerwear,AU,160.18,0.0,160.18,False,completed
ORD006042,CUST04146,2024-12-27,meta,tops,GB,55.28,10.74,44.54,False,completed
ORD006043,CUST04147,2024-12-22,meta,accessories,US,28.83,0.0,28.83,False,completed
ORD006044,CUST04148,2024-12-28,meta,bottoms,GB,48.96,0.0,48.96,False,completed
ORD006045,CUST04149,2024-12-19,meta,tops,US,58.85,0.0,8.83,True,returned
ORD006046,CUST04150,2024-12-28,meta,bottoms,GB,68.56,0.0,10.28,True,returned
ORD006047,CUST04151,2024-12-14,meta,bottoms,GB,74.0,0.0,74.0,False,completed
ORD006048,CUST04151,2024-12-22,meta,accessories,GB,39.6,8.38,31.22,False,completed
ORD006049,CUST04152,2024-12-17,meta,outerwear,US,97.55,20.43,77.12,False,completed
ORD006050,CUST04153,2024-12-17,meta,tops,FR,46.43,0.0,46.43,False,completed
ORD006051,CUST04154,2024-12-08,meta,accessories,GB,25.75,0.0,3.86,True,returned
ORD006052,CUST04155,2024-12-12,meta,tops,GB,51.47,0.0,51.47,False,completed
ORD006053,CUST04156,2024-12-23,meta,bottoms,GB,47.66,4.8,42.86,False,completed
ORD006054,CUST04157,2024-12-17,meta,footwear,US,110.44,0.0,16.57,True,returned
ORD006055,CUST04158,2024-12-30,meta,bottoms,GB,44.22,0.0,44.22,False,completed
ORD006056,CUST04159,2024-12-26,meta,bottoms,GB,50.42,8.29,-0.73,True,returned
ORD006057,CUST04160,2024-12-23,meta,outerwear,GB,161.38,0.0,161.38,False,completed
ORD006058,CUST04161,2024-12-24,meta,bottoms,GB,74.68,0.0,74.68,False,completed
ORD006059,CUST04162,2024-12-22,meta,tops,CA,54.44,0.0,8.17,True,returned
ORD006060,CUST04163,2024-12-11,meta,tops,AU,34.29,3.44,30.85,False,completed
ORD006061,CUST04164,2024-12-20,meta,bottoms,GB,57.24,0.0,8.59,True,returned
ORD006062,CUST04165,2024-12-28,meta,tops,GB,49.05,0.0,49.05,False,completed
ORD006063,CUST04166,2024-12-22,meta,bottoms,US,62.68,9.03,53.65,False,completed
ORD006064,CUST04167,2024-12-10,meta,footwear,US,107.25,17.3,89.95,False,completed
ORD006065,CUST04168,2024-12-28,meta,bottoms,FR,72.77,0.0,10.92,True,returned
ORD006066,CUST04169,2024-12-25,meta,footwear,GB,70.29,12.42,57.87,False,completed
ORD006067,CUST04170,2024-12-30,meta,bottoms,GB,85.46,0.0,85.46,False,completed
ORD006068,CUST04171,2024-12-09,meta,accessories,GB,34.83,6.16,28.67,False,completed
ORD006069,CUST04172,2024-12-21,meta,outerwear,GB,135.25,26.65,-6.36,True,returned
ORD006070,CUST04173,2024-12-23,meta,bottoms,GB,62.19,10.86,51.33,False,completed
ORD006071,CUST04174,2024-12-19,meta,footwear,FR,87.96,0.0,87.96,False,completed
ORD006072,CUST04175,2024-12-29,meta,bottoms,US,87.39,0.0,87.39,False,completed
ORD006073,CUST04176,2024-12-25,meta,outerwear,DE,124.14,0.0,124.14,False,completed
ORD006074,CUST04177,2024-12-17,meta,bottoms,US,54.61,0.0,54.61,False,completed
ORD006075,CUST04178,2024-12-16,meta,bottoms,GB,58.58,10.96,47.62,False,completed
ORD006076,CUST04179,2024-12-30,meta,outerwear,GB,156.05,0.0,23.41,True,returned
ORD006077,CUST04180,2024-12-27,meta,tops,GB,32.78,0.0,4.92,True,returned
ORD006078,CUST04181,2024-12-12,meta,outerwear,NL,119.35,14.49,104.86,False,completed
ORD006079,CUST04181,2024-12-29,meta,bottoms,NL,45.66,0.0,6.85,True,returned
ORD006080,CUST04181,2024-12-27,meta,outerwear,NL,138.05,0.0,138.05,False,completed
ORD006081,CUST04182,2024-12-25,meta,tops,GB,38.3,8.5,29.8,False,completed
ORD006082,CUST04183,2024-12-20,meta,footwear,GB,109.51,24.29,85.22,False,completed
ORD006083,CUST04184,2024-12-24,meta,outerwear,GB,81.64,0.0,12.25,True,returned
ORD006084,CUST04185,2024-12-27,meta,outerwear,GB,104.69,0.0,104.69,False,completed
ORD006085,CUST04186,2024-12-29,meta,footwear,GB,86.18,10.15,76.03,False,completed
ORD006086,CUST04187,2024-12-30,meta,tops,US,35.28,4.29,1.0,True,returned
ORD006087,CUST04188,2024-12-09,meta,outerwear,US,81.96,8.98,72.98,False,completed
ORD006088,CUST04189,2024-12-26,meta,bottoms,AU,84.11,16.19,67.92,False,completed
ORD006089,CUST04190,2024-12-24,meta,footwear,GB,80.91,0.0,12.14,True,returned
ORD006090,CUST04191,2024-12-14,meta,tops,GB,59.98,0.0,59.98,False,completed
ORD006091,CUST04192,2024-12-26,meta,bottoms,US,68.25,0.0,10.24,True,returned
ORD006092,CUST04193,2024-12-18,meta,accessories,GB,29.65,0.0,29.65,False,completed
ORD006093,CUST04194,2024-12-20,meta,accessories,US,44.42,0.0,44.42,False,completed
ORD006094,CUST04195,2024-12-30,meta,tops,GB,36.71,4.16,1.35,True,returned
ORD006095,CUST04196,2024-12-20,meta,accessories,GB,33.45,7.65,25.8,False,completed
ORD006096,CUST04197,2024-12-26,meta,tops,FR,41.8,10.42,31.38,False,completed
ORD006097,CUST04198,2024-12-12,meta,footwear,FR,102.99,0.0,102.99,False,completed
ORD006098,CUST04198,2024-12-26,meta,tops,FR,52.58,0.0,52.58,False,completed
ORD006099,CUST04199,2024-12-12,meta,footwear,AU,104.26,0.0,104.26,False,completed
ORD006100,CUST04200,2024-12-21,meta,accessories,US,26.18,5.76,20.42,False,completed
ORD006101,CUST04201,2024-12-30,meta,bottoms,AU,52.53,9.41,-1.53,True,returned
ORD006102,CUST04202,2024-12-23,meta,tops,US,33.2,7.32,25.88,False,completed
ORD006103,CUST04203,2024-12-04,meta,footwear,GB,75.61,12.09,63.52,False,completed
ORD006104,CUST04203,2024-12-30,meta,outerwear,GB,155.84,35.22,120.62,False,completed
ORD006105,CUST04204,2024-12-27,meta,outerwear,GB,107.42,15.1,92.32,False,completed
ORD006106,CUST04205,2024-12-17,meta,outerwear,US,137.22,0.0,137.22,False,completed
ORD006107,CUST04206,2024-12-13,meta,bottoms,NL,55.21,0.0,55.21,False,completed
ORD006108,CUST04207,2024-12-30,meta,tops,US,35.4,6.85,28.55,False,completed
ORD006109,CUST04208,2024-12-05,meta,bottoms,US,59.45,11.36,-2.44,True,returned
ORD006110,CUST04209,2024-12-02,meta,outerwear,US,132.36,0.0,132.36,False,completed
ORD006111,CUST04210,2024-12-23,meta,outerwear,NL,131.77,0.0,19.77,True,returned
ORD006112,CUST04211,2024-12-23,meta,tops,US,56.61,13.47,43.14,False,completed
ORD006113,CUST04212,2024-12-14,meta,footwear,GB,80.78,0.0,12.12,True,returned
ORD006114,CUST04213,2024-12-11,meta,accessories,CA,40.28,7.75,32.53,False,completed
ORD006115,CUST04214,2024-12-09,meta,footwear,GB,83.37,10.62,72.75,False,completed
ORD006116,CUST04215,2024-12-17,meta,footwear,FR,104.0,0.0,104.0,False,completed
ORD006117,CUST04216,2024-12-22,meta,bottoms,GB,57.82,0.0,57.82,False,completed
ORD006118,CUST04217,2024-12-20,meta,tops,GB,41.81,0.0,41.81,False,completed
ORD006119,CUST04218,2024-12-29,meta,tops,GB,36.38,7.19,-1.73,True,returned
ORD006120,CUST04219,2024-12-06,meta,tops,DE,54.39,0.0,54.39,False,completed
ORD006121,CUST04220,2024-12-30,meta,tops,DE,32.88,3.32,29.56,False,completed
ORD006122,CUST04221,2024-12-15,meta,tops,GB,45.5,11.29,34.21,False,completed
ORD006123,CUST04222,2024-12-15,meta,tops,DE,41.05,6.3,34.75,False,completed
ORD006124,CUST04222,2024-12-30,meta,tops,DE,43.8,0.0,43.8,False,completed
ORD006125,CUST04223,2024-12-21,meta,accessories,GB,45.98,4.76,41.22,False,completed
ORD006126,CUST04224,2024-12-10,meta,tops,GB,42.45,0.0,42.45,False,completed
ORD006127,CUST04225,2024-12-24,meta,footwear,US,91.13,11.95,79.18,False,completed
ORD006128,CUST04226,2024-12-29,meta,accessories,AU,32.07,0.0,4.81,True,returned
ORD006129,CUST04227,2024-12-23,meta,footwear,DE,85.54,0.0,12.83,True,returned
ORD006130,CUST04228,2024-12-17,meta,accessories,FR,24.58,0.0,24.58,False,completed
ORD006131,CUST04229,2024-12-15,meta,accessories,CA,35.66,0.0,35.66,False,completed
ORD006132,CUST04229,2024-12-30,meta,accessories,CA,41.78,0.0,41.78,False,completed
ORD006133,CUST04230,2024-12-16,meta,bottoms,DE,62.65,0.0,9.4,True,returned
ORD006134,CUST04230,2024-12-30,meta,bottoms,DE,57.98,8.91,49.07,False,completed
ORD006135,CUST04230,2024-12-28,meta,outerwear,DE,121.27,19.53,-1.34,True,returned
ORD006136,CUST04231,2024-12-04,meta,bottoms,AU,70.68,10.04,60.64,False,completed
ORD006137,CUST04232,2024-12-28,meta,bottoms,CA,72.54,18.11,54.43,False,completed
ORD006138,CUST04233,2024-12-24,meta,bottoms,DE,57.92,14.11,-5.42,True,returned
ORD006139,CUST04234,2024-12-22,meta,tops,US,52.92,0.0,7.94,True,returned
ORD006140,CUST04235,2024-12-27,meta,accessories,FR,40.28,8.28,32.0,False,completed
ORD006141,CUST04236,2024-12-21,meta,bottoms,DE,45.6,9.78,-2.94,True,returned
ORD006142,CUST04237,2024-12-30,meta,outerwear,US,83.85,10.58,73.27,False,completed
ORD006143,CUST04238,2024-12-22,meta,outerwear,US,95.84,0.0,95.84,False,completed
ORD006144,CUST04239,2024-12-28,meta,bottoms,US,87.83,0.0,87.83,False,completed
ORD006145,CUST04240,2024-12-22,meta,footwear,GB,67.07,0.0,67.07,False,completed
ORD006146,CUST04241,2024-12-29,meta,outerwear,US,107.31,0.0,16.1,True,returned
ORD006147,CUST04242,2024-12-11,meta,bottoms,US,79.8,0.0,79.8,False,completed
ORD006148,CUST04242,2024-12-26,meta,bottoms,US,83.87,14.68,69.19,False,completed
ORD006149,CUST04243,2024-12-30,meta,outerwear,NL,149.82,0.0,149.82,False,completed
ORD006150,CUST04244,2024-12-29,meta,bottoms,FR,85.92,0.0,85.92,False,completed
ORD006151,CUST04245,2024-12-11,meta,tops,GB,47.43,0.0,47.43,False,completed
ORD006152,CUST04246,2024-12-17,meta,outerwear,US,85.2,0.0,85.2,False,completed
ORD006153,CUST04247,2024-12-29,meta,bottoms,GB,78.06,14.92,-3.21,True,returned
ORD006154,CUST04248,2024-12-25,meta,accessories,GB,37.24,8.59,28.65,False,completed
ORD006155,CUST04249,2024-12-06,meta,tops,CA,61.06,0.0,61.06,False,completed
ORD006156,CUST04250,2024-12-26,meta,outerwear,GB,118.51,12.35,106.16,False,completed
ORD006157,CUST04251,2024-12-24,meta,bottoms,NL,67.18,0.0,10.08,True,returned
ORD006158,CUST04252,2024-12-18,meta,tops,DE,31.1,5.48,-0.82,True,returned
ORD006159,CUST04253,2024-12-25,meta,accessories,GB,28.25,0.0,28.25,False,completed
ORD006160,CUST04254,2024-12-30,meta,tops,NL,44.84,4.72,40.12,False,completed
ORD006161,CUST04255,2024-12-13,meta,bottoms,US,83.4,0.0,83.4,False,completed
ORD006162,CUST04256,2024-12-16,meta,accessories,GB,47.16,0.0,47.16,False,completed
ORD006163,CUST04257,2024-12-17,meta,outerwear,AU,84.02,19.85,64.17,False,completed
ORD006164,CUST04257,2024-12-28,meta,outerwear,AU,90.8,0.0,90.8,False,completed
ORD006165,CUST04258,2024-12-14,meta,tops,AU,56.98,0.0,8.55,True,returned
ORD006166,CUST04259,2024-12-29,meta,accessories,GB,37.79,0.0,37.79,False,completed
ORD006167,CUST04260,2024-12-16,meta,outerwear,GB,129.17,0.0,129.17,False,completed
ORD006168,CUST04261,2024-12-17,meta,accessories,FR,33.05,0.0,33.05,False,completed
ORD006169,CUST04262,2024-12-20,meta,accessories,GB,44.05,0.0,44.05,False,completed
ORD006170,CUST04263,2024-12-15,meta,tops,GB,37.49,0.0,37.49,False,completed
ORD006171,CUST04264,2024-12-10,meta,bottoms,GB,70.12,0.0,70.12,False,completed
ORD006172,CUST04265,2024-12-17,meta,tops,US,38.58,5.86,-0.07,True,returned
ORD006173,CUST04266,2024-12-25,meta,tops,GB,45.19,0.0,45.19,False,completed
ORD006174,CUST04267,2024-12-19,meta,tops,US,47.14,0.0,47.14,False,completed
ORD006175,CUST04268,2024-12-15,meta,tops,US,46.39,0.0,46.39,False,completed
ORD006176,CUST04269,2024-12-29,meta,tops,GB,37.65,0.0,37.65,False,completed
ORD006177,CUST04270,2024-12-05,meta,tops,US,33.47,6.51,-1.49,True,returned
ORD006178,CUST04270,2024-12-27,meta,tops,US,44.84,7.78,37.06,False,completed
ORD006179,CUST04271,2024-12-12,meta,tops,GB,53.42,0.0,53.42,False,completed
ORD006180,CUST04272,2024-12-29,meta,bottoms,FR,47.23,9.94,37.29,False,completed
ORD006181,CUST04273,2024-12-22,meta,tops,DE,32.26,7.17,-2.33,True,returned
ORD006182,CUST04274,2024-12-27,meta,tops,CA,45.62,0.0,45.62,False,completed
ORD006183,CUST04275,2024-12-08,meta,outerwear,CA,120.43,17.3,103.13,False,completed
ORD006184,CUST04276,2024-12-28,meta,footwear,GB,97.38,0.0,14.61,True,returned
ORD006185,CUST04277,2024-12-17,meta,tops,GB,34.67,0.0,34.67,False,completed
ORD006186,CUST04278,2024-12-29,meta,accessories,US,39.35,7.63,31.72,False,completed
ORD006187,CUST04279,2024-12-24,meta,bottoms,US,56.39,13.16,-4.7,True,returned
ORD006188,CUST04280,2024-12-10,meta,outerwear,GB,120.2,0.0,18.03,True,returned
ORD006189,CUST04281,2024-12-23,meta,tops,US,38.13,6.15,31.98,False,completed
ORD006190,CUST04282,2024-12-04,meta,tops,DE,49.82,12.13,37.69,False,completed
ORD006191,CUST04283,2024-12-28,meta,bottoms,US,60.47,6.89,2.18,True,returned
ORD006192,CUST04284,2024-12-23,meta,outerwear,GB,115.63,13.4,3.94,True,returned
ORD006193,CUST04285,2024-12-27,meta,bottoms,DE,78.46,15.34,63.12,False,completed
ORD006194,CUST04286,2024-12-18,meta,bottoms,US,80.8,0.0,12.12,True,returned
ORD006195,CUST04287,2024-12-17,meta,tops,NL,56.72,13.53,-5.02,True,returned
ORD006196,CUST04288,2024-12-15,meta,tops,GB,34.66,0.0,34.66,False,completed
ORD006197,CUST04289,2024-12-27,meta,footwear,GB,118.14,27.97,-10.25,True,returned
ORD006198,CUST04290,2024-12-14,meta,tops,GB,39.62,0.0,39.62,False,completed
ORD006199,CUST04291,2024-12-20,meta,bottoms,GB,78.98,9.17,2.68,True,returned
ORD006200,CUST04291,2024-12-30,meta,bottoms,GB,54.41,7.59,0.57,True,returned
ORD006201,CUST04292,2024-12-20,meta,accessories,GB,30.97,0.0,4.65,True,returned
ORD006202,CUST04293,2024-12-18,meta,bottoms,GB,79.48,9.55,69.93,False,completed
ORD006203,CUST04294,2024-12-24,meta,bottoms,DE,79.44,8.15,3.77,True,returned
ORD006204,CUST04294,2024-12-30,meta,outerwear,DE,154.64,0.0,23.2,True,returned
ORD006205,CUST04295,2024-12-18,meta,tops,GB,32.94,7.13,25.81,False,completed
ORD006206,CUST04296,2024-12-29,meta,footwear,GB,82.02,0.0,82.02,False,completed
ORD006207,CUST04297,2024-12-29,meta,accessories,FR,26.95,3.19,23.76,False,completed
ORD006208,CUST04298,2024-12-04,meta,tops,DE,34.14,0.0,34.14,False,completed
ORD006209,CUST04299,2024-12-27,meta,outerwear,GB,151.11,17.33,133.78,False,completed
ORD006210,CUST04300,2024-12-05,meta,tops,GB,60.42,0.0,60.42,False,completed
ORD006211,CUST04301,2024-12-11,meta,footwear,GB,97.87,0.0,97.87,False,completed
ORD006212,CUST04302,2024-12-19,meta,accessories,US,29.42,0.0,4.41,True,returned
ORD006213,CUST04303,2024-12-20,meta,footwear,GB,118.61,0.0,17.79,True,returned
ORD006214,CUST04304,2024-12-05,meta,bottoms,US,84.69,0.0,12.7,True,returned
ORD006215,CUST04305,2024-12-30,meta,footwear,DE,115.82,0.0,115.82,False,completed
ORD006216,CUST04306,2024-12-28,meta,footwear,GB,93.48,0.0,14.02,True,returned
ORD006217,CUST04307,2024-12-12,meta,outerwear,US,127.03,0.0,127.03,False,completed
ORD006218,CUST04307,2024-12-29,meta,outerwear,US,123.7,14.64,109.06,False,completed
ORD006219,CUST04308,2024-12-30,meta,outerwear,GB,103.65,0.0,103.65,False,completed
ORD006220,CUST04309,2024-12-21,meta,tops,GB,34.73,4.46,30.27,False,completed
ORD006221,CUST04309,2024-12-30,meta,footwear,GB,106.81,13.69,93.12,False,completed
ORD006222,CUST04310,2024-12-05,meta,tops,US,51.32,0.0,51.32,False,completed
ORD006223,CUST04311,2024-12-06,meta,tops,US,55.96,0.0,55.96,False,completed
ORD006224,CUST04312,2024-12-29,meta,tops,US,54.32,0.0,54.32,False,completed
ORD006225,CUST04313,2024-12-07,meta,accessories,GB,38.39,0.0,5.76,True,returned
ORD006226,CUST04313,2024-12-27,meta,tops,GB,42.11,5.65,0.67,True,returned
ORD006227,CUST04314,2024-12-30,meta,accessories,FR,27.86,0.0,4.18,True,returned
ORD006228,CUST04315,2024-12-24,meta,footwear,US,68.47,0.0,10.27,True,returned
ORD006229,CUST04316,2024-12-17,meta,outerwear,GB,125.64,0.0,125.64,False,completed
ORD006230,CUST04317,2024-12-09,meta,tops,DE,56.65,0.0,56.65,False,completed
ORD006231,CUST04317,2024-12-30,meta,tops,DE,54.02,10.45,43.57,False,completed
ORD006232,CUST04317,2024-12-25,meta,footwear,DE,88.17,0.0,88.17,False,completed
ORD006233,CUST04318,2024-12-07,meta,accessories,US,36.66,0.0,5.5,True,returned
ORD006234,CUST04319,2024-12-29,meta,bottoms,GB,59.97,14.22,45.75,False,completed
ORD006235,CUST04320,2024-12-30,meta,tops,NL,42.0,5.11,1.19,True,returned
ORD006236,CUST04321,2024-12-21,google,tops,GB,67.15,0.0,67.15,False,completed
ORD006237,CUST04322,2024-12-24,google,accessories,GB,38.3,0.0,5.74,True,returned
ORD006238,CUST04323,2024-12-21,google,bottoms,US,73.37,0.0,73.37,False,completed
ORD006239,CUST04324,2024-12-14,google,tops,US,64.03,0.0,64.03,False,completed
ORD006240,CUST04325,2024-12-13,google,bottoms,GB,96.6,0.0,96.6,False,completed
ORD006241,CUST04325,2024-12-30,google,accessories,GB,30.55,0.0,30.55,False,completed
ORD006242,CUST04325,2024-12-26,google,accessories,GB,38.25,0.0,5.74,True,returned
ORD006243,CUST04326,2024-12-30,google,tops,FR,42.35,0.0,42.35,False,completed
ORD006244,CUST04327,2024-12-15,google,tops,US,50.65,0.0,50.65,False,completed
ORD006245,CUST04327,2024-12-28,google,footwear,US,95.77,0.0,14.37,True,returned
ORD006246,CUST04328,2024-12-20,google,footwear,FR,125.56,0.0,125.56,False,completed
ORD006247,CUST04329,2024-12-20,google,tops,GB,49.7,0.0,49.7,False,completed
ORD006248,CUST04330,2024-12-23,google,bottoms,DE,75.63,0.0,75.63,False,completed
ORD006249,CUST04331,2024-12-19,google,outerwear,AU,111.37,0.0,111.37,False,completed
ORD006250,CUST04331,2024-12-30,google,tops,AU,46.13,0.0,46.13,False,completed
ORD006251,CUST04332,2024-12-21,google,bottoms,AU,63.57,0.0,9.54,True,returned
ORD006252,CUST04333,2024-12-26,google,bottoms,US,98.77,0.0,98.77,False,completed
ORD006253,CUST04334,2024-12-27,google,bottoms,GB,70.46,0.0,70.46,False,completed
ORD006254,CUST04335,2024-12-23,google,tops,US,69.53,0.0,69.53,False,completed
ORD006255,CUST04336,2024-12-19,google,bottoms,US,75.5,0.0,75.5,False,completed
ORD006256,CUST04336,2024-12-30,google,tops,US,50.74,0.0,50.74,False,completed
ORD006257,CUST04336,2024-12-29,google,tops,US,46.95,0.0,46.95,False,completed
ORD006258,CUST04337,2024-12-23,google,footwear,US,96.14,0.0,96.14,False,completed
ORD006259,CUST04338,2024-12-20,google,outerwear,NL,130.56,0.0,130.56,False,completed
ORD006260,CUST04339,2024-12-15,google,bottoms,US,83.42,0.0,83.42,False,completed
ORD006261,CUST04340,2024-12-20,google,bottoms,GB,84.1,0.0,84.1,False,completed
ORD006262,CUST04341,2024-12-28,google,tops,DE,59.29,0.0,59.29,False,completed
ORD006263,CUST04342,2024-12-25,google,outerwear,US,183.6,0.0,183.6,False,completed
ORD006264,CUST04342,2024-12-28,google,bottoms,US,58.39,0.0,58.39,False,completed
ORD006265,CUST04343,2024-12-20,google,outerwear,FR,113.77,0.0,17.07,True,returned
ORD006266,CUST04344,2024-12-17,google,tops,DE,42.61,0.0,6.39,True,returned
ORD006267,CUST04344,2024-12-27,google,tops,DE,62.69,0.0,62.69,False,completed
ORD006268,CUST04345,2024-12-30,google,footwear,US,76.38,0.0,76.38,False,completed
ORD006269,CUST04346,2024-12-23,google,bottoms,US,78.61,0.0,78.61,False,completed
ORD006270,CUST04347,2024-12-14,google,accessories,DE,55.61,0.0,55.61,False,completed
ORD006271,CUST04347,2024-12-23,google,bottoms,DE,68.68,0.0,68.68,False,completed
ORD006272,CUST04348,2024-12-22,google,outerwear,GB,170.11,0.0,170.11,False,completed
ORD006273,CUST04349,2024-12-17,google,outerwear,AU,184.51,0.0,184.51,False,completed
ORD006274,CUST04350,2024-12-19,google,outerwear,GB,177.42,0.0,177.42,False,completed
ORD006275,CUST04351,2024-12-25,google,bottoms,NL,78.79,0.0,78.79,False,completed
ORD006276,CUST04352,2024-12-30,google,bottoms,GB,93.95,0.0,93.95,False,completed
ORD006277,CUST04353,2024-12-14,google,footwear,GB,106.65,0.0,106.65,False,completed
ORD006278,CUST04354,2024-12-27,google,accessories,CA,31.0,0.0,31.0,False,completed
ORD006279,CUST04355,2024-12-13,google,footwear,GB,109.62,0.0,109.62,False,completed
ORD006280,CUST04356,2024-12-26,google,bottoms,US,57.59,0.0,57.59,False,completed
ORD006281,CUST04357,2024-12-26,google,outerwear,US,178.21,0.0,178.21,False,completed
ORD006282,CUST04358,2024-12-14,google,outerwear,GB,157.68,0.0,157.68,False,completed
ORD006283,CUST04359,2024-12-28,google,tops,US,51.81,0.0,7.77,True,returned
ORD006284,CUST04360,2024-12-30,google,tops,US,64.68,0.0,64.68,False,completed
ORD006285,CUST04361,2024-12-16,google,tops,GB,38.65,0.0,38.65,False,completed
ORD006286,CUST04362,2024-12-11,google,bottoms,GB,71.04,0.0,71.04,False,completed
ORD006287,CUST04362,2024-12-19,google,outerwear,GB,119.59,0.0,17.94,True,returned
ORD006288,CUST04363,2024-12-14,google,tops,GB,47.22,0.0,47.22,False,completed
ORD006289,CUST04363,2024-12-29,google,outerwear,GB,142.31,0.0,142.31,False,completed
ORD006290,CUST04364,2024-12-14,google,tops,FR,38.06,0.0,38.06,False,completed
ORD006291,CUST04364,2024-12-25,google,bottoms,FR,52.74,0.0,52.74,False,completed
ORD006292,CUST04365,2024-12-13,google,outerwear,GB,170.11,0.0,170.11,False,completed
ORD006293,CUST04365,2024-12-30,google,outerwear,GB,99.82,0.0,99.82,False,completed
ORD006294,CUST04366,2024-12-05,google,accessories,GB,49.01,0.0,49.01,False,completed
ORD006295,CUST04367,2024-12-25,google,tops,US,45.52,0.0,45.52,False,completed
ORD006296,CUST04368,2024-12-24,google,bottoms,US,93.58,0.0,93.58,False,completed
ORD006297,CUST04369,2024-12-30,google,tops,US,50.98,0.0,50.98,False,completed
ORD006298,CUST04370,2024-12-16,google,outerwear,GB,143.07,0.0,143.07,False,completed
ORD006299,CUST04371,2024-12-12,google,tops,GB,50.39,0.0,50.39,False,completed
ORD006300,CUST04372,2024-12-20,google,bottoms,US,54.68,0.0,54.68,False,completed
ORD006301,CUST04372,2024-12-27,google,tops,US,54.49,0.0,8.17,True,returned
ORD006302,CUST04373,2024-12-17,google,bottoms,GB,97.06,0.0,97.06,False,completed
ORD006303,CUST04373,2024-12-27,google,tops,GB,54.96,0.0,54.96,False,completed
ORD006304,CUST04374,2024-12-29,google,tops,GB,53.99,0.0,53.99,False,completed
ORD006305,CUST04375,2024-12-21,google,accessories,GB,31.71,0.0,4.76,True,returned
ORD006306,CUST04376,2024-12-22,google,accessories,AU,52.47,0.0,52.47,False,completed
ORD006307,CUST04376,2024-12-24,google,bottoms,AU,95.93,0.0,14.39,True,returned
ORD006308,CUST04377,2024-12-15,google,accessories,GB,53.01,0.0,53.01,False,completed
ORD006309,CUST04377,2024-12-30,google,outerwear,GB,171.81,0.0,171.81,False,completed
ORD006310,CUST04377,2024-12-29,google,tops,GB,49.75,0.0,49.75,False,completed
ORD006311,CUST04378,2024-12-26,google,accessories,US,29.11,0.0,29.11,False,completed
ORD006312,CUST04379,2024-12-25,google,tops,GB,64.49,0.0,64.49,False,completed
ORD006313,CUST04380,2024-12-09,google,accessories,US,43.64,0.0,43.64,False,completed
ORD006314,CUST04380,2024-12-23,google,tops,US,49.72,0.0,49.72,False,completed
ORD006315,CUST04380,2024-12-30,google,footwear,US,114.49,0.0,114.49,False,completed
ORD006316,CUST04381,2024-12-23,google,bottoms,GB,59.58,0.0,8.94,True,returned
ORD006317,CUST04382,2024-12-19,google,accessories,GB,32.37,0.0,32.37,False,completed
ORD006318,CUST04383,2024-12-19,google,bottoms,AU,53.87,0.0,53.87,False,completed
ORD006319,CUST04383,2024-12-26,google,footwear,AU,83.28,0.0,83.28,False,completed
ORD006320,CUST04384,2024-12-30,google,footwear,FR,82.22,0.0,82.22,False,completed
ORD006321,CUST04385,2024-12-28,google,tops,GB,61.03,0.0,61.03,False,completed
ORD006322,CUST04386,2024-12-25,google,tops,US,67.68,0.0,67.68,False,completed
ORD006323,CUST04387,2024-12-11,google,bottoms,DE,64.75,0.0,64.75,False,completed
ORD006324,CUST04387,2024-12-25,google,tops,DE,52.67,0.0,52.67,False,completed
ORD006325,CUST04387,2024-12-29,google,bottoms,DE,101.04,0.0,101.04,False,completed
ORD006326,CUST04388,2024-12-12,google,tops,FR,36.6,0.0,5.49,True,returned
ORD006327,CUST04388,2024-12-26,google,outerwear,FR,157.21,0.0,23.58,True,returned
ORD006328,CUST04388,2024-12-25,google,accessories,FR,39.63,0.0,39.63,False,completed
ORD006329,CUST04389,2024-12-22,google,tops,GB,54.65,0.0,54.65,False,completed
ORD006330,CUST04389,2024-12-29,google,outerwear,GB,149.25,0.0,149.25,False,completed
ORD006331,CUST04390,2024-12-15,google,tops,GB,66.03,0.0,66.03,False,completed
ORD006332,CUST04391,2024-12-12,google,outerwear,US,183.79,0.0,183.79,False,completed
ORD006333,CUST04392,2024-12-12,google,tops,DE,49.62,0.0,49.62,False,completed
ORD006334,CUST04392,2024-12-27,google,footwear,DE,94.46,0.0,94.46,False,completed
ORD006335,CUST04393,2024-12-05,google,tops,US,61.73,0.0,9.26,True,returned
ORD006336,CUST04394,2024-12-28,google,footwear,US,95.59,0.0,95.59,False,completed
ORD006337,CUST04395,2024-12-22,google,outerwear,GB,177.48,0.0,177.48,False,completed
ORD006338,CUST04396,2024-12-26,google,bottoms,NL,89.28,0.0,13.39,True,returned
ORD006339,CUST04397,2024-12-29,google,bottoms,GB,69.92,0.0,69.92,False,completed
ORD006340,CUST04398,2024-12-19,google,outerwear,US,112.75,0.0,112.75,False,completed
ORD006341,CUST04399,2024-12-26,google,tops,GB,64.19,0.0,64.19,False,completed
ORD006342,CUST04400,2024-12-30,google,bottoms,US,68.66,0.0,68.66,False,completed
ORD006343,CUST04401,2024-12-09,google,tops,CA,67.0,0.0,67.0,False,completed
ORD006344,CUST04402,2024-12-10,google,footwear,FR,121.58,0.0,121.58,False,completed
ORD006345,CUST04402,2024-12-24,google,outerwear,FR,114.15,0.0,114.15,False,completed
ORD006346,CUST04403,2024-12-11,google,outerwear,GB,177.58,0.0,177.58,False,completed
ORD006347,CUST04403,2024-12-28,google,bottoms,GB,96.26,0.0,96.26,False,completed
ORD006348,CUST04404,2024-12-17,google,outerwear,GB,149.1,0.0,149.1,False,completed
ORD006349,CUST04405,2024-12-25,google,bottoms,GB,101.73,0.0,101.73,False,completed
ORD006350,CUST04406,2024-12-26,google,bottoms,GB,94.07,0.0,94.07,False,completed
ORD006351,CUST04407,2024-12-24,google,outerwear,US,166.49,0.0,166.49,False,completed
ORD006352,CUST04407,2024-12-29,google,accessories,US,46.78,0.0,46.78,False,completed
ORD006353,CUST04408,2024-12-26,google,outerwear,GB,189.43,0.0,189.43,False,completed
ORD006354,CUST04409,2024-12-16,google,tops,US,43.27,0.0,43.27,False,completed
ORD006355,CUST04409,2024-12-29,google,outerwear,US,103.03,0.0,103.03,False,completed
ORD006356,CUST04410,2024-12-25,google,bottoms,US,52.42,0.0,52.42,False,completed
ORD006357,CUST04410,2024-12-29,google,tops,US,38.84,0.0,38.84,False,completed
ORD006358,CUST04410,2024-12-30,google,tops,US,49.7,0.0,49.7,False,completed
ORD006359,CUST04411,2024-12-14,google,outerwear,GB,111.4,0.0,16.71,True,returned
ORD006360,CUST04412,2024-12-15,google,accessories,GB,53.74,0.0,53.74,False,completed
ORD006361,CUST04413,2024-12-15,google,bottoms,FR,98.71,0.0,98.71,False,completed
ORD006362,CUST04414,2024-12-26,google,bottoms,GB,74.84,0.0,74.84,False,completed
ORD006363,CUST04415,2024-12-27,google,tops,FR,64.89,0.0,9.73,True,returned
ORD006364,CUST04416,2024-12-21,google,accessories,US,29.74,0.0,29.74,False,completed
ORD006365,CUST04416,2024-12-26,google,tops,US,36.54,0.0,5.48,True,returned
ORD006366,CUST04417,2024-12-15,google,accessories,FR,46.97,0.0,46.97,False,completed
ORD006367,CUST04418,2024-12-12,google,bottoms,FR,73.48,0.0,73.48,False,completed
ORD006368,CUST04419,2024-12-28,google,bottoms,US,71.9,0.0,71.9,False,completed
ORD006369,CUST04420,2024-12-24,google,accessories,GB,39.68,0.0,39.68,False,completed
ORD006370,CUST04421,2024-12-24,google,bottoms,GB,56.12,0.0,8.42,True,returned
ORD006371,CUST04422,2024-12-24,google,accessories,AU,52.64,0.0,52.64,False,completed
ORD006372,CUST04423,2024-12-28,google,tops,FR,71.16,0.0,71.16,False,completed
ORD006373,CUST04424,2024-12-19,google,tops,US,43.95,0.0,43.95,False,completed
ORD006374,CUST04424,2024-12-28,google,outerwear,US,181.31,0.0,181.31,False,completed
ORD006375,CUST04425,2024-12-17,google,accessories,GB,48.38,0.0,48.38,False,completed
ORD006376,CUST04426,2024-12-16,google,bottoms,CA,89.66,0.0,89.66,False,completed
ORD006377,CUST04427,2024-12-08,google,footwear,GB,134.79,0.0,134.79,False,completed
ORD006378,CUST04427,2024-12-22,google,outerwear,GB,120.92,0.0,120.92,False,completed
ORD006379,CUST04428,2024-12-25,google,accessories,US,31.74,0.0,31.74,False,completed
ORD006380,CUST04429,2024-12-30,google,accessories,US,46.25,0.0,46.25,False,completed
ORD006381,CUST04430,2024-12-30,google,outerwear,DE,152.6,0.0,152.6,False,completed
ORD006382,CUST04431,2024-12-19,google,bottoms,US,87.98,0.0,13.2,True,returned
ORD006383,CUST04431,2024-12-29,google,footwear,US,82.9,0.0,12.44,True,returned
ORD006384,CUST04431,2024-12-28,google,bottoms,US,82.76,0.0,82.76,False,completed
ORD006385,CUST04432,2024-12-20,google,bottoms,US,68.73,0.0,68.73,False,completed
ORD006386,CUST04433,2024-12-07,google,outerwear,FR,138.26,0.0,138.26,False,completed
ORD006387,CUST04434,2024-12-07,google,footwear,US,103.04,0.0,103.04,False,completed
ORD006388,CUST04435,2024-12-20,google,outerwear,GB,172.92,0.0,172.92,False,completed
ORD006389,CUST04435,2024-12-30,google,tops,GB,60.18,0.0,60.18,False,completed
ORD006390,CUST04436,2024-12-27,google,bottoms,US,62.16,0.0,62.16,False,completed
ORD006391,CUST04437,2024-12-10,google,bottoms,GB,62.72,0.0,62.72,False,completed
ORD006392,CUST04437,2024-12-28,google,outerwear,GB,116.95,0.0,116.95,False,completed
ORD006393,CUST04438,2024-12-08,google,bottoms,GB,89.41,0.0,89.41,False,completed
ORD006394,CUST04439,2024-12-24,google,footwear,AU,125.14,0.0,18.77,True,returned
ORD006395,CUST04440,2024-12-17,google,bottoms,US,86.69,0.0,86.69,False,completed
ORD006396,CUST04441,2024-12-04,google,accessories,NL,51.3,0.0,51.3,False,completed
ORD006397,CUST04442,2024-12-15,google,bottoms,US,82.12,0.0,82.12,False,completed
ORD006398,CUST04443,2024-12-29,google,bottoms,US,75.8,0.0,11.37,True,returned
ORD006399,CUST04444,2024-12-30,google,tops,GB,68.26,0.0,68.26,False,completed
ORD006400,CUST04445,2024-12-14,google,footwear,NL,137.81,0.0,137.81,False,completed
ORD006401,CUST04445,2024-12-28,google,bottoms,NL,92.11,0.0,92.11,False,completed
ORD006402,CUST04446,2024-12-18,google,outerwear,US,142.46,0.0,142.46,False,completed
ORD006403,CUST04447,2024-12-25,google,outerwear,NL,115.4,0.0,17.31,True,returned
ORD006404,CUST04448,2024-12-07,google,tops,US,57.58,0.0,57.58,False,completed
ORD006405,CUST04449,2024-12-29,google,bottoms,US,89.56,0.0,89.56,False,completed
ORD006406,CUST04450,2024-12-29,google,bottoms,GB,57.35,0.0,57.35,False,completed
ORD006407,CUST04451,2024-12-13,google,tops,GB,57.24,0.0,57.24,False,completed
ORD006408,CUST04451,2024-12-29,google,footwear,GB,74.6,0.0,74.6,False,completed
ORD006409,CUST04452,2024-12-07,tiktok,outerwear,GB,126.08,0.0,126.08,False,completed
ORD006410,CUST04453,2024-12-12,tiktok,bottoms,GB,65.12,9.3,55.82,False,completed
ORD006411,CUST04453,2024-12-23,tiktok,tops,GB,50.86,10.86,-3.23,True,returned
ORD006412,CUST04453,2024-12-25,tiktok,bottoms,GB,42.78,0.0,42.78,False,completed
ORD006413,CUST04454,2024-12-26,tiktok,bottoms,US,70.44,0.0,70.44,False,completed
ORD006414,CUST04455,2024-12-24,tiktok,tops,GB,35.45,5.27,30.18,False,completed
ORD006415,CUST04456,2024-12-19,tiktok,bottoms,US,56.33,0.0,8.45,True,returned
ORD006416,CUST04457,2024-12-28,tiktok,outerwear,GB,95.27,0.0,95.27,False,completed
ORD006417,CUST04458,2024-12-30,tiktok,tops,FR,37.13,8.86,28.27,False,completed
ORD006418,CUST04459,2024-12-25,tiktok,bottoms,GB,53.76,0.0,53.76,False,completed
ORD006419,CUST04460,2024-12-18,tiktok,outerwear,NL,112.81,0.0,112.81,False,completed
ORD006420,CUST04460,2024-12-26,tiktok,accessories,NL,40.81,0.0,40.81,False,completed
ORD006421,CUST04461,2024-12-29,tiktok,tops,DE,40.36,6.26,-0.21,True,returned
ORD006422,CUST04462,2024-12-18,tiktok,outerwear,GB,91.92,0.0,91.92,False,completed
ORD006423,CUST04462,2024-12-29,tiktok,outerwear,GB,139.29,34.81,104.48,False,completed
ORD006424,CUST04463,2024-12-13,tiktok,tops,US,49.51,11.9,37.61,False,completed
ORD006425,CUST04464,2024-12-28,tiktok,bottoms,GB,63.05,7.08,55.97,False,completed
ORD006426,CUST04465,2024-12-27,tiktok,outerwear,GB,105.4,0.0,105.4,False,completed
ORD006427,CUST04466,2024-12-16,tiktok,bottoms,US,77.61,9.86,67.75,False,completed
ORD006428,CUST04467,2024-12-29,tiktok,accessories,FR,28.22,0.0,28.22,False,completed
ORD006429,CUST04468,2024-12-23,tiktok,bottoms,US,74.36,17.27,57.09,False,completed
ORD006430,CUST04469,2024-12-14,tiktok,tops,GB,43.59,0.0,6.54,True,returned
ORD006431,CUST04470,2024-12-21,tiktok,tops,AU,35.01,0.0,35.01,False,completed
ORD006432,CUST04471,2024-12-24,tiktok,outerwear,FR,115.66,26.16,89.5,False,completed
ORD006433,CUST04472,2024-12-30,tiktok,bottoms,NL,78.01,7.83,3.87,True,returned
ORD006434,CUST04473,2024-12-24,tiktok,bottoms,GB,56.66,10.01,46.65,False,completed
ORD006435,CUST04474,2024-12-27,tiktok,outerwear,US,129.31,20.91,108.4,False,completed
ORD006436,CUST04475,2024-12-24,tiktok,bottoms,CA,70.14,8.14,62.0,False,completed
ORD006437,CUST04476,2024-12-30,tiktok,accessories,US,29.95,0.0,29.95,False,completed
ORD006438,CUST04477,2024-12-17,tiktok,tops,US,53.16,0.0,53.16,False,completed
ORD006439,CUST04478,2024-12-29,tiktok,tops,FR,38.19,0.0,38.19,False,completed
ORD006440,CUST04479,2024-12-21,tiktok,accessories,FR,39.95,0.0,39.95,False,completed
ORD006441,CUST04480,2024-12-29,tiktok,outerwear,GB,81.61,0.0,81.61,False,completed
ORD006442,CUST04481,2024-12-29,tiktok,accessories,CA,36.42,6.9,29.52,False,completed
ORD006443,CUST04482,2024-12-14,tiktok,tops,CA,38.3,4.82,33.48,False,completed
ORD006444,CUST04483,2024-12-17,tiktok,tops,GB,35.55,5.07,30.48,False,completed
ORD006445,CUST04484,2024-12-29,tiktok,bottoms,GB,66.26,0.0,66.26,False,completed
ORD006446,CUST04485,2024-12-23,tiktok,bottoms,US,72.59,14.98,57.61,False,completed
ORD006447,CUST04486,2024-12-07,tiktok,bottoms,DE,78.58,19.42,59.16,False,completed
ORD006448,CUST04487,2024-12-22,tiktok,accessories,DE,42.43,0.0,42.43,False,completed
ORD006449,CUST04488,2024-12-30,tiktok,bottoms,GB,75.77,10.05,65.72,False,completed
ORD006450,CUST04489,2024-12-13,tiktok,tops,GB,50.81,10.45,40.36,False,completed
ORD006451,CUST04490,2024-12-14,tiktok,outerwear,FR,147.44,25.59,121.85,False,completed
ORD006452,CUST04491,2024-12-27,tiktok,accessories,US,24.15,5.11,19.04,False,completed
ORD006453,CUST04492,2024-12-20,tiktok,accessories,US,43.06,9.89,33.17,False,completed
ORD006454,CUST04493,2024-12-27,tiktok,bottoms,NL,60.68,0.0,60.68,False,completed
ORD006455,CUST04494,2024-12-25,tiktok,bottoms,GB,57.51,11.9,45.61,False,completed
ORD006456,CUST04494,2024-12-30,tiktok,accessories,GB,40.72,0.0,40.72,False,completed
ORD006457,CUST04495,2024-12-22,tiktok,tops,US,39.62,0.0,39.62,False,completed
ORD006458,CUST04496,2024-12-22,tiktok,tops,AU,49.98,0.0,49.98,False,completed
ORD006459,CUST04497,2024-12-23,tiktok,footwear,US,100.76,0.0,100.76,False,completed
ORD006460,CUST04498,2024-12-18,tiktok,footwear,GB,70.15,13.56,56.59,False,completed
ORD006461,CUST04499,2024-12-30,tiktok,tops,US,50.0,0.0,7.5,True,returned
ORD006462,CUST04500,2024-12-08,tiktok,accessories,GB,42.9,0.0,6.44,True,returned
ORD006463,CUST04501,2024-12-17,tiktok,tops,US,41.34,0.0,41.34,False,completed
ORD006464,CUST04502,2024-12-11,tiktok,bottoms,NL,74.49,0.0,74.49,False,completed
ORD006465,CUST04503,2024-12-15,tiktok,bottoms,GB,82.7,0.0,82.7,False,completed
ORD006466,CUST04504,2024-12-13,tiktok,outerwear,GB,144.34,0.0,144.34,False,completed
ORD006467,CUST04505,2024-12-25,tiktok,accessories,DE,24.34,0.0,24.34,False,completed
ORD006468,CUST04506,2024-12-03,tiktok,outerwear,GB,123.81,0.0,123.81,False,completed
ORD006469,CUST04507,2024-12-21,tiktok,accessories,GB,36.71,3.79,32.92,False,completed
ORD006470,CUST04508,2024-12-06,tiktok,footwear,US,101.49,0.0,101.49,False,completed
ORD006471,CUST04508,2024-12-26,tiktok,bottoms,US,59.31,0.0,59.31,False,completed
ORD006472,CUST04509,2024-12-16,tiktok,tops,AU,29.4,6.51,-2.1,True,returned
ORD006473,CUST04510,2024-12-11,tiktok,footwear,GB,108.19,12.39,95.8,False,completed
ORD006474,CUST04511,2024-12-26,tiktok,outerwear,GB,153.42,33.9,119.52,False,completed
ORD006475,CUST04512,2024-12-11,tiktok,accessories,GB,28.72,3.94,24.78,False,completed
ORD006476,CUST04513,2024-12-21,tiktok,bottoms,US,70.28,0.0,70.28,False,completed
ORD006477,CUST04513,2024-12-30,tiktok,outerwear,US,89.44,0.0,89.44,False,completed
ORD006478,CUST04513,2024-12-26,tiktok,accessories,US,27.01,0.0,27.01,False,completed
ORD006479,CUST04514,2024-12-25,tiktok,outerwear,US,120.41,14.09,106.32,False,completed
ORD006480,CUST04515,2024-12-06,tiktok,bottoms,US,67.85,9.64,58.21,False,completed
ORD006481,CUST04516,2024-12-10,tiktok,bottoms,DE,49.81,0.0,49.81,False,completed
ORD006482,CUST04517,2024-12-25,tiktok,outerwear,CA,140.92,0.0,140.92,False,completed
ORD006483,CUST04518,2024-12-20,tiktok,footwear,DE,61.42,0.0,61.42,False,completed
ORD006484,CUST04518,2024-12-30,tiktok,bottoms,DE,55.4,13.62,41.78,False,completed
ORD006485,CUST04519,2024-12-23,tiktok,tops,FR,56.94,11.81,45.13,False,completed
ORD006486,CUST04520,2024-12-21,tiktok,accessories,DE,38.59,8.59,-2.8,True,returned
ORD006487,CUST04521,2024-12-13,tiktok,tops,US,46.84,0.0,7.03,True,returned
ORD006488,CUST04522,2024-12-11,tiktok,tops,GB,30.96,0.0,30.96,False,completed
ORD006489,CUST04522,2024-12-24,tiktok,outerwear,GB,150.67,15.86,134.81,False,completed
ORD006490,CUST04523,2024-12-11,tiktok,bottoms,GB,52.73,7.97,44.76,False,completed
ORD006491,CUST04524,2024-12-18,tiktok,accessories,GB,44.45,0.0,44.45,False,completed
ORD006492,CUST04525,2024-12-19,tiktok,tops,FR,32.94,0.0,32.94,False,completed
ORD006493,CUST04526,2024-12-12,organic,outerwear,NL,200.54,0.0,200.54,False,completed
ORD006494,CUST04526,2024-12-26,organic,outerwear,NL,217.91,0.0,217.91,False,completed
ORD006495,CUST04527,2024-12-20,organic,tops,AU,45.2,0.0,45.2,False,completed
ORD006496,CUST04527,2024-12-26,organic,footwear,AU,109.0,0.0,109.0,False,completed
ORD006497,CUST04528,2024-12-28,organic,accessories,GB,46.24,0.0,46.24,False,completed
ORD006498,CUST04529,2024-12-22,organic,bottoms,GB,82.05,0.0,82.05,False,completed
ORD006499,CUST04530,2024-12-24,organic,tops,US,44.13,0.0,44.13,False,completed
ORD006500,CUST04531,2024-12-30,organic,accessories,DE,57.56,0.0,57.56,False,completed
ORD006501,CUST04532,2024-12-27,organic,tops,US,77.11,0.0,77.11,False,completed
ORD006502,CUST04533,2024-12-21,organic,tops,DE,68.17,0.0,68.17,False,completed
ORD006503,CUST04534,2024-12-04,organic,outerwear,AU,144.19,0.0,144.19,False,completed
ORD006504,CUST04535,2024-12-20,organic,footwear,US,82.81,0.0,82.81,False,completed
ORD006505,CUST04535,2024-12-28,organic,outerwear,US,165.27,0.0,165.27,False,completed
ORD006506,CUST04536,2024-12-23,organic,bottoms,GB,116.7,0.0,116.7,False,completed
ORD006507,CUST04537,2024-12-14,organic,outerwear,US,204.83,0.0,204.83,False,completed
ORD006508,CUST04538,2024-12-21,organic,outerwear,NL,166.84,0.0,166.84,False,completed
ORD006509,CUST04538,2024-12-30,organic,outerwear,NL,187.54,0.0,28.13,True,returned
ORD006510,CUST04539,2024-12-22,organic,tops,GB,64.29,0.0,64.29,False,completed
ORD006511,CUST04540,2024-12-18,organic,outerwear,DE,133.25,0.0,133.25,False,completed
ORD006512,CUST04541,2024-12-28,organic,bottoms,GB,106.81,0.0,106.81,False,completed
ORD006513,CUST04542,2024-12-29,organic,accessories,GB,60.76,0.0,60.76,False,completed
ORD006514,CUST04543,2024-12-23,organic,outerwear,DE,156.61,0.0,156.61,False,completed
ORD006515,CUST04544,2024-12-26,organic,tops,US,47.61,0.0,47.61,False,completed
ORD006516,CUST04545,2024-12-22,organic,tops,FR,47.12,0.0,47.12,False,completed
ORD006517,CUST04546,2024-12-25,organic,outerwear,CA,151.63,0.0,151.63,False,completed
ORD006518,CUST04547,2024-12-28,organic,bottoms,CA,104.0,0.0,104.0,False,completed
ORD006519,CUST04548,2024-12-09,organic,accessories,GB,37.05,0.0,37.05,False,completed
ORD006520,CUST04549,2024-12-21,organic,accessories,US,40.35,0.0,40.35,False,completed
ORD006521,CUST04550,2024-12-30,organic,tops,FR,69.57,0.0,69.57,False,completed
ORD006522,CUST04551,2024-12-23,organic,tops,NL,47.38,0.0,47.38,False,completed
ORD006523,CUST04552,2024-12-28,organic,outerwear,AU,157.71,0.0,157.71,False,completed
ORD006524,CUST04553,2024-12-29,organic,tops,GB,66.36,0.0,66.36,False,completed
ORD006525,CUST04554,2024-12-17,organic,outerwear,DE,193.95,0.0,193.95,False,completed
ORD006526,CUST04555,2024-12-29,organic,outerwear,GB,132.82,0.0,132.82,False,completed
ORD006527,CUST04556,2024-12-14,organic,bottoms,GB,85.49,0.0,85.49,False,completed
ORD006528,CUST04556,2024-12-30,organic,outerwear,GB,154.4,0.0,154.4,False,completed
ORD006529,CUST04557,2024-12-20,organic,bottoms,US,117.18,0.0,117.18,False,completed
ORD006530,CUST04557,2024-12-29,organic,footwear,US,91.29,0.0,91.29,False,completed
ORD006531,CUST04558,2024-12-06,organic,tops,CA,42.94,0.0,42.94,False,completed
ORD006532,CUST04559,2024-12-30,organic,outerwear,FR,136.41,0.0,136.41,False,completed
ORD006533,CUST04560,2024-12-09,organic,tops,US,65.4,0.0,65.4,False,completed
ORD006534,CUST04560,2024-12-25,organic,footwear,US,103.97,0.0,103.97,False,completed
ORD006535,CUST04561,2024-12-07,organic,footwear,US,159.73,0.0,159.73,False,completed
ORD006536,CUST04562,2024-12-30,organic,outerwear,DE,149.14,0.0,149.14,False,completed
ORD006537,CUST04563,2024-12-09,organic,bottoms,AU,97.54,0.0,97.54,False,completed
ORD006538,CUST04564,2024-12-28,organic,bottoms,DE,86.13,0.0,86.13,False,completed
ORD006539,CUST04565,2024-12-30,organic,accessories,DE,63.17,0.0,63.17,False,completed
ORD006540,CUST04566,2024-12-28,organic,bottoms,GB,91.66,0.0,13.75,True,returned
ORD006541,CUST04567,2024-12-28,organic,outerwear,GB,158.74,0.0,158.74,False,completed
ORD006542,CUST04568,2024-12-26,organic,accessories,GB,39.53,0.0,5.93,True,returned
ORD006543,CUST04568,2024-12-28,organic,outerwear,GB,141.38,0.0,141.38,False,completed
ORD006544,CUST04569,2024-12-19,organic,tops,US,46.26,0.0,46.26,False,completed
ORD006545,CUST04570,2024-12-16,organic,footwear,DE,140.17,0.0,140.17,False,completed
ORD006546,CUST04571,2024-12-07,organic,bottoms,FR,76.17,0.0,76.17,False,completed
ORD006547,CUST04572,2024-12-25,organic,accessories,CA,34.81,0.0,34.81,False,completed
ORD006548,CUST04573,2024-12-13,organic,tops,CA,56.48,0.0,56.48,False,completed
ORD006549,CUST04574,2024-12-10,organic,accessories,CA,51.5,0.0,51.5,False,completed
ORD006550,CUST04575,2024-12-23,organic,outerwear,CA,168.18,0.0,25.23,True,returned
ORD006551,CUST04575,2024-12-30,organic,tops,CA,79.85,0.0,79.85,False,completed
ORD006552,CUST04576,2024-12-28,organic,outerwear,GB,187.08,0.0,187.08,False,completed
ORD006553,CUST04577,2024-12-25,organic,tops,GB,67.15,0.0,67.15,False,completed
ORD006554,CUST04578,2024-12-15,organic,accessories,US,62.24,0.0,62.24,False,completed
ORD006555,CUST04578,2024-12-29,organic,outerwear,US,139.96,0.0,139.96,False,completed
ORD006556,CUST04579,2024-12-18,organic,footwear,GB,88.17,0.0,88.17,False,completed
ORD006557,CUST04580,2024-12-30,organic,accessories,NL,56.27,0.0,56.27,False,completed
ORD006558,CUST04581,2024-12-14,organic,tops,CA,76.02,0.0,76.02,False,completed
ORD006559,CUST04581,2024-12-23,organic,tops,CA,57.2,0.0,57.2,False,completed
ORD006560,CUST04582,2024-12-10,organic,outerwear,GB,164.2,0.0,164.2,False,completed
ORD006561,CUST04582,2024-12-29,organic,outerwear,GB,159.49,0.0,159.49,False,completed
ORD006562,CUST04583,2024-12-29,organic,bottoms,CA,114.07,0.0,114.07,False,completed
ORD006563,CUST04584,2024-12-09,organic,footwear,GB,102.42,0.0,15.36,True,returned
ORD006564,CUST04585,2024-12-21,organic,tops,GB,73.49,0.0,73.49,False,completed
ORD006565,CUST04586,2024-12-22,organic,accessories,GB,58.12,0.0,58.12,False,completed
ORD006566,CUST04586,2024-12-29,organic,bottoms,GB,113.19,0.0,113.19,False,completed
ORD006567,CUST04586,2024-12-29,organic,tops,GB,63.65,0.0,9.55,True,returned
ORD006568,CUST04587,2024-12-29,organic,bottoms,DE,111.88,0.0,111.88,False,completed
ORD006569,CUST04588,2024-12-12,organic,tops,AU,59.4,0.0,59.4,False,completed
ORD006570,CUST04588,2024-12-27,organic,tops,AU,81.0,0.0,12.15,True,returned
ORD006571,CUST04589,2024-12-28,organic,tops,FR,58.07,0.0,58.07,False,completed
ORD006572,CUST04590,2024-12-17,organic,footwear,US,113.1,0.0,113.1,False,completed
ORD006573,CUST04591,2024-12-16,organic,tops,GB,65.64,0.0,65.64,False,completed
ORD006574,CUST04592,2024-12-07,organic,tops,US,56.14,0.0,56.14,False,completed
ORD006575,CUST04592,2024-12-20,organic,tops,US,46.66,0.0,46.66,False,completed
ORD006576,CUST04592,2024-12-29,organic,footwear,US,108.4,0.0,108.4,False,completed
ORD006577,CUST04593,2024-12-28,organic,accessories,US,50.7,0.0,50.7,False,completed
ORD006578,CUST04594,2024-12-10,organic,outerwear,CA,132.38,0.0,132.38,False,completed
ORD006579,CUST04594,2024-12-21,organic,outerwear,CA,145.38,0.0,145.38,False,completed
ORD006580,CUST04594,2024-12-30,organic,footwear,CA,122.68,0.0,122.68,False,completed
ORD006581,CUST04595,2024-12-15,organic,outerwear,GB,188.61,0.0,28.29,True,returned
ORD006582,CUST04595,2024-12-25,organic,accessories,GB,38.92,0.0,38.92,False,completed
ORD006583,CUST04596,2024-12-29,organic,accessories,US,48.91,0.0,48.91,False,completed
ORD006584,CUST04597,2024-12-30,organic,outerwear,GB,117.45,0.0,117.45,False,completed
ORD006585,CUST04598,2024-12-29,organic,outerwear,CA,176.76,0.0,176.76,False,completed
ORD006586,CUST04599,2024-12-12,organic,bottoms,US,92.4,0.0,92.4,False,completed
ORD006587,CUST04600,2024-12-29,organic,bottoms,GB,90.02,0.0,90.02,False,completed
ORD006588,CUST04601,2024-12-19,organic,outerwear,GB,116.63,0.0,116.63,False,completed
ORD006589,CUST04602,2024-12-04,organic,bottoms,NL,111.49,0.0,111.49,False,completed
ORD006590,CUST04602,2024-12-22,organic,outerwear,NL,173.43,0.0,173.43,False,completed
ORD006591,CUST04603,2024-12-19,organic,outerwear,FR,170.71,0.0,170.71,False,completed
ORD006592,CUST04604,2024-12-24,organic,bottoms,GB,96.47,0.0,96.47,False,completed
ORD006593,CUST04604,2024-12-30,organic,footwear,GB,105.35,0.0,15.8,True,returned
ORD006594,CUST04605,2024-12-17,organic,footwear,CA,151.52,0.0,151.52,False,completed
ORD006595,CUST04605,2024-12-22,organic,bottoms,CA,97.01,0.0,97.01,False,completed
ORD006596,CUST04605,2024-12-25,organic,outerwear,CA,214.41,0.0,214.41,False,completed
ORD006597,CUST04606,2024-12-16,organic,bottoms,US,91.46,0.0,13.72,True,returned
ORD006598,CUST04607,2024-12-21,organic,tops,GB,76.92,0.0,76.92,False,completed
ORD006599,CUST04608,2024-12-25,organic,bottoms,GB,60.21,0.0,60.21,False,completed
ORD006600,CUST04609,2024-12-16,organic,accessories,NL,43.81,0.0,43.81,False,completed
ORD006601,CUST04610,2024-12-23,organic,footwear,GB,87.16,0.0,87.16,False,completed
ORD006602,CUST04611,2024-12-26,organic,bottoms,GB,63.11,0.0,63.11,False,completed
ORD006603,CUST04612,2024-12-17,organic,outerwear,US,202.52,0.0,202.52,False,completed
ORD006604,CUST04613,2024-12-23,organic,bottoms,GB,88.79,0.0,88.79,False,completed
ORD006605,CUST04613,2024-12-28,organic,accessories,GB,47.54,0.0,47.54,False,completed
ORD006606,CUST04614,2024-12-27,organic,footwear,FR,108.33,0.0,108.33,False,completed
ORD006607,CUST04615,2024-12-30,organic,accessories,NL,33.54,0.0,33.54,False,completed
ORD006608,CUST04616,2024-12-27,organic,outerwear,DE,195.07,0.0,195.07,False,completed
ORD006609,CUST04617,2024-12-24,organic,accessories,FR,32.79,0.0,32.79,False,completed
ORD006610,CUST04618,2024-12-26,organic,footwear,NL,105.32,0.0,15.8,True,returned
ORD006611,CUST04619,2024-12-12,organic,tops,DE,69.37,0.0,69.37,False,completed
ORD006612,CUST04619,2024-12-20,organic,tops,DE,75.08,0.0,75.08,False,completed
ORD006613,CUST04620,2024-12-13,organic,accessories,GB,36.5,0.0,36.5,False,completed
ORD006614,CUST04621,2024-12-30,organic,footwear,GB,91.83,0.0,91.83,False,completed
ORD006615,CUST04622,2024-12-09,organic,tops,US,78.92,0.0,78.92,False,completed
ORD006616,CUST04622,2024-12-20,organic,footwear,US,113.44,0.0,113.44,False,completed
ORD006617,CUST04622,2024-12-29,organic,bottoms,US,105.74,0.0,15.86,True,returned
ORD006618,CUST04623,2024-12-22,organic,accessories,US,55.96,0.0,55.96,False,completed
ORD006619,CUST04624,2024-12-11,email,accessories,US,47.61,0.0,47.61,False,completed
ORD006620,CUST04624,2024-12-29,email,bottoms,US,109.85,0.0,16.48,True,returned
ORD006621,CUST04625,2024-12-12,email,footwear,GB,89.92,0.0,13.49,True,returned
ORD006622,CUST04625,2024-12-23,email,footwear,GB,136.15,0.0,136.15,False,completed
ORD006623,CUST04626,2024-12-30,email,tops,DE,48.2,0.0,48.2,False,completed
ORD006624,CUST04627,2024-12-02,email,footwear,US,160.12,0.0,160.12,False,completed
ORD006625,CUST04628,2024-12-17,email,bottoms,DE,69.05,0.0,69.05,False,completed
ORD006626,CUST04628,2024-12-29,email,bottoms,DE,122.72,0.0,122.72,False,completed
ORD006627,CUST04629,2024-12-28,email,footwear,GB,155.44,0.0,155.44,False,completed
ORD006628,CUST04630,2024-12-30,email,accessories,FR,45.28,0.0,45.28,False,completed
ORD006629,CUST04631,2024-12-25,email,footwear,US,109.82,0.0,109.82,False,completed
ORD006630,CUST04632,2024-12-28,email,outerwear,GB,144.29,0.0,144.29,False,completed
ORD006631,CUST04633,2024-12-19,email,footwear,FR,122.26,0.0,122.26,False,completed
ORD006632,CUST04634,2024-12-27,email,bottoms,GB,84.99,0.0,84.99,False,completed
ORD006633,CUST04635,2024-12-30,email,tops,GB,80.95,0.0,80.95,False,completed
ORD006634,CUST04636,2024-12-19,email,bottoms,DE,84.9,0.0,84.9,False,completed
ORD006635,CUST04637,2024-12-28,email,tops,GB,71.83,0.0,71.83,False,completed
ORD006636,CUST04638,2024-12-29,email,tops,US,81.82,0.0,81.82,False,completed
ORD006637,CUST04639,2024-12-11,email,tops,US,61.73,0.0,61.73,False,completed
ORD006638,CUST04639,2024-12-25,email,outerwear,US,127.61,0.0,127.61,False,completed
ORD006639,CUST04639,2024-12-23,email,bottoms,US,117.72,0.0,117.72,False,completed
ORD006640,CUST04640,2024-12-18,email,outerwear,GB,177.12,0.0,26.57,True,returned
ORD006641,CUST04641,2024-12-17,email,tops,CA,71.64,0.0,71.64,False,completed
ORD006642,CUST04642,2024-12-08,email,bottoms,DE,69.49,0.0,69.49,False,completed
ORD006643,CUST04643,2024-12-11,email,tops,GB,65.09,0.0,65.09,False,completed
ORD006644,CUST04643,2024-12-27,email,bottoms,GB,123.43,0.0,123.43,False,completed
ORD006645,CUST04644,2024-12-28,email,outerwear,GB,141.31,0.0,141.31,False,completed
ORD006646,CUST04645,2024-12-08,email,bottoms,FR,86.13,0.0,86.13,False,completed
ORD006647,CUST04645,2024-12-25,email,outerwear,FR,216.71,0.0,216.71,False,completed
ORD006648,CUST04646,2024-12-29,email,footwear,GB,171.86,0.0,171.86,False,completed
ORD006649,CUST04647,2024-12-24,email,tops,GB,70.61,0.0,70.61,False,completed
ORD006650,CUST04648,2024-12-30,email,bottoms,GB,95.33,0.0,95.33,False,completed
ORD006651,CUST04649,2024-12-29,email,bottoms,DE,100.47,0.0,100.47,False,completed
ORD006652,CUST04650,2024-12-23,email,outerwear,DE,155.2,0.0,155.2,False,completed
ORD006653,CUST04651,2024-12-24,email,accessories,US,35.47,0.0,35.47,False,completed
ORD006654,CUST04651,2024-12-27,email,outerwear,US,145.44,0.0,145.44,False,completed
ORD006655,CUST04652,2024-12-12,email,outerwear,US,145.23,0.0,145.23,False,completed
ORD006656,CUST04653,2024-12-30,email,tops,GB,47.71,0.0,47.71,False,completed
ORD006657,CUST04654,2024-12-27,email,tops,US,66.84,0.0,10.03,True,returned
ORD006658,CUST04655,2024-12-05,email,outerwear,DE,120.72,0.0,120.72,False,completed
ORD006659,CUST04655,2024-12-27,email,tops,DE,82.52,0.0,82.52,False,completed
ORD006660,CUST04655,2024-12-25,email,tops,DE,53.8,0.0,53.8,False,completed
ORD006661,CUST04656,2024-12-14,email,tops,US,78.58,0.0,78.58,False,completed
ORD006662,CUST04657,2024-12-17,email,footwear,GB,95.83,0.0,95.83,False,completed
ORD006663,CUST04658,2024-12-21,email,bottoms,FR,91.98,0.0,91.98,False,completed
ORD006664,CUST04659,2024-12-29,email,tops,GB,74.47,0.0,74.47,False,completed
ORD006665,CUST04660,2024-12-28,email,bottoms,GB,63.37,0.0,9.51,True,returned
ORD006666,CUST04661,2024-12-26,email,bottoms,GB,68.77,0.0,68.77,False,completed
ORD006667,CUST04662,2024-12-25,email,bottoms,CA,84.77,0.0,84.77,False,completed
ORD006668,CUST04663,2024-12-16,email,bottoms,US,110.75,0.0,110.75,False,completed
ORD006669,CUST04663,2024-12-25,email,bottoms,US,64.66,0.0,64.66,False,completed
ORD006670,CUST04663,2024-12-25,email,outerwear,US,164.31,0.0,164.31,False,completed
ORD006671,CUST04664,2024-12-08,email,bottoms,GB,77.45,0.0,77.45,False,completed
ORD006672,CUST04664,2024-12-22,email,bottoms,GB,96.15,0.0,96.15,False,completed
ORD006673,CUST04664,2024-12-27,email,outerwear,GB,227.98,0.0,227.98,False,completed
ORD006674,CUST04665,2024-12-24,email,bottoms,US,63.49,0.0,63.49,False,completed
ORD006675,CUST04666,2024-12-12,email,tops,GB,43.34,0.0,6.5,True,returned
ORD006676,CUST04666,2024-12-21,email,bottoms,GB,62.56,0.0,62.56,False,completed
ORD006677,CUST04666,2024-12-29,email,tops,GB,69.56,0.0,10.43,True,returned
ORD006678,CUST04667,2024-12-29,email,bottoms,GB,75.57,0.0,11.34,True,returned
ORD006679,CUST04668,2024-12-23,email,tops,AU,86.17,0.0,86.17,False,completed
ORD006680,CUST04668,2024-12-30,email,tops,AU,52.13,0.0,52.13,False,completed
ORD006681,CUST04669,2024-12-27,email,accessories,GB,35.59,0.0,35.59,False,completed
ORD006682,CUST04670,2024-12-21,referral,accessories,AU,41.02,0.0,6.15,True,returned
ORD006683,CUST04671,2024-12-20,referral,tops,FR,73.0,0.0,73.0,False,completed
ORD006684,CUST04672,2024-12-28,referral,footwear,CA,99.81,0.0,99.81,False,completed
ORD006685,CUST04673,2024-12-16,referral,accessories,CA,60.41,0.0,60.41,False,completed
ORD006686,CUST04673,2024-12-25,referral,accessories,CA,56.78,0.0,56.78,False,completed
ORD006687,CUST04673,2024-12-30,referral,bottoms,CA,92.35,0.0,92.35,False,completed
ORD006688,CUST04674,2024-12-27,referral,outerwear,US,192.61,0.0,192.61,False,completed
ORD006689,CUST04675,2024-12-12,referral,tops,US,49.71,0.0,7.46,True,returned
ORD006690,CUST04675,2024-12-23,referral,tops,US,65.53,0.0,65.53,False,completed
ORD006691,CUST04676,2024-12-15,referral,tops,DE,70.93,0.0,70.93,False,completed
ORD006692,CUST04676,2024-12-22,referral,outerwear,DE,151.45,0.0,151.45,False,completed
ORD006693,CUST04676,2024-12-29,referral,tops,DE,64.98,0.0,64.98,False,completed
ORD006694,CUST04677,2024-12-20,referral,accessories,DE,36.14,0.0,5.42,True,returned
ORD006695,CUST04677,2024-12-29,referral,tops,DE,69.4,0.0,69.4,False,completed
ORD006696,CUST04678,2024-12-29,referral,bottoms,GB,68.85,0.0,68.85,False,completed
ORD006697,CUST04679,2024-12-29,referral,tops,US,65.19,0.0,65.19,False,completed
ORD006698,CUST04680,2024-12-23,referral,accessories,US,48.12,0.0,48.12,False,completed
ORD006699,CUST04681,2024-12-23,referral,tops,GB,58.85,0.0,58.85,False,completed
ORD006700,CUST04682,2024-12-28,referral,bottoms,US,79.97,0.0,79.97,False,completed
ORD006701,CUST04683,2024-12-30,referral,accessories,GB,51.53,0.0,51.53,False,completed
ORD006702,CUST04684,2024-12-26,referral,tops,CA,47.05,0.0,47.05,False,completed
ORD006703,CUST04685,2024-12-15,referral,tops,GB,42.78,0.0,6.42,True,returned
