customer_id,acquisition_channel,acquisition_date,country,email_subscribed
CUST00001,meta,2024-09-05,DE,True
CUST00002,meta,2024-03-27,GB,True
CUST00003,google,2024-08-17,GB,True
CUST00004,google,2024-03-31,GB,True
CUST00005,tiktok,2024-10-05,US,True
CUST00006,google,2024-06-23,FR,True
CUST00007,organic,2024-10-21,DE,True
CUST00008,meta,2024-04-17,CA,True
CUST00009,meta,2024-02-09,GB,True
CUST00010,meta,2024-08-22,GB,False
CUST00011,meta,2024-07-27,NL,True
CUST00012,meta,2024-08-02,US,True
CUST00013,meta,2024-08-12,GB,True
CUST00014,meta,2024-10-27,GB,True
CUST00015,meta,2024-02-09,US,True
CUST00016,meta,2024-03-04,GB,True
CUST00017,email,2024-09-29,US,True
CUST00018,tiktok,2024-07-26,GB,False
CUST00019,referral,2024-04-14,US,True
CUST00020,meta,2024-09-22,FR,True
CUST00021,organic,2024-03-29,FR,False
CUST00022,meta,2024-04-13,NL,True
CUST00023,tiktok,2024-03-23,US,False
CUST00024,meta,2024-02-25,GB,True
CUST00025,google,2024-10-17,AU,False
CUST00026,meta,2024-05-20,CA,False
CUST00027,organic,2024-02-05,AU,True
CUST00028,meta,2024-08-31,DE,True
CUST00029,meta,2024-05-29,CA,True
CUST00030,organic,2024-08-02,GB,True
CUST00031,organic,2024-09-21,FR,True
CUST00032,meta,2024-02-13,GB,True
CUST00033,organic,2024-10-07,GB,True
CUST00034,email,2024-07-16,AU,True
CUST00035,tiktok,2024-11-22,US,True
CUST00036,organic,2024-05-25,US,True
CUST00037,meta,2024-08-20,GB,True
CUST00038,organic,2024-11-18,GB,True
CUST00039,email,2024-08-08,GB,False
CUST00040,meta,2024-11-12,FR,True
CUST00041,tiktok,2024-02-19,NL,True
CUST00042,google,2024-04-12,US,True
CUST00043,organic,2024-07-28,DE,True
CUST00044,referral,2024-06-03,US,False
CUST00045,google,2024-07-20,GB,True
CUST00046,meta,2024-05-11,US,True
CUST00047,meta,2024-01-03,US,True
CUST00048,email,2024-01-27,AU,True
CUST00049,meta,2024-07-18,DE,True
CUST00050,meta,2024-07-28,NL,False
CUST00051,organic,2024-04-04,FR,True
CUST00052,meta,2024-02-06,US,False
CUST00053,google,2024-06-08,DE,True
CUST00054,google,2024-01-24,GB,True
CUST00055,meta,2024-04-06,US,True
CUST00056,meta,2024-06-12,US,True
CUST00057,organic,2024-06-21,AU,True
CUST00058,tiktok,2024-01-20,US,True
CUST00059,email,2024-02-06,AU,True
CUST00060,google,2024-06-06,GB,False
CUST00061,meta,2024-01-23,GB,False
CUST00062,email,2024-04-12,FR,True
CUST00063,tiktok,2024-06-13,DE,False
CUST00064,meta,2024-03-01,GB,True
CUST00065,tiktok,2024-08-12,GB,True
CUST00066,meta,2024-01-23,US,True
CUST00067,referral,2024-01-23,GB,True
CUST00068,google,2024-01-27,DE,True
CUST00069,meta,2024-06-05,AU,True
CUST00070,google,2024-08-12,US,False
CUST00071,google,2024-09-12,US,True
CUST00072,tiktok,2024-03-20,GB,True
CUST00073,meta,2024-06-02,US,False
CUST00074,email,2024-05-02,NL,True
CUST00075,tiktok,2024-06-26,US,True
CUST00076,google,2024-01-29,US,True
CUST00077,organic,2024-05-15,AU,True
CUST00078,meta,2024-04-20,AU,True
CUST00079,referral,2024-08-25,FR,True
CUST00080,organic,2024-09-16,GB,True
CUST00081,meta,2024-02-22,AU,True
CUST00082,meta,2024-04-15,GB,True
CUST00083,tiktok,2024-03-20,AU,False
CUST00084,email,2024-04-07,AU,True
CUST00085,google,2024-09-03,GB,True
CUST00086,organic,2024-05-09,US,True
CUST00087,tiktok,2024-03-03,US,False
CUST00088,meta,2024-08-05,GB,True
CUST00089,meta,2024-07-30,US,True
CUST00090,meta,2024-06-15,GB,True
CUST00091,meta,2024-05-18,GB,True
CUST00092,organic,2024-05-17,AU,False
CUST00093,tiktok,2024-08-29,NL,True
CUST00094,referral,2024-03-04,FR,False
CUST00095,meta,2024-01-10,NL,False
CUST00096,tiktok,2024-11-07,DE,True
CUST00097,meta,2024-04-13,DE,False
CUST00098,organic,2024-01-16,GB,False
CUST00099,meta,2024-05-15,FR,True
CUST00100,meta,2024-03-27,GB,True
CUST00101,organic,2024-04-18,CA,True
CUST00102,tiktok,2024-05-16,US,True
CUST00103,meta,2024-01-11,CA,True
CUST00104,referral,2024-08-13,GB,True
CUST00105,google,2024-08-19,DE,True
CUST00106,tiktok,2024-06-18,US,False
CUST00107,meta,2024-08-11,GB,False
CUST00108,google,2024-01-01,FR,True
CUST00109,google,2024-05-21,NL,True
CUST00110,meta,2024-08-30,AU,True
CUST00111,meta,2024-07-15,US,False
CUST00112,meta,2024-09-27,GB,False
CUST00113,email,2024-09-15,DE,True
CUST00114,google,2024-08-27,US,True
CUST00115,meta,2024-04-28,US,True
CUST00116,google,2024-06-29,DE,False
CUST00117,email,2024-11-04,FR,True
CUST00118,meta,2024-09-12,US,True
CUST00119,organic,2024-02-06,FR,True
CUST00120,organic,2024-03-28,GB,True
CUST00121,referral,2024-04-05,US,True
CUST00122,google,2024-06-25,US,True
CUST00123,tiktok,2024-10-05,US,True
CUST00124,tiktok,2024-02-27,GB,True
CUST00125,google,2024-10-29,GB,False
CUST00126,google,2024-01-20,NL,True
CUST00127,meta,2024-06-26,US,True
CUST00128,organic,2024-10-20,US,False
CUST00129,email,2024-11-18,US,True
CUST00130,organic,2024-10-15,US,True
CUST00131,tiktok,2024-11-22,FR,False
CUST00132,meta,2024-08-31,US,True
CUST00133,meta,2024-04-01,GB,True
CUST00134,meta,2024-02-23,US,True
CUST00135,meta,2024-10-01,US,True
CUST00136,google,2024-07-29,GB,False
CUST00137,email,2024-05-31,US,True
CUST00138,organic,2024-11-28,US,False
CUST00139,email,2024-01-03,GB,False
CUST00140,organic,2024-11-27,AU,True
CUST00141,meta,2024-07-08,US,True
CUST00142,meta,2024-05-31,DE,False
CUST00143,meta,2024-10-08,US,True
CUST00144,google,2024-08-29,NL,True
CUST00145,tiktok,2024-02-02,GB,False
CUST00146,meta,2024-03-11,US,True
CUST00147,meta,2024-06-25,FR,False
CUST00148,organic,2024-04-18,AU,True
CUST00149,meta,2024-11-20,GB,True
CUST00150,meta,2024-05-15,GB,True
CUST00151,meta,2024-10-19,GB,True
CUST00152,meta,2024-08-29,GB,True
CUST00153,email,2024-08-07,US,True
CUST00154,meta,2024-10-24,US,True
CUST00155,organic,2024-10-29,CA,True
CUST00156,meta,2024-08-12,GB,False
CUST00157,email,2024-06-03,GB,True
CUST00158,tiktok,2024-02-09,GB,True
CUST00159,referral,2024-11-05,FR,True
CUST00160,google,2024-07-25,US,True
CUST00161,organic,2024-01-05,FR,True
CUST00162,referral,2024-06-17,US,False
CUST00163,meta,2024-10-01,GB,True
CUST00164,organic,2024-08-27,US,False
CUST00165,google,2024-06-29,DE,True
CUST00166,organic,2024-05-05,AU,True
CUST00167,organic,2024-04-18,GB,False
CUST00168,tiktok,2024-08-09,US,True
CUST00169,organic,2024-07-10,GB,True
CUST00170,organic,2024-05-17,GB,True
CUST00171,meta,2024-08-03,NL,True
CUST00172,tiktok,2024-04-03,US,True
CUST00173,google,2024-09-25,DE,False
CUST00174,meta,2024-11-03,GB,False
CUST00175,meta,2024-09-25,DE,True
CUST00176,google,2024-07-02,GB,True
CUST00177,tiktok,2024-05-16,GB,True
CUST00178,meta,2024-03-30,GB,True
CUST00179,google,2024-10-15,FR,True
CUST00180,meta,2024-03-15,US,True
CUST00181,organic,2024-02-09,GB,True
CUST00182,meta,2024-03-10,DE,True
CUST00183,meta,2024-04-16,GB,True
CUST00184,email,2024-09-27,US,False
CUST00185,organic,2024-02-09,US,False
CUST00186,google,2024-07-04,GB,True
CUST00187,email,2024-04-08,US,True
CUST00188,google,2024-06-04,US,True
CUST00189,meta,2024-02-28,US,True
CUST00190,referral,2024-02-03,GB,False
CUST00191,google,2024-08-23,US,False
CUST00192,email,2024-06-23,GB,False
CUST00193,google,2024-04-28,GB,True
CUST00194,meta,2024-10-23,GB,True
CUST00195,meta,2024-03-01,US,True
CUST00196,google,2024-01-02,DE,False
CUST00197,meta,2024-04-23,GB,True
CUST00198,organic,2024-09-30,GB,True
CUST00199,organic,2024-04-12,US,True
CUST00200,meta,2024-06-14,GB,True
CUST00201,organic,2024-04-13,GB,True
CUST00202,meta,2024-11-03,DE,True
CUST00203,meta,2024-06-19,DE,False
CUST00204,google,2024-04-15,US,True
CUST00205,meta,2024-08-20,US,True
CUST00206,meta,2024-08-22,GB,True
CUST00207,tiktok,2024-10-24,GB,True
CUST00208,organic,2024-10-23,US,False
CUST00209,meta,2024-04-18,US,False
CUST00210,google,2024-02-05,US,True
CUST00211,meta,2024-09-17,GB,False
CUST00212,google,2024-09-26,DE,False
CUST00213,organic,2024-11-11,GB,True
CUST00214,meta,2024-05-02,GB,False
CUST00215,organic,2024-07-18,GB,False
CUST00216,meta,2024-06-09,US,False
CUST00217,google,2024-08-30,GB,True
CUST00218,meta,2024-08-01,GB,False
CUST00219,meta,2024-02-17,US,True
CUST00220,meta,2024-10-02,US,False
CUST00221,meta,2024-02-06,AU,True
CUST00222,email,2024-06-28,US,True
CUST00223,email,2024-07-12,GB,True
CUST00224,organic,2024-06-10,CA,True
CUST00225,google,2024-06-26,US,True
CUST00226,meta,2024-01-28,FR,False
CUST00227,email,2024-05-11,US,True
CUST00228,tiktok,2024-04-19,AU,False
CUST00229,google,2024-02-27,US,True
CUST00230,organic,2024-08-02,US,True
CUST00231,referral,2024-03-14,GB,False
CUST00232,organic,2024-03-31,US,True
CUST00233,google,2024-10-16,NL,False
CUST00234,referral,2024-05-29,FR,True
CUST00235,referral,2024-07-11,GB,True
CUST00236,organic,2024-02-08,US,False
CUST00237,tiktok,2024-01-06,US,True
CUST00238,google,2024-01-30,CA,True
CUST00239,tiktok,2024-08-30,US,True
CUST00240,tiktok,2024-11-27,US,True
CUST00241,tiktok,2024-08-31,FR,True
CUST00242,meta,2024-08-27,US,True
CUST00243,tiktok,2024-03-29,US,True
CUST00244,tiktok,2024-10-22,AU,False
CUST00245,tiktok,2024-03-05,NL,True
CUST00246,organic,2024-05-05,GB,True
CUST00247,meta,2024-06-16,US,True
CUST00248,meta,2024-03-07,US,False
CUST00249,tiktok,2024-08-28,US,True
CUST00250,google,2024-03-31,GB,True
CUST00251,meta,2024-09-15,FR,True
CUST00252,google,2024-09-20,GB,True
CUST00253,meta,2024-08-16,CA,True
CUST00254,organic,2024-06-26,GB,False
CUST00255,google,2024-11-27,GB,True
CUST00256,meta,2024-08-11,DE,True
CUST00257,tiktok,2024-11-18,GB,True
CUST00258,tiktok,2024-08-23,AU,True
CUST00259,organic,2024-10-28,US,True
CUST00260,tiktok,2024-03-26,US,True
CUST00261,meta,2024-08-31,US,True
CUST00262,organic,2024-04-29,GB,True
CUST00263,meta,2024-10-11,NL,True
CUST00264,google,2024-10-17,GB,True
CUST00265,google,2024-07-25,GB,True
CUST00266,email,2024-04-09,NL,True
CUST00267,organic,2024-10-16,FR,False
CUST00268,meta,2024-01-30,CA,False
CUST00269,organic,2024-11-24,US,False
CUST00270,meta,2024-01-06,GB,True
CUST00271,tiktok,2024-09-18,GB,False
CUST00272,tiktok,2024-11-15,US,True
CUST00273,meta,2024-07-02,AU,True
CUST00274,meta,2024-08-24,GB,False
CUST00275,meta,2024-09-29,US,True
CUST00276,email,2024-01-18,GB,False
CUST00277,meta,2024-02-15,AU,True
CUST00278,google,2024-05-30,DE,False
CUST00279,tiktok,2024-08-16,GB,False
CUST00280,meta,2024-09-11,US,False
CUST00281,meta,2024-04-18,US,False
CUST00282,email,2024-06-21,AU,True
CUST00283,meta,2024-09-23,NL,True
CUST00284,meta,2024-01-24,GB,True
CUST00285,organic,2024-11-25,GB,True
CUST00286,tiktok,2024-09-06,CA,True
CUST00287,meta,2024-11-01,CA,True
CUST00288,organic,2024-01-27,US,True
CUST00289,organic,2024-11-11,GB,True
CUST00290,email,2024-11-02,GB,True
CUST00291,google,2024-02-20,FR,True
CUST00292,organic,2024-09-13,GB,True
CUST00293,organic,2024-11-02,US,True
CUST00294,meta,2024-03-08,GB,False
CUST00295,meta,2024-07-23,GB,False
CUST00296,meta,2024-10-29,US,False
CUST00297,meta,2024-07-14,US,True
CUST00298,tiktok,2024-06-26,GB,False
CUST00299,google,2024-11-25,DE,False
CUST00300,email,2024-10-03,GB,True
CUST00301,tiktok,2024-05-05,GB,True
CUST00302,tiktok,2024-08-30,US,True
CUST00303,referral,2024-05-27,US,False
CUST00304,tiktok,2024-07-15,GB,True
CUST00305,tiktok,2024-11-27,AU,True
CUST00306,google,2024-06-16,GB,True
CUST00307,google,2024-11-17,US,True
CUST00308,google,2024-05-01,DE,True
CUST00309,tiktok,2024-02-29,US,True
CUST00310,meta,2024-11-19,US,True
CUST00311,meta,2024-11-11,GB,True
CUST00312,meta,2024-09-17,US,False
CUST00313,meta,2024-10-07,GB,True
CUST00314,meta,2024-05-16,US,True
CUST00315,google,2024-09-12,AU,True
CUST00316,google,2024-11-24,GB,True
CUST00317,meta,2024-08-10,US,True
CUST00318,email,2024-08-24,FR,True
CUST00319,meta,2024-01-12,DE,True
CUST00320,meta,2024-05-11,GB,True
CUST00321,tiktok,2024-08-07,GB,True
CUST00322,tiktok,2024-02-05,GB,False
CUST00323,meta,2024-06-25,US,True
CUST00324,email,2024-10-28,US,True
CUST00325,meta,2024-03-01,US,True
CUST00326,google,2024-04-15,US,False
CUST00327,meta,2024-06-09,FR,True
CUST00328,google,2024-05-14,GB,False
CUST00329,tiktok,2024-07-23,GB,False
CUST00330,meta,2024-08-20,GB,True
CUST00331,meta,2024-10-25,GB,True
CUST00332,meta,2024-02-16,DE,True
CUST00333,meta,2024-02-20,DE,True
CUST00334,meta,2024-01-28,DE,False
CUST00335,google,2024-01-08,GB,True
CUST00336,google,2024-08-11,US,False
CUST00337,meta,2024-04-22,GB,True
CUST00338,organic,2024-03-07,US,True
CUST00339,google,2024-02-04,GB,False
CUST00340,google,2024-08-16,GB,True
CUST00341,meta,2024-10-16,GB,True
CUST00342,google,2024-01-30,GB,True
CUST00343,meta,2024-10-28,DE,True
CUST00344,meta,2024-04-01,GB,True
CUST00345,meta,2024-08-21,FR,True
CUST00346,email,2024-03-09,US,False
CUST00347,google,2024-10-19,US,True
CUST00348,meta,2024-08-31,US,False
CUST00349,tiktok,2024-06-20,FR,True
CUST00350,google,2024-05-16,GB,False
CUST00351,meta,2024-01-15,AU,True
CUST00352,organic,2024-09-07,AU,False
CUST00353,google,2024-06-28,CA,True
CUST00354,email,2024-06-23,US,True
CUST00355,tiktok,2024-05-04,US,True
CUST00356,meta,2024-06-23,AU,True
CUST00357,meta,2024-10-04,US,True
CUST00358,tiktok,2024-04-06,CA,True
CUST00359,meta,2024-05-21,GB,False
CUST00360,meta,2024-10-27,US,True
CUST00361,meta,2024-01-26,US,False
CUST00362,meta,2024-04-20,AU,True
CUST00363,meta,2024-05-09,DE,True
CUST00364,referral,2024-04-30,DE,False
CUST00365,google,2024-02-20,NL,True
CUST00366,meta,2024-08-05,FR,True
CUST00367,tiktok,2024-09-17,NL,True
CUST00368,tiktok,2024-09-07,US,True
CUST00369,meta,2024-05-20,CA,True
CUST00370,google,2024-10-24,GB,True
CUST00371,meta,2024-03-01,AU,True
CUST00372,organic,2024-07-16,AU,True
CUST00373,meta,2024-09-14,FR,True
CUST00374,meta,2024-08-19,GB,True
CUST00375,google,2024-10-07,US,True
CUST00376,tiktok,2024-06-21,FR,False
CUST00377,google,2024-03-31,GB,False
CUST00378,meta,2024-11-20,DE,False
CUST00379,organic,2024-06-28,FR,False
CUST00380,organic,2024-03-03,FR,True
CUST00381,meta,2024-04-07,US,True
CUST00382,email,2024-08-03,DE,True
CUST00383,meta,2024-04-20,GB,False
CUST00384,meta,2024-07-18,US,True
CUST00385,google,2024-11-13,GB,True
CUST00386,meta,2024-06-10,US,True
CUST00387,referral,2024-05-29,US,True
CUST00388,email,2024-05-03,AU,True
CUST00389,meta,2024-11-03,GB,False
CUST00390,organic,2024-09-27,FR,False
CUST00391,tiktok,2024-06-23,NL,True
CUST00392,meta,2024-04-09,GB,False
CUST00393,organic,2024-02-13,GB,True
CUST00394,meta,2024-01-19,US,False
CUST00395,meta,2024-01-25,NL,True
CUST00396,google,2024-09-02,GB,True
CUST00397,google,2024-04-23,US,True
CUST00398,google,2024-08-09,DE,True
CUST00399,referral,2024-07-22,GB,True
CUST00400,organic,2024-05-31,GB,False
CUST00401,meta,2024-05-24,GB,True
CUST00402,meta,2024-05-13,DE,True
CUST00403,google,2024-10-26,FR,True
CUST00404,meta,2024-01-18,GB,True
CUST00405,organic,2024-11-18,US,False
CUST00406,meta,2024-09-02,GB,False
CUST00407,meta,2024-01-15,GB,True
CUST00408,meta,2024-01-17,GB,False
CUST00409,google,2024-11-12,GB,True
CUST00410,meta,2024-04-21,FR,True
CUST00411,meta,2024-04-16,US,False
CUST00412,google,2024-10-15,CA,True
CUST00413,google,2024-03-13,US,True
CUST00414,meta,2024-11-07,US,False
CUST00415,referral,2024-08-21,GB,True
CUST00416,meta,2024-05-04,GB,True
CUST00417,google,2024-04-29,DE,True
CUST00418,google,2024-09-24,US,True
CUST00419,referral,2024-08-26,GB,True
CUST00420,tiktok,2024-01-30,US,True
CUST00421,meta,2024-01-13,US,False
CUST00422,meta,2024-01-14,GB,True
CUST00423,meta,2024-05-20,US,True
CUST00424,google,2024-09-20,US,False
CUST00425,meta,2024-10-23,GB,True
CUST00426,meta,2024-06-03,GB,True
CUST00427,tiktok,2024-01-11,US,False
CUST00428,meta,2024-08-06,FR,False
CUST00429,referral,2024-03-24,GB,False
CUST00430,meta,2024-03-18,AU,False
CUST00431,organic,2024-03-08,US,True
CUST00432,tiktok,2024-11-10,AU,True
CUST00433,meta,2024-09-16,GB,True
CUST00434,organic,2024-04-26,DE,True
CUST00435,meta,2024-11-04,GB,True
CUST00436,meta,2024-11-03,FR,True
CUST00437,google,2024-05-20,US,True
CUST00438,organic,2024-08-25,GB,False
CUST00439,tiktok,2024-10-05,US,False
CUST00440,google,2024-11-15,GB,True
CUST00441,meta,2024-09-06,US,True
CUST00442,organic,2024-02-19,FR,True
CUST00443,referral,2024-10-25,US,True
CUST00444,meta,2024-11-18,GB,True
CUST00445,meta,2024-03-03,DE,True
CUST00446,organic,2024-07-20,AU,True
CUST00447,tiktok,2024-03-17,US,True
CUST00448,meta,2024-08-30,US,True
CUST00449,email,2024-08-17,GB,True
CUST00450,email,2024-11-23,GB,True
CUST00451,meta,2024-02-01,US,True
CUST00452,meta,2024-09-09,US,True
CUST00453,organic,2024-07-12,US,True
CUST00454,meta,2024-07-06,FR,False
CUST00455,google,2024-04-25,DE,True
CUST00456,google,2024-06-19,US,True
CUST00457,meta,2024-08-23,AU,True
CUST00458,referral,2024-10-12,GB,False
CUST00459,organic,2024-02-20,US,True
CUST00460,meta,2024-05-03,GB,False
CUST00461,meta,2024-04-06,GB,False
CUST00462,google,2024-08-26,CA,True
CUST00463,meta,2024-11-11,US,True
CUST00464,organic,2024-03-14,US,False
CUST00465,organic,2024-07-12,US,True
CUST00466,google,2024-06-01,CA,True
CUST00467,meta,2024-08-14,GB,False
CUST00468,organic,2024-08-20,DE,False
CUST00469,google,2024-04-20,AU,False
CUST00470,organic,2024-02-22,DE,False
CUST00471,meta,2024-05-22,GB,True
CUST00472,google,2024-05-20,GB,False
CUST00473,google,2024-10-23,FR,True
CUST00474,referral,2024-02-19,US,True
CUST00475,email,2024-08-04,FR,True
CUST00476,google,2024-08-21,US,True
CUST00477,meta,2024-01-16,GB,False
CUST00478,google,2024-07-20,US,True
CUST00479,email,2024-05-07,GB,False
CUST00480,tiktok,2024-08-27,GB,True
CUST00481,organic,2024-07-16,US,True
CUST00482,organic,2024-07-03,US,True
CUST00483,google,2024-06-10,FR,True
CUST00484,google,2024-08-19,CA,True
CUST00485,meta,2024-10-07,US,False
CUST00486,organic,2024-02-27,GB,True
CUST00487,meta,2024-03-15,GB,True
CUST00488,tiktok,2024-06-09,US,False
CUST00489,tiktok,2024-11-25,GB,True
CUST00490,meta,2024-07-20,GB,False
CUST00491,meta,2024-07-23,CA,False
CUST00492,meta,2024-07-26,US,True
CUST00493,google,2024-08-24,CA,True
CUST00494,meta,2024-08-04,NL,True
CUST00495,meta,2024-10-26,GB,False
CUST00496,google,2024-05-03,US,True
CUST00497,meta,2024-04-21,DE,False
CUST00498,organic,2024-06-02,CA,True
CUST00499,meta,2024-04-22,CA,True
CUST00500,email,2024-05-14,DE,False
CUST00501,meta,2024-03-24,US,True
CUST00502,meta,2024-02-23,DE,True
CUST00503,meta,2024-04-04,NL,True
CUST00504,meta,2024-09-04,GB,True
CUST00505,google,2024-10-05,DE,True
CUST00506,referral,2024-01-03,CA,True
CUST00507,tiktok,2024-06-07,AU,False
CUST00508,tiktok,2024-07-04,FR,True
CUST00509,meta,2024-05-04,GB,True
CUST00510,google,2024-09-10,US,True
CUST00511,google,2024-03-08,AU,True
CUST00512,meta,2024-11-20,US,True
CUST00513,meta,2024-01-15,US,True
CUST00514,meta,2024-05-10,CA,False
CUST00515,organic,2024-02-22,US,True
CUST00516,meta,2024-11-10,GB,False
CUST00517,meta,2024-09-08,GB,True
CUST00518,meta,2024-11-03,DE,True
CUST00519,tiktok,2024-03-09,US,False
CUST00520,google,2024-11-17,GB,False
CUST00521,meta,2024-09-16,CA,False
CUST00522,email,2024-05-05,GB,False
CUST00523,google,2024-04-01,GB,True
CUST00524,google,2024-04-27,US,True
CUST00525,meta,2024-09-10,GB,True
CUST00526,meta,2024-06-29,US,True
CUST00527,meta,2024-09-25,NL,True
CUST00528,tiktok,2024-05-22,GB,True
CUST00529,meta,2024-07-04,DE,True
CUST00530,tiktok,2024-06-10,NL,True
CUST00531,meta,2024-10-22,FR,True
CUST00532,google,2024-07-23,DE,True
CUST00533,meta,2024-08-07,FR,True
CUST00534,google,2024-08-10,GB,False
CUST00535,tiktok,2024-02-15,DE,False
CUST00536,organic,2024-02-05,US,True
CUST00537,meta,2024-06-25,US,True
CUST00538,google,2024-08-05,FR,True
CUST00539,meta,2024-06-02,GB,True
CUST00540,meta,2024-08-12,US,True
CUST00541,referral,2024-07-29,NL,True
CUST00542,meta,2024-07-02,US,True
CUST00543,tiktok,2024-10-24,DE,False
CUST00544,referral,2024-05-25,US,False
CUST00545,meta,2024-05-25,CA,True
CUST00546,organic,2024-09-10,GB,False
CUST00547,meta,2024-07-24,CA,True
CUST00548,meta,2024-10-20,GB,False
CUST00549,meta,2024-07-25,GB,False
CUST00550,meta,2024-05-14,GB,True
CUST00551,organic,2024-01-13,US,True
CUST00552,meta,2024-04-03,GB,True
CUST00553,google,2024-06-22,DE,True
CUST00554,tiktok,2024-04-05,US,True
CUST00555,meta,2024-07-28,AU,True
CUST00556,google,2024-02-24,GB,True
CUST00557,google,2024-08-12,DE,True
CUST00558,meta,2024-04-02,GB,True
CUST00559,meta,2024-06-09,GB,True
CUST00560,tiktok,2024-08-31,US,True
CUST00561,email,2024-05-13,DE,True
CUST00562,google,2024-09-27,GB,False
CUST00563,organic,2024-03-12,US,True
CUST00564,organic,2024-04-26,GB,False
CUST00565,google,2024-01-23,CA,True
CUST00566,meta,2024-05-30,GB,True
CUST00567,organic,2024-06-23,GB,True
CUST00568,meta,2024-01-21,DE,True
CUST00569,meta,2024-01-29,FR,True
CUST00570,meta,2024-07-05,NL,True
CUST00571,meta,2024-01-06,GB,True
CUST00572,referral,2024-10-17,US,True
CUST00573,tiktok,2024-09-27,GB,True
CUST00574,meta,2024-08-02,GB,False
CUST00575,tiktok,2024-07-26,GB,True
CUST00576,organic,2024-07-18,US,False
CUST00577,organic,2024-10-22,NL,True
CUST00578,google,2024-05-01,US,True
CUST00579,meta,2024-10-14,GB,False
CUST00580,meta,2024-04-24,GB,False
CUST00581,organic,2024-08-09,US,True
CUST00582,organic,2024-04-09,US,False
CUST00583,meta,2024-06-27,FR,True
CUST00584,tiktok,2024-02-24,US,True
CUST00585,meta,2024-07-22,AU,True
CUST00586,meta,2024-10-23,GB,True
CUST00587,tiktok,2024-01-27,GB,False
CUST00588,meta,2024-05-24,US,False
CUST00589,google,2024-09-13,GB,False
CUST00590,meta,2024-01-05,DE,True
CUST00591,google,2024-01-07,DE,False
CUST00592,email,2024-11-09,GB,True
CUST00593,meta,2024-07-22,GB,True
CUST00594,meta,2024-11-12,FR,True
CUST00595,email,2024-05-24,US,True
CUST00596,meta,2024-09-27,DE,True
CUST00597,referral,2024-09-10,US,True
CUST00598,google,2024-02-06,US,False
CUST00599,tiktok,2024-01-22,DE,True
CUST00600,organic,2024-07-13,US,True
CUST00601,referral,2024-08-07,CA,True
CUST00602,meta,2024-03-30,AU,False
CUST00603,meta,2024-04-15,GB,True
CUST00604,google,2024-07-29,GB,True
CUST00605,referral,2024-01-07,US,False
CUST00606,meta,2024-01-30,US,False
CUST00607,organic,2024-09-19,GB,True
CUST00608,referral,2024-11-02,DE,True
CUST00609,meta,2024-01-21,GB,True
CUST00610,tiktok,2024-05-12,US,False
CUST00611,meta,2024-10-27,US,False
CUST00612,meta,2024-07-09,US,False
CUST00613,meta,2024-06-16,US,False
CUST00614,organic,2024-02-03,GB,True
CUST00615,meta,2024-10-03,GB,False
CUST00616,organic,2024-10-03,GB,False
CUST00617,meta,2024-05-02,GB,True
CUST00618,meta,2024-06-21,GB,True
CUST00619,meta,2024-02-03,US,False
CUST00620,meta,2024-02-10,US,True
CUST00621,google,2024-08-19,GB,False
CUST00622,meta,2024-01-05,US,True
CUST00623,email,2024-10-08,NL,True
CUST00624,google,2024-08-10,DE,True
CUST00625,meta,2024-02-23,GB,True
CUST00626,meta,2024-01-25,GB,True
CUST00627,organic,2024-07-07,US,True
CUST00628,tiktok,2024-10-06,US,True
CUST00629,meta,2024-06-26,GB,False
CUST00630,organic,2024-05-09,US,True
CUST00631,meta,2024-06-19,FR,True
CUST00632,meta,2024-04-26,NL,True
CUST00633,meta,2024-07-05,CA,True
CUST00634,tiktok,2024-04-23,US,True
CUST00635,meta,2024-05-06,FR,False
CUST00636,meta,2024-05-21,US,True
CUST00637,organic,2024-09-21,GB,False
CUST00638,meta,2024-10-02,FR,True
CUST00639,organic,2024-11-14,FR,False
CUST00640,tiktok,2024-02-24,GB,True
CUST00641,google,2024-10-04,US,False
CUST00642,google,2024-08-20,US,False
CUST00643,meta,2024-07-30,CA,True
CUST00644,organic,2024-02-12,DE,True
CUST00645,tiktok,2024-03-05,GB,False
CUST00646,meta,2024-10-19,FR,True
CUST00647,meta,2024-01-05,GB,True
CUST00648,meta,2024-06-22,US,True
CUST00649,referral,2024-05-13,US,True
CUST00650,email,2024-06-10,GB,True
CUST00651,meta,2024-05-15,US,True
CUST00652,google,2024-07-21,US,False
CUST00653,tiktok,2024-10-07,GB,True
CUST00654,organic,2024-01-18,GB,True
CUST00655,meta,2024-09-08,FR,True
CUST00656,meta,2024-07-19,GB,False
CUST00657,meta,2024-06-28,US,True
CUST00658,tiktok,2024-03-13,US,True
CUST00659,tiktok,2024-10-13,GB,False
CUST00660,meta,2024-05-31,GB,True
CUST00661,tiktok,2024-10-19,FR,True
CUST00662,organic,2024-11-06,GB,True
CUST00663,google,2024-03-17,GB,False
CUST00664,referral,2024-07-23,GB,False
CUST00665,meta,2024-08-25,GB,True
CUST00666,google,2024-11-24,GB,True
CUST00667,google,2024-08-26,DE,True
CUST00668,meta,2024-02-15,GB,True
CUST00669,meta,2024-09-26,US,True
CUST00670,meta,2024-08-11,GB,True
CUST00671,meta,2024-08-03,GB,True
CUST00672,organic,2024-05-02,US,True
CUST00673,google,2024-01-04,GB,False
CUST00674,google,2024-08-06,US,False
CUST00675,tiktok,2024-06-10,US,True
CUST00676,google,2024-02-02,FR,True
CUST00677,meta,2024-04-23,GB,True
CUST00678,organic,2024-03-06,US,False
CUST00679,google,2024-08-01,US,True
CUST00680,google,2024-10-28,CA,True
CUST00681,tiktok,2024-10-22,US,False
CUST00682,tiktok,2024-02-09,DE,True
CUST00683,organic,2024-04-25,GB,True
CUST00684,organic,2024-05-15,GB,True
CUST00685,organic,2024-10-28,GB,True
CUST00686,tiktok,2024-11-30,US,True
CUST00687,meta,2024-08-27,GB,True
CUST00688,meta,2024-11-08,US,True
CUST00689,google,2024-08-19,GB,True
CUST00690,google,2024-04-22,CA,True
CUST00691,referral,2024-02-22,FR,True
CUST00692,organic,2024-04-17,GB,True
CUST00693,meta,2024-04-06,GB,True
CUST00694,organic,2024-10-22,US,True
CUST00695,tiktok,2024-08-12,US,False
CUST00696,meta,2024-06-24,FR,True
CUST00697,google,2024-06-05,GB,True
CUST00698,email,2024-06-25,GB,True
CUST00699,organic,2024-10-27,GB,False
CUST00700,tiktok,2024-09-03,US,True
CUST00701,google,2024-11-05,GB,False
CUST00702,meta,2024-11-16,GB,True
CUST00703,google,2024-05-11,GB,False
CUST00704,meta,2024-11-02,DE,True
CUST00705,meta,2024-01-18,FR,False
CUST00706,meta,2024-01-07,AU,False
CUST00707,meta,2024-06-26,CA,True
CUST00708,email,2024-09-24,AU,True
CUST00709,organic,2024-03-02,AU,True
CUST00710,meta,2024-09-11,GB,True
CUST00711,meta,2024-01-21,GB,True
CUST00712,tiktok,2024-06-15,DE,True
CUST00713,google,2024-03-23,GB,True
CUST00714,tiktok,2024-07-20,GB,True
CUST00715,meta,2024-11-13,AU,True
CUST00716,meta,2024-07-04,US,True
CUST00717,meta,2024-02-10,AU,True
CUST00718,organic,2024-05-28,FR,True
CUST00719,referral,2024-09-06,GB,True
CUST00720,tiktok,2024-08-25,US,True
CUST00721,tiktok,2024-08-31,NL,False
CUST00722,meta,2024-11-29,AU,True
CUST00723,meta,2024-10-19,DE,True
CUST00724,meta,2024-06-15,GB,True
CUST00725,meta,2024-09-07,US,True
CUST00726,email,2024-10-29,GB,True
CUST00727,google,2024-03-20,US,False
CUST00728,tiktok,2024-04-24,FR,True
CUST00729,meta,2024-07-11,GB,True
CUST00730,organic,2024-07-24,GB,True
CUST00731,meta,2024-05-02,AU,False
CUST00732,google,2024-05-21,GB,False
CUST00733,meta,2024-10-26,US,True
CUST00734,meta,2024-04-11,NL,False
CUST00735,meta,2024-07-15,DE,False
CUST00736,tiktok,2024-06-13,GB,True
CUST00737,meta,2024-04-17,GB,True
CUST00738,meta,2024-11-09,GB,True
CUST00739,tiktok,2024-04-30,DE,True
CUST00740,meta,2024-01-23,NL,True
CUST00741,tiktok,2024-06-25,GB,True
CUST00742,meta,2024-02-16,GB,True
CUST00743,google,2024-03-04,GB,True
CUST00744,meta,2024-03-05,DE,True
CUST00745,organic,2024-10-11,FR,True
CUST00746,organic,2024-05-10,GB,True
CUST00747,tiktok,2024-04-12,US,True
CUST00748,google,2024-07-11,US,False
CUST00749,google,2024-11-29,US,True
CUST00750,meta,2024-10-27,US,True
CUST00751,tiktok,2024-03-29,GB,True
CUST00752,meta,2024-04-04,US,True
CUST00753,email,2024-03-10,AU,False
CUST00754,meta,2024-03-28,US,True
CUST00755,organic,2024-04-15,US,True
CUST00756,tiktok,2024-07-13,GB,True
CUST00757,google,2024-11-08,GB,False
CUST00758,organic,2024-01-27,AU,True
CUST00759,meta,2024-05-07,US,True
CUST00760,meta,2024-03-18,FR,True
CUST00761,meta,2024-06-29,CA,True
CUST00762,email,2024-10-11,FR,True
CUST00763,meta,2024-02-28,US,True
CUST00764,meta,2024-07-29,AU,True
CUST00765,meta,2024-05-10,DE,True
CUST00766,meta,2024-02-10,CA,False
CUST00767,referral,2024-07-10,CA,True
CUST00768,meta,2024-10-03,GB,True
CUST00769,google,2024-11-24,DE,True
CUST00770,referral,2024-06-27,GB,True
CUST00771,meta,2024-07-15,FR,True
CUST00772,google,2024-08-17,US,True
CUST00773,meta,2024-04-01,AU,False
CUST00774,organic,2024-09-29,GB,False
CUST00775,meta,2024-04-15,NL,True
CUST00776,organic,2024-10-29,GB,True
CUST00777,google,2024-03-04,GB,True
CUST00778,meta,2024-07-27,FR,False
CUST00779,google,2024-04-29,AU,True
CUST00780,organic,2024-03-02,GB,True
CUST00781,organic,2024-03-24,GB,True
CUST00782,meta,2024-10-03,US,True
CUST00783,meta,2024-09-19,FR,True
CUST00784,email,2024-01-13,AU,True
CUST00785,google,2024-02-06,FR,True
CUST00786,meta,2024-02-17,AU,True
CUST00787,meta,2024-02-20,US,True
CUST00788,google,2024-08-14,NL,True
CUST00789,referral,2024-01-09,GB,False
CUST00790,meta,2024-11-10,NL,True
CUST00791,meta,2024-02-17,US,True
CUST00792,google,2024-08-10,DE,False
CUST00793,meta,2024-01-12,US,True
CUST00794,email,2024-03-24,GB,False
CUST00795,meta,2024-02-27,US,True
CUST00796,meta,2024-09-08,US,False
CUST00797,meta,2024-01-24,US,False
CUST00798,tiktok,2024-03-18,FR,True
CUST00799,referral,2024-09-01,US,True
CUST00800,organic,2024-05-28,US,False
CUST00801,email,2024-05-13,US,False
CUST00802,meta,2024-04-15,GB,True
CUST00803,organic,2024-01-12,FR,True
CUST00804,referral,2024-11-10,US,True
CUST00805,meta,2024-03-02,DE,True
CUST00806,organic,2024-07-26,NL,True
CUST00807,referral,2024-10-23,GB,False
CUST00808,email,2024-05-17,CA,True
CUST00809,meta,2024-03-09,GB,True
CUST00810,meta,2024-08-17,DE,True
CUST00811,email,2024-08-06,AU,False
CUST00812,meta,2024-07-29,US,True
CUST00813,meta,2024-01-22,GB,False
CUST00814,meta,2024-01-01,US,True
CUST00815,tiktok,2024-05-12,NL,True
CUST00816,meta,2024-01-24,US,True
CUST00817,meta,2024-10-27,US,True
CUST00818,meta,2024-01-29,NL,False
CUST00819,meta,2024-08-15,GB,True
CUST00820,tiktok,2024-03-02,US,False
CUST00821,meta,2024-09-09,DE,True
CUST00822,tiktok,2024-03-27,FR,False
CUST00823,tiktok,2024-04-29,GB,True
CUST00824,meta,2024-10-10,DE,False
CUST00825,referral,2024-11-26,CA,True
CUST00826,tiktok,2024-03-11,NL,True
CUST00827,google,2024-09-05,NL,True
CUST00828,tiktok,2024-05-08,GB,True
CUST00829,tiktok,2024-03-06,CA,True
CUST00830,meta,2024-06-22,GB,True
CUST00831,meta,2024-05-16,GB,True
CUST00832,meta,2024-01-19,DE,True
CUST00833,google,2024-06-09,US,False
CUST00834,organic,2024-02-09,FR,True
CUST00835,google,2024-03-04,FR,True
CUST00836,meta,2024-04-24,GB,True
CUST00837,meta,2024-01-29,AU,True
CUST00838,meta,2024-10-11,NL,True
CUST00839,google,2024-05-11,US,False
CUST00840,meta,2024-09-30,NL,True
CUST00841,organic,2024-08-23,GB,True
CUST00842,meta,2024-05-08,GB,True
CUST00843,meta,2024-09-13,GB,True
CUST00844,google,2024-06-01,AU,True
CUST00845,meta,2024-01-22,US,True
CUST00846,tiktok,2024-11-15,US,True
CUST00847,meta,2024-02-07,GB,True
CUST00848,google,2024-02-01,GB,False
CUST00849,google,2024-07-01,DE,True
CUST00850,google,2024-09-06,GB,False
CUST00851,meta,2024-05-23,GB,False
CUST00852,meta,2024-06-29,AU,True
CUST00853,organic,2024-02-28,DE,True
CUST00854,meta,2024-09-16,US,True
CUST00855,meta,2024-08-02,US,False
CUST00856,tiktok,2024-07-26,NL,True
CUST00857,meta,2024-07-03,US,True
CUST00858,google,2024-07-13,US,True
CUST00859,email,2024-02-16,US,True
CUST00860,organic,2024-03-23,GB,False
CUST00861,referral,2024-01-31,US,True
CUST00862,google,2024-11-19,GB,True
CUST00863,meta,2024-02-03,US,True
CUST00864,meta,2024-11-28,US,True
CUST00865,tiktok,2024-11-01,US,False
CUST00866,google,2024-02-13,GB,True
CUST00867,google,2024-02-11,GB,True
CUST00868,organic,2024-07-27,AU,True
CUST00869,tiktok,2024-05-28,US,False
CUST00870,meta,2024-01-15,US,False
CUST00871,meta,2024-01-16,AU,True
CUST00872,tiktok,2024-01-20,NL,True
CUST00873,meta,2024-01-08,FR,True
CUST00874,organic,2024-04-18,AU,True
CUST00875,meta,2024-03-29,CA,False
CUST00876,organic,2024-10-27,GB,False
CUST00877,tiktok,2024-08-22,GB,True
CUST00878,google,2024-11-15,US,True
CUST00879,meta,2024-11-14,FR,True
CUST00880,tiktok,2024-04-30,US,True
CUST00881,meta,2024-03-08,AU,True
CUST00882,meta,2024-04-06,GB,True
CUST00883,meta,2024-09-30,US,False
CUST00884,meta,2024-07-15,NL,True
CUST00885,meta,2024-04-03,US,True
CUST00886,google,2024-07-03,GB,True
CUST00887,organic,2024-11-21,DE,True
CUST00888,meta,2024-04-20,GB,True
CUST00889,meta,2024-11-28,GB,True
CUST00890,tiktok,2024-04-14,US,True
CUST00891,email,2024-07-03,US,True
CUST00892,meta,2024-03-27,FR,True
CUST00893,referral,2024-10-03,US,False
CUST00894,organic,2024-05-26,US,True
CUST00895,meta,2024-06-30,US,False
CUST00896,meta,2024-08-14,US,True
CUST00897,tiktok,2024-08-06,US,True
CUST00898,meta,2024-09-22,GB,True
CUST00899,meta,2024-09-05,GB,True
CUST00900,meta,2024-03-14,FR,True
CUST00901,organic,2024-11-08,FR,False
CUST00902,meta,2024-09-13,GB,True
CUST00903,google,2024-09-11,GB,False
CUST00904,meta,2024-06-06,GB,True
CUST00905,tiktok,2024-05-13,GB,False
CUST00906,meta,2024-09-17,GB,True
CUST00907,tiktok,2024-11-22,US,True
CUST00908,google,2024-02-07,DE,True
CUST00909,organic,2024-09-20,DE,True
CUST00910,meta,2024-05-17,AU,False
CUST00911,organic,2024-11-02,US,True
CUST00912,organic,2024-06-29,US,True
CUST00913,organic,2024-07-02,US,False
CUST00914,meta,2024-07-24,GB,True
CUST00915,referral,2024-02-23,GB,False
CUST00916,meta,2024-02-25,DE,True
CUST00917,meta,2024-07-08,CA,True
CUST00918,meta,2024-09-03,US,True
CUST00919,organic,2024-10-22,US,True
CUST00920,organic,2024-07-09,FR,True
CUST00921,google,2024-08-26,US,False
CUST00922,meta,2024-07-04,GB,True
CUST00923,meta,2024-10-10,GB,True
CUST00924,organic,2024-10-20,GB,True
CUST00925,tiktok,2024-08-31,GB,True
CUST00926,meta,2024-05-01,US,True
CUST00927,meta,2024-03-05,GB,True
CUST00928,tiktok,2024-06-26,US,True
CUST00929,organic,2024-06-17,CA,True
CUST00930,meta,2024-07-09,GB,False
CUST00931,meta,2024-01-08,DE,True
CUST00932,tiktok,2024-03-23,US,True
CUST00933,meta,2024-02-17,DE,True
CUST00934,organic,2024-05-25,GB,True
CUST00935,referral,2024-08-18,DE,True
CUST00936,tiktok,2024-01-19,US,False
CUST00937,google,2024-02-17,US,True
CUST00938,tiktok,2024-03-20,US,True
CUST00939,tiktok,2024-06-12,DE,True
CUST00940,tiktok,2024-08-29,GB,True
CUST00941,tiktok,2024-07-17,GB,True
CUST00942,meta,2024-10-31,GB,True
CUST00943,meta,2024-10-29,US,True
CUST00944,tiktok,2024-05-19,GB,True
CUST00945,google,2024-07-31,GB,False
CUST00946,meta,2024-05-08,GB,True
CUST00947,organic,2024-02-12,DE,True
CUST00948,organic,2024-02-04,GB,True
CUST00949,tiktok,2024-04-09,US,True
CUST00950,google,2024-04-12,GB,True
CUST00951,organic,2024-01-16,US,True
CUST00952,tiktok,2024-06-14,GB,True
CUST00953,organic,2024-01-04,DE,True
CUST00954,meta,2024-05-07,US,True
CUST00955,meta,2024-10-11,FR,True
CUST00956,google,2024-02-14,CA,True
CUST00957,meta,2024-11-20,AU,False
CUST00958,organic,2024-09-08,GB,True
CUST00959,tiktok,2024-09-27,CA,True
CUST00960,google,2024-02-10,US,False
CUST00961,tiktok,2024-03-11,FR,True
CUST00962,tiktok,2024-11-30,AU,True
CUST00963,email,2024-07-06,GB,False
CUST00964,meta,2024-06-20,GB,True
CUST00965,tiktok,2024-01-05,DE,True
CUST00966,organic,2024-09-17,US,True
CUST00967,tiktok,2024-06-17,GB,True
CUST00968,tiktok,2024-09-14,US,True
CUST00969,tiktok,2024-01-05,GB,False
CUST00970,google,2024-11-26,GB,False
CUST00971,meta,2024-05-04,CA,True
CUST00972,meta,2024-07-15,US,False
CUST00973,meta,2024-11-13,US,False
CUST00974,organic,2024-02-04,US,True
CUST00975,tiktok,2024-07-12,GB,False
CUST00976,meta,2024-06-09,US,True
CUST00977,tiktok,2024-11-03,US,True
CUST00978,google,2024-07-16,DE,False
CUST00979,meta,2024-05-12,GB,True
CUST00980,google,2024-11-23,US,False
CUST00981,tiktok,2024-10-05,DE,True
CUST00982,organic,2024-02-07,GB,True
CUST00983,organic,2024-05-17,CA,True
CUST00984,google,2024-07-31,DE,True
CUST00985,google,2024-03-04,FR,False
CUST00986,meta,2024-02-11,GB,True
CUST00987,meta,2024-11-26,US,True
CUST00988,meta,2024-10-05,FR,True
CUST00989,organic,2024-09-02,US,False
CUST00990,tiktok,2024-06-26,CA,True
CUST00991,meta,2024-07-12,DE,False
CUST00992,google,2024-11-21,NL,True
CUST00993,google,2024-09-25,DE,True
CUST00994,meta,2024-02-10,US,True
CUST00995,organic,2024-07-14,US,True
CUST00996,meta,2024-04-16,GB,True
CUST00997,organic,2024-06-24,GB,True
CUST00998,tiktok,2024-11-23,AU,True
CUST00999,meta,2024-03-19,DE,True
CUST01000,meta,2024-09-18,DE,True
CUST01001,google,2024-07-14,US,True
CUST01002,meta,2024-10-22,US,False
CUST01003,tiktok,2024-09-18,AU,True
CUST01004,google,2024-11-25,GB,True
CUST01005,meta,2024-01-10,GB,True
CUST01006,meta,2024-03-18,FR,True
CUST01007,meta,2024-09-22,AU,True
CUST01008,organic,2024-03-20,GB,False
CUST01009,tiktok,2024-02-09,DE,True
CUST01010,tiktok,2024-10-15,US,True
CUST01011,tiktok,2024-09-26,NL,False
CUST01012,email,2024-06-10,CA,True
CUST01013,meta,2024-08-02,DE,True
CUST01014,organic,2024-08-29,AU,False
CUST01015,meta,2024-11-18,US,True
CUST01016,google,2024-10-20,DE,True
CUST01017,tiktok,2024-10-28,GB,False
CUST01018,referral,2024-03-09,GB,True
CUST01019,google,2024-10-12,US,False
CUST01020,google,2024-04-18,GB,True
CUST01021,meta,2024-01-03,DE,True
CUST01022,meta,2024-01-16,GB,True
CUST01023,email,2024-10-27,US,True
CUST01024,organic,2024-07-09,US,True
CUST01025,tiktok,2024-10-31,US,True
CUST01026,meta,2024-07-21,US,False
CUST01027,google,2024-07-29,GB,True
CUST01028,tiktok,2024-03-23,GB,True
CUST01029,email,2024-03-25,US,False
CUST01030,organic,2024-08-06,CA,True
CUST01031,tiktok,2024-02-14,US,True
CUST01032,tiktok,2024-01-16,GB,True
CUST01033,meta,2024-05-29,DE,True
CUST01034,organic,2024-07-19,US,False
CUST01035,meta,2024-07-08,AU,True
CUST01036,google,2024-05-04,NL,True
CUST01037,google,2024-10-27,GB,True
CUST01038,tiktok,2024-03-22,FR,False
CUST01039,meta,2024-11-20,US,False
CUST01040,organic,2024-09-08,GB,True
CUST01041,google,2024-01-10,GB,True
CUST01042,meta,2024-01-29,FR,True
CUST01043,organic,2024-08-11,NL,False
CUST01044,google,2024-05-30,US,True
CUST01045,meta,2024-01-07,GB,True
CUST01046,tiktok,2024-09-06,GB,True
CUST01047,organic,2024-09-29,US,True
CUST01048,organic,2024-04-22,GB,True
CUST01049,organic,2024-04-19,US,False
CUST01050,tiktok,2024-11-15,US,True
CUST01051,tiktok,2024-02-22,FR,True
CUST01052,meta,2024-09-03,DE,True
CUST01053,google,2024-01-05,US,True
CUST01054,meta,2024-01-17,US,True
CUST01055,meta,2024-04-28,DE,True
CUST01056,google,2024-03-23,US,True
CUST01057,meta,2024-03-03,US,True
CUST01058,meta,2024-03-16,DE,True
CUST01059,organic,2024-11-26,CA,False
CUST01060,google,2024-09-07,GB,True
CUST01061,meta,2024-04-07,DE,False
CUST01062,meta,2024-05-08,DE,True
CUST01063,meta,2024-02-08,GB,True
CUST01064,google,2024-05-03,GB,True
CUST01065,google,2024-09-26,US,True
CUST01066,meta,2024-11-09,US,True
CUST01067,meta,2024-05-01,GB,False
CUST01068,organic,2024-04-17,GB,True
CUST01069,google,2024-07-05,US,True
CUST01070,google,2024-07-08,GB,True
CUST01071,meta,2024-11-22,FR,True
CUST01072,tiktok,2024-04-12,US,True
CUST01073,organic,2024-01-08,US,False
CUST01074,google,2024-10-25,NL,True
CUST01075,organic,2024-07-30,US,True
CUST01076,meta,2024-05-22,AU,True
CUST01077,google,2024-02-21,US,False
CUST01078,google,2024-05-21,DE,True
CUST01079,google,2024-10-21,US,True
CUST01080,email,2024-08-07,DE,True
CUST01081,tiktok,2024-10-12,NL,True
CUST01082,organic,2024-03-25,GB,True
CUST01083,meta,2024-05-23,DE,True
CUST01084,google,2024-05-30,US,True
CUST01085,referral,2024-01-16,GB,True
CUST01086,tiktok,2024-11-20,US,True
CUST01087,tiktok,2024-05-26,US,True
CUST01088,meta,2024-07-19,CA,True
CUST01089,google,2024-07-19,FR,True
CUST01090,organic,2024-07-08,AU,True
CUST01091,organic,2024-07-13,US,True
CUST01092,google,2024-01-30,GB,True
CUST01093,meta,2024-03-13,US,True
CUST01094,meta,2024-09-13,FR,True
CUST01095,tiktok,2024-07-06,US,True
CUST01096,organic,2024-09-08,GB,True
CUST01097,google,2024-02-19,GB,True
CUST01098,meta,2024-08-10,GB,True
CUST01099,email,2024-07-19,US,True
CUST01100,tiktok,2024-10-06,FR,True
CUST01101,google,2024-03-25,CA,False
CUST01102,meta,2024-03-07,US,True
CUST01103,google,2024-11-04,FR,True
CUST01104,tiktok,2024-03-06,GB,False
CUST01105,google,2024-08-19,GB,False
CUST01106,meta,2024-02-21,GB,False
CUST01107,meta,2024-11-16,GB,False
CUST01108,google,2024-08-26,AU,True
CUST01109,google,2024-02-06,GB,True
CUST01110,tiktok,2024-10-27,US,False
CUST01111,organic,2024-05-23,DE,False
CUST01112,email,2024-03-30,US,False
CUST01113,google,2024-05-16,DE,True
CUST01114,meta,2024-06-14,US,True
CUST01115,meta,2024-11-29,US,False
CUST01116,meta,2024-04-10,DE,True
CUST01117,google,2024-08-12,US,False
CUST01118,meta,2024-09-11,FR,False
CUST01119,meta,2024-05-20,US,True
CUST01120,organic,2024-04-11,US,True
CUST01121,meta,2024-08-25,DE,True
CUST01122,google,2024-06-09,US,True
CUST01123,google,2024-05-23,US,True
CUST01124,meta,2024-08-12,DE,True
CUST01125,organic,2024-11-28,GB,True
CUST01126,organic,2024-06-22,NL,True
CUST01127,google,2024-03-24,FR,True
CUST01128,meta,2024-03-03,US,True
CUST01129,meta,2024-11-15,NL,False
CUST01130,meta,2024-02-04,GB,True
CUST01131,meta,2024-08-24,US,False
CUST01132,tiktok,2024-08-26,GB,True
CUST01133,organic,2024-10-27,US,False
CUST01134,meta,2024-01-05,DE,True
CUST01135,meta,2024-03-16,US,True
CUST01136,meta,2024-08-26,GB,True
CUST01137,meta,2024-09-11,GB,True
CUST01138,meta,2024-10-29,DE,False
CUST01139,meta,2024-08-15,GB,True
CUST01140,google,2024-02-05,DE,True
CUST01141,referral,2024-05-14,GB,True
CUST01142,email,2024-06-25,US,True
CUST01143,google,2024-03-08,GB,True
CUST01144,meta,2024-07-14,NL,True
CUST01145,organic,2024-07-27,US,False
CUST01146,google,2024-05-26,FR,True
CUST01147,google,2024-10-28,US,True
CUST01148,meta,2024-07-06,GB,True
CUST01149,tiktok,2024-09-19,FR,False
CUST01150,google,2024-05-17,GB,True
CUST01151,meta,2024-04-06,US,True
CUST01152,google,2024-01-30,GB,True
CUST01153,meta,2024-05-17,US,True
CUST01154,tiktok,2024-10-16,NL,False
CUST01155,meta,2024-10-13,DE,True
CUST01156,meta,2024-03-21,AU,True
CUST01157,organic,2024-03-01,GB,True
CUST01158,email,2024-09-19,US,True
CUST01159,organic,2024-10-23,CA,False
CUST01160,tiktok,2024-05-24,US,True
CUST01161,meta,2024-07-09,FR,True
CUST01162,meta,2024-06-03,US,True
CUST01163,organic,2024-07-23,US,True
CUST01164,meta,2024-07-14,AU,True
CUST01165,referral,2024-06-26,DE,False
CUST01166,tiktok,2024-05-02,GB,True
CUST01167,google,2024-05-27,GB,True
CUST01168,google,2024-03-13,GB,False
CUST01169,meta,2024-08-26,GB,False
CUST01170,google,2024-03-22,FR,True
CUST01171,google,2024-11-27,US,True
CUST01172,tiktok,2024-08-11,FR,True
CUST01173,meta,2024-11-08,US,False
CUST01174,meta,2024-03-17,CA,True
CUST01175,organic,2024-07-02,GB,False
CUST01176,referral,2024-02-22,AU,True
CUST01177,google,2024-10-31,GB,True
CUST01178,meta,2024-06-03,GB,True
CUST01179,meta,2024-11-12,AU,True
CUST01180,tiktok,2024-06-23,GB,True
CUST01181,google,2024-08-05,FR,True
CUST01182,google,2024-01-08,US,True
CUST01183,google,2024-08-12,US,True
CUST01184,meta,2024-10-30,GB,False
CUST01185,tiktok,2024-10-27,AU,False
CUST01186,meta,2024-08-26,US,True
CUST01187,tiktok,2024-03-06,NL,False
CUST01188,tiktok,2024-09-02,US,True
CUST01189,meta,2024-01-31,GB,True
CUST01190,meta,2024-09-10,GB,False
CUST01191,organic,2024-04-15,FR,True
CUST01192,google,2024-10-17,CA,False
CUST01193,meta,2024-03-05,GB,True
CUST01194,meta,2024-09-14,DE,True
CUST01195,meta,2024-03-22,GB,True
CUST01196,google,2024-07-02,GB,False
CUST01197,organic,2024-07-22,GB,True
CUST01198,meta,2024-08-28,DE,False
CUST01199,meta,2024-04-30,DE,False
CUST01200,meta,2024-08-31,US,True
CUST01201,meta,2024-01-12,US,True
CUST01202,google,2024-07-03,AU,True
CUST01203,google,2024-08-01,CA,True
CUST01204,google,2024-08-17,US,False
CUST01205,tiktok,2024-07-22,US,True
CUST01206,google,2024-07-06,FR,False
CUST01207,meta,2024-04-29,GB,True
CUST01208,meta,2024-01-05,FR,True
CUST01209,meta,2024-05-13,US,False
CUST01210,google,2024-10-20,GB,False
CUST01211,meta,2024-11-05,GB,True
CUST01212,meta,2024-07-31,US,False
CUST01213,meta,2024-06-02,DE,False
CUST01214,meta,2024-11-17,GB,False
CUST01215,meta,2024-08-30,FR,True
CUST01216,tiktok,2024-04-20,US,True
CUST01217,meta,2024-06-09,GB,True
CUST01218,meta,2024-04-22,US,False
CUST01219,tiktok,2024-04-15,US,True
CUST01220,meta,2024-01-08,CA,True
CUST01221,referral,2024-03-13,GB,True
CUST01222,google,2024-10-04,GB,True
CUST01223,meta,2024-02-28,GB,False
CUST01224,organic,2024-05-01,US,True
CUST01225,tiktok,2024-06-29,GB,True
CUST01226,organic,2024-11-23,GB,True
CUST01227,meta,2024-10-28,US,True
CUST01228,organic,2024-03-15,GB,False
CUST01229,meta,2024-11-17,CA,True
CUST01230,organic,2024-05-29,US,True
CUST01231,google,2024-03-18,FR,True
CUST01232,meta,2024-07-02,CA,True
CUST01233,tiktok,2024-03-02,GB,True
CUST01234,google,2024-04-08,GB,True
CUST01235,organic,2024-01-21,GB,True
CUST01236,tiktok,2024-04-01,GB,True
CUST01237,meta,2024-11-04,GB,True
CUST01238,referral,2024-01-04,US,False
CUST01239,google,2024-09-24,US,True
CUST01240,meta,2024-04-06,GB,True
CUST01241,tiktok,2024-10-21,GB,True
CUST01242,google,2024-09-29,GB,False
CUST01243,meta,2024-03-31,US,True
CUST01244,organic,2024-11-08,DE,True
CUST01245,meta,2024-09-24,DE,True
CUST01246,google,2024-01-16,US,True
CUST01247,tiktok,2024-07-29,GB,True
CUST01248,meta,2024-07-30,DE,True
CUST01249,google,2024-11-18,AU,True
CUST01250,google,2024-01-27,US,True
CUST01251,meta,2024-07-29,GB,False
CUST01252,meta,2024-10-11,GB,True
CUST01253,tiktok,2024-10-28,GB,True
CUST01254,referral,2024-09-12,FR,True
CUST01255,tiktok,2024-07-22,FR,True
CUST01256,meta,2024-08-26,US,True
CUST01257,meta,2024-02-12,DE,True
CUST01258,email,2024-11-20,GB,True
CUST01259,meta,2024-03-19,GB,True
CUST01260,tiktok,2024-08-09,US,False
CUST01261,tiktok,2024-07-23,US,True
CUST01262,meta,2024-05-22,DE,True
CUST01263,tiktok,2024-03-22,NL,True
CUST01264,organic,2024-06-30,GB,False
CUST01265,meta,2024-11-15,DE,True
CUST01266,meta,2024-07-24,GB,True
CUST01267,email,2024-01-31,CA,True
CUST01268,tiktok,2024-02-09,US,True
CUST01269,google,2024-03-16,GB,True
CUST01270,tiktok,2024-08-04,US,True
CUST01271,tiktok,2024-10-24,US,False
CUST01272,tiktok,2024-09-29,AU,True
CUST01273,meta,2024-11-03,US,True
CUST01274,meta,2024-09-12,CA,False
CUST01275,email,2024-05-16,US,True
CUST01276,meta,2024-11-24,FR,False
CUST01277,tiktok,2024-11-16,US,True
CUST01278,organic,2024-05-25,NL,True
CUST01279,referral,2024-05-19,US,False
CUST01280,tiktok,2024-01-01,CA,True
CUST01281,meta,2024-07-20,AU,True
CUST01282,referral,2024-04-26,GB,True
CUST01283,organic,2024-01-09,NL,True
CUST01284,google,2024-08-03,US,True
CUST01285,meta,2024-02-06,US,True
CUST01286,meta,2024-04-12,US,True
CUST01287,organic,2024-04-09,GB,False
CUST01288,email,2024-08-09,DE,True
CUST01289,google,2024-11-03,US,True
CUST01290,tiktok,2024-08-19,GB,False
CUST01291,organic,2024-01-31,NL,True
CUST01292,organic,2024-05-15,US,True
CUST01293,meta,2024-10-26,DE,True
CUST01294,organic,2024-09-03,US,True
CUST01295,meta,2024-07-22,US,True
CUST01296,google,2024-05-06,GB,True
CUST01297,tiktok,2024-09-18,US,False
CUST01298,google,2024-10-19,US,True
CUST01299,meta,2024-06-16,US,True
CUST01300,meta,2024-05-10,US,True
CUST01301,meta,2024-07-31,GB,False
CUST01302,tiktok,2024-10-27,FR,False
CUST01303,meta,2024-08-05,US,True
CUST01304,tiktok,2024-08-05,DE,True
CUST01305,meta,2024-04-04,FR,True
CUST01306,email,2024-09-22,GB,False
CUST01307,meta,2024-06-13,GB,True
CUST01308,tiktok,2024-08-18,FR,True
CUST01309,tiktok,2024-05-15,CA,False
CUST01310,meta,2024-08-30,GB,True
CUST01311,tiktok,2024-03-18,GB,True
CUST01312,tiktok,2024-02-13,GB,True
CUST01313,organic,2024-11-19,GB,True
CUST01314,google,2024-04-28,GB,True
CUST01315,google,2024-10-14,GB,True
CUST01316,google,2024-08-01,DE,True
CUST01317,tiktok,2024-09-26,GB,True
CUST01318,meta,2024-04-09,GB,True
CUST01319,google,2024-01-21,NL,True
CUST01320,tiktok,2024-05-30,DE,True
CUST01321,meta,2024-02-11,AU,False
CUST01322,referral,2024-03-30,US,True
CUST01323,google,2024-05-02,US,True
CUST01324,meta,2024-03-13,CA,True
CUST01325,meta,2024-01-16,US,True
CUST01326,meta,2024-07-09,GB,True
CUST01327,meta,2024-09-22,US,True
CUST01328,meta,2024-07-13,GB,True
CUST01329,organic,2024-05-30,FR,True
CUST01330,email,2024-08-03,GB,True
CUST01331,tiktok,2024-06-01,GB,False
CUST01332,referral,2024-07-21,US,True
CUST01333,meta,2024-06-11,GB,True
CUST01334,meta,2024-08-23,US,True
CUST01335,meta,2024-09-10,US,True
CUST01336,meta,2024-11-30,DE,True
CUST01337,referral,2024-06-16,CA,True
CUST01338,email,2024-09-11,NL,True
CUST01339,google,2024-01-27,NL,True
CUST01340,meta,2024-03-12,AU,True
CUST01341,meta,2024-10-24,CA,False
CUST01342,google,2024-04-27,NL,True
CUST01343,organic,2024-02-29,GB,True
CUST01344,organic,2024-01-11,US,True
CUST01345,google,2024-08-23,GB,True
CUST01346,tiktok,2024-03-30,US,False
CUST01347,google,2024-02-22,US,True
CUST01348,organic,2024-03-12,US,True
CUST01349,meta,2024-03-04,GB,True
CUST01350,email,2024-04-14,GB,True
CUST01351,meta,2024-10-21,GB,False
CUST01352,google,2024-08-27,GB,False
CUST01353,google,2024-04-05,FR,False
CUST01354,meta,2024-10-06,US,True
CUST01355,meta,2024-07-21,US,True
CUST01356,google,2024-04-05,US,True
CUST01357,meta,2024-08-04,FR,True
CUST01358,meta,2024-03-14,US,True
CUST01359,organic,2024-10-27,US,False
CUST01360,tiktok,2024-04-24,GB,True
CUST01361,organic,2024-06-29,US,True
CUST01362,organic,2024-03-10,NL,True
CUST01363,google,2024-06-01,US,True
CUST01364,google,2024-06-25,DE,True
CUST01365,meta,2024-06-25,GB,True
CUST01366,tiktok,2024-10-05,GB,False
CUST01367,meta,2024-09-03,US,False
CUST01368,organic,2024-10-09,US,True
CUST01369,google,2024-05-27,GB,True
CUST01370,google,2024-05-10,DE,True
CUST01371,organic,2024-03-03,GB,True
CUST01372,meta,2024-06-11,DE,False
CUST01373,tiktok,2024-04-22,GB,True
CUST01374,meta,2024-03-19,FR,True
CUST01375,google,2024-06-27,US,True
CUST01376,organic,2024-08-24,GB,False
CUST01377,google,2024-06-25,GB,True
CUST01378,organic,2024-04-05,GB,True
CUST01379,meta,2024-01-19,GB,True
CUST01380,meta,2024-01-15,GB,True
CUST01381,email,2024-05-08,GB,False
CUST01382,meta,2024-03-10,GB,True
CUST01383,tiktok,2024-06-25,US,True
CUST01384,organic,2024-02-06,GB,False
CUST01385,meta,2024-11-14,US,True
CUST01386,google,2024-04-23,GB,True
CUST01387,google,2024-05-07,US,True
CUST01388,meta,2024-08-25,US,True
CUST01389,tiktok,2024-07-06,US,True
CUST01390,tiktok,2024-06-14,GB,True
CUST01391,tiktok,2024-02-20,US,False
CUST01392,organic,2024-07-10,AU,True
CUST01393,meta,2024-10-02,GB,True
CUST01394,google,2024-01-10,FR,True
CUST01395,tiktok,2024-11-06,US,True
CUST01396,meta,2024-05-09,FR,True
CUST01397,tiktok,2024-01-05,DE,True
CUST01398,meta,2024-11-02,GB,True
CUST01399,meta,2024-10-24,DE,True
CUST01400,tiktok,2024-06-02,US,True
CUST01401,meta,2024-11-19,GB,True
CUST01402,google,2024-09-18,US,True
CUST01403,meta,2024-09-07,GB,False
CUST01404,organic,2024-07-27,US,False
CUST01405,meta,2024-10-15,US,True
CUST01406,google,2024-08-03,GB,True
CUST01407,email,2024-11-06,FR,True
CUST01408,meta,2024-02-27,GB,False
CUST01409,google,2024-08-31,GB,False
CUST01410,google,2024-03-13,AU,True
CUST01411,organic,2024-09-30,DE,True
CUST01412,meta,2024-06-09,AU,True
CUST01413,organic,2024-06-24,GB,True
CUST01414,meta,2024-03-08,FR,True
CUST01415,google,2024-02-05,GB,False
CUST01416,meta,2024-07-13,GB,False
CUST01417,organic,2024-10-11,GB,True
CUST01418,organic,2024-02-25,GB,True
CUST01419,tiktok,2024-03-20,US,True
CUST01420,meta,2024-01-02,GB,True
CUST01421,google,2024-05-09,GB,True
CUST01422,google,2024-01-09,GB,True
CUST01423,meta,2024-05-04,GB,True
CUST01424,google,2024-10-27,GB,True
CUST01425,meta,2024-03-02,GB,True
CUST01426,google,2024-03-21,US,True
CUST01427,email,2024-02-24,FR,True
CUST01428,meta,2024-03-07,US,True
CUST01429,google,2024-07-28,GB,False
CUST01430,meta,2024-09-19,US,True
CUST01431,meta,2024-06-14,DE,False
CUST01432,meta,2024-08-27,GB,True
CUST01433,organic,2024-10-03,FR,True
CUST01434,organic,2024-10-20,US,True
CUST01435,organic,2024-11-11,DE,True
CUST01436,meta,2024-06-25,US,False
CUST01437,meta,2024-07-01,GB,True
CUST01438,meta,2024-05-21,DE,True
CUST01439,organic,2024-11-02,GB,False
CUST01440,meta,2024-01-12,GB,False
CUST01441,organic,2024-06-28,GB,True
CUST01442,google,2024-08-22,US,False
CUST01443,tiktok,2024-11-13,GB,True
CUST01444,meta,2024-11-03,US,False
CUST01445,tiktok,2024-04-02,US,False
CUST01446,meta,2024-05-29,GB,False
CUST01447,referral,2024-10-31,US,True
CUST01448,tiktok,2024-07-30,GB,True
CUST01449,email,2024-10-14,US,False
CUST01450,google,2024-02-14,US,True
CUST01451,google,2024-11-15,GB,False
CUST01452,google,2024-01-28,DE,False
CUST01453,google,2024-05-07,DE,True
CUST01454,organic,2024-03-25,AU,True
CUST01455,meta,2024-10-21,GB,True
CUST01456,tiktok,2024-05-31,US,True
CUST01457,organic,2024-09-21,GB,True
CUST01458,tiktok,2024-06-17,NL,True
CUST01459,meta,2024-08-14,CA,False
CUST01460,meta,2024-11-25,GB,True
CUST01461,referral,2024-08-01,GB,True
CUST01462,organic,2024-02-12,AU,True
CUST01463,tiktok,2024-06-16,US,True
CUST01464,meta,2024-10-03,US,True
CUST01465,meta,2024-09-14,GB,False
CUST01466,email,2024-11-23,AU,True
CUST01467,referral,2024-04-22,DE,True
CUST01468,meta,2024-01-05,GB,False
CUST01469,google,2024-09-12,CA,True
CUST01470,tiktok,2024-02-23,US,False
CUST01471,tiktok,2024-11-02,NL,True
CUST01472,google,2024-06-25,US,False
CUST01473,meta,2024-05-29,GB,True
CUST01474,google,2024-08-12,DE,True
CUST01475,email,2024-06-08,US,True
CUST01476,google,2024-01-15,DE,True
CUST01477,google,2024-08-13,DE,True
CUST01478,tiktok,2024-10-10,CA,True
CUST01479,google,2024-06-29,US,True
CUST01480,google,2024-04-05,DE,True
CUST01481,tiktok,2024-09-22,FR,True
CUST01482,meta,2024-08-26,GB,True
CUST01483,google,2024-07-01,NL,True
CUST01484,meta,2024-06-12,CA,True
CUST01485,meta,2024-04-22,DE,True
CUST01486,organic,2024-10-09,GB,False
CUST01487,meta,2024-08-12,GB,True
CUST01488,tiktok,2024-11-10,GB,False
CUST01489,meta,2024-02-02,GB,True
CUST01490,meta,2024-04-07,GB,True
CUST01491,tiktok,2024-01-06,US,True
CUST01492,google,2024-09-12,FR,True
CUST01493,tiktok,2024-10-30,US,True
CUST01494,referral,2024-05-13,CA,True
CUST01495,google,2024-11-21,CA,False
CUST01496,tiktok,2024-04-02,DE,True
CUST01497,google,2024-03-22,AU,True
CUST01498,meta,2024-09-06,FR,True
CUST01499,google,2024-03-06,US,False
CUST01500,email,2024-10-16,NL,True
CUST01501,tiktok,2024-05-27,US,True
CUST01502,google,2024-02-26,US,True
CUST01503,google,2024-11-05,DE,True
CUST01504,email,2024-02-07,US,False
CUST01505,email,2024-08-25,AU,True
CUST01506,meta,2024-04-14,GB,False
CUST01507,organic,2024-06-28,DE,True
CUST01508,meta,2024-07-20,DE,True
CUST01509,google,2024-05-01,DE,True
CUST01510,google,2024-01-05,US,False
CUST01511,meta,2024-05-16,GB,True
CUST01512,meta,2024-01-14,GB,True
CUST01513,tiktok,2024-08-20,DE,True
CUST01514,organic,2024-02-03,GB,True
CUST01515,tiktok,2024-02-13,GB,False
CUST01516,email,2024-09-13,US,True
CUST01517,google,2024-10-25,NL,True
CUST01518,meta,2024-04-09,GB,True
CUST01519,meta,2024-05-28,CA,True
CUST01520,meta,2024-11-11,US,False
CUST01521,tiktok,2024-03-18,GB,False
CUST01522,meta,2024-02-12,FR,True
CUST01523,tiktok,2024-08-26,NL,True
CUST01524,meta,2024-02-10,GB,True
CUST01525,google,2024-10-28,AU,True
CUST01526,tiktok,2024-09-10,NL,False
CUST01527,meta,2024-04-13,GB,False
CUST01528,meta,2024-08-11,DE,False
CUST01529,google,2024-07-04,AU,True
CUST01530,meta,2024-07-28,US,False
CUST01531,google,2024-02-17,NL,True
CUST01532,tiktok,2024-05-09,US,True
CUST01533,google,2024-05-21,CA,True
CUST01534,google,2024-11-22,FR,True
CUST01535,google,2024-03-09,CA,True
CUST01536,tiktok,2024-04-26,AU,True
CUST01537,meta,2024-07-07,US,True
CUST01538,meta,2024-02-24,GB,True
CUST01539,meta,2024-07-08,FR,True
CUST01540,google,2024-07-13,AU,False
CUST01541,meta,2024-01-07,GB,True
CUST01542,meta,2024-06-06,FR,False
CUST01543,organic,2024-09-20,US,True
CUST01544,meta,2024-01-28,GB,True
CUST01545,email,2024-07-02,US,True
CUST01546,tiktok,2024-09-29,GB,True
CUST01547,organic,2024-04-29,GB,True
CUST01548,google,2024-11-20,FR,True
CUST01549,google,2024-02-14,FR,True
CUST01550,organic,2024-01-25,US,False
CUST01551,meta,2024-05-05,DE,True
CUST01552,organic,2024-05-04,FR,True
CUST01553,meta,2024-08-18,GB,True
CUST01554,organic,2024-02-24,GB,True
CUST01555,meta,2024-08-02,GB,True
CUST01556,meta,2024-02-21,AU,False
CUST01557,meta,2024-10-29,AU,True
CUST01558,meta,2024-01-03,NL,True
CUST01559,tiktok,2024-06-10,FR,False
CUST01560,meta,2024-09-25,GB,True
CUST01561,google,2024-07-22,GB,True
CUST01562,tiktok,2024-08-25,US,False
CUST01563,email,2024-08-25,US,True
CUST01564,google,2024-05-15,US,True
CUST01565,referral,2024-02-15,CA,True
CUST01566,referral,2024-10-22,US,False
CUST01567,tiktok,2024-10-26,GB,True
CUST01568,meta,2024-03-16,GB,False
CUST01569,meta,2024-07-12,DE,True
CUST01570,tiktok,2024-01-21,GB,False
CUST01571,meta,2024-04-07,FR,False
CUST01572,meta,2024-01-17,GB,True
CUST01573,organic,2024-03-02,US,True
CUST01574,organic,2024-01-28,DE,True
CUST01575,meta,2024-06-11,DE,True
CUST01576,organic,2024-03-30,GB,True
CUST01577,tiktok,2024-04-02,AU,False
CUST01578,meta,2024-03-26,US,True
CUST01579,meta,2024-06-18,NL,False
CUST01580,meta,2024-03-10,GB,True
CUST01581,meta,2024-09-02,GB,True
CUST01582,meta,2024-02-19,US,True
CUST01583,meta,2024-02-23,US,False
CUST01584,organic,2024-03-07,GB,True
CUST01585,meta,2024-08-22,FR,True
CUST01586,referral,2024-08-12,AU,True
CUST01587,organic,2024-06-08,US,True
CUST01588,google,2024-08-17,US,True
CUST01589,google,2024-10-10,AU,True
CUST01590,google,2024-05-07,GB,True
CUST01591,organic,2024-08-10,US,True
CUST01592,referral,2024-01-16,DE,True
CUST01593,google,2024-06-14,US,True
CUST01594,google,2024-06-24,GB,True
CUST01595,tiktok,2024-09-26,NL,True
CUST01596,meta,2024-05-19,US,True
CUST01597,google,2024-01-07,GB,False
CUST01598,google,2024-11-29,US,False
CUST01599,organic,2024-06-29,AU,False
CUST01600,organic,2024-03-12,US,False
CUST01601,tiktok,2024-09-30,AU,True
CUST01602,organic,2024-05-29,GB,True
CUST01603,google,2024-04-25,GB,True
CUST01604,tiktok,2024-11-01,US,True
CUST01605,email,2024-10-12,US,True
CUST01606,meta,2024-01-21,US,True
CUST01607,meta,2024-05-21,US,True
CUST01608,tiktok,2024-08-05,GB,True
CUST01609,google,2024-04-02,US,True
CUST01610,tiktok,2024-10-19,GB,True
CUST01611,google,2024-04-13,US,True
CUST01612,meta,2024-01-25,US,True
CUST01613,tiktok,2024-07-01,DE,True
CUST01614,tiktok,2024-06-24,FR,True
CUST01615,organic,2024-03-14,US,True
CUST01616,organic,2024-05-31,GB,True
CUST01617,meta,2024-02-12,GB,True
CUST01618,meta,2024-07-11,GB,True
CUST01619,google,2024-04-23,DE,True
CUST01620,meta,2024-07-03,US,True
CUST01621,meta,2024-04-23,GB,True
CUST01622,email,2024-11-20,US,False
CUST01623,meta,2024-08-12,US,True
CUST01624,google,2024-07-07,DE,False
CUST01625,meta,2024-06-26,GB,True
CUST01626,organic,2024-03-07,GB,True
CUST01627,organic,2024-04-21,GB,True
CUST01628,google,2024-04-20,GB,True
CUST01629,google,2024-10-03,GB,True
CUST01630,tiktok,2024-11-21,NL,True
CUST01631,meta,2024-03-03,GB,True
CUST01632,meta,2024-08-11,GB,True
CUST01633,google,2024-03-20,GB,True
CUST01634,meta,2024-05-13,US,True
CUST01635,meta,2024-07-26,NL,False
CUST01636,organic,2024-07-12,NL,True
CUST01637,meta,2024-03-01,DE,True
CUST01638,tiktok,2024-09-08,US,True
CUST01639,referral,2024-10-19,US,True
CUST01640,google,2024-11-06,NL,False
CUST01641,tiktok,2024-05-11,DE,True
CUST01642,tiktok,2024-02-24,GB,True
CUST01643,tiktok,2024-06-04,GB,True
CUST01644,meta,2024-02-05,US,True
CUST01645,google,2024-08-14,FR,True
CUST01646,meta,2024-03-17,US,False
CUST01647,tiktok,2024-09-19,GB,False
CUST01648,google,2024-03-16,US,True
CUST01649,meta,2024-09-15,GB,False
CUST01650,meta,2024-05-23,GB,True
CUST01651,meta,2024-05-16,US,True
CUST01652,tiktok,2024-03-24,US,False
CUST01653,google,2024-11-08,GB,False
CUST01654,organic,2024-10-09,GB,True
CUST01655,meta,2024-02-25,US,True
CUST01656,email,2024-01-26,US,False
CUST01657,meta,2024-02-04,US,True
CUST01658,meta,2024-06-09,US,True
CUST01659,meta,2024-03-18,US,False
CUST01660,organic,2024-01-17,GB,True
CUST01661,google,2024-07-10,US,True
CUST01662,meta,2024-11-03,GB,False
CUST01663,tiktok,2024-02-18,AU,False
CUST01664,google,2024-03-10,DE,True
CUST01665,meta,2024-01-12,GB,True
CUST01666,tiktok,2024-08-20,US,False
CUST01667,tiktok,2024-04-10,US,True
CUST01668,google,2024-05-24,US,True
CUST01669,google,2024-03-04,GB,False
CUST01670,meta,2024-09-26,GB,True
CUST01671,google,2024-05-20,NL,True
CUST01672,meta,2024-01-19,US,True
CUST01673,meta,2024-07-18,US,True
CUST01674,organic,2024-08-20,US,True
CUST01675,organic,2024-11-17,FR,True
CUST01676,tiktok,2024-09-23,US,True
CUST01677,meta,2024-11-15,GB,True
CUST01678,organic,2024-05-24,US,True
CUST01679,meta,2024-02-09,US,True
CUST01680,organic,2024-11-04,US,True
CUST01681,google,2024-06-11,GB,True
CUST01682,google,2024-01-07,GB,True
CUST01683,organic,2024-02-23,AU,True
CUST01684,tiktok,2024-03-07,GB,True
CUST01685,meta,2024-03-27,DE,True
CUST01686,meta,2024-04-29,GB,True
CUST01687,tiktok,2024-06-13,FR,True
CUST01688,organic,2024-01-08,FR,True
CUST01689,meta,2024-03-17,FR,True
CUST01690,meta,2024-07-01,GB,True
CUST01691,tiktok,2024-04-27,FR,True
CUST01692,meta,2024-08-21,NL,True
CUST01693,meta,2024-09-17,GB,True
CUST01694,meta,2024-08-13,GB,True
CUST01695,google,2024-07-15,GB,True
CUST01696,meta,2024-07-24,GB,True
CUST01697,email,2024-03-07,US,True
CUST01698,email,2024-03-24,AU,False
CUST01699,tiktok,2024-05-22,GB,True
CUST01700,organic,2024-03-11,CA,False
CUST01701,google,2024-03-24,US,True
CUST01702,google,2024-02-18,US,False
CUST01703,meta,2024-10-23,GB,True
CUST01704,meta,2024-02-01,GB,True
CUST01705,tiktok,2024-06-26,GB,False
CUST01706,google,2024-03-28,GB,False
CUST01707,organic,2024-03-14,AU,False
CUST01708,meta,2024-09-20,GB,False
CUST01709,meta,2024-09-18,US,True
CUST01710,meta,2024-02-16,US,True
CUST01711,email,2024-10-14,CA,True
CUST01712,referral,2024-05-21,GB,False
CUST01713,meta,2024-02-17,US,False
CUST01714,organic,2024-04-18,FR,True
CUST01715,organic,2024-10-20,US,False
CUST01716,google,2024-05-18,US,False
CUST01717,google,2024-07-07,GB,False
CUST01718,meta,2024-02-11,US,True
CUST01719,email,2024-09-01,GB,True
CUST01720,meta,2024-11-18,DE,True
CUST01721,tiktok,2024-05-28,GB,True
CUST01722,tiktok,2024-08-29,FR,False
CUST01723,google,2024-11-03,GB,False
CUST01724,google,2024-07-09,US,True
CUST01725,meta,2024-10-23,US,True
CUST01726,google,2024-05-28,AU,False
CUST01727,meta,2024-06-27,GB,True
CUST01728,meta,2024-10-01,US,True
CUST01729,meta,2024-10-04,FR,False
CUST01730,google,2024-09-13,US,False
CUST01731,google,2024-07-03,GB,True
CUST01732,meta,2024-05-31,US,False
CUST01733,tiktok,2024-08-27,FR,True
CUST01734,meta,2024-05-04,US,True
CUST01735,meta,2024-11-21,FR,True
CUST01736,organic,2024-10-24,GB,True
CUST01737,meta,2024-06-15,US,True
CUST01738,tiktok,2024-01-22,GB,True
CUST01739,meta,2024-08-18,DE,True
CUST01740,meta,2024-02-14,GB,True
CUST01741,google,2024-01-15,AU,False
CUST01742,meta,2024-04-13,US,True
CUST01743,meta,2024-05-02,US,True
CUST01744,google,2024-11-09,DE,True
CUST01745,google,2024-05-10,FR,True
CUST01746,tiktok,2024-03-05,US,False
CUST01747,google,2024-03-19,AU,True
CUST01748,organic,2024-11-22,GB,True
CUST01749,meta,2024-01-19,US,True
CUST01750,tiktok,2024-08-30,GB,True
CUST01751,meta,2024-08-17,GB,False
CUST01752,meta,2024-06-14,FR,True
CUST01753,organic,2024-07-14,US,True
CUST01754,google,2024-03-18,GB,False
CUST01755,organic,2024-09-17,GB,True
CUST01756,tiktok,2024-08-31,AU,False
CUST01757,tiktok,2024-03-23,FR,False
CUST01758,email,2024-04-14,US,False
CUST01759,tiktok,2024-08-07,GB,True
CUST01760,google,2024-05-21,GB,True
CUST01761,google,2024-11-23,GB,True
CUST01762,meta,2024-09-03,US,True
CUST01763,meta,2024-09-07,DE,True
CUST01764,meta,2024-06-06,GB,True
CUST01765,organic,2024-04-05,GB,False
CUST01766,referral,2024-08-05,US,True
CUST01767,meta,2024-03-19,GB,True
CUST01768,organic,2024-11-02,DE,True
CUST01769,organic,2024-09-07,CA,False
CUST01770,meta,2024-10-30,AU,True
CUST01771,tiktok,2024-05-01,AU,False
CUST01772,tiktok,2024-05-21,AU,False
CUST01773,tiktok,2024-11-22,GB,True
CUST01774,tiktok,2024-08-09,NL,True
CUST01775,organic,2024-07-11,GB,True
CUST01776,organic,2024-10-27,GB,False
CUST01777,tiktok,2024-11-08,GB,False
CUST01778,meta,2024-03-25,GB,True
CUST01779,google,2024-06-19,AU,True
CUST01780,google,2024-07-09,DE,True
CUST01781,google,2024-05-02,US,True
CUST01782,organic,2024-04-17,NL,True
CUST01783,tiktok,2024-07-03,FR,True
CUST01784,referral,2024-09-07,US,True
CUST01785,email,2024-09-25,DE,True
CUST01786,meta,2024-08-02,US,True
CUST01787,tiktok,2024-11-11,US,True
CUST01788,google,2024-11-29,GB,False
CUST01789,meta,2024-04-09,NL,True
CUST01790,meta,2024-04-25,AU,False
CUST01791,meta,2024-09-02,FR,False
CUST01792,meta,2024-11-02,AU,False
CUST01793,tiktok,2024-07-01,NL,True
CUST01794,google,2024-10-05,NL,True
CUST01795,meta,2024-11-16,GB,True
CUST01796,google,2024-05-16,DE,True
CUST01797,tiktok,2024-06-25,FR,True
CUST01798,google,2024-09-01,US,True
CUST01799,meta,2024-06-04,GB,True
CUST01800,meta,2024-02-13,US,True
CUST01801,google,2024-11-24,US,True
CUST01802,google,2024-06-24,DE,True
CUST01803,tiktok,2024-03-08,FR,True
CUST01804,meta,2024-03-18,US,False
CUST01805,email,2024-05-26,AU,True
CUST01806,email,2024-01-09,NL,True
CUST01807,referral,2024-02-04,GB,True
CUST01808,google,2024-01-20,US,True
CUST01809,meta,2024-02-27,US,True
CUST01810,tiktok,2024-01-06,US,False
CUST01811,tiktok,2024-11-17,GB,True
CUST01812,email,2024-03-15,FR,True
CUST01813,tiktok,2024-04-21,US,False
CUST01814,meta,2024-11-28,GB,True
CUST01815,tiktok,2024-10-09,US,False
CUST01816,meta,2024-11-03,GB,True
CUST01817,tiktok,2024-04-01,NL,True
CUST01818,tiktok,2024-08-14,US,True
CUST01819,meta,2024-07-01,GB,False
CUST01820,meta,2024-09-23,US,False
CUST01821,google,2024-10-12,GB,True
CUST01822,meta,2024-01-21,GB,True
CUST01823,email,2024-08-23,CA,True
CUST01824,meta,2024-01-03,US,True
CUST01825,tiktok,2024-06-02,GB,True
CUST01826,meta,2024-08-13,GB,False
CUST01827,organic,2024-05-11,GB,True
CUST01828,google,2024-10-02,GB,True
CUST01829,meta,2024-05-01,GB,True
CUST01830,meta,2024-10-17,US,True
CUST01831,organic,2024-08-26,NL,True
CUST01832,organic,2024-06-18,GB,False
CUST01833,email,2024-10-23,US,False
CUST01834,meta,2024-01-21,GB,True
CUST01835,google,2024-01-14,GB,False
CUST01836,meta,2024-06-18,AU,False
CUST01837,google,2024-01-16,CA,False
CUST01838,google,2024-06-26,AU,True
CUST01839,meta,2024-02-18,GB,True
CUST01840,organic,2024-03-11,DE,True
CUST01841,organic,2024-08-06,US,True
CUST01842,organic,2024-07-23,GB,True
CUST01843,organic,2024-04-05,DE,True
CUST01844,meta,2024-01-11,CA,True
CUST01845,meta,2024-06-02,NL,True
CUST01846,meta,2024-11-21,GB,False
CUST01847,tiktok,2024-11-18,US,True
CUST01848,tiktok,2024-08-18,GB,True
CUST01849,tiktok,2024-09-11,US,True
CUST01850,organic,2024-03-23,FR,True
CUST01851,organic,2024-05-05,DE,False
CUST01852,meta,2024-02-05,GB,False
CUST01853,meta,2024-02-04,GB,False
CUST01854,google,2024-10-29,US,True
CUST01855,meta,2024-02-16,FR,True
CUST01856,tiktok,2024-09-23,US,True
CUST01857,meta,2024-11-19,GB,False
CUST01858,google,2024-05-30,US,False
CUST01859,organic,2024-02-05,FR,True
CUST01860,tiktok,2024-06-17,GB,True
CUST01861,tiktok,2024-06-29,US,True
CUST01862,google,2024-07-11,US,True
CUST01863,google,2024-04-22,GB,False
CUST01864,meta,2024-04-26,GB,True
CUST01865,meta,2024-11-22,US,True
CUST01866,meta,2024-08-01,GB,True
CUST01867,google,2024-07-17,GB,True
CUST01868,meta,2024-05-18,GB,True
CUST01869,tiktok,2024-02-14,US,True
CUST01870,meta,2024-11-23,GB,True
CUST01871,google,2024-05-01,US,False
CUST01872,organic,2024-08-30,GB,True
CUST01873,meta,2024-03-22,DE,True
CUST01874,meta,2024-09-18,US,True
CUST01875,meta,2024-06-02,GB,False
CUST01876,tiktok,2024-06-27,AU,False
CUST01877,tiktok,2024-04-27,CA,True
CUST01878,tiktok,2024-09-25,DE,False
CUST01879,meta,2024-11-08,GB,True
CUST01880,meta,2024-03-15,GB,True
CUST01881,meta,2024-11-29,US,True
CUST01882,meta,2024-09-09,AU,True
CUST01883,meta,2024-02-03,US,False
CUST01884,meta,2024-06-12,GB,True
CUST01885,tiktok,2024-10-13,CA,False
CUST01886,organic,2024-01-08,US,True
CUST01887,google,2024-04-24,AU,True
CUST01888,meta,2024-05-09,US,False
CUST01889,organic,2024-06-10,DE,True
CUST01890,google,2024-01-15,US,False
CUST01891,tiktok,2024-03-31,US,False
CUST01892,meta,2024-08-11,GB,False
CUST01893,meta,2024-07-02,US,True
CUST01894,tiktok,2024-06-23,GB,True
CUST01895,meta,2024-10-09,GB,True
CUST01896,meta,2024-07-16,NL,True
CUST01897,organic,2024-08-21,DE,False
CUST01898,organic,2024-02-20,DE,False
CUST01899,organic,2024-06-10,DE,True
CUST01900,google,2024-11-05,CA,True
CUST01901,meta,2024-08-29,DE,True
CUST01902,google,2024-09-16,GB,True
CUST01903,google,2024-08-23,FR,False
CUST01904,meta,2024-04-27,US,True
CUST01905,organic,2024-05-19,US,True
CUST01906,organic,2024-03-08,AU,True
CUST01907,meta,2024-11-09,US,True
CUST01908,google,2024-02-16,US,True
CUST01909,meta,2024-10-31,GB,True
CUST01910,organic,2024-02-28,AU,True
CUST01911,meta,2024-10-01,NL,False
CUST01912,organic,2024-11-22,CA,True
CUST01913,google,2024-11-15,US,True
CUST01914,meta,2024-09-01,GB,True
CUST01915,tiktok,2024-03-01,DE,False
CUST01916,organic,2024-10-11,GB,True
CUST01917,organic,2024-05-09,GB,True
CUST01918,referral,2024-06-19,FR,True
CUST01919,organic,2024-04-05,US,True
CUST01920,meta,2024-07-15,GB,False
CUST01921,tiktok,2024-05-20,GB,False
CUST01922,meta,2024-11-01,FR,False
CUST01923,organic,2024-06-07,CA,True
CUST01924,google,2024-01-12,FR,True
CUST01925,meta,2024-02-02,US,True
CUST01926,meta,2024-06-17,FR,True
CUST01927,meta,2024-08-11,US,True
CUST01928,google,2024-06-11,DE,True
CUST01929,tiktok,2024-10-07,NL,True
CUST01930,meta,2024-11-17,US,True
CUST01931,google,2024-09-28,US,False
CUST01932,meta,2024-09-27,FR,False
CUST01933,meta,2024-10-28,GB,True
CUST01934,meta,2024-07-27,DE,True
CUST01935,referral,2024-07-21,GB,True
CUST01936,google,2024-07-17,US,True
CUST01937,meta,2024-01-10,FR,True
CUST01938,organic,2024-04-03,GB,False
CUST01939,meta,2024-07-15,GB,True
CUST01940,tiktok,2024-04-10,US,True
CUST01941,tiktok,2024-10-20,GB,True
CUST01942,tiktok,2024-08-10,US,True
CUST01943,tiktok,2024-11-08,US,True
CUST01944,meta,2024-05-16,DE,True
CUST01945,meta,2024-10-04,DE,True
CUST01946,google,2024-05-07,GB,True
CUST01947,meta,2024-06-25,DE,False
CUST01948,meta,2024-02-01,US,True
CUST01949,meta,2024-07-03,GB,False
CUST01950,google,2024-08-16,FR,True
CUST01951,google,2024-08-14,US,False
CUST01952,email,2024-09-24,US,False
CUST01953,meta,2024-11-15,US,False
CUST01954,google,2024-10-03,CA,True
CUST01955,meta,2024-09-26,US,True
CUST01956,meta,2024-08-05,CA,False
CUST01957,meta,2024-02-12,US,True
CUST01958,meta,2024-07-22,US,True
CUST01959,meta,2024-04-27,GB,True
CUST01960,organic,2024-02-25,US,True
CUST01961,meta,2024-04-20,FR,False
CUST01962,meta,2024-01-01,GB,True
CUST01963,google,2024-06-11,GB,False
CUST01964,organic,2024-05-11,US,True
CUST01965,meta,2024-10-22,US,False
CUST01966,google,2024-09-16,AU,True
CUST01967,organic,2024-02-04,DE,False
CUST01968,meta,2024-05-30,US,True
CUST01969,organic,2024-09-17,DE,True
CUST01970,tiktok,2024-03-05,US,True
CUST01971,tiktok,2024-08-05,US,True
CUST01972,email,2024-03-15,US,True
CUST01973,google,2024-08-09,FR,True
CUST01974,tiktok,2024-02-16,US,True
CUST01975,organic,2024-04-16,GB,False
CUST01976,organic,2024-02-02,US,False
CUST01977,meta,2024-08-16,AU,True
CUST01978,google,2024-05-12,US,True
CUST01979,meta,2024-05-28,GB,True
CUST01980,meta,2024-07-29,GB,True
CUST01981,meta,2024-10-25,GB,False
CUST01982,meta,2024-09-20,US,True
CUST01983,meta,2024-03-11,GB,False
CUST01984,meta,2024-02-08,US,True
CUST01985,meta,2024-04-10,FR,True
CUST01986,meta,2024-01-21,FR,True
CUST01987,google,2024-07-10,US,True
CUST01988,meta,2024-04-14,US,False
CUST01989,google,2024-01-26,US,True
CUST01990,meta,2024-01-08,CA,True
CUST01991,organic,2024-04-05,DE,True
CUST01992,google,2024-04-28,US,True
CUST01993,referral,2024-10-31,US,True
CUST01994,meta,2024-10-30,CA,False
CUST01995,meta,2024-01-17,US,True
CUST01996,referral,2024-09-10,GB,False
CUST01997,google,2024-04-16,AU,False
CUST01998,organic,2024-05-16,GB,True
CUST01999,meta,2024-01-18,US,True
CUST02000,meta,2024-04-26,DE,True
CUST02001,google,2024-10-08,GB,False
CUST02002,tiktok,2024-03-22,CA,True
CUST02003,email,2024-09-21,US,False
CUST02004,meta,2024-04-16,CA,True
CUST02005,google,2024-03-22,US,True
CUST02006,meta,2024-09-25,NL,False
CUST02007,email,2024-01-02,DE,False
CUST02008,organic,2024-08-03,DE,False
CUST02009,meta,2024-07-27,AU,True
CUST02010,meta,2024-07-28,AU,False
CUST02011,meta,2024-09-18,CA,False
CUST02012,tiktok,2024-11-17,US,True
CUST02013,google,2024-02-18,NL,False
CUST02014,meta,2024-01-04,GB,True
CUST02015,email,2024-09-21,US,True
CUST02016,tiktok,2024-11-13,GB,True
CUST02017,referral,2024-03-31,CA,True
CUST02018,google,2024-04-19,DE,True
CUST02019,meta,2024-01-03,FR,False
CUST02020,organic,2024-02-13,US,False
CUST02021,google,2024-03-07,DE,True
CUST02022,google,2024-01-26,DE,True
CUST02023,email,2024-04-10,AU,True
CUST02024,organic,2024-03-15,GB,True
CUST02025,google,2024-09-21,US,False
CUST02026,tiktok,2024-09-05,DE,True
CUST02027,organic,2024-06-16,US,True
CUST02028,google,2024-09-21,US,True
CUST02029,meta,2024-10-07,GB,False
CUST02030,google,2024-07-25,GB,True
CUST02031,meta,2024-05-09,US,True
CUST02032,meta,2024-10-13,DE,True
CUST02033,meta,2024-04-07,GB,True
CUST02034,tiktok,2024-08-31,GB,False
CUST02035,meta,2024-11-09,FR,True
CUST02036,meta,2024-11-22,GB,True
CUST02037,organic,2024-05-12,FR,True
CUST02038,organic,2024-01-29,US,True
CUST02039,google,2024-08-30,GB,True
CUST02040,meta,2024-01-13,AU,True
CUST02041,meta,2024-10-30,NL,False
CUST02042,meta,2024-01-22,US,True
CUST02043,tiktok,2024-02-09,US,True
CUST02044,meta,2024-11-26,GB,False
CUST02045,organic,2024-03-31,FR,True
CUST02046,meta,2024-06-25,FR,True
CUST02047,tiktok,2024-05-11,DE,True
CUST02048,google,2024-06-25,US,True
CUST02049,meta,2024-02-09,DE,True
CUST02050,meta,2024-08-10,US,True
CUST02051,google,2024-06-12,US,True
CUST02052,meta,2024-04-04,GB,True
CUST02053,google,2024-05-01,US,True
CUST02054,google,2024-04-30,US,True
CUST02055,google,2024-02-27,US,True
CUST02056,referral,2024-05-23,US,True
CUST02057,meta,2024-01-23,FR,True
CUST02058,meta,2024-06-12,CA,True
CUST02059,meta,2024-10-31,GB,False
CUST02060,tiktok,2024-09-26,US,True
CUST02061,google,2024-11-26,CA,True
CUST02062,meta,2024-06-11,GB,True
CUST02063,meta,2024-07-11,GB,True
CUST02064,meta,2024-09-26,US,True
CUST02065,tiktok,2024-07-05,CA,True
CUST02066,tiktok,2024-11-09,GB,True
CUST02067,referral,2024-11-16,US,True
CUST02068,meta,2024-05-18,GB,True
CUST02069,meta,2024-06-20,US,True
CUST02070,referral,2024-01-18,GB,True
CUST02071,meta,2024-03-08,GB,True
CUST02072,organic,2024-05-11,GB,True
CUST02073,meta,2024-01-09,GB,True
CUST02074,organic,2024-01-09,GB,True
CUST02075,email,2024-05-11,GB,True
CUST02076,organic,2024-05-23,DE,False
CUST02077,meta,2024-10-03,GB,True
CUST02078,meta,2024-11-04,US,True
CUST02079,google,2024-05-03,CA,True
CUST02080,organic,2024-01-18,US,True
CUST02081,meta,2024-11-02,GB,True
CUST02082,organic,2024-02-19,CA,False
CUST02083,tiktok,2024-03-22,FR,True
CUST02084,google,2024-03-06,FR,True
CUST02085,google,2024-07-12,GB,True
CUST02086,tiktok,2024-07-23,DE,False
CUST02087,meta,2024-07-02,US,True
CUST02088,meta,2024-03-21,GB,True
CUST02089,meta,2024-06-02,US,False
CUST02090,meta,2024-08-09,AU,True
CUST02091,meta,2024-08-01,FR,True
CUST02092,google,2024-06-21,GB,True
CUST02093,google,2024-06-29,GB,False
CUST02094,google,2024-06-30,US,False
CUST02095,meta,2024-05-03,GB,False
CUST02096,meta,2024-03-31,GB,True
CUST02097,organic,2024-04-24,US,True
CUST02098,meta,2024-11-01,GB,True
CUST02099,meta,2024-01-28,US,True
CUST02100,tiktok,2024-03-17,GB,True
CUST02101,tiktok,2024-03-15,CA,True
CUST02102,organic,2024-01-04,GB,True
CUST02103,referral,2024-10-31,NL,True
CUST02104,tiktok,2024-07-02,CA,True
CUST02105,meta,2024-06-03,DE,True
CUST02106,meta,2024-07-03,US,False
CUST02107,organic,2024-10-07,GB,True
CUST02108,organic,2024-05-01,US,False
CUST02109,google,2024-03-22,AU,True
CUST02110,meta,2024-05-25,AU,True
CUST02111,meta,2024-10-13,FR,True
CUST02112,meta,2024-05-11,US,False
CUST02113,organic,2024-10-23,US,True
CUST02114,meta,2024-08-15,FR,True
CUST02115,referral,2024-02-29,CA,False
CUST02116,meta,2024-05-28,US,False
CUST02117,google,2024-03-14,GB,False
CUST02118,organic,2024-09-05,GB,True
CUST02119,google,2024-09-19,GB,False
CUST02120,meta,2024-01-11,GB,False
CUST02121,meta,2024-04-20,GB,True
CUST02122,meta,2024-06-25,US,True
CUST02123,organic,2024-05-06,US,True
CUST02124,meta,2024-02-13,US,True
CUST02125,email,2024-05-31,AU,True
CUST02126,meta,2024-03-20,FR,False
CUST02127,tiktok,2024-03-02,NL,True
CUST02128,tiktok,2024-07-14,US,True
CUST02129,referral,2024-01-03,US,False
CUST02130,organic,2024-08-22,US,False
CUST02131,google,2024-06-27,GB,True
CUST02132,tiktok,2024-04-21,NL,True
CUST02133,organic,2024-09-28,FR,False
CUST02134,organic,2024-08-26,AU,False
CUST02135,meta,2024-04-06,US,False
CUST02136,meta,2024-06-26,DE,True
CUST02137,tiktok,2024-06-01,GB,True
CUST02138,organic,2024-04-16,US,True
CUST02139,tiktok,2024-09-28,NL,False
CUST02140,referral,2024-06-08,US,True
CUST02141,organic,2024-01-30,US,True
CUST02142,google,2024-06-08,GB,True
CUST02143,meta,2024-06-28,US,False
CUST02144,meta,2024-05-28,US,True
CUST02145,meta,2024-06-03,GB,True
CUST02146,tiktok,2024-05-07,US,False
CUST02147,meta,2024-01-27,DE,False
CUST02148,google,2024-02-24,GB,True
CUST02149,organic,2024-03-07,US,True
CUST02150,meta,2024-04-24,DE,True
CUST02151,tiktok,2024-01-31,GB,True
CUST02152,google,2024-02-29,GB,True
CUST02153,google,2024-09-19,US,True
CUST02154,tiktok,2024-11-20,US,True
CUST02155,tiktok,2024-05-31,US,True
CUST02156,organic,2024-01-19,FR,True
CUST02157,email,2024-05-25,GB,True
CUST02158,meta,2024-06-12,GB,True
CUST02159,tiktok,2024-09-21,GB,True
CUST02160,organic,2024-11-05,DE,True
CUST02161,google,2024-01-18,GB,True
CUST02162,google,2024-05-05,GB,True
CUST02163,meta,2024-07-29,US,True
CUST02164,meta,2024-03-24,GB,True
CUST02165,tiktok,2024-06-05,GB,True
CUST02166,meta,2024-06-27,DE,True
CUST02167,tiktok,2024-09-09,GB,True
CUST02168,meta,2024-06-08,US,True
CUST02169,google,2024-10-03,CA,True
CUST02170,email,2024-04-07,US,False
CUST02171,email,2024-09-20,FR,True
CUST02172,meta,2024-05-08,FR,True
CUST02173,tiktok,2024-11-26,GB,True
CUST02174,email,2024-08-24,US,True
CUST02175,google,2024-07-14,CA,True
CUST02176,tiktok,2024-01-09,AU,True
CUST02177,tiktok,2024-04-01,FR,True
CUST02178,meta,2024-01-24,US,True
CUST02179,meta,2024-02-28,US,True
CUST02180,google,2024-10-08,NL,True
CUST02181,meta,2024-02-22,US,True
CUST02182,organic,2024-07-21,US,True
CUST02183,meta,2024-10-18,AU,True
CUST02184,meta,2024-05-13,US,True
CUST02185,tiktok,2024-11-07,DE,False
CUST02186,meta,2024-07-21,US,True
CUST02187,organic,2024-01-26,GB,True
CUST02188,tiktok,2024-01-21,GB,True
CUST02189,meta,2024-02-18,US,True
CUST02190,google,2024-04-01,US,False
CUST02191,meta,2024-04-30,GB,False
CUST02192,tiktok,2024-03-09,GB,False
CUST02193,meta,2024-09-03,AU,False
CUST02194,email,2024-02-01,US,False
CUST02195,google,2024-03-06,US,False
CUST02196,meta,2024-10-22,CA,False
CUST02197,organic,2024-01-08,US,True
CUST02198,email,2024-10-21,GB,True
CUST02199,tiktok,2024-08-02,GB,False
CUST02200,google,2024-04-28,US,False
CUST02201,meta,2024-01-28,DE,True
CUST02202,email,2024-03-01,GB,True
CUST02203,google,2024-07-09,US,False
CUST02204,meta,2024-10-15,US,True
CUST02205,organic,2024-06-07,CA,True
CUST02206,email,2024-05-29,GB,False
CUST02207,organic,2024-04-09,FR,True
CUST02208,tiktok,2024-07-16,US,True
CUST02209,meta,2024-09-27,US,False
CUST02210,meta,2024-10-12,US,True
CUST02211,tiktok,2024-09-02,GB,True
CUST02212,tiktok,2024-04-11,NL,True
CUST02213,meta,2024-04-08,US,True
CUST02214,meta,2024-01-05,GB,False
CUST02215,tiktok,2024-06-03,CA,True
CUST02216,email,2024-07-20,AU,True
CUST02217,google,2024-11-18,DE,False
CUST02218,meta,2024-08-15,US,True
CUST02219,tiktok,2024-02-12,FR,True
CUST02220,meta,2024-11-12,DE,False
CUST02221,meta,2024-09-28,CA,False
CUST02222,meta,2024-01-01,FR,False
CUST02223,google,2024-07-22,GB,False
CUST02224,meta,2024-03-07,GB,True
CUST02225,google,2024-03-17,US,True
CUST02226,google,2024-06-24,GB,True
CUST02227,tiktok,2024-01-23,FR,True
CUST02228,referral,2024-04-10,AU,False
CUST02229,email,2024-08-31,GB,True
CUST02230,meta,2024-01-31,US,True
CUST02231,meta,2024-01-25,US,False
CUST02232,tiktok,2024-07-07,GB,True
CUST02233,organic,2024-04-13,GB,True
CUST02234,meta,2024-02-07,FR,False
CUST02235,google,2024-08-22,CA,True
CUST02236,google,2024-07-07,GB,False
CUST02237,meta,2024-05-10,AU,True
CUST02238,meta,2024-11-13,US,False
CUST02239,tiktok,2024-05-26,CA,True
CUST02240,meta,2024-11-09,US,False
CUST02241,organic,2024-10-08,NL,True
CUST02242,meta,2024-08-21,US,True
CUST02243,google,2024-05-23,DE,False
CUST02244,google,2024-07-18,GB,True
CUST02245,tiktok,2024-01-07,AU,True
CUST02246,google,2024-09-20,US,False
CUST02247,tiktok,2024-10-14,GB,False
CUST02248,referral,2024-07-03,AU,True
CUST02249,meta,2024-10-12,US,True
CUST02250,organic,2024-07-20,FR,True
CUST02251,google,2024-02-19,GB,False
CUST02252,organic,2024-03-06,CA,False
CUST02253,google,2024-09-14,GB,True
CUST02254,email,2024-10-19,DE,True
CUST02255,referral,2024-06-17,GB,True
CUST02256,organic,2024-05-28,GB,True
CUST02257,google,2024-09-15,AU,True
CUST02258,meta,2024-09-15,US,False
CUST02259,organic,2024-02-05,GB,True
CUST02260,organic,2024-08-11,US,True
CUST02261,email,2024-05-26,DE,False
CUST02262,tiktok,2024-09-10,US,False
CUST02263,meta,2024-11-09,GB,True
CUST02264,meta,2024-02-04,GB,True
CUST02265,email,2024-10-16,US,True
CUST02266,meta,2024-11-27,US,True
CUST02267,meta,2024-04-30,US,False
CUST02268,meta,2024-06-13,US,True
CUST02269,tiktok,2024-07-20,US,True
CUST02270,meta,2024-06-02,AU,True
CUST02271,organic,2024-02-26,GB,True
CUST02272,tiktok,2024-07-13,GB,True
CUST02273,tiktok,2024-02-26,AU,True
CUST02274,meta,2024-08-20,US,True
CUST02275,referral,2024-04-16,DE,False
CUST02276,organic,2024-09-02,US,False
CUST02277,referral,2024-01-23,GB,True
CUST02278,tiktok,2024-11-25,FR,True
CUST02279,meta,2024-10-28,US,False
CUST02280,referral,2024-04-26,DE,True
CUST02281,google,2024-01-09,GB,False
CUST02282,organic,2024-05-15,US,True
CUST02283,tiktok,2024-04-19,GB,False
CUST02284,meta,2024-02-07,FR,True
CUST02285,email,2024-11-26,GB,True
CUST02286,meta,2024-08-12,DE,True
CUST02287,meta,2024-02-26,FR,True
CUST02288,tiktok,2024-10-12,US,True
CUST02289,organic,2024-09-20,AU,False
CUST02290,tiktok,2024-06-14,GB,True
CUST02291,meta,2024-02-07,US,True
CUST02292,referral,2024-02-15,DE,False
CUST02293,tiktok,2024-02-27,US,True
CUST02294,meta,2024-02-16,US,True
CUST02295,tiktok,2024-09-10,FR,True
CUST02296,google,2024-10-29,FR,False
CUST02297,tiktok,2024-04-16,US,True
CUST02298,meta,2024-02-16,GB,True
CUST02299,google,2024-01-09,CA,False
CUST02300,tiktok,2024-04-16,GB,True
CUST02301,google,2024-05-29,US,False
CUST02302,google,2024-04-25,GB,True
CUST02303,email,2024-10-04,FR,True
CUST02304,organic,2024-06-06,GB,False
CUST02305,google,2024-01-25,US,True
CUST02306,organic,2024-10-19,CA,True
CUST02307,organic,2024-03-11,DE,True
CUST02308,google,2024-08-03,GB,True
CUST02309,google,2024-02-20,DE,True
CUST02310,meta,2024-08-06,FR,True
CUST02311,google,2024-02-18,US,True
CUST02312,referral,2024-06-13,DE,True
CUST02313,meta,2024-04-26,NL,True
CUST02314,google,2024-09-12,GB,False
CUST02315,meta,2024-09-26,NL,True
CUST02316,google,2024-08-23,GB,True
CUST02317,organic,2024-09-14,GB,True
CUST02318,meta,2024-02-25,AU,True
CUST02319,google,2024-08-21,US,True
CUST02320,tiktok,2024-02-19,US,True
CUST02321,meta,2024-04-11,NL,False
CUST02322,meta,2024-06-26,GB,False
CUST02323,meta,2024-09-26,GB,True
CUST02324,tiktok,2024-09-02,GB,True
CUST02325,tiktok,2024-08-06,FR,True
CUST02326,organic,2024-06-11,GB,False
CUST02327,meta,2024-05-27,US,True
CUST02328,meta,2024-04-14,GB,False
CUST02329,meta,2024-01-26,GB,True
CUST02330,meta,2024-10-29,AU,True
CUST02331,meta,2024-04-16,US,True
CUST02332,email,2024-05-27,FR,True
CUST02333,google,2024-03-09,AU,False
CUST02334,google,2024-02-07,DE,True
CUST02335,meta,2024-08-02,GB,True
CUST02336,meta,2024-03-07,FR,True
CUST02337,organic,2024-05-14,DE,False
CUST02338,google,2024-07-04,GB,True
CUST02339,meta,2024-09-12,US,True
CUST02340,email,2024-01-21,US,True
CUST02341,organic,2024-10-01,DE,False
CUST02342,google,2024-10-01,US,True
CUST02343,google,2024-11-06,GB,False
CUST02344,email,2024-07-21,AU,True
CUST02345,tiktok,2024-04-28,GB,True
CUST02346,organic,2024-06-06,AU,True
CUST02347,tiktok,2024-01-30,NL,True
CUST02348,meta,2024-08-11,DE,False
CUST02349,organic,2024-11-09,CA,False
CUST02350,google,2024-09-19,DE,False
CUST02351,google,2024-07-12,CA,True
CUST02352,meta,2024-06-06,GB,True
CUST02353,google,2024-10-04,US,True
CUST02354,referral,2024-04-04,DE,True
CUST02355,google,2024-08-23,GB,True
CUST02356,meta,2024-03-08,AU,True
CUST02357,google,2024-01-20,US,True
CUST02358,meta,2024-02-13,DE,True
CUST02359,meta,2024-04-22,GB,True
CUST02360,tiktok,2024-01-01,US,True
CUST02361,email,2024-04-28,CA,True
CUST02362,organic,2024-06-28,AU,True
CUST02363,meta,2024-05-18,US,True
CUST02364,meta,2024-05-17,GB,True
CUST02365,meta,2024-06-05,GB,False
CUST02366,meta,2024-03-17,US,True
CUST02367,meta,2024-06-08,US,True
CUST02368,tiktok,2024-10-25,GB,False
CUST02369,meta,2024-05-25,US,True
CUST02370,organic,2024-07-27,GB,False
CUST02371,organic,2024-09-11,GB,True
CUST02372,google,2024-10-17,US,True
CUST02373,meta,2024-02-12,GB,False
CUST02374,tiktok,2024-06-12,NL,True
CUST02375,meta,2024-09-15,US,True
CUST02376,google,2024-02-16,US,True
CUST02377,organic,2024-05-06,FR,False
CUST02378,tiktok,2024-07-13,DE,False
CUST02379,meta,2024-02-21,GB,True
CUST02380,meta,2024-02-18,US,True
CUST02381,tiktok,2024-01-21,GB,True
CUST02382,google,2024-06-17,GB,True
CUST02383,google,2024-10-22,US,True
CUST02384,meta,2024-04-06,GB,True
CUST02385,meta,2024-09-29,FR,True
CUST02386,tiktok,2024-07-03,FR,True
CUST02387,referral,2024-03-14,US,True
CUST02388,meta,2024-03-30,US,True
CUST02389,email,2024-03-15,US,True
CUST02390,organic,2024-02-05,US,True
CUST02391,tiktok,2024-09-28,GB,True
CUST02392,google,2024-06-14,US,True
CUST02393,meta,2024-04-28,US,True
CUST02394,google,2024-10-03,GB,True
CUST02395,meta,2024-03-11,GB,True
CUST02396,meta,2024-03-23,GB,True
CUST02397,meta,2024-06-16,NL,True
CUST02398,meta,2024-05-09,GB,True
CUST02399,google,2024-09-22,AU,True
CUST02400,tiktok,2024-05-20,US,True
CUST02401,tiktok,2024-04-02,GB,False
CUST02402,organic,2024-02-03,GB,True
CUST02403,google,2024-01-16,NL,True
CUST02404,tiktok,2024-03-15,NL,True
CUST02405,tiktok,2024-07-31,GB,False
CUST02406,meta,2024-10-22,DE,True
CUST02407,meta,2024-02-19,US,True
CUST02408,organic,2024-10-21,NL,True
CUST02409,google,2024-05-22,DE,False
CUST02410,google,2024-01-27,US,True
CUST02411,google,2024-03-05,DE,True
CUST02412,meta,2024-04-22,US,True
CUST02413,organic,2024-10-14,US,True
CUST02414,google,2024-03-05,US,False
CUST02415,tiktok,2024-06-04,GB,True
CUST02416,google,2024-03-03,US,True
CUST02417,google,2024-11-03,US,True
CUST02418,organic,2024-04-27,GB,True
CUST02419,meta,2024-08-02,GB,True
CUST02420,meta,2024-04-23,GB,True
CUST02421,meta,2024-02-21,FR,True
CUST02422,meta,2024-11-15,GB,True
CUST02423,tiktok,2024-09-02,US,True
CUST02424,organic,2024-09-30,GB,True
CUST02425,organic,2024-06-07,GB,True
CUST02426,organic,2024-08-31,FR,True
CUST02427,referral,2024-10-10,GB,True
CUST02428,tiktok,2024-07-27,AU,True
CUST02429,tiktok,2024-10-07,US,True
CUST02430,tiktok,2024-08-31,US,False
CUST02431,meta,2024-03-26,GB,False
CUST02432,google,2024-03-01,DE,False
CUST02433,meta,2024-05-23,US,False
CUST02434,google,2024-03-11,FR,True
CUST02435,google,2024-03-14,NL,True
CUST02436,meta,2024-09-08,GB,True
CUST02437,meta,2024-11-13,US,True
CUST02438,meta,2024-02-25,GB,False
CUST02439,tiktok,2024-02-08,GB,True
CUST02440,meta,2024-08-22,US,True
CUST02441,meta,2024-11-17,AU,True
CUST02442,meta,2024-02-21,GB,True
CUST02443,google,2024-08-31,FR,True
CUST02444,meta,2024-11-03,DE,True
CUST02445,tiktok,2024-11-27,GB,False
CUST02446,google,2024-10-22,US,True
CUST02447,meta,2024-04-29,GB,True
CUST02448,tiktok,2024-07-30,US,True
CUST02449,organic,2024-01-09,GB,True
CUST02450,google,2024-02-09,AU,True
CUST02451,email,2024-01-01,GB,False
CUST02452,meta,2024-05-29,DE,True
CUST02453,meta,2024-09-22,AU,True
CUST02454,meta,2024-07-10,GB,True
CUST02455,meta,2024-04-19,US,True
CUST02456,email,2024-05-20,NL,True
CUST02457,meta,2024-08-22,US,True
CUST02458,meta,2024-08-20,US,True
CUST02459,organic,2024-08-30,GB,True
CUST02460,email,2024-04-15,DE,True
CUST02461,email,2024-11-10,FR,True
CUST02462,email,2024-11-30,GB,True
CUST02463,meta,2024-05-04,US,False
CUST02464,meta,2024-11-12,US,True
CUST02465,meta,2024-02-26,CA,True
CUST02466,meta,2024-10-25,GB,False
CUST02467,tiktok,2024-07-05,US,True
CUST02468,organic,2024-02-23,DE,True
CUST02469,google,2024-05-28,US,False
CUST02470,google,2024-07-25,GB,True
CUST02471,tiktok,2024-08-13,US,True
CUST02472,meta,2024-09-30,US,True
CUST02473,meta,2024-11-26,US,True
CUST02474,meta,2024-02-12,GB,True
CUST02475,google,2024-04-24,AU,False
CUST02476,meta,2024-04-04,GB,True
CUST02477,referral,2024-02-15,DE,False
CUST02478,meta,2024-10-11,CA,True
CUST02479,tiktok,2024-01-22,DE,True
CUST02480,organic,2024-07-04,AU,True
CUST02481,meta,2024-02-27,GB,True
CUST02482,google,2024-01-05,FR,True
CUST02483,meta,2024-10-24,DE,True
CUST02484,google,2024-07-01,GB,True
CUST02485,meta,2024-04-21,GB,True
CUST02486,organic,2024-08-22,US,True
CUST02487,organic,2024-06-02,DE,False
CUST02488,tiktok,2024-08-03,GB,True
CUST02489,meta,2024-10-02,NL,True
CUST02490,google,2024-02-05,CA,True
CUST02491,meta,2024-10-15,US,True
CUST02492,meta,2024-06-01,DE,True
CUST02493,tiktok,2024-11-13,US,False
CUST02494,meta,2024-11-17,GB,True
CUST02495,google,2024-09-08,GB,True
CUST02496,meta,2024-01-31,FR,True
CUST02497,meta,2024-01-11,GB,True
CUST02498,meta,2024-01-26,GB,True
CUST02499,google,2024-03-13,US,True
CUST02500,meta,2024-04-03,CA,True
CUST02501,referral,2024-08-06,US,True
CUST02502,meta,2024-05-02,GB,True
CUST02503,meta,2024-10-18,US,True
CUST02504,organic,2024-05-02,DE,True
CUST02505,tiktok,2024-09-29,GB,True
CUST02506,organic,2024-07-14,GB,False
CUST02507,google,2024-07-04,AU,True
CUST02508,meta,2024-03-03,US,True
CUST02509,meta,2024-10-06,GB,True
CUST02510,tiktok,2024-10-25,CA,True
CUST02511,organic,2024-06-22,GB,True
CUST02512,organic,2024-08-30,US,False
CUST02513,meta,2024-04-02,US,True
CUST02514,google,2024-02-29,CA,True
CUST02515,meta,2024-11-08,FR,True
CUST02516,organic,2024-07-31,FR,True
CUST02517,meta,2024-07-12,GB,True
CUST02518,meta,2024-03-03,US,True
CUST02519,meta,2024-02-04,DE,False
CUST02520,referral,2024-04-10,CA,False
CUST02521,email,2024-09-09,NL,False
CUST02522,meta,2024-01-16,GB,False
CUST02523,tiktok,2024-11-28,DE,False
CUST02524,google,2024-05-22,US,True
CUST02525,meta,2024-05-25,US,False
CUST02526,organic,2024-04-12,CA,True
CUST02527,referral,2024-08-29,GB,True
CUST02528,organic,2024-09-28,GB,True
CUST02529,meta,2024-04-22,US,True
CUST02530,meta,2024-03-27,US,True
CUST02531,google,2024-05-15,US,False
CUST02532,meta,2024-02-12,DE,False
CUST02533,google,2024-10-25,US,True
CUST02534,meta,2024-05-03,US,True
CUST02535,tiktok,2024-09-29,GB,False
CUST02536,google,2024-01-15,NL,True
CUST02537,meta,2024-09-05,US,False
CUST02538,email,2024-01-25,US,False
CUST02539,meta,2024-07-02,GB,True
CUST02540,tiktok,2024-10-21,GB,True
CUST02541,meta,2024-02-02,GB,True
CUST02542,organic,2024-04-25,US,False
CUST02543,meta,2024-07-22,AU,True
CUST02544,meta,2024-11-18,AU,False
CUST02545,referral,2024-05-12,GB,True
CUST02546,email,2024-05-15,US,True
CUST02547,google,2024-09-27,NL,False
CUST02548,meta,2024-11-15,FR,True
CUST02549,tiktok,2024-01-31,US,True
CUST02550,tiktok,2024-05-05,FR,True
CUST02551,meta,2024-01-06,US,True
CUST02552,organic,2024-07-12,GB,False
CUST02553,google,2024-04-12,GB,False
CUST02554,organic,2024-11-19,US,True
CUST02555,meta,2024-01-15,CA,False
CUST02556,google,2024-09-27,GB,False
CUST02557,meta,2024-03-24,CA,True
CUST02558,organic,2024-05-23,GB,True
CUST02559,organic,2024-07-13,GB,False
CUST02560,referral,2024-09-09,US,True
CUST02561,organic,2024-05-16,US,True
CUST02562,email,2024-02-14,US,True
CUST02563,google,2024-03-09,GB,False
CUST02564,meta,2024-05-28,DE,False
CUST02565,meta,2024-09-03,US,True
CUST02566,organic,2024-02-04,GB,True
CUST02567,email,2024-08-27,GB,True
CUST02568,google,2024-09-03,US,True
CUST02569,meta,2024-09-16,US,True
CUST02570,google,2024-10-28,US,True
CUST02571,google,2024-11-28,GB,False
CUST02572,email,2024-06-09,US,False
CUST02573,email,2024-01-03,FR,True
CUST02574,organic,2024-04-13,GB,False
CUST02575,meta,2024-09-18,NL,False
CUST02576,meta,2024-01-13,GB,True
CUST02577,organic,2024-11-22,FR,True
CUST02578,meta,2024-05-10,US,False
CUST02579,google,2024-04-03,US,False
CUST02580,meta,2024-11-17,NL,False
CUST02581,email,2024-02-20,US,True
CUST02582,email,2024-06-05,US,False
CUST02583,meta,2024-03-30,FR,True
CUST02584,google,2024-09-02,US,True
CUST02585,google,2024-11-21,NL,True
CUST02586,meta,2024-02-06,US,True
CUST02587,tiktok,2024-01-11,US,True
CUST02588,meta,2024-08-10,DE,True
CUST02589,tiktok,2024-06-25,FR,True
CUST02590,tiktok,2024-04-03,GB,True
CUST02591,organic,2024-07-26,DE,False
CUST02592,meta,2024-10-26,GB,True
CUST02593,tiktok,2024-02-25,US,True
CUST02594,google,2024-02-13,US,True
CUST02595,meta,2024-02-25,AU,True
CUST02596,google,2024-01-31,US,True
CUST02597,meta,2024-05-31,FR,False
CUST02598,google,2024-01-29,US,True
CUST02599,google,2024-09-23,AU,False
CUST02600,meta,2024-11-10,GB,True
CUST02601,google,2024-09-13,US,True
CUST02602,referral,2024-02-15,CA,False
CUST02603,google,2024-08-26,GB,True
CUST02604,meta,2024-02-17,GB,True
CUST02605,google,2024-07-20,GB,True
CUST02606,organic,2024-02-14,GB,True
CUST02607,meta,2024-03-26,DE,True
CUST02608,meta,2024-04-13,GB,True
CUST02609,tiktok,2024-05-15,DE,False
CUST02610,organic,2024-10-16,US,False
CUST02611,meta,2024-03-15,GB,True
CUST02612,meta,2024-06-01,FR,True
CUST02613,organic,2024-03-05,CA,False
CUST02614,organic,2024-06-17,US,True
CUST02615,meta,2024-11-12,GB,False
CUST02616,meta,2024-06-15,US,True
CUST02617,meta,2024-06-23,GB,True
CUST02618,google,2024-08-15,US,True
CUST02619,meta,2024-06-03,GB,True
CUST02620,organic,2024-06-15,US,True
CUST02621,tiktok,2024-03-24,US,True
CUST02622,meta,2024-02-17,DE,True
CUST02623,google,2024-03-24,FR,True
CUST02624,meta,2024-08-06,GB,True
CUST02625,meta,2024-07-23,US,True
CUST02626,organic,2024-08-10,US,False
CUST02627,organic,2024-05-03,GB,True
CUST02628,google,2024-11-07,GB,True
CUST02629,meta,2024-06-12,US,True
CUST02630,meta,2024-08-17,US,True
CUST02631,tiktok,2024-01-07,AU,True
CUST02632,meta,2024-06-28,AU,False
CUST02633,organic,2024-01-15,NL,True
CUST02634,tiktok,2024-05-11,GB,True
CUST02635,organic,2024-11-18,DE,True
CUST02636,organic,2024-05-03,US,True
CUST02637,tiktok,2024-07-10,US,False
CUST02638,organic,2024-07-10,CA,True
CUST02639,meta,2024-11-23,US,True
CUST02640,meta,2024-03-27,GB,True
CUST02641,organic,2024-05-05,DE,True
CUST02642,meta,2024-03-07,DE,True
CUST02643,email,2024-11-12,CA,True
CUST02644,organic,2024-04-10,GB,True
CUST02645,meta,2024-04-28,GB,False
CUST02646,tiktok,2024-04-14,NL,False
CUST02647,meta,2024-02-16,AU,False
CUST02648,google,2024-09-04,GB,True
CUST02649,google,2024-08-12,US,True
CUST02650,organic,2024-05-05,US,True
CUST02651,organic,2024-04-12,DE,True
CUST02652,organic,2024-08-04,GB,True
CUST02653,meta,2024-09-26,CA,True
CUST02654,meta,2024-03-23,GB,False
CUST02655,google,2024-03-13,GB,True
CUST02656,email,2024-10-22,DE,True
CUST02657,google,2024-11-25,NL,True
CUST02658,meta,2024-05-21,US,True
CUST02659,google,2024-10-29,GB,False
CUST02660,tiktok,2024-03-04,CA,True
CUST02661,google,2024-02-27,GB,True
CUST02662,meta,2024-04-03,US,True
CUST02663,google,2024-01-12,US,True
CUST02664,meta,2024-04-13,US,True
CUST02665,meta,2024-06-16,US,False
CUST02666,meta,2024-07-16,US,True
CUST02667,meta,2024-02-07,US,False
CUST02668,meta,2024-03-16,US,True
CUST02669,tiktok,2024-07-24,US,True
CUST02670,meta,2024-09-21,GB,True
CUST02671,meta,2024-03-26,AU,True
CUST02672,meta,2024-04-02,GB,True
CUST02673,tiktok,2024-08-28,US,False
CUST02674,meta,2024-02-09,FR,True
CUST02675,meta,2024-07-11,FR,True
CUST02676,meta,2024-09-04,US,True
CUST02677,meta,2024-02-06,NL,False
CUST02678,meta,2024-10-14,NL,True
CUST02679,meta,2024-03-07,GB,True
CUST02680,organic,2024-05-08,GB,True
CUST02681,google,2024-09-15,GB,True
CUST02682,organic,2024-04-12,GB,True
CUST02683,meta,2024-08-18,US,True
CUST02684,organic,2024-07-08,US,True
CUST02685,meta,2024-11-14,DE,True
CUST02686,meta,2024-11-20,US,True
CUST02687,meta,2024-10-28,GB,True
CUST02688,google,2024-06-24,US,True
CUST02689,google,2024-09-14,US,True
CUST02690,meta,2024-11-17,DE,False
CUST02691,meta,2024-02-13,US,True
CUST02692,referral,2024-02-27,AU,True
CUST02693,google,2024-05-18,GB,False
CUST02694,meta,2024-05-19,GB,False
CUST02695,meta,2024-09-05,GB,False
CUST02696,meta,2024-07-23,NL,True
CUST02697,meta,2024-05-08,US,True
CUST02698,meta,2024-04-30,US,True
CUST02699,tiktok,2024-11-19,US,False
CUST02700,referral,2024-08-08,FR,True
CUST02701,referral,2024-02-12,US,True
CUST02702,tiktok,2024-06-30,US,True
CUST02703,google,2024-08-30,GB,False
CUST02704,meta,2024-04-21,GB,False
CUST02705,meta,2024-01-16,FR,True
CUST02706,google,2024-01-21,GB,True
CUST02707,organic,2024-09-13,GB,True
CUST02708,organic,2024-05-16,FR,True
CUST02709,tiktok,2024-02-03,GB,True
CUST02710,google,2024-06-16,GB,True
CUST02711,google,2024-01-13,US,False
CUST02712,meta,2024-06-13,NL,True
CUST02713,google,2024-04-27,GB,False
CUST02714,organic,2024-09-20,FR,True
CUST02715,organic,2024-09-22,GB,False
CUST02716,meta,2024-08-03,GB,True
CUST02717,email,2024-08-08,US,True
CUST02718,organic,2024-05-26,AU,True
CUST02719,google,2024-02-23,DE,True
CUST02720,meta,2024-06-30,US,False
CUST02721,meta,2024-06-28,US,False
CUST02722,organic,2024-02-04,US,True
CUST02723,meta,2024-11-01,US,True
CUST02724,google,2024-08-29,US,True
CUST02725,organic,2024-01-21,US,False
CUST02726,meta,2024-09-17,FR,False
CUST02727,meta,2024-11-21,GB,True
CUST02728,google,2024-05-09,FR,False
CUST02729,meta,2024-09-25,GB,True
CUST02730,meta,2024-09-29,GB,False
CUST02731,meta,2024-02-22,DE,True
CUST02732,tiktok,2024-04-26,DE,True
CUST02733,google,2024-11-08,DE,True
CUST02734,meta,2024-01-27,US,True
CUST02735,meta,2024-07-20,GB,False
CUST02736,organic,2024-01-10,US,True
CUST02737,meta,2024-02-17,US,True
CUST02738,meta,2024-11-14,AU,True
CUST02739,tiktok,2024-11-15,US,True
CUST02740,meta,2024-06-16,GB,True
CUST02741,tiktok,2024-11-13,GB,True
CUST02742,google,2024-07-03,GB,True
CUST02743,google,2024-08-16,DE,False
CUST02744,tiktok,2024-05-29,GB,False
CUST02745,google,2024-11-11,GB,False
CUST02746,google,2024-02-16,GB,True
CUST02747,tiktok,2024-01-14,AU,False
CUST02748,email,2024-01-17,US,True
CUST02749,organic,2024-06-30,US,True
CUST02750,meta,2024-03-02,AU,True
CUST02751,email,2024-05-15,US,True
CUST02752,tiktok,2024-03-08,US,True
CUST02753,tiktok,2024-06-27,FR,True
CUST02754,organic,2024-10-31,GB,False
CUST02755,email,2024-01-27,US,False
CUST02756,tiktok,2024-07-02,GB,True
CUST02757,tiktok,2024-02-20,US,True
CUST02758,tiktok,2024-08-14,US,True
CUST02759,organic,2024-01-12,GB,True
CUST02760,meta,2024-09-15,NL,False
CUST02761,organic,2024-05-05,CA,True
CUST02762,organic,2024-02-10,GB,False
CUST02763,referral,2024-10-20,NL,True
CUST02764,meta,2024-08-25,GB,True
CUST02765,organic,2024-06-20,US,True
CUST02766,meta,2024-03-08,DE,False
CUST02767,referral,2024-02-21,US,True
CUST02768,meta,2024-03-17,US,True
CUST02769,meta,2024-03-28,GB,True
CUST02770,google,2024-02-03,US,True
CUST02771,meta,2024-03-20,GB,True
CUST02772,organic,2024-05-19,US,True
CUST02773,meta,2024-05-12,DE,False
CUST02774,organic,2024-03-14,US,False
CUST02775,meta,2024-07-13,US,True
CUST02776,meta,2024-11-07,US,False
CUST02777,google,2024-01-28,GB,True
CUST02778,meta,2024-02-09,GB,True
CUST02779,meta,2024-01-09,NL,True
CUST02780,tiktok,2024-05-31,GB,True
CUST02781,meta,2024-04-21,US,True
CUST02782,tiktok,2024-06-04,US,True
CUST02783,google,2024-08-14,NL,True
CUST02784,meta,2024-09-10,GB,True
CUST02785,meta,2024-03-18,FR,True
CUST02786,google,2024-03-20,DE,True
CUST02787,google,2024-04-01,FR,True
CUST02788,referral,2024-05-14,NL,True
CUST02789,google,2024-08-02,GB,True
CUST02790,meta,2024-02-10,US,True
CUST02791,google,2024-06-16,FR,True
CUST02792,email,2024-01-09,GB,True
CUST02793,tiktok,2024-07-26,US,True
CUST02794,google,2024-08-02,US,False
CUST02795,meta,2024-09-27,DE,True
CUST02796,google,2024-02-14,AU,True
CUST02797,meta,2024-05-16,US,True
CUST02798,meta,2024-04-02,US,True
CUST02799,tiktok,2024-06-09,AU,True
CUST02800,meta,2024-11-07,DE,True
CUST02801,meta,2024-01-30,US,True
CUST02802,meta,2024-01-17,US,True
CUST02803,meta,2024-04-23,US,True
CUST02804,meta,2024-09-11,GB,True
CUST02805,tiktok,2024-07-11,FR,True
CUST02806,tiktok,2024-06-21,NL,True
CUST02807,meta,2024-09-10,AU,True
CUST02808,google,2024-09-27,GB,True
CUST02809,tiktok,2024-06-08,US,True
CUST02810,meta,2024-01-31,GB,True
CUST02811,tiktok,2024-04-28,GB,True
CUST02812,organic,2024-10-08,GB,True
CUST02813,google,2024-09-28,FR,True
CUST02814,google,2024-01-09,GB,True
CUST02815,meta,2024-08-16,FR,True
CUST02816,meta,2024-01-24,US,False
CUST02817,organic,2024-01-08,US,True
CUST02818,meta,2024-03-28,GB,False
CUST02819,meta,2024-07-25,GB,True
CUST02820,email,2024-01-11,FR,True
CUST02821,email,2024-11-17,FR,True
CUST02822,meta,2024-10-21,DE,False
CUST02823,organic,2024-06-15,NL,True
CUST02824,meta,2024-11-09,US,True
CUST02825,referral,2024-11-29,US,False
CUST02826,tiktok,2024-08-10,FR,True
CUST02827,referral,2024-03-04,US,True
CUST02828,email,2024-02-21,GB,True
CUST02829,referral,2024-02-03,FR,True
CUST02830,google,2024-05-11,GB,True
CUST02831,meta,2024-05-20,GB,True
CUST02832,meta,2024-02-18,DE,True
CUST02833,meta,2024-11-25,US,False
CUST02834,google,2024-01-04,CA,False
CUST02835,organic,2024-09-04,GB,True
CUST02836,email,2024-08-13,GB,True
CUST02837,google,2024-01-25,GB,True
CUST02838,organic,2024-04-10,GB,True
CUST02839,organic,2024-02-27,DE,True
CUST02840,tiktok,2024-02-14,GB,False
CUST02841,meta,2024-08-13,US,True
CUST02842,email,2024-01-24,CA,True
CUST02843,tiktok,2024-01-07,AU,True
CUST02844,tiktok,2024-07-28,US,True
CUST02845,meta,2024-02-12,US,True
CUST02846,meta,2024-04-02,US,False
CUST02847,tiktok,2024-01-28,AU,True
CUST02848,meta,2024-01-10,FR,True
CUST02849,organic,2024-06-07,US,True
CUST02850,meta,2024-08-29,US,True
CUST02851,email,2024-02-28,GB,True
CUST02852,meta,2024-11-09,DE,True
CUST02853,meta,2024-03-24,US,True
CUST02854,organic,2024-05-28,US,True
CUST02855,google,2024-03-28,CA,False
CUST02856,tiktok,2024-07-28,AU,True
CUST02857,google,2024-08-23,US,False
CUST02858,meta,2024-05-03,AU,True
CUST02859,meta,2024-04-04,FR,True
CUST02860,google,2024-03-30,DE,True
CUST02861,meta,2024-09-26,DE,False
CUST02862,meta,2024-05-20,US,True
CUST02863,tiktok,2024-05-20,US,False
CUST02864,google,2024-11-01,US,True
CUST02865,meta,2024-07-27,NL,True
CUST02866,meta,2024-08-23,GB,True
CUST02867,meta,2024-02-15,US,True
CUST02868,google,2024-08-11,AU,True
CUST02869,organic,2024-03-10,GB,True
CUST02870,meta,2024-06-11,US,False
CUST02871,meta,2024-10-15,AU,False
CUST02872,tiktok,2024-01-10,CA,True
CUST02873,organic,2024-07-18,NL,False
CUST02874,meta,2024-05-17,DE,True
CUST02875,meta,2024-10-03,GB,True
CUST02876,tiktok,2024-08-17,GB,True
CUST02877,tiktok,2024-01-29,US,False
CUST02878,tiktok,2024-06-07,DE,False
CUST02879,organic,2024-04-22,DE,True
CUST02880,organic,2024-10-08,NL,True
CUST02881,organic,2024-02-29,US,True
CUST02882,tiktok,2024-09-18,US,False
CUST02883,google,2024-03-09,US,True
CUST02884,meta,2024-03-31,GB,False
CUST02885,meta,2024-04-20,GB,True
CUST02886,meta,2024-02-25,NL,True
CUST02887,google,2024-06-16,US,True
CUST02888,meta,2024-02-08,GB,True
CUST02889,google,2024-04-16,GB,True
CUST02890,email,2024-04-22,GB,True
CUST02891,tiktok,2024-03-30,GB,True
CUST02892,organic,2024-08-02,FR,True
CUST02893,email,2024-08-20,CA,True
CUST02894,google,2024-01-03,FR,True
CUST02895,meta,2024-03-19,NL,False
CUST02896,google,2024-10-11,GB,False
CUST02897,email,2024-04-24,DE,True
CUST02898,organic,2024-06-21,US,True
CUST02899,referral,2024-02-23,DE,True
CUST02900,organic,2024-05-17,DE,True
CUST02901,meta,2024-10-09,GB,True
CUST02902,google,2024-04-17,DE,True
CUST02903,tiktok,2024-10-01,AU,True
CUST02904,meta,2024-06-17,DE,True
CUST02905,organic,2024-03-14,DE,True
CUST02906,tiktok,2024-09-03,GB,False
CUST02907,tiktok,2024-03-26,GB,True
CUST02908,organic,2024-07-07,DE,True
CUST02909,meta,2024-02-21,AU,True
CUST02910,google,2024-01-02,US,True
CUST02911,meta,2024-10-02,US,True
CUST02912,meta,2024-08-26,US,True
CUST02913,google,2024-07-07,CA,True
CUST02914,meta,2024-11-22,GB,False
CUST02915,organic,2024-07-09,US,True
CUST02916,google,2024-07-30,GB,True
CUST02917,organic,2024-10-20,US,False
CUST02918,meta,2024-05-06,US,True
CUST02919,email,2024-06-29,DE,True
CUST02920,meta,2024-09-27,GB,False
CUST02921,organic,2024-11-22,US,False
CUST02922,meta,2024-09-23,GB,True
CUST02923,organic,2024-11-26,GB,True
CUST02924,tiktok,2024-04-11,US,False
CUST02925,meta,2024-06-14,NL,True
CUST02926,tiktok,2024-07-07,GB,True
CUST02927,google,2024-04-29,GB,True
CUST02928,meta,2024-07-27,US,True
CUST02929,tiktok,2024-02-20,GB,True
CUST02930,meta,2024-11-07,FR,True
CUST02931,organic,2024-05-16,US,True
CUST02932,meta,2024-07-20,US,True
CUST02933,google,2024-11-21,AU,True
CUST02934,organic,2024-04-22,NL,True
CUST02935,meta,2024-06-09,DE,True
CUST02936,organic,2024-01-15,FR,True
CUST02937,meta,2024-07-13,US,True
CUST02938,meta,2024-04-19,GB,True
CUST02939,meta,2024-01-14,GB,False
CUST02940,google,2024-09-11,FR,True
CUST02941,meta,2024-11-30,GB,False
CUST02942,meta,2024-01-08,AU,True
CUST02943,tiktok,2024-02-07,FR,True
CUST02944,tiktok,2024-11-18,GB,True
CUST02945,google,2024-06-14,GB,True
CUST02946,meta,2024-06-27,GB,False
CUST02947,meta,2024-05-26,GB,False
CUST02948,meta,2024-08-05,GB,True
CUST02949,meta,2024-05-28,US,False
CUST02950,organic,2024-05-24,DE,False
CUST02951,google,2024-03-28,GB,True
CUST02952,meta,2024-06-22,US,True
CUST02953,meta,2024-05-09,US,True
CUST02954,google,2024-02-07,GB,False
CUST02955,meta,2024-08-18,GB,False
CUST02956,tiktok,2024-07-22,US,True
CUST02957,organic,2024-01-23,GB,True
CUST02958,meta,2024-10-14,GB,True
CUST02959,google,2024-09-24,US,True
CUST02960,tiktok,2024-04-14,FR,False
CUST02961,google,2024-07-30,CA,True
CUST02962,google,2024-05-04,US,True
CUST02963,google,2024-02-10,GB,True
CUST02964,meta,2024-10-20,US,True
CUST02965,meta,2024-03-05,AU,True
CUST02966,organic,2024-01-16,US,False
CUST02967,tiktok,2024-02-24,US,False
CUST02968,meta,2024-01-04,US,True
CUST02969,email,2024-10-06,DE,True
CUST02970,organic,2024-08-26,US,True
CUST02971,meta,2024-02-24,DE,True
CUST02972,tiktok,2024-07-20,US,True
CUST02973,email,2024-05-08,DE,True
CUST02974,google,2024-03-04,FR,True
CUST02975,google,2024-05-03,GB,True
CUST02976,meta,2024-01-03,GB,True
CUST02977,google,2024-07-27,GB,False
CUST02978,meta,2024-08-18,US,True
CUST02979,tiktok,2024-05-13,NL,True
CUST02980,organic,2024-04-20,AU,True
CUST02981,tiktok,2024-05-22,US,True
CUST02982,google,2024-08-05,DE,True
CUST02983,meta,2024-08-18,DE,True
CUST02984,meta,2024-03-10,GB,False
CUST02985,google,2024-05-08,AU,True
CUST02986,tiktok,2024-11-09,US,False
CUST02987,meta,2024-03-22,FR,True
CUST02988,email,2024-02-05,US,True
CUST02989,google,2024-03-05,GB,True
CUST02990,meta,2024-01-21,FR,False
CUST02991,google,2024-09-15,GB,True
CUST02992,google,2024-04-03,US,False
CUST02993,google,2024-10-01,GB,True
CUST02994,meta,2024-07-25,US,True
CUST02995,email,2024-03-05,AU,True
CUST02996,google,2024-11-22,US,True
CUST02997,meta,2024-09-23,AU,True
CUST02998,meta,2024-03-10,US,False
CUST02999,tiktok,2024-10-26,DE,True
CUST03000,google,2024-08-27,CA,True
CUST03001,meta,2024-05-28,NL,True
CUST03002,google,2024-03-17,US,True
CUST03003,meta,2024-08-15,GB,True
CUST03004,google,2024-04-08,GB,True
CUST03005,tiktok,2024-01-14,US,False
CUST03006,referral,2024-01-18,DE,True
CUST03007,meta,2024-08-30,US,True
CUST03008,email,2024-10-05,CA,False
CUST03009,meta,2024-07-09,DE,True
CUST03010,meta,2024-01-15,US,True
CUST03011,tiktok,2024-10-01,AU,True
CUST03012,google,2024-02-02,AU,True
CUST03013,tiktok,2024-06-21,GB,True
CUST03014,google,2024-11-29,CA,True
CUST03015,tiktok,2024-09-11,GB,True
CUST03016,meta,2024-10-02,CA,True
CUST03017,meta,2024-07-19,DE,False
CUST03018,tiktok,2024-11-21,GB,True
CUST03019,organic,2024-11-16,GB,True
CUST03020,meta,2024-02-02,GB,True
CUST03021,google,2024-09-24,GB,True
CUST03022,meta,2024-04-30,US,True
CUST03023,google,2024-06-30,DE,False
CUST03024,meta,2024-02-04,GB,True
CUST03025,meta,2024-03-13,US,True
CUST03026,meta,2024-10-24,GB,True
CUST03027,meta,2024-06-27,DE,True
CUST03028,organic,2024-04-29,US,True
CUST03029,organic,2024-10-17,GB,True
CUST03030,tiktok,2024-05-27,GB,True
CUST03031,meta,2024-08-07,GB,True
CUST03032,organic,2024-04-15,GB,True
CUST03033,tiktok,2024-04-10,GB,False
CUST03034,google,2024-05-17,GB,False
CUST03035,tiktok,2024-11-18,AU,True
CUST03036,google,2024-11-20,GB,True
CUST03037,google,2024-09-29,US,True
CUST03038,meta,2024-03-21,CA,True
CUST03039,google,2024-02-05,GB,True
CUST03040,meta,2024-06-30,NL,True
CUST03041,meta,2024-07-03,US,True
CUST03042,meta,2024-08-06,US,True
CUST03043,tiktok,2024-05-05,US,True
CUST03044,google,2024-03-02,GB,True
CUST03045,email,2024-03-13,GB,False
CUST03046,meta,2024-07-31,GB,False
CUST03047,google,2024-08-18,US,False
CUST03048,organic,2024-07-02,GB,True
CUST03049,meta,2024-08-21,DE,True
CUST03050,referral,2024-01-16,AU,True
CUST03051,google,2024-06-12,GB,False
CUST03052,meta,2024-08-18,US,True
CUST03053,referral,2024-08-19,NL,True
CUST03054,organic,2024-08-08,GB,True
CUST03055,email,2024-11-02,CA,True
CUST03056,organic,2024-11-03,FR,False
CUST03057,meta,2024-06-02,GB,True
CUST03058,organic,2024-03-18,GB,True
CUST03059,meta,2024-03-12,GB,True
CUST03060,meta,2024-10-08,DE,True
CUST03061,google,2024-01-02,GB,False
CUST03062,tiktok,2024-08-01,DE,False
CUST03063,meta,2024-09-16,US,True
CUST03064,email,2024-10-23,US,True
CUST03065,email,2024-10-23,US,True
CUST03066,organic,2024-04-19,DE,False
CUST03067,meta,2024-08-19,GB,False
CUST03068,tiktok,2024-09-17,US,True
CUST03069,meta,2024-08-24,GB,True
CUST03070,google,2024-05-11,GB,False
CUST03071,tiktok,2024-01-31,GB,True
CUST03072,meta,2024-01-18,US,True
CUST03073,tiktok,2024-05-29,US,True
CUST03074,meta,2024-04-30,FR,True
CUST03075,email,2024-04-11,US,True
CUST03076,tiktok,2024-06-03,AU,False
CUST03077,meta,2024-11-09,DE,True
CUST03078,organic,2024-09-11,FR,True
CUST03079,meta,2024-03-03,US,False
CUST03080,google,2024-09-23,US,False
CUST03081,organic,2024-06-13,GB,True
CUST03082,tiktok,2024-10-15,US,False
CUST03083,meta,2024-07-13,US,True
CUST03084,google,2024-11-23,US,True
CUST03085,google,2024-06-13,US,True
CUST03086,meta,2024-02-28,NL,True
CUST03087,google,2024-03-17,US,False
CUST03088,meta,2024-06-17,GB,True
CUST03089,google,2024-07-09,GB,True
CUST03090,google,2024-04-07,DE,True
CUST03091,meta,2024-07-29,GB,False
CUST03092,google,2024-01-07,GB,True
CUST03093,meta,2024-08-19,DE,False
CUST03094,meta,2024-04-06,US,True
CUST03095,meta,2024-10-09,US,True
CUST03096,referral,2024-05-14,DE,True
CUST03097,email,2024-11-16,NL,False
CUST03098,meta,2024-01-16,US,True
CUST03099,referral,2024-08-24,US,True
CUST03100,google,2024-05-28,DE,True
CUST03101,tiktok,2024-09-04,US,True
CUST03102,email,2024-03-12,GB,True
CUST03103,email,2024-11-21,CA,True
CUST03104,meta,2024-08-09,GB,True
CUST03105,organic,2024-09-26,US,False
CUST03106,organic,2024-03-24,US,True
CUST03107,google,2024-04-17,GB,False
CUST03108,tiktok,2024-03-11,GB,False
CUST03109,meta,2024-03-21,US,True
CUST03110,meta,2024-04-16,US,True
CUST03111,meta,2024-02-07,GB,True
CUST03112,meta,2024-03-26,GB,False
CUST03113,google,2024-08-16,US,False
CUST03114,email,2024-07-03,GB,True
CUST03115,meta,2024-05-04,US,False
CUST03116,tiktok,2024-11-27,GB,True
CUST03117,meta,2024-09-18,US,True
CUST03118,google,2024-09-02,CA,True
CUST03119,tiktok,2024-03-21,US,True
CUST03120,organic,2024-04-23,US,False
CUST03121,meta,2024-01-12,US,True
CUST03122,google,2024-08-07,CA,True
CUST03123,referral,2024-10-18,US,False
CUST03124,meta,2024-04-01,US,False
CUST03125,email,2024-08-23,GB,False
CUST03126,meta,2024-03-25,GB,True
CUST03127,organic,2024-03-10,FR,False
CUST03128,google,2024-08-01,FR,False
CUST03129,meta,2024-08-20,FR,True
CUST03130,organic,2024-09-14,CA,True
CUST03131,google,2024-07-14,US,False
CUST03132,organic,2024-07-11,GB,False
CUST03133,email,2024-03-01,GB,True
CUST03134,google,2024-01-02,GB,False
CUST03135,meta,2024-09-11,NL,False
CUST03136,tiktok,2024-08-13,CA,False
CUST03137,tiktok,2024-03-14,US,True
CUST03138,tiktok,2024-08-24,CA,False
CUST03139,meta,2024-01-09,GB,False
CUST03140,meta,2024-09-22,US,False
CUST03141,google,2024-08-02,GB,True
CUST03142,meta,2024-06-26,AU,True
CUST03143,email,2024-07-02,NL,True
CUST03144,meta,2024-02-21,AU,True
CUST03145,google,2024-08-12,GB,False
CUST03146,organic,2024-04-03,CA,True
CUST03147,tiktok,2024-11-08,GB,True
CUST03148,google,2024-04-05,CA,True
CUST03149,meta,2024-10-17,DE,False
CUST03150,meta,2024-11-30,FR,True
CUST03151,google,2024-10-05,DE,True
CUST03152,google,2024-06-19,DE,True
CUST03153,meta,2024-11-11,FR,True
CUST03154,meta,2024-05-21,NL,False
CUST03155,organic,2024-06-15,GB,True
CUST03156,organic,2024-10-21,FR,True
CUST03157,meta,2024-10-07,US,True
CUST03158,email,2024-02-25,FR,True
CUST03159,meta,2024-04-12,US,True
CUST03160,organic,2024-06-26,US,True
CUST03161,meta,2024-10-20,GB,False
CUST03162,organic,2024-05-08,DE,True
CUST03163,meta,2024-08-18,GB,True
CUST03164,meta,2024-01-11,US,True
CUST03165,meta,2024-10-04,NL,True
CUST03166,tiktok,2024-08-08,US,False
CUST03167,meta,2024-09-18,DE,True
CUST03168,tiktok,2024-02-26,AU,True
CUST03169,meta,2024-09-04,AU,True
CUST03170,google,2024-02-27,GB,False
CUST03171,tiktok,2024-07-04,GB,True
CUST03172,meta,2024-09-07,AU,True
CUST03173,meta,2024-07-22,AU,False
CUST03174,meta,2024-09-08,US,True
CUST03175,organic,2024-07-06,GB,True
CUST03176,meta,2024-05-12,GB,True
CUST03177,tiktok,2024-04-18,DE,True
CUST03178,meta,2024-09-09,US,True
CUST03179,tiktok,2024-11-22,FR,True
CUST03180,meta,2024-10-14,DE,False
CUST03181,meta,2024-08-31,GB,True
CUST03182,google,2024-04-15,US,True
CUST03183,meta,2024-11-05,US,True
CUST03184,meta,2024-04-05,DE,True
CUST03185,tiktok,2024-03-29,US,True
CUST03186,meta,2024-08-24,GB,True
CUST03187,organic,2024-10-11,GB,True
CUST03188,meta,2024-07-21,GB,True
CUST03189,organic,2024-08-15,US,True
CUST03190,organic,2024-07-27,GB,True
CUST03191,google,2024-03-17,US,False
CUST03192,meta,2024-03-17,US,False
CUST03193,google,2024-04-26,US,True
CUST03194,organic,2024-10-06,FR,True
CUST03195,organic,2024-08-16,US,False
CUST03196,meta,2024-01-01,US,True
CUST03197,tiktok,2024-07-10,GB,False
CUST03198,meta,2024-07-18,US,True
CUST03199,meta,2024-07-25,GB,True
CUST03200,google,2024-08-31,CA,True
CUST03201,meta,2024-07-08,AU,False
CUST03202,meta,2024-07-11,GB,False
CUST03203,meta,2024-09-18,NL,False
CUST03204,tiktok,2024-05-12,US,True
CUST03205,organic,2024-03-16,FR,True
CUST03206,google,2024-04-29,GB,False
CUST03207,tiktok,2024-02-09,NL,True
CUST03208,tiktok,2024-08-09,GB,True
CUST03209,meta,2024-10-24,GB,True
CUST03210,tiktok,2024-08-24,GB,False
CUST03211,google,2024-09-10,US,True
CUST03212,email,2024-03-29,US,True
CUST03213,meta,2024-05-24,GB,True
CUST03214,tiktok,2024-11-18,US,False
CUST03215,meta,2024-08-06,US,False
CUST03216,referral,2024-01-22,US,True
CUST03217,organic,2024-06-26,GB,True
CUST03218,tiktok,2024-03-22,GB,True
CUST03219,meta,2024-01-10,FR,True
CUST03220,google,2024-08-04,GB,True
CUST03221,google,2024-08-27,AU,True
CUST03222,meta,2024-01-29,GB,False
CUST03223,google,2024-10-07,CA,True
CUST03224,tiktok,2024-10-30,DE,False
CUST03225,meta,2024-04-07,US,False
CUST03226,meta,2024-01-24,US,True
CUST03227,meta,2024-07-27,NL,True
CUST03228,meta,2024-07-02,DE,True
CUST03229,tiktok,2024-10-28,FR,True
CUST03230,meta,2024-08-17,GB,True
CUST03231,meta,2024-06-19,US,True
CUST03232,google,2024-08-04,GB,True
CUST03233,organic,2024-02-24,GB,True
CUST03234,meta,2024-11-27,FR,True
CUST03235,meta,2024-03-12,GB,True
CUST03236,meta,2024-05-09,CA,True
CUST03237,tiktok,2024-04-09,NL,True
CUST03238,tiktok,2024-02-16,US,False
CUST03239,meta,2024-11-05,US,True
CUST03240,google,2024-01-07,CA,True
CUST03241,google,2024-11-02,GB,True
CUST03242,meta,2024-09-03,GB,True
CUST03243,organic,2024-08-04,US,True
CUST03244,email,2024-08-10,US,True
CUST03245,meta,2024-10-19,DE,True
CUST03246,google,2024-06-29,AU,True
CUST03247,meta,2024-09-09,GB,True
CUST03248,google,2024-06-25,DE,False
CUST03249,google,2024-01-09,GB,False
CUST03250,meta,2024-01-08,GB,True
CUST03251,organic,2024-04-10,US,True
CUST03252,google,2024-07-25,DE,True
CUST03253,organic,2024-10-04,GB,True
CUST03254,meta,2024-03-21,GB,True
CUST03255,meta,2024-10-29,GB,True
CUST03256,organic,2024-05-07,NL,True
CUST03257,meta,2024-03-19,US,True
CUST03258,email,2024-03-31,GB,True
CUST03259,meta,2024-01-11,AU,False
CUST03260,organic,2024-02-17,US,False
CUST03261,organic,2024-10-15,GB,True
CUST03262,google,2024-06-22,GB,False
CUST03263,organic,2024-08-17,GB,True
CUST03264,email,2024-07-15,DE,True
CUST03265,organic,2024-03-04,GB,False
CUST03266,tiktok,2024-10-14,DE,True
CUST03267,meta,2024-06-10,CA,True
CUST03268,meta,2024-07-04,GB,False
CUST03269,meta,2024-01-07,FR,False
CUST03270,meta,2024-11-29,US,True
CUST03271,meta,2024-11-20,NL,True
CUST03272,referral,2024-03-30,GB,False
CUST03273,meta,2024-07-02,CA,True
CUST03274,meta,2024-01-18,GB,True
CUST03275,google,2024-02-19,GB,False
CUST03276,meta,2024-10-23,US,True
CUST03277,tiktok,2024-10-14,US,False
CUST03278,meta,2024-11-15,GB,True
CUST03279,organic,2024-10-15,DE,True
CUST03280,organic,2024-02-12,GB,True
CUST03281,google,2024-04-28,US,True
CUST03282,meta,2024-08-29,FR,True
CUST03283,organic,2024-01-12,GB,True
CUST03284,meta,2024-06-07,US,True
CUST03285,meta,2024-03-02,GB,True
CUST03286,google,2024-02-05,GB,False
CUST03287,referral,2024-06-29,AU,False
CUST03288,organic,2024-02-22,FR,True
CUST03289,google,2024-04-30,AU,True
CUST03290,meta,2024-02-19,US,True
CUST03291,google,2024-07-04,AU,True
CUST03292,meta,2024-02-18,GB,True
CUST03293,tiktok,2024-03-28,DE,False
CUST03294,organic,2024-04-19,GB,True
CUST03295,meta,2024-04-07,DE,True
CUST03296,referral,2024-10-02,DE,True
CUST03297,organic,2024-10-22,GB,True
CUST03298,meta,2024-09-13,DE,True
CUST03299,email,2024-10-17,US,True
CUST03300,meta,2024-11-04,GB,True
CUST03301,meta,2024-09-03,FR,True
CUST03302,meta,2024-06-03,US,False
CUST03303,meta,2024-11-29,US,False
CUST03304,referral,2024-06-24,US,True
CUST03305,google,2024-07-30,DE,True
CUST03306,referral,2024-05-10,GB,True
CUST03307,organic,2024-11-09,FR,False
CUST03308,meta,2024-09-14,AU,True
CUST03309,organic,2024-01-25,US,True
CUST03310,meta,2024-07-30,GB,False
CUST03311,meta,2024-11-18,US,True
CUST03312,organic,2024-02-19,GB,False
CUST03313,referral,2024-08-02,GB,True
CUST03314,organic,2024-06-03,AU,True
CUST03315,organic,2024-02-25,GB,True
CUST03316,tiktok,2024-03-18,US,True
CUST03317,organic,2024-08-06,US,True
CUST03318,meta,2024-07-28,NL,True
CUST03319,meta,2024-05-25,DE,True
CUST03320,email,2024-11-23,DE,False
CUST03321,meta,2024-11-29,GB,False
CUST03322,meta,2024-04-25,US,False
CUST03323,google,2024-07-04,GB,True
CUST03324,meta,2024-01-01,DE,True
CUST03325,email,2024-03-22,US,True
CUST03326,organic,2024-01-23,GB,False
CUST03327,meta,2024-11-15,CA,True
CUST03328,organic,2024-05-31,US,False
CUST03329,meta,2024-08-17,AU,True
CUST03330,referral,2024-03-28,GB,False
CUST03331,tiktok,2024-02-17,US,True
CUST03332,google,2024-03-20,DE,True
CUST03333,tiktok,2024-01-05,US,True
CUST03334,tiktok,2024-10-26,US,False
CUST03335,organic,2024-04-26,US,False
CUST03336,meta,2024-02-29,CA,True
CUST03337,email,2024-04-15,GB,True
CUST03338,tiktok,2024-02-13,US,True
CUST03339,tiktok,2024-10-02,FR,True
CUST03340,google,2024-03-28,GB,True
CUST03341,organic,2024-04-03,DE,False
CUST03342,meta,2024-06-12,GB,True
CUST03343,tiktok,2024-11-23,GB,True
CUST03344,google,2024-09-05,US,True
CUST03345,meta,2024-05-18,GB,False
CUST03346,google,2024-04-04,GB,False
CUST03347,meta,2024-09-15,CA,False
CUST03348,tiktok,2024-08-05,US,False
CUST03349,tiktok,2024-01-17,US,True
CUST03350,meta,2024-08-11,CA,True
CUST03351,google,2024-05-20,DE,False
CUST03352,meta,2024-11-12,DE,True
CUST03353,organic,2024-09-08,AU,True
CUST03354,organic,2024-06-03,US,False
CUST03355,email,2024-09-16,GB,True
CUST03356,tiktok,2024-01-10,GB,True
CUST03357,organic,2024-06-09,DE,True
CUST03358,organic,2024-05-19,GB,True
CUST03359,google,2024-04-17,GB,False
CUST03360,referral,2024-09-28,GB,True
CUST03361,google,2024-03-22,AU,True
CUST03362,google,2024-10-14,GB,True
CUST03363,google,2024-11-24,GB,True
CUST03364,google,2024-08-27,FR,True
CUST03365,organic,2024-05-02,GB,True
CUST03366,google,2024-09-05,US,True
CUST03367,meta,2024-10-20,GB,False
CUST03368,meta,2024-05-16,US,True
CUST03369,meta,2024-10-20,GB,True
CUST03370,meta,2024-02-13,GB,True
CUST03371,google,2024-10-20,GB,True
CUST03372,meta,2024-03-18,DE,False
CUST03373,meta,2024-11-26,DE,True
CUST03374,meta,2024-06-03,US,True
CUST03375,google,2024-08-26,GB,True
CUST03376,organic,2024-06-20,GB,True
CUST03377,referral,2024-09-16,GB,True
CUST03378,tiktok,2024-11-19,GB,True
CUST03379,tiktok,2024-06-20,GB,True
CUST03380,meta,2024-04-25,GB,False
CUST03381,google,2024-11-21,US,True
CUST03382,meta,2024-06-09,US,False
CUST03383,google,2024-08-31,NL,False
CUST03384,meta,2024-10-17,FR,True
CUST03385,organic,2024-11-08,US,True
CUST03386,meta,2024-04-01,US,True
CUST03387,organic,2024-05-04,CA,True
CUST03388,google,2024-11-04,GB,False
CUST03389,meta,2024-07-26,FR,True
CUST03390,meta,2024-10-06,DE,True
CUST03391,meta,2024-06-29,AU,False
CUST03392,google,2024-08-28,US,True
CUST03393,meta,2024-03-07,US,True
CUST03394,google,2024-05-14,DE,True
CUST03395,meta,2024-09-21,CA,True
CUST03396,meta,2024-08-09,AU,True
CUST03397,google,2024-10-04,US,True
CUST03398,meta,2024-06-02,US,True
CUST03399,meta,2024-05-08,FR,False
CUST03400,organic,2024-02-26,CA,True
CUST03401,referral,2024-01-03,GB,True
CUST03402,meta,2024-08-16,CA,True
CUST03403,google,2024-07-24,GB,True
CUST03404,referral,2024-04-06,FR,True
CUST03405,meta,2024-11-20,US,False
CUST03406,meta,2024-10-09,GB,False
CUST03407,tiktok,2024-08-10,DE,False
CUST03408,tiktok,2024-05-28,GB,True
CUST03409,meta,2024-03-12,US,False
CUST03410,google,2024-04-07,GB,False
CUST03411,meta,2024-03-18,CA,True
CUST03412,google,2024-05-11,GB,True
CUST03413,organic,2024-01-08,GB,True
CUST03414,meta,2024-09-22,GB,True
CUST03415,meta,2024-01-02,GB,True
CUST03416,meta,2024-11-29,GB,False
CUST03417,google,2024-03-11,CA,True
CUST03418,email,2024-09-22,US,True
CUST03419,tiktok,2024-06-20,AU,True
CUST03420,meta,2024-07-16,FR,True
CUST03421,meta,2024-08-29,US,True
CUST03422,email,2024-11-09,NL,True
CUST03423,tiktok,2024-05-15,US,True
CUST03424,google,2024-02-08,US,True
CUST03425,email,2024-06-25,US,False
CUST03426,google,2024-10-31,GB,True
CUST03427,meta,2024-05-11,GB,False
CUST03428,organic,2024-03-14,GB,True
CUST03429,organic,2024-07-05,NL,True
CUST03430,google,2024-11-25,DE,True
CUST03431,google,2024-07-23,DE,False
CUST03432,google,2024-10-20,GB,True
CUST03433,google,2024-02-22,GB,False
CUST03434,google,2024-06-05,GB,True
CUST03435,meta,2024-07-09,US,False
CUST03436,google,2024-04-28,FR,True
CUST03437,tiktok,2024-10-26,GB,True
CUST03438,email,2024-03-14,GB,True
CUST03439,meta,2024-09-05,GB,True
CUST03440,referral,2024-01-19,US,True
CUST03441,meta,2024-07-27,FR,False
CUST03442,google,2024-10-13,AU,True
CUST03443,tiktok,2024-09-21,NL,True
CUST03444,email,2024-06-26,AU,True
CUST03445,tiktok,2024-01-29,US,True
CUST03446,email,2024-01-18,GB,True
CUST03447,meta,2024-04-22,GB,True
CUST03448,referral,2024-03-09,FR,True
CUST03449,google,2024-11-21,GB,True
CUST03450,tiktok,2024-08-29,AU,False
CUST03451,google,2024-09-21,AU,True
CUST03452,email,2024-03-20,DE,True
CUST03453,tiktok,2024-06-07,US,False
CUST03454,meta,2024-05-26,NL,False
CUST03455,tiktok,2024-04-08,US,False
CUST03456,tiktok,2024-01-17,US,True
CUST03457,tiktok,2024-01-28,GB,False
CUST03458,meta,2024-01-26,GB,True
CUST03459,tiktok,2024-09-21,DE,True
CUST03460,meta,2024-07-27,AU,True
CUST03461,organic,2024-02-12,US,True
CUST03462,google,2024-02-03,US,True
CUST03463,referral,2024-07-20,US,True
CUST03464,meta,2024-02-13,AU,True
CUST03465,organic,2024-02-02,FR,True
CUST03466,tiktok,2024-06-18,US,True
CUST03467,google,2024-06-20,GB,True
CUST03468,meta,2024-10-25,GB,True
CUST03469,meta,2024-02-29,CA,True
CUST03470,google,2024-05-15,NL,True
CUST03471,meta,2024-05-31,NL,True
CUST03472,meta,2024-03-28,GB,False
CUST03473,organic,2024-01-10,GB,True
CUST03474,google,2024-08-21,US,True
CUST03475,referral,2024-07-31,GB,True
CUST03476,google,2024-06-08,GB,True
CUST03477,email,2024-10-08,US,True
CUST03478,tiktok,2024-02-10,GB,True
CUST03479,meta,2024-08-06,US,True
CUST03480,meta,2024-11-28,US,True
CUST03481,tiktok,2024-01-08,NL,False
CUST03482,tiktok,2024-04-19,US,True
CUST03483,google,2024-09-22,GB,False
CUST03484,email,2024-07-05,GB,True
CUST03485,meta,2024-03-27,US,True
CUST03486,referral,2024-05-30,AU,True
CUST03487,meta,2024-10-14,FR,True
CUST03488,google,2024-01-17,DE,True
CUST03489,meta,2024-06-05,US,True
CUST03490,google,2024-06-06,US,False
CUST03491,email,2024-06-21,US,True
CUST03492,tiktok,2024-05-06,GB,True
CUST03493,meta,2024-04-05,GB,True
CUST03494,tiktok,2024-10-10,US,False
CUST03495,organic,2024-07-31,FR,True
CUST03496,meta,2024-09-07,US,False
CUST03497,google,2024-02-12,US,False
CUST03498,meta,2024-01-20,GB,True
CUST03499,meta,2024-09-13,US,True
CUST03500,meta,2024-06-21,GB,True
CUST03501,referral,2024-04-16,DE,True
CUST03502,google,2024-09-06,FR,True
CUST03503,google,2024-02-28,US,True
CUST03504,email,2024-10-23,GB,True
CUST03505,meta,2024-09-19,GB,True
CUST03506,email,2024-01-04,AU,True
CUST03507,meta,2024-11-27,NL,True
CUST03508,tiktok,2024-03-19,CA,True
CUST03509,meta,2024-11-22,US,True
CUST03510,email,2024-08-14,US,True
CUST03511,meta,2024-09-30,GB,True
CUST03512,meta,2024-02-29,GB,False
CUST03513,google,2024-03-02,US,True
CUST03514,organic,2024-09-24,GB,True
CUST03515,email,2024-09-14,NL,True
CUST03516,meta,2024-10-20,AU,False
CUST03517,google,2024-05-27,FR,True
CUST03518,google,2024-06-20,GB,True
CUST03519,email,2024-07-09,US,True
CUST03520,organic,2024-02-03,GB,True
CUST03521,meta,2024-08-30,US,True
CUST03522,referral,2024-02-13,FR,True
CUST03523,meta,2024-09-03,DE,True
CUST03524,tiktok,2024-05-17,FR,True
CUST03525,organic,2024-08-29,US,True
CUST03526,organic,2024-05-21,GB,True
CUST03527,email,2024-07-21,GB,True
CUST03528,meta,2024-03-05,GB,True
CUST03529,google,2024-04-12,US,True
CUST03530,tiktok,2024-04-15,FR,False
CUST03531,meta,2024-09-13,US,True
CUST03532,meta,2024-08-30,US,True
CUST03533,meta,2024-05-27,US,False
CUST03534,tiktok,2024-01-14,GB,False
CUST03535,meta,2024-05-10,US,False
CUST03536,tiktok,2024-06-07,GB,True
CUST03537,meta,2024-10-06,GB,True
CUST03538,meta,2024-04-13,US,True
CUST03539,tiktok,2024-11-08,GB,True
CUST03540,organic,2024-01-09,FR,True
CUST03541,meta,2024-04-04,US,True
CUST03542,organic,2024-08-10,FR,True
CUST03543,tiktok,2024-01-04,DE,True
CUST03544,meta,2024-08-27,US,False
CUST03545,organic,2024-09-02,FR,True
CUST03546,meta,2024-08-25,DE,True
CUST03547,email,2024-10-16,GB,True
CUST03548,google,2024-01-02,DE,True
CUST03549,tiktok,2024-01-20,US,True
CUST03550,organic,2024-07-03,DE,False
CUST03551,tiktok,2024-08-23,US,True
CUST03552,meta,2024-06-20,GB,True
CUST03553,meta,2024-03-17,AU,True
CUST03554,meta,2024-09-28,FR,True
CUST03555,organic,2024-03-13,FR,True
CUST03556,meta,2024-03-04,AU,True
CUST03557,google,2024-08-21,US,True
CUST03558,meta,2024-06-14,GB,True
CUST03559,meta,2024-07-25,AU,True
CUST03560,organic,2024-04-19,GB,True
CUST03561,meta,2024-07-10,DE,False
CUST03562,tiktok,2024-02-01,AU,False
CUST03563,referral,2024-01-05,DE,True
CUST03564,organic,2024-08-16,NL,True
CUST03565,meta,2024-08-09,AU,False
CUST03566,tiktok,2024-05-19,US,False
CUST03567,organic,2024-04-26,GB,True
CUST03568,google,2024-03-29,GB,True
CUST03569,google,2024-06-08,US,False
CUST03570,organic,2024-06-29,US,True
CUST03571,tiktok,2024-02-25,US,True
CUST03572,organic,2024-02-24,US,True
CUST03573,meta,2024-06-04,US,True
CUST03574,google,2024-02-28,GB,True
CUST03575,meta,2024-01-07,GB,True
CUST03576,meta,2024-03-17,US,True
CUST03577,email,2024-11-18,US,True
CUST03578,google,2024-03-14,DE,False
CUST03579,email,2024-06-17,GB,True
CUST03580,referral,2024-05-17,GB,True
CUST03581,google,2024-10-01,GB,True
CUST03582,email,2024-07-20,FR,False
CUST03583,meta,2024-07-09,GB,True
CUST03584,tiktok,2024-05-11,DE,False
CUST03585,meta,2024-08-25,GB,True
CUST03586,tiktok,2024-05-12,FR,True
CUST03587,google,2024-05-23,US,True
CUST03588,meta,2024-06-22,GB,True
CUST03589,meta,2024-09-24,AU,True
CUST03590,email,2024-09-03,CA,True
CUST03591,meta,2024-08-03,FR,True
CUST03592,referral,2024-02-19,FR,True
CUST03593,google,2024-10-02,GB,True
CUST03594,google,2024-07-08,AU,True
CUST03595,organic,2024-07-17,US,True
CUST03596,meta,2024-08-30,US,False
CUST03597,email,2024-08-22,NL,True
CUST03598,google,2024-01-26,FR,True
CUST03599,meta,2024-10-03,AU,True
CUST03600,meta,2024-07-02,US,True
CUST03601,organic,2024-05-18,US,True
CUST03602,meta,2024-10-31,GB,True
CUST03603,organic,2024-08-22,GB,True
CUST03604,tiktok,2024-08-20,GB,True
CUST03605,organic,2024-10-12,US,True
CUST03606,organic,2024-04-06,US,True
CUST03607,meta,2024-04-25,GB,True
CUST03608,tiktok,2024-01-12,FR,True
CUST03609,google,2024-05-23,NL,True
CUST03610,tiktok,2024-06-22,US,False
CUST03611,meta,2024-10-21,NL,False
CUST03612,meta,2024-04-17,US,True
CUST03613,google,2024-03-04,GB,True
CUST03614,meta,2024-02-18,GB,False
CUST03615,meta,2024-05-23,AU,False
CUST03616,meta,2024-08-01,US,True
CUST03617,meta,2024-06-02,US,True
CUST03618,meta,2024-09-06,US,True
CUST03619,meta,2024-07-17,DE,True
CUST03620,meta,2024-07-11,GB,True
CUST03621,google,2024-02-09,NL,True
CUST03622,organic,2024-02-05,CA,True
CUST03623,google,2024-02-01,FR,False
CUST03624,google,2024-06-04,US,False
CUST03625,meta,2024-09-26,FR,True
CUST03626,meta,2024-06-23,FR,True
CUST03627,meta,2024-03-29,US,True
CUST03628,tiktok,2024-01-21,DE,False
CUST03629,meta,2024-01-17,FR,True
CUST03630,google,2024-02-23,GB,False
CUST03631,google,2024-01-08,GB,True
CUST03632,tiktok,2024-09-17,US,True
CUST03633,meta,2024-01-16,GB,True
CUST03634,google,2024-08-14,GB,True
CUST03635,organic,2024-08-13,US,True
CUST03636,meta,2024-06-03,US,True
CUST03637,google,2024-04-13,US,True
CUST03638,meta,2024-11-20,US,True
CUST03639,meta,2024-03-17,GB,True
CUST03640,meta,2024-09-09,GB,False
CUST03641,meta,2024-03-20,GB,True
CUST03642,email,2024-10-15,GB,True
CUST03643,tiktok,2024-11-19,GB,True
CUST03644,google,2024-05-20,US,True
CUST03645,organic,2024-08-08,AU,True
CUST03646,meta,2024-07-17,GB,True
CUST03647,meta,2024-11-30,US,False
CUST03648,meta,2024-10-06,CA,True
CUST03649,google,2024-07-09,US,True
CUST03650,tiktok,2024-01-31,AU,True
CUST03651,meta,2024-08-28,GB,True
CUST03652,meta,2024-01-01,US,True
CUST03653,meta,2024-02-07,GB,True
CUST03654,tiktok,2024-06-13,US,True
CUST03655,tiktok,2024-06-11,GB,True
CUST03656,meta,2024-02-16,GB,True
CUST03657,email,2024-02-16,DE,True
CUST03658,meta,2024-07-04,GB,True
CUST03659,organic,2024-06-25,US,True
CUST03660,meta,2024-04-14,US,True
CUST03661,tiktok,2024-10-11,GB,False
CUST03662,meta,2024-09-20,GB,False
CUST03663,google,2024-11-18,GB,True
CUST03664,organic,2024-08-11,DE,True
CUST03665,meta,2024-10-02,US,True
CUST03666,tiktok,2024-01-10,CA,True
CUST03667,tiktok,2024-04-01,FR,True
CUST03668,organic,2024-08-06,US,False
CUST03669,meta,2024-11-03,AU,True
CUST03670,meta,2024-04-21,US,False
CUST03671,google,2024-11-14,GB,True
CUST03672,google,2024-10-09,GB,True
CUST03673,meta,2024-06-07,US,False
CUST03674,organic,2024-05-14,GB,False
CUST03675,google,2024-09-19,US,False
CUST03676,tiktok,2024-02-03,AU,True
CUST03677,tiktok,2024-05-19,US,True
CUST03678,meta,2024-01-17,NL,True
CUST03679,meta,2024-08-20,US,True
CUST03680,organic,2024-11-26,GB,True
CUST03681,tiktok,2024-11-16,GB,False
CUST03682,referral,2024-02-13,US,True
CUST03683,meta,2024-08-11,NL,True
CUST03684,meta,2024-10-14,DE,True
CUST03685,meta,2024-07-08,DE,True
CUST03686,email,2024-07-31,US,False
CUST03687,google,2024-03-26,DE,True
CUST03688,tiktok,2024-03-28,US,True
CUST03689,meta,2024-10-05,FR,True
CUST03690,meta,2024-07-11,GB,True
CUST03691,organic,2024-04-03,GB,True
CUST03692,tiktok,2024-07-29,CA,True
CUST03693,meta,2024-01-10,GB,True
CUST03694,organic,2024-03-13,DE,True
CUST03695,google,2024-04-08,GB,True
CUST03696,google,2024-09-13,DE,True
CUST03697,meta,2024-05-13,GB,False
CUST03698,google,2024-08-28,US,True
CUST03699,google,2024-09-20,GB,True
CUST03700,meta,2024-05-16,DE,False
CUST03701,google,2024-10-19,GB,True
CUST03702,google,2024-09-22,GB,True
CUST03703,organic,2024-07-08,GB,True
CUST03704,meta,2024-07-30,GB,True
CUST03705,meta,2024-06-25,GB,False
CUST03706,meta,2024-01-14,US,False
CUST03707,tiktok,2024-03-25,GB,True
CUST03708,organic,2024-08-18,FR,False
CUST03709,google,2024-01-27,US,False
CUST03710,email,2024-11-07,DE,True
CUST03711,google,2024-04-08,DE,False
CUST03712,email,2024-03-08,GB,True
CUST03713,meta,2024-01-16,GB,True
CUST03714,meta,2024-09-23,AU,True
CUST03715,google,2024-07-06,GB,True
CUST03716,meta,2024-10-26,GB,True
CUST03717,organic,2024-05-12,US,False
CUST03718,tiktok,2024-03-29,FR,True
CUST03719,meta,2024-02-09,GB,True
CUST03720,google,2024-06-19,FR,False
CUST03721,tiktok,2024-01-08,AU,True
CUST03722,google,2024-09-03,US,True
CUST03723,google,2024-04-18,DE,True
CUST03724,meta,2024-01-26,AU,True
CUST03725,google,2024-07-03,NL,True
CUST03726,meta,2024-02-16,GB,True
CUST03727,meta,2024-09-15,DE,True
CUST03728,meta,2024-08-04,GB,True
CUST03729,google,2024-08-14,US,True
CUST03730,meta,2024-03-19,GB,False
CUST03731,meta,2024-01-05,US,True
CUST03732,google,2024-02-13,GB,True
CUST03733,organic,2024-04-27,GB,True
CUST03734,google,2024-11-30,GB,False
CUST03735,google,2024-07-04,GB,False
CUST03736,tiktok,2024-08-02,US,True
CUST03737,tiktok,2024-02-26,AU,True
CUST03738,organic,2024-11-30,US,True
CUST03739,meta,2024-08-07,US,False
CUST03740,tiktok,2024-11-22,NL,True
CUST03741,meta,2024-06-06,US,True
CUST03742,meta,2024-10-30,GB,True
CUST03743,google,2024-05-31,AU,True
CUST03744,email,2024-10-17,US,False
CUST03745,organic,2024-09-07,US,True
CUST03746,google,2024-08-20,US,True
CUST03747,google,2024-06-17,US,True
CUST03748,organic,2024-09-30,GB,True
CUST03749,meta,2024-05-23,GB,True
CUST03750,organic,2024-04-27,US,True
CUST03751,email,2024-11-28,US,False
CUST03752,organic,2024-10-21,DE,True
CUST03753,meta,2024-07-01,DE,True
CUST03754,google,2024-07-25,US,True
CUST03755,meta,2024-09-01,GB,True
CUST03756,google,2024-08-18,GB,True
CUST03757,google,2024-04-02,GB,True
CUST03758,organic,2024-03-15,US,False
CUST03759,meta,2024-04-18,US,True
CUST03760,tiktok,2024-10-25,FR,True
CUST03761,tiktok,2024-03-14,US,True
CUST03762,organic,2024-03-20,US,True
CUST03763,tiktok,2024-02-15,AU,True
CUST03764,google,2024-03-20,US,True
CUST03765,organic,2024-03-12,FR,True
CUST03766,meta,2024-04-05,DE,False
CUST03767,meta,2024-07-27,GB,True
CUST03768,meta,2024-04-08,US,False
CUST03769,meta,2024-01-02,FR,True
CUST03770,google,2024-07-11,CA,True
CUST03771,google,2024-07-17,GB,True
CUST03772,tiktok,2024-06-15,US,True
CUST03773,google,2024-07-04,GB,True
CUST03774,meta,2024-03-11,FR,True
CUST03775,organic,2024-01-16,GB,True
CUST03776,organic,2024-02-19,NL,False
CUST03777,meta,2024-03-20,DE,True
CUST03778,meta,2024-01-04,CA,True
CUST03779,google,2024-04-20,GB,True
CUST03780,meta,2024-08-02,GB,True
CUST03781,google,2024-08-03,FR,True
CUST03782,referral,2024-11-08,US,True
CUST03783,meta,2024-03-03,DE,True
CUST03784,google,2024-11-10,GB,False
CUST03785,meta,2024-03-26,US,True
CUST03786,meta,2024-03-26,GB,True
CUST03787,google,2024-06-18,US,False
CUST03788,meta,2024-06-22,GB,True
CUST03789,tiktok,2024-06-07,US,False
CUST03790,tiktok,2024-11-26,US,True
CUST03791,organic,2024-03-20,US,True
CUST03792,meta,2024-05-05,US,False
CUST03793,google,2024-11-21,GB,True
CUST03794,meta,2024-09-30,AU,False
CUST03795,organic,2024-03-06,GB,True
CUST03796,google,2024-05-17,GB,True
CUST03797,meta,2024-03-30,AU,True
CUST03798,email,2024-09-23,GB,True
CUST03799,tiktok,2024-06-24,GB,True
CUST03800,meta,2024-05-19,US,False
