order_id,shipped_at,delivered_at,return_requested_at,return_completed_at,fulfilment_status
ORD000001,2024-09-26,2024-09-28,,,delivered
ORD000002,2024-06-07,2024-06-10,,,delivered
ORD000003,2024-09-26,2024-09-29,,,delivered
ORD000004,2024-06-03,2024-06-05,,,delivered
ORD000005,2024-10-27,2024-10-30,2024-11-02,2024-11-13,returned
ORD000006,2024-12-04,2024-12-07,,,delivered
ORD000007,2024-11-03,2024-11-10,2024-11-30,2024-12-08,returned
ORD000008,2024-04-01,2024-04-04,,,delivered
ORD000009,2024-09-29,2024-10-05,,,delivered
ORD000010,2024-06-13,2024-06-15,,,delivered
ORD000011,2024-12-17,2024-12-24,,,delivered
ORD000012,2024-08-21,2024-08-28,2024-09-15,2024-09-27,returned
ORD000013,2024-04-25,2024-05-01,,,delivered
ORD000014,2024-10-12,2024-10-19,,,delivered
ORD000015,2024-12-05,2024-12-07,,,delivered
ORD000016,2024-07-12,2024-07-19,,,delivered
ORD000017,2024-11-10,2024-11-17,2024-11-20,2024-11-30,returned
ORD000018,2024-09-22,2024-09-27,,,delivered
ORD000019,2024-10-10,2024-10-16,,,delivered
ORD000020,2024-12-22,2024-12-24,2025-01-07,2025-01-19,returned
ORD000021,2024-11-28,2024-12-02,2024-12-16,2024-12-25,returned
ORD000022,2024-12-24,2024-12-29,2025-01-19,2025-01-25,returned
ORD000023,2024-08-11,2024-08-14,,,delivered
ORD000024,2024-11-14,2024-11-19,,,delivered
ORD000025,2024-12-28,2025-01-02,,,delivered
ORD000026,2024-12-17,2024-12-23,,,delivered
ORD000027,2024-05-04,2024-05-08,2024-05-18,2024-05-24,returned
ORD000028,2024-10-11,2024-10-18,,,delivered
ORD000029,2024-11-17,2024-11-24,,,delivered
ORD000030,2024-12-06,2024-12-11,,,delivered
ORD000031,2024-12-05,2024-12-10,,,delivered
ORD000032,2024-06-22,2024-06-26,2024-07-13,2024-07-27,returned
ORD000033,2024-08-29,2024-09-04,,,delivered
ORD000034,2024-10-30,2024-11-02,,,delivered
ORD000035,2024-12-14,2024-12-19,,,delivered
ORD000036,2024-12-23,2024-12-26,,,delivered
ORD000037,2024-09-04,2024-09-09,,,delivered
ORD000038,2024-03-01,2024-03-04,,,delivered
ORD000039,2024-06-07,2024-06-10,,,delivered
ORD000040,2024-09-04,2024-09-06,,,delivered
ORD000041,2024-07-23,2024-07-30,,,delivered
ORD000042,2024-11-19,2024-11-25,,,delivered
ORD000043,2024-09-05,2024-09-11,,,delivered
ORD000044,2024-10-19,2024-10-21,,,delivered
ORD000045,2024-12-06,2024-12-11,,,delivered
ORD000046,2024-08-13,2024-08-17,,,delivered
ORD000047,2024-12-30,2025-01-01,,,delivered
ORD000048,2024-09-10,2024-09-12,,,delivered
ORD000049,2024-11-01,2024-11-04,,,delivered
ORD000050,2024-10-04,2024-10-07,,,delivered
ORD000051,2024-10-16,2024-10-21,,,delivered
ORD000052,2024-11-28,2024-12-04,,,delivered
ORD000053,2024-08-18,2024-08-21,2024-08-28,2024-09-11,returned
ORD000054,2024-09-09,2024-09-14,,,delivered
ORD000055,2024-08-23,2024-08-30,,,delivered
ORD000056,2024-10-21,2024-10-23,2024-11-08,2024-11-13,returned
ORD000057,2024-12-26,2025-01-02,,,delivered
ORD000058,2024-05-27,2024-05-29,,,delivered
ORD000059,2024-10-15,2024-10-17,,,delivered
ORD000060,2024-06-09,2024-06-11,,,delivered
ORD000061,2024-06-06,2024-06-13,2024-06-24,2024-07-01,returned
ORD000062,2024-03-23,2024-03-28,,,delivered
ORD000063,2024-11-06,2024-11-09,,,delivered
ORD000064,2024-12-27,2024-12-31,2025-01-09,2025-01-21,returned
ORD000065,2024-08-15,2024-08-21,,,delivered
ORD000066,2024-11-19,2024-11-21,,,delivered
ORD000067,2024-12-03,2024-12-05,,,delivered
ORD000068,2024-09-20,2024-09-24,,,delivered
ORD000069,2024-09-13,2024-09-17,,,delivered
ORD000070,2024-04-30,2024-05-03,,,delivered
ORD000071,2024-02-19,2024-02-26,,,delivered
ORD000072,2024-11-24,2024-12-01,,,delivered
ORD000073,2024-11-26,2024-12-01,,,delivered
ORD000074,2024-11-10,2024-11-16,,,delivered
ORD000075,2024-06-20,2024-06-25,,,delivered
ORD000076,2024-10-28,2024-10-30,,,delivered
ORD000077,2024-10-05,2024-10-12,,,delivered
ORD000078,2024-12-05,2024-12-10,,,delivered
ORD000079,2024-04-12,2024-04-15,,,delivered
ORD000080,2024-09-28,2024-10-03,,,delivered
ORD000081,2024-09-24,2024-09-28,,,delivered
ORD000082,2024-12-10,2024-12-16,2025-01-03,2025-01-11,returned
ORD000083,2024-12-25,2024-12-29,,,delivered
ORD000084,2024-11-18,2024-11-20,,,delivered
ORD000085,2024-12-06,2024-12-10,,,delivered
ORD000086,2024-09-22,2024-09-27,,,delivered
ORD000087,2024-11-05,2024-11-10,,,delivered
ORD000088,2024-08-15,2024-08-17,2024-08-23,2024-09-03,returned
ORD000089,2024-09-29,2024-10-05,2024-10-18,2024-11-01,returned
ORD000090,2024-12-20,2024-12-25,,,delivered
ORD000091,2024-09-23,2024-09-26,,,delivered
ORD000092,2024-12-03,2024-12-10,,,delivered
ORD000093,2024-09-26,2024-09-28,,,delivered
ORD000094,2024-12-19,2024-12-25,,,delivered
ORD000095,2024-07-21,2024-07-27,,,delivered
ORD000096,2024-12-23,2024-12-27,,,delivered
ORD000097,2024-10-31,2024-11-06,2024-11-15,2024-11-20,returned
ORD000098,2024-08-20,2024-08-24,,,delivered
ORD000099,2024-09-01,2024-09-08,2024-09-22,2024-10-04,returned
ORD000100,2024-10-14,2024-10-21,,,delivered
ORD000101,2024-10-23,2024-10-28,2024-11-11,2024-11-22,returned
ORD000102,2024-07-04,2024-07-10,,,delivered
ORD000103,2024-11-22,2024-11-24,,,delivered
ORD000104,2024-12-09,2024-12-13,,,delivered
ORD000105,2024-12-28,2025-01-03,,,delivered
ORD000106,2024-10-13,2024-10-19,2024-10-23,2024-10-30,returned
ORD000107,2024-05-30,2024-06-03,,,delivered
ORD000108,2024-12-23,2024-12-30,,,delivered
ORD000109,2024-12-12,2024-12-18,2025-01-06,2025-01-13,returned
ORD000110,2024-12-22,2024-12-24,,,delivered
ORD000111,2024-12-31,2025-01-03,,,delivered
ORD000112,2024-02-11,2024-02-18,,,delivered
ORD000113,2024-11-16,2024-11-18,,,delivered
ORD000114,2024-07-10,2024-07-15,,,delivered
ORD000115,2024-11-13,2024-11-18,,,delivered
ORD000116,2024-12-25,2024-12-27,2025-01-07,2025-01-21,returned
ORD000117,2024-12-10,2024-12-17,,,delivered
ORD000118,2024-08-15,2024-08-21,,,delivered
ORD000119,2024-08-22,2024-08-25,,,delivered
ORD000120,2024-06-18,2024-06-21,,,delivered
ORD000121,2024-11-23,2024-11-29,2024-12-08,2024-12-21,returned
ORD000122,2024-10-04,2024-10-06,,,delivered
ORD000123,2025-01-01,2025-01-05,,,delivered
ORD000124,2024-12-27,2025-01-03,,,delivered
ORD000125,2024-11-27,2024-11-29,,,delivered
ORD000126,2024-03-07,2024-03-13,,,delivered
ORD000127,2024-09-05,2024-09-08,,,delivered
ORD000128,2024-10-25,2024-10-31,,,delivered
ORD000129,2024-09-17,2024-09-24,2024-09-29,2024-10-10,returned
ORD000130,2024-01-30,2024-02-04,,,delivered
ORD000131,2024-09-11,2024-09-15,,,delivered
ORD000132,2024-12-24,2024-12-27,,,delivered
ORD000133,2024-12-25,2024-12-30,,,delivered
ORD000134,2024-09-23,2024-09-29,,,delivered
ORD000135,2024-09-01,2024-09-06,,,delivered
ORD000136,2024-10-20,2024-10-22,,,delivered
ORD000137,2024-07-24,2024-07-27,,,delivered
ORD000138,2024-09-13,2024-09-18,,,delivered
ORD000139,2024-06-13,2024-06-16,,,delivered
ORD000140,2025-01-01,2025-01-04,,,delivered
ORD000141,2024-04-10,2024-04-15,,,delivered
ORD000142,2024-06-11,2024-06-17,,,delivered
ORD000143,2024-09-07,2024-09-13,,,delivered
ORD000144,2024-12-16,2024-12-20,2025-01-03,2025-01-11,returned
ORD000145,2024-11-13,2024-11-19,,,delivered
ORD000146,2024-12-29,2025-01-02,,,delivered
ORD000147,2024-12-12,2024-12-18,,,delivered
ORD000148,2025-01-02,2025-01-05,2025-01-09,2025-01-16,returned
ORD000149,2024-11-26,2024-11-29,,,delivered
ORD000150,2024-10-03,2024-10-08,,,delivered
ORD000151,2024-12-31,2025-01-05,,,delivered
ORD000152,2024-10-07,2024-10-14,2024-10-24,2024-11-01,returned
ORD000153,2024-09-19,2024-09-23,,,delivered
ORD000154,2024-12-05,2024-12-12,,,delivered
ORD000155,2024-12-31,2025-01-06,,,delivered
ORD000156,2024-11-19,2024-11-24,,,delivered
ORD000157,2024-12-17,2024-12-20,,,delivered
ORD000158,2024-12-05,2024-12-10,,,delivered
ORD000159,2024-09-24,2024-09-30,,,delivered
ORD000160,2024-10-10,2024-10-15,,,delivered
ORD000161,2024-12-18,2024-12-23,,,delivered
ORD000162,2024-10-12,2024-10-19,2024-10-30,2024-11-12,returned
ORD000163,2024-10-07,2024-10-09,,,delivered
ORD000164,2024-06-18,2024-06-22,,,delivered
ORD000165,2024-08-23,2024-08-25,,,delivered
ORD000166,2024-08-14,2024-08-20,,,delivered
ORD000167,2024-11-10,2024-11-15,,,delivered
ORD000168,2024-10-21,2024-10-27,,,delivered
ORD000169,2024-12-21,2024-12-24,,,delivered
ORD000170,2024-08-13,2024-08-19,,,delivered
ORD000171,2024-10-31,2024-11-03,,,delivered
ORD000172,2024-08-06,2024-08-12,,,delivered
ORD000173,2024-12-24,2024-12-27,,,delivered
ORD000174,2024-10-12,2024-10-19,2024-11-08,2024-11-18,returned
ORD000175,2024-05-13,2024-05-19,,,delivered
ORD000176,2024-07-26,2024-07-28,,,delivered
ORD000177,2024-12-21,2024-12-24,,,delivered
ORD000178,2024-05-02,2024-05-07,,,delivered
ORD000179,2024-12-15,2024-12-21,2024-12-27,2025-01-05,returned
ORD000180,2024-08-07,2024-08-13,2024-08-27,2024-09-04,returned
ORD000181,2024-07-08,2024-07-12,2024-07-22,2024-08-02,returned
ORD000182,2024-12-06,2024-12-12,,,delivered
ORD000183,2024-07-16,2024-07-19,,,delivered
ORD000184,2024-11-08,2024-11-11,,,delivered
ORD000185,2024-10-18,2024-10-23,,,delivered
ORD000186,2024-11-29,2024-12-06,,,delivered
ORD000187,2024-11-20,2024-11-26,,,delivered
ORD000188,2024-07-03,2024-07-05,,,delivered
ORD000189,2024-10-16,2024-10-18,,,delivered
ORD000190,2024-09-15,2024-09-20,,,delivered
ORD000191,2024-06-07,2024-06-10,,,delivered
ORD000192,2024-10-30,2024-11-01,,,delivered
ORD000193,2024-10-13,2024-10-18,,,delivered
ORD000194,2024-05-28,2024-06-03,,,delivered
ORD000195,2024-07-27,2024-07-29,,,delivered
ORD000196,2024-09-02,2024-09-08,,,delivered
ORD000197,2024-10-27,2024-11-01,,,delivered
ORD000198,2024-12-15,2024-12-17,2024-12-22,2024-12-31,returned
ORD000199,2024-12-31,2025-01-02,,,delivered
ORD000200,2024-10-02,2024-10-08,2024-10-11,2024-10-20,returned
ORD000201,2024-11-26,2024-12-01,2024-12-07,2024-12-14,returned
ORD000202,2024-12-25,2024-12-31,,,delivered
ORD000203,2024-12-01,2024-12-06,2024-12-13,2024-12-22,returned
ORD000204,2024-12-10,2024-12-15,,,delivered
ORD000205,2024-09-26,2024-10-02,,,delivered
ORD000206,2024-09-22,2024-09-27,,,delivered
ORD000207,2024-10-29,2024-11-01,,,delivered
ORD000208,2024-11-25,2024-12-01,,,delivered
ORD000209,2024-07-16,2024-07-22,,,delivered
ORD000210,2024-09-05,2024-09-12,,,delivered
ORD000211,2024-09-29,2024-10-04,,,delivered
ORD000212,2024-12-07,2024-12-10,,,delivered
ORD000213,2024-10-17,2024-10-22,2024-11-07,2024-11-12,returned
ORD000214,2024-09-21,2024-09-26,,,delivered
ORD000215,2024-11-10,2024-11-16,2024-11-29,2024-12-05,returned
ORD000216,2024-11-17,2024-11-20,,,delivered
ORD000217,2024-12-28,2025-01-03,,,delivered
ORD000218,2024-10-19,2024-10-25,2024-10-29,2024-11-09,returned
ORD000219,2024-11-07,2024-11-12,,,delivered
ORD000220,2024-06-11,2024-06-13,,,delivered
ORD000221,2024-11-25,2024-11-30,,,delivered
ORD000222,2024-11-21,2024-11-27,2024-12-08,2024-12-16,returned
ORD000223,2024-05-25,2024-05-30,,,delivered
ORD000224,2024-10-07,2024-10-10,,,delivered
ORD000225,2024-12-26,2024-12-29,,,delivered
ORD000226,2024-10-05,2024-10-12,,,delivered
ORD000227,2024-08-28,2024-09-02,,,delivered
ORD000228,2024-02-17,2024-02-23,,,delivered
ORD000229,2024-10-26,2024-10-30,,,delivered
ORD000230,2024-10-14,2024-10-18,,,delivered
ORD000231,2024-06-05,2024-06-10,,,delivered
ORD000232,2024-06-29,2024-07-06,,,delivered
ORD000233,2024-09-07,2024-09-13,,,delivered
ORD000234,2024-08-04,2024-08-10,,,delivered
ORD000235,2024-12-02,2024-12-09,,,delivered
ORD000236,2024-11-23,2024-11-27,2024-12-10,2024-12-23,returned
ORD000237,2024-07-31,2024-08-05,,,delivered
ORD000238,2024-11-07,2024-11-13,,,delivered
ORD000239,2024-10-20,2024-10-26,,,delivered
ORD000240,2024-11-15,2024-11-18,2024-12-05,2024-12-14,returned
ORD000241,2024-11-29,2024-12-05,,,delivered
ORD000242,2024-07-09,2024-07-12,,,delivered
ORD000243,2024-12-13,2024-12-19,2025-01-03,2025-01-08,returned
ORD000244,2024-11-26,2024-11-29,,,delivered
ORD000245,2024-09-22,2024-09-26,,,delivered
ORD000246,2024-03-12,2024-03-14,,,delivered
ORD000247,2024-12-01,2024-12-05,,,delivered
ORD000248,2024-11-17,2024-11-22,,,delivered
ORD000249,2024-11-26,2024-11-28,,,delivered
ORD000250,2024-11-05,2024-11-07,,,delivered
ORD000251,2024-12-06,2024-12-12,,,delivered
ORD000252,2024-02-29,2024-03-06,2024-03-19,2024-04-02,returned
ORD000253,2024-09-22,2024-09-28,,,delivered
ORD000254,2024-10-18,2024-10-23,,,delivered
ORD000255,2024-11-10,2024-11-17,2024-11-20,2024-11-28,returned
ORD000256,2024-10-01,2024-10-08,,,delivered
ORD000257,2024-09-22,2024-09-25,,,delivered
ORD000258,2024-10-10,2024-10-16,,,delivered
ORD000259,2024-08-29,2024-08-31,,,delivered
ORD000260,2024-12-30,2025-01-05,,,delivered
ORD000261,2024-06-04,2024-06-06,,,delivered
ORD000262,2024-05-21,2024-05-24,2024-06-11,2024-06-20,returned
ORD000263,2024-02-28,2024-03-06,,,delivered
ORD000264,2024-12-18,2024-12-23,2025-01-12,2025-01-17,returned
ORD000265,2025-01-01,2025-01-08,,,delivered
ORD000266,2024-11-21,2024-11-25,2024-12-08,2024-12-14,returned
ORD000267,2024-06-19,2024-06-25,2024-07-11,2024-07-17,returned
ORD000268,2024-10-28,2024-11-03,,,delivered
ORD000269,2024-12-11,2024-12-13,,,delivered
ORD000270,2024-12-11,2024-12-18,,,delivered
ORD000271,2024-12-26,2025-01-01,,,delivered
ORD000272,2024-11-19,2024-11-25,,,delivered
ORD000273,2024-10-23,2024-10-30,2024-11-04,2024-11-12,returned
ORD000274,2024-12-10,2024-12-16,,,delivered
ORD000275,2024-10-31,2024-11-02,,,delivered
ORD000276,2024-12-07,2024-12-14,2025-01-01,2025-01-11,returned
ORD000277,2024-07-13,2024-07-17,2024-07-25,2024-08-04,returned
ORD000278,2024-07-11,2024-07-13,,,delivered
ORD000279,2024-12-14,2024-12-18,,,delivered
ORD000280,2024-12-19,2024-12-23,,,delivered
ORD000281,2024-12-30,2025-01-03,,,delivered
ORD000282,2024-05-30,2024-06-03,,,delivered
ORD000283,2024-12-07,2024-12-12,2024-12-21,2024-12-28,returned
ORD000284,2024-11-28,2024-11-30,,,delivered
ORD000285,2024-12-18,2024-12-25,,,delivered
ORD000286,2025-01-02,2025-01-07,2025-01-10,2025-01-20,returned
ORD000287,2024-09-09,2024-09-11,,,delivered
ORD000288,2024-12-23,2024-12-27,,,delivered
ORD000289,2024-10-31,2024-11-03,,,delivered
ORD000290,2024-10-28,2024-11-04,,,delivered
ORD000291,2024-08-30,2024-09-03,,,delivered
ORD000292,2024-11-15,2024-11-17,2024-12-08,2024-12-19,returned
ORD000293,2024-10-24,2024-10-26,,,delivered
ORD000294,2024-10-31,2024-11-05,,,delivered
ORD000295,2024-10-13,2024-10-15,,,delivered
ORD000296,2024-11-21,2024-11-28,,,delivered
ORD000297,2024-04-28,2024-05-05,,,delivered
ORD000298,2024-10-07,2024-10-10,,,delivered
ORD000299,2024-10-03,2024-10-08,,,delivered
ORD000300,2024-11-07,2024-11-12,,,delivered
ORD000301,2024-08-29,2024-09-05,2024-09-13,2024-09-22,returned
ORD000302,2024-11-20,2024-11-27,,,delivered
ORD000303,2024-09-03,2024-09-08,2024-09-25,2024-10-09,returned
ORD000304,2024-12-16,2024-12-22,,,delivered
ORD000305,2024-09-23,2024-09-27,,,delivered
ORD000306,2024-12-15,2024-12-18,,,delivered
ORD000307,2024-05-25,2024-05-30,,,delivered
ORD000308,2024-10-06,2024-10-11,,,delivered
ORD000309,2024-12-17,2024-12-22,,,delivered
ORD000310,2024-10-16,2024-10-20,,,delivered
ORD000311,2024-04-11,2024-04-16,2024-04-19,2024-04-30,returned
ORD000312,2024-12-30,2025-01-02,,,delivered
ORD000313,2024-03-20,2024-03-23,,,delivered
ORD000314,2024-06-02,2024-06-04,2024-06-18,2024-06-26,returned
ORD000315,2024-10-28,2024-11-03,,,delivered
ORD000316,2024-12-21,2024-12-24,2025-01-05,2025-01-19,returned
ORD000317,2024-06-04,2024-06-10,,,delivered
ORD000318,2024-02-27,2024-03-04,2024-03-19,2024-03-30,returned
ORD000319,2024-02-25,2024-02-27,2024-03-18,2024-03-24,returned
ORD000320,2024-09-22,2024-09-27,,,delivered
ORD000321,2024-07-15,2024-07-21,,,delivered
ORD000322,2024-08-06,2024-08-08,,,delivered
ORD000323,2024-12-29,2024-12-31,2025-01-12,2025-01-17,returned
ORD000324,2024-04-23,2024-04-28,2024-05-08,2024-05-17,returned
ORD000325,2024-12-20,2024-12-25,,,delivered
ORD000326,2024-12-02,2024-12-06,,,delivered
ORD000327,2024-11-30,2024-12-03,,,delivered
ORD000328,2024-08-09,2024-08-14,,,delivered
ORD000329,2024-09-12,2024-09-18,,,delivered
ORD000330,2024-11-18,2024-11-23,,,delivered
ORD000331,2024-12-04,2024-12-06,,,delivered
ORD000332,2024-04-03,2024-04-06,,,delivered
ORD000333,2024-10-22,2024-10-29,,,delivered
ORD000334,2024-10-20,2024-10-23,,,delivered
ORD000335,2024-12-10,2024-12-16,,,delivered
ORD000336,2024-08-24,2024-08-31,,,delivered
ORD000337,2024-12-15,2024-12-19,,,delivered
ORD000338,2024-09-17,2024-09-19,,,delivered
ORD000339,2024-03-13,2024-03-16,,,delivered
ORD000340,2024-11-22,2024-11-25,2024-12-06,2024-12-16,returned
ORD000341,2024-11-29,2024-12-04,,,delivered
ORD000342,2024-11-07,2024-11-13,,,delivered
ORD000343,2024-10-20,2024-10-22,,,delivered
ORD000344,2024-10-14,2024-10-19,,,delivered
ORD000345,2024-09-21,2024-09-25,2024-10-10,2024-10-21,returned
ORD000346,2024-09-09,2024-09-14,,,delivered
ORD000347,2024-12-29,2025-01-01,,,delivered
ORD000348,2024-08-13,2024-08-18,,,delivered
ORD000349,2024-11-20,2024-11-23,,,delivered
ORD000350,2024-09-22,2024-09-26,,,delivered
ORD000351,2024-05-02,2024-05-08,,,delivered
ORD000352,2024-02-02,2024-02-07,,,delivered
ORD000353,2024-11-29,2024-12-01,,,delivered
ORD000354,2024-10-15,2024-10-22,,,delivered
ORD000355,2024-10-20,2024-10-22,2024-10-26,2024-11-04,returned
ORD000356,2024-10-21,2024-10-24,,,delivered
ORD000357,2024-11-04,2024-11-09,2024-11-26,2024-12-08,returned
ORD000358,2024-10-29,2024-11-03,,,delivered
ORD000359,2024-12-14,2024-12-18,,,delivered
ORD000360,2024-11-23,2024-11-30,,,delivered
ORD000361,2024-10-02,2024-10-09,,,delivered
ORD000362,2024-12-04,2024-12-11,,,delivered
ORD000363,2024-07-27,2024-08-03,,,delivered
ORD000364,2024-11-03,2024-11-07,,,delivered
ORD000365,2024-10-05,2024-10-10,,,delivered
ORD000366,2024-11-19,2024-11-22,,,delivered
ORD000367,2024-07-22,2024-07-24,2024-08-14,2024-08-25,returned
ORD000368,2024-12-27,2024-12-31,,,delivered
ORD000369,2024-10-24,2024-10-29,,,delivered
ORD000370,2024-09-09,2024-09-11,,,delivered
ORD000371,2024-12-03,2024-12-05,,,delivered
ORD000372,2024-10-10,2024-10-14,,,delivered
ORD000373,2024-12-09,2024-12-13,2024-12-16,2024-12-23,returned
ORD000374,2024-10-31,2024-11-07,,,delivered
ORD000375,2024-06-29,2024-07-06,,,delivered
ORD000376,2024-08-25,2024-08-29,,,delivered
ORD000377,2024-05-28,2024-06-03,,,delivered
ORD000378,2024-07-23,2024-07-29,,,delivered
ORD000379,2024-11-18,2024-11-23,,,delivered
ORD000380,2025-01-01,2025-01-06,,,delivered
ORD000381,2024-10-05,2024-10-11,,,delivered
ORD000382,2024-12-31,2025-01-02,2025-01-12,2025-01-23,returned
ORD000383,2024-09-02,2024-09-07,,,delivered
ORD000384,2024-12-23,2024-12-29,,,delivered
ORD000385,2024-03-22,2024-03-27,,,delivered
ORD000386,2024-11-04,2024-11-10,,,delivered
ORD000387,2024-11-11,2024-11-16,,,delivered
ORD000388,2024-10-19,2024-10-21,,,delivered
ORD000389,2024-11-16,2024-11-21,,,delivered
ORD000390,2024-06-07,2024-06-12,,,delivered
ORD000391,2024-02-14,2024-02-20,,,delivered
ORD000392,2024-09-29,2024-10-03,2024-10-09,2024-10-22,returned
ORD000393,2024-07-26,2024-07-29,,,delivered
ORD000394,2024-05-22,2024-05-28,,,delivered
ORD000395,2024-12-25,2025-01-01,2025-01-13,2025-01-27,returned
ORD000396,2024-05-18,2024-05-25,,,delivered
ORD000397,2024-09-18,2024-09-22,2024-10-03,2024-10-15,returned
ORD000398,2024-11-11,2024-11-14,,,delivered
ORD000399,2024-03-14,2024-03-16,2024-04-02,2024-04-09,returned
ORD000400,2024-11-24,2024-11-28,,,delivered
ORD000401,2024-04-30,2024-05-04,,,delivered
ORD000402,2024-06-01,2024-06-04,,,delivered
ORD000403,2024-03-19,2024-03-25,,,delivered
ORD000404,2024-07-18,2024-07-20,,,delivered
ORD000405,2024-11-18,2024-11-24,,,delivered
ORD000406,2024-10-22,2024-10-26,,,delivered
ORD000407,2024-06-30,2024-07-07,,,delivered
ORD000408,2024-07-31,2024-08-06,,,delivered
ORD000409,2024-11-12,2024-11-16,,,delivered
ORD000410,2024-11-02,2024-11-07,,,delivered
ORD000411,2024-12-26,2024-12-28,,,delivered
ORD000412,2024-03-13,2024-03-16,,,delivered
ORD000413,2024-04-30,2024-05-02,,,delivered
ORD000414,2024-06-26,2024-07-01,,,delivered
ORD000415,2024-12-31,2025-01-03,2025-01-20,2025-02-02,returned
ORD000416,2024-09-10,2024-09-16,,,delivered
ORD000417,2024-08-23,2024-08-26,,,delivered
ORD000418,2024-05-09,2024-05-14,,,delivered
ORD000419,2024-10-03,2024-10-09,,,delivered
ORD000420,2024-12-31,2025-01-07,,,delivered
ORD000421,2024-12-13,2024-12-20,,,delivered
ORD000422,2024-11-17,2024-11-23,,,delivered
ORD000423,2024-12-29,2025-01-05,,,delivered
ORD000424,2024-10-15,2024-10-21,,,delivered
ORD000425,2024-04-04,2024-04-09,,,delivered
ORD000426,2024-08-24,2024-08-26,,,delivered
ORD000427,2024-09-21,2024-09-26,,,delivered
ORD000428,2024-07-31,2024-08-02,,,delivered
ORD000429,2024-12-26,2024-12-29,,,delivered
ORD000430,2024-06-26,2024-07-03,,,delivered
ORD000431,2024-11-01,2024-11-07,,,delivered
ORD000432,2024-12-01,2024-12-07,2024-12-15,2024-12-25,returned
ORD000433,2024-09-09,2024-09-14,2024-10-02,2024-10-11,returned
ORD000434,2024-12-31,2025-01-05,,,delivered
ORD000435,2024-12-31,2025-01-02,,,delivered
ORD000436,2024-12-26,2024-12-31,,,delivered
ORD000437,2024-09-17,2024-09-23,,,delivered
ORD000438,2024-07-15,2024-07-18,,,delivered
ORD000439,2024-04-13,2024-04-18,,,delivered
ORD000440,2024-11-23,2024-11-28,2024-12-17,2024-12-28,returned
ORD000441,2024-02-16,2024-02-21,,,delivered
ORD000442,2024-08-16,2024-08-19,2024-09-08,2024-09-19,returned
ORD000443,2024-11-17,2024-11-23,2024-11-29,2024-12-07,returned
ORD000444,2024-05-28,2024-05-31,,,delivered
ORD000445,2024-05-30,2024-06-06,,,delivered
ORD000446,2024-09-02,2024-09-05,,,delivered
ORD000447,2024-05-30,2024-06-06,,,delivered
ORD000448,2024-09-07,2024-09-13,2024-09-29,2024-10-08,returned
ORD000449,2024-11-01,2024-11-07,,,delivered
ORD000450,2024-05-30,2024-06-04,,,delivered
ORD000451,2024-10-05,2024-10-09,,,delivered
ORD000452,2024-11-08,2024-11-14,,,delivered
ORD000453,2024-12-13,2024-12-18,,,delivered
ORD000454,2024-07-25,2024-07-29,,,delivered
ORD000455,2024-11-13,2024-11-18,2024-11-30,2024-12-09,returned
ORD000456,2024-03-09,2024-03-13,2024-04-03,2024-04-13,returned
ORD000457,2024-07-21,2024-07-23,,,delivered
ORD000458,2024-08-27,2024-08-29,,,delivered
ORD000459,2024-11-02,2024-11-07,,,delivered
ORD000460,2024-09-02,2024-09-05,,,delivered
ORD000461,2024-03-11,2024-03-17,,,delivered
ORD000462,2024-11-17,2024-11-19,2024-11-24,2024-12-01,returned
ORD000463,2024-12-22,2024-12-28,,,delivered
ORD000464,2024-09-01,2024-09-05,,,delivered
ORD000465,2024-08-15,2024-08-18,,,delivered
ORD000466,2024-11-10,2024-11-12,,,delivered
ORD000467,2024-11-04,2024-11-11,2024-12-02,2024-12-09,returned
ORD000468,2024-04-20,2024-04-24,,,delivered
ORD000469,2024-10-23,2024-10-28,,,delivered
ORD000470,2024-12-15,2024-12-17,,,delivered
ORD000471,2024-12-06,2024-12-13,,,delivered
ORD000472,2024-07-28,2024-08-02,,,delivered
ORD000473,2024-10-15,2024-10-20,,,delivered
ORD000474,2024-10-06,2024-10-11,2024-10-15,2024-10-20,returned
ORD000475,2024-03-26,2024-04-01,,,delivered
ORD000476,2024-12-12,2024-12-15,,,delivered
ORD000477,2024-11-21,2024-11-23,,,delivered
ORD000478,2024-11-28,2024-12-01,,,delivered
ORD000479,2024-11-23,2024-11-25,,,delivered
ORD000480,2024-12-28,2024-12-30,,,delivered
ORD000481,2024-08-16,2024-08-23,,,delivered
ORD000482,2024-08-25,2024-08-29,,,delivered
ORD000483,2024-11-02,2024-11-09,,,delivered
ORD000484,2024-04-20,2024-04-27,,,delivered
ORD000485,2024-11-15,2024-11-20,,,delivered
ORD000486,2024-07-08,2024-07-14,,,delivered
ORD000487,2024-11-06,2024-11-08,,,delivered
ORD000488,2024-09-12,2024-09-15,,,delivered
ORD000489,2024-12-21,2024-12-26,,,delivered
ORD000490,2024-11-13,2024-11-19,,,delivered
ORD000491,2024-11-13,2024-11-16,,,delivered
ORD000492,2024-03-15,2024-03-18,2024-03-28,2024-04-07,returned
ORD000493,2024-09-01,2024-09-07,,,delivered
ORD000494,2024-11-18,2024-11-21,,,delivered
ORD000495,2024-11-06,2024-11-08,,,delivered
ORD000496,2024-05-28,2024-06-01,,,delivered
ORD000497,2024-03-12,2024-03-16,,,delivered
ORD000498,2024-08-10,2024-08-15,,,delivered
ORD000499,2024-02-24,2024-02-26,,,delivered
ORD000500,2024-12-25,2025-01-01,,,delivered
ORD000501,2024-12-22,2024-12-25,,,delivered
ORD000502,2024-03-26,2024-04-02,,,delivered
ORD000503,2024-09-14,2024-09-16,,,delivered
ORD000504,2024-03-04,2024-03-09,,,delivered
ORD000505,2024-09-16,2024-09-18,,,delivered
ORD000506,2024-08-23,2024-08-26,,,delivered
ORD000507,2024-10-01,2024-10-07,,,delivered
ORD000508,2024-04-28,2024-04-30,,,delivered
ORD000509,2024-07-02,2024-07-09,,,delivered
ORD000510,2024-09-22,2024-09-25,,,delivered
ORD000511,2024-06-29,2024-07-02,,,delivered
ORD000512,2024-12-07,2024-12-12,,,delivered
ORD000513,2024-07-16,2024-07-19,2024-07-28,2024-08-06,returned
ORD000514,2024-12-23,2024-12-28,2025-01-11,2025-01-21,returned
ORD000515,2024-04-14,2024-04-19,,,delivered
ORD000516,2024-05-26,2024-05-28,2024-06-04,2024-06-09,returned
ORD000517,2024-12-24,2024-12-30,,,delivered
ORD000518,2024-11-25,2024-12-02,2024-12-18,2024-12-30,returned
ORD000519,2024-08-19,2024-08-22,,,delivered
ORD000520,2024-03-01,2024-03-05,,,delivered
ORD000521,2024-11-09,2024-11-16,,,delivered
ORD000522,2024-01-16,2024-01-18,,,delivered
ORD000523,2024-12-06,2024-12-12,,,delivered
ORD000524,2024-08-07,2024-08-10,,,delivered
ORD000525,2024-12-21,2024-12-27,2025-01-02,2025-01-11,returned
ORD000526,2024-02-04,2024-02-07,,,delivered
ORD000527,2024-12-07,2024-12-10,,,delivered
ORD000528,2024-11-04,2024-11-11,,,delivered
ORD000529,2024-10-25,2024-10-28,,,delivered
ORD000530,2024-12-18,2024-12-25,,,delivered
ORD000531,2024-05-06,2024-05-11,2024-05-18,2024-05-31,returned
ORD000532,2024-07-27,2024-08-01,,,delivered
ORD000533,2024-09-03,2024-09-10,,,delivered
ORD000534,2024-07-03,2024-07-08,2024-07-27,2024-08-02,returned
ORD000535,2024-06-30,2024-07-06,,,delivered
ORD000536,2024-06-25,2024-07-02,2024-07-19,2024-07-29,returned
ORD000537,2024-09-26,2024-09-29,,,delivered
ORD000538,2024-08-15,2024-08-19,,,delivered
ORD000539,2024-12-26,2024-12-31,,,delivered
ORD000540,2024-12-02,2024-12-06,,,delivered
ORD000541,2024-10-21,2024-10-23,,,delivered
ORD000542,2024-11-29,2024-12-06,,,delivered
ORD000543,2024-11-11,2024-11-13,,,delivered
ORD000544,2024-12-03,2024-12-10,,,delivered
ORD000545,2024-12-24,2024-12-27,,,delivered
ORD000546,2024-11-15,2024-11-19,,,delivered
ORD000547,2024-12-31,2025-01-04,,,delivered
ORD000548,2024-11-23,2024-11-27,2024-12-08,2024-12-19,returned
ORD000549,2024-05-25,2024-05-29,,,delivered
ORD000550,2024-10-29,2024-11-01,,,delivered
ORD000551,2024-08-31,2024-09-05,,,delivered
ORD000552,2024-10-27,2024-10-29,,,delivered
ORD000553,2024-03-25,2024-04-01,,,delivered
ORD000554,2024-11-08,2024-11-13,,,delivered
ORD000555,2024-11-27,2024-11-29,,,delivered
ORD000556,2024-12-18,2024-12-25,,,delivered
ORD000557,2024-05-15,2024-05-21,,,delivered
ORD000558,2024-10-24,2024-10-27,,,delivered
ORD000559,2024-10-11,2024-10-16,,,delivered
ORD000560,2024-08-21,2024-08-25,2024-09-04,2024-09-09,returned
ORD000561,2024-12-21,2024-12-23,,,delivered
ORD000562,2024-03-30,2024-04-05,,,delivered
ORD000563,2024-04-23,2024-04-28,,,delivered
ORD000564,2024-07-05,2024-07-08,,,delivered
ORD000565,2024-05-10,2024-05-14,2024-05-25,2024-06-01,returned
ORD000566,2025-01-02,2025-01-04,,,delivered
ORD000567,2024-07-15,2024-07-19,,,delivered
ORD000568,2024-06-27,2024-07-04,,,delivered
ORD000569,2024-07-15,2024-07-17,,,delivered
ORD000570,2024-06-30,2024-07-03,,,delivered
ORD000571,2024-09-30,2024-10-03,,,delivered
ORD000572,2024-11-08,2024-11-14,,,delivered
ORD000573,2024-09-09,2024-09-11,,,delivered
ORD000574,2024-06-15,2024-06-21,,,delivered
ORD000575,2024-09-07,2024-09-10,,,delivered
ORD000576,2024-10-27,2024-10-31,2024-11-09,2024-11-23,returned
ORD000577,2024-07-03,2024-07-05,2024-07-15,2024-07-24,returned
ORD000578,2024-09-11,2024-09-18,,,delivered
ORD000579,2024-11-30,2024-12-03,,,delivered
ORD000580,2024-05-06,2024-05-13,,,delivered
ORD000581,2024-04-28,2024-05-01,,,delivered
ORD000582,2024-12-27,2024-12-30,,,delivered
ORD000583,2024-12-19,2024-12-23,,,delivered
ORD000584,2024-09-14,2024-09-18,2024-10-02,2024-10-12,returned
ORD000585,2024-10-05,2024-10-10,,,delivered
ORD000586,2024-09-19,2024-09-25,2024-10-07,2024-10-21,returned
ORD000587,2024-11-03,2024-11-07,2024-11-22,2024-12-02,returned
ORD000588,2024-07-20,2024-07-25,,,delivered
ORD000589,2024-10-05,2024-10-12,,,delivered
ORD000590,2024-12-27,2024-12-30,,,delivered
ORD000591,2024-12-15,2024-12-18,,,delivered
ORD000592,2024-12-22,2024-12-28,,,delivered
ORD000593,2024-11-07,2024-11-10,,,delivered
ORD000594,2024-12-28,2024-12-30,,,delivered
ORD000595,2024-08-26,2024-09-02,,,delivered
ORD000596,2024-11-10,2024-11-12,,,delivered
ORD000597,2024-11-28,2024-12-04,,,delivered
ORD000598,2024-10-28,2024-11-01,,,delivered
ORD000599,2024-07-13,2024-07-19,,,delivered
ORD000600,2024-06-30,2024-07-06,,,delivered
ORD000601,2024-10-27,2024-11-02,2024-11-05,2024-11-19,returned
ORD000602,2024-10-21,2024-10-26,,,delivered
ORD000603,2024-03-18,2024-03-25,,,delivered
ORD000604,2024-12-18,2024-12-21,,,delivered
ORD000605,2024-11-22,2024-11-27,,,delivered
ORD000606,2024-12-18,2024-12-21,,,delivered
ORD000607,2024-02-16,2024-02-23,,,delivered
ORD000608,2024-11-24,2024-11-30,,,delivered
ORD000609,2024-11-24,2024-11-30,,,delivered
ORD000610,2024-10-09,2024-10-13,2024-11-03,2024-11-16,returned
ORD000611,2024-08-20,2024-08-25,2024-08-28,2024-09-09,returned
ORD000612,2024-09-19,2024-09-23,,,delivered
ORD000613,2024-11-25,2024-11-28,,,delivered
ORD000614,2024-08-25,2024-08-29,2024-09-13,2024-09-25,returned
ORD000615,2024-11-09,2024-11-12,,,delivered
ORD000616,2024-11-07,2024-11-12,,,delivered
ORD000617,2024-12-10,2024-12-16,,,delivered
ORD000618,2024-12-05,2024-12-11,2024-12-28,2025-01-07,returned
ORD000619,2024-09-14,2024-09-19,2024-10-02,2024-10-07,returned
ORD000620,2024-10-22,2024-10-28,,,delivered
ORD000621,2024-12-29,2025-01-05,2025-01-12,2025-01-17,returned
ORD000622,2024-12-14,2024-12-18,,,delivered
ORD000623,2024-10-24,2024-10-27,,,delivered
ORD000624,2024-12-05,2024-12-09,,,delivered
ORD000625,2024-09-28,2024-10-04,,,delivered
ORD000626,2024-12-09,2024-12-14,2024-12-26,2025-01-03,returned
ORD000627,2024-06-15,2024-06-17,,,delivered
ORD000628,2024-03-01,2024-03-06,2024-03-17,2024-03-30,returned
ORD000629,2024-03-19,2024-03-24,,,delivered
ORD000630,2024-12-11,2024-12-14,,,delivered
ORD000631,2024-06-20,2024-06-23,2024-06-27,2024-07-04,returned
ORD000632,2024-09-09,2024-09-16,,,delivered
ORD000633,2024-02-05,2024-02-09,,,delivered
ORD000634,2024-12-06,2024-12-13,2024-12-31,2025-01-08,returned
ORD000635,2024-11-08,2024-11-10,,,delivered
ORD000636,2024-07-26,2024-07-31,,,delivered
ORD000637,2024-09-15,2024-09-21,,,delivered
ORD000638,2024-09-25,2024-10-01,,,delivered
ORD000639,2024-12-21,2024-12-28,,,delivered
ORD000640,2024-11-18,2024-11-20,2024-11-25,2024-12-02,returned
ORD000641,2024-10-26,2024-10-29,,,delivered
ORD000642,2024-07-01,2024-07-06,,,delivered
ORD000643,2024-05-27,2024-06-02,,,delivered
ORD000644,2024-10-12,2024-10-19,,,delivered
ORD000645,2024-12-03,2024-12-10,,,delivered
ORD000646,2024-09-28,2024-10-04,,,delivered
ORD000647,2024-10-09,2024-10-13,,,delivered
ORD000648,2024-12-26,2024-12-31,,,delivered
ORD000649,2024-04-08,2024-04-15,,,delivered
ORD000650,2024-12-26,2024-12-31,2025-01-16,2025-01-25,returned
ORD000651,2024-06-30,2024-07-02,,,delivered
ORD000652,2024-09-10,2024-09-15,,,delivered
ORD000653,2024-09-24,2024-09-30,,,delivered
ORD000654,2024-12-27,2024-12-31,,,delivered
ORD000655,2024-06-16,2024-06-21,2024-07-04,2024-07-15,returned
ORD000656,2024-07-08,2024-07-11,,,delivered
ORD000657,2024-12-08,2024-12-15,,,delivered
ORD000658,2024-10-06,2024-10-12,2024-10-22,2024-10-28,returned
ORD000659,2024-12-19,2024-12-22,,,delivered
ORD000660,2024-09-26,2024-10-03,,,delivered
ORD000661,2024-12-17,2024-12-19,,,delivered
ORD000662,2024-12-11,2024-12-16,,,delivered
ORD000663,2024-12-26,2025-01-02,,,delivered
ORD000664,2024-08-05,2024-08-08,,,delivered
ORD000665,2024-10-26,2024-10-28,,,delivered
ORD000666,2024-09-05,2024-09-08,,,delivered
ORD000667,2024-11-11,2024-11-13,,,delivered
ORD000668,2024-09-30,2024-10-05,,,delivered
ORD000669,2024-04-03,2024-04-05,,,delivered
ORD000670,2024-08-28,2024-09-02,,,delivered
ORD000671,2024-12-29,2025-01-05,,,delivered
ORD000672,2024-06-19,2024-06-23,,,delivered
ORD000673,2024-11-07,2024-11-09,,,delivered
ORD000674,2024-08-13,2024-08-18,2024-08-21,2024-08-30,returned
ORD000675,2024-12-19,2024-12-25,,,delivered
ORD000676,2024-09-11,2024-09-14,2024-09-20,2024-10-01,returned
ORD000677,2024-10-21,2024-10-24,,,delivered
ORD000678,2024-12-03,2024-12-06,,,delivered
ORD000679,2024-11-16,2024-11-21,,,delivered
ORD000680,2024-07-07,2024-07-11,2024-07-22,2024-08-03,returned
ORD000681,2024-04-23,2024-04-25,,,delivered
ORD000682,2024-10-01,2024-10-03,,,delivered
ORD000683,2024-08-05,2024-08-07,,,delivered
ORD000684,2024-11-01,2024-11-06,,,delivered
ORD000685,2024-12-02,2024-12-05,,,delivered
ORD000686,2024-08-07,2024-08-12,,,delivered
ORD000687,2024-06-25,2024-07-01,,,delivered
ORD000688,2024-06-19,2024-06-22,,,delivered
ORD000689,2024-12-18,2024-12-22,,,delivered
ORD000690,2024-01-25,2024-01-31,,,delivered
ORD000691,2024-11-12,2024-11-14,,,delivered
ORD000692,2024-02-29,2024-03-05,2024-03-13,2024-03-27,returned
ORD000693,2024-12-05,2024-12-11,,,delivered
ORD000694,2024-12-20,2024-12-24,2025-01-11,2025-01-25,returned
ORD000695,2024-12-22,2024-12-29,,,delivered
ORD000696,2024-09-14,2024-09-21,2024-09-27,2024-10-03,returned
ORD000697,2024-10-18,2024-10-20,,,delivered
ORD000698,2024-03-25,2024-03-29,,,delivered
ORD000699,2024-09-29,2024-10-03,,,delivered
ORD000700,2024-03-11,2024-03-18,,,delivered
ORD000701,2024-07-19,2024-07-24,,,delivered
ORD000702,2024-09-28,2024-10-02,,,delivered
ORD000703,2024-10-29,2024-11-05,,,delivered
ORD000704,2024-11-11,2024-11-16,2024-11-30,2024-12-12,returned
ORD000705,2024-05-31,2024-06-02,2024-06-12,2024-06-20,returned
ORD000706,2024-07-07,2024-07-14,,,delivered
ORD000707,2024-10-06,2024-10-13,,,delivered
ORD000708,2024-09-19,2024-09-26,2024-10-17,2024-10-26,returned
ORD000709,2024-12-21,2024-12-27,,,delivered
ORD000710,2024-10-01,2024-10-03,,,delivered
ORD000711,2024-09-22,2024-09-28,,,delivered
ORD000712,2024-11-24,2024-11-30,,,delivered
ORD000713,2024-08-30,2024-09-06,,,delivered
ORD000714,2024-12-06,2024-12-13,,,delivered
ORD000715,2024-12-27,2025-01-02,2025-01-14,2025-01-27,returned
ORD000716,2024-08-30,2024-09-04,2024-09-17,2024-09-24,returned
ORD000717,2024-10-24,2024-10-26,2024-11-15,2024-11-20,returned
ORD000718,2024-07-23,2024-07-27,,,delivered
ORD000719,2024-11-29,2024-12-02,2024-12-13,2024-12-21,returned
ORD000720,2024-09-30,2024-10-04,,,delivered
ORD000721,2024-03-25,2024-03-31,,,delivered
ORD000722,2024-09-22,2024-09-24,,,delivered
ORD000723,2024-08-31,2024-09-02,,,delivered
ORD000724,2024-10-18,2024-10-20,,,delivered
ORD000725,2024-08-22,2024-08-27,,,delivered
ORD000726,2024-04-02,2024-04-06,,,delivered
ORD000727,2024-07-04,2024-07-08,,,delivered
ORD000728,2024-10-27,2024-10-31,,,delivered
ORD000729,2024-11-07,2024-11-14,2024-11-30,2024-12-09,returned
ORD000730,2024-11-29,2024-12-01,,,delivered
ORD000731,2024-08-05,2024-08-08,2024-08-27,2024-09-03,returned
ORD000732,2024-11-25,2024-11-27,,,delivered
ORD000733,2024-07-05,2024-07-10,,,delivered
ORD000734,2024-04-26,2024-05-03,,,delivered
ORD000735,2024-12-09,2024-12-11,,,delivered
ORD000736,2024-01-14,2024-01-18,,,delivered
ORD000737,2024-11-21,2024-11-24,,,delivered
ORD000738,2024-08-31,2024-09-05,,,delivered
ORD000739,2024-10-07,2024-10-12,2024-10-22,2024-10-30,returned
ORD000740,2024-08-19,2024-08-25,2024-08-29,2024-09-07,returned
ORD000741,2024-12-12,2024-12-19,,,delivered
ORD000742,2024-10-28,2024-10-30,,,delivered
ORD000743,2024-12-28,2025-01-04,,,delivered
ORD000744,2024-02-07,2024-02-14,,,delivered
ORD000745,2024-07-19,2024-07-26,,,delivered
ORD000746,2024-11-12,2024-11-14,2024-11-22,2024-12-02,returned
ORD000747,2024-07-04,2024-07-06,,,delivered
ORD000748,2024-10-21,2024-10-25,,,delivered
ORD000749,2024-08-24,2024-08-27,2024-08-31,2024-09-11,returned
ORD000750,2024-05-24,2024-05-31,,,delivered
ORD000751,2024-06-30,2024-07-05,,,delivered
ORD000752,2024-06-29,2024-07-01,,,delivered
ORD000753,2024-12-10,2024-12-13,,,delivered
ORD000754,2024-07-03,2024-07-05,,,delivered
ORD000755,2024-11-19,2024-11-24,,,delivered
ORD000756,2024-07-13,2024-07-15,,,delivered
ORD000757,2024-08-10,2024-08-16,2024-09-04,2024-09-10,returned
ORD000758,2024-07-18,2024-07-23,,,delivered
ORD000759,2024-09-03,2024-09-08,,,delivered
ORD000760,2024-11-20,2024-11-24,,,delivered
ORD000761,2024-10-01,2024-10-03,,,delivered
ORD000762,2024-10-12,2024-10-15,,,delivered
ORD000763,2024-11-18,2024-11-23,2024-12-02,2024-12-14,returned
ORD000764,2024-10-30,2024-11-01,,,delivered
ORD000765,2024-09-29,2024-10-04,2024-10-07,2024-10-18,returned
ORD000766,2024-04-13,2024-04-18,2024-05-07,2024-05-18,returned
ORD000767,2024-12-04,2024-12-09,,,delivered
ORD000768,2024-08-23,2024-08-27,,,delivered
ORD000769,2024-11-09,2024-11-13,,,delivered
ORD000770,2024-12-18,2024-12-21,,,delivered
ORD000771,2025-01-01,2025-01-07,,,delivered
ORD000772,2024-09-13,2024-09-18,,,delivered
ORD000773,2024-11-05,2024-11-11,2024-11-24,2024-12-02,returned
ORD000774,2024-09-30,2024-10-05,,,delivered
ORD000775,2024-10-14,2024-10-17,,,delivered
ORD000776,2024-10-30,2024-11-02,,,delivered
ORD000777,2024-08-06,2024-08-11,,,delivered
ORD000778,2024-02-14,2024-02-19,,,delivered
ORD000779,2024-12-20,2024-12-26,2025-01-16,2025-01-28,returned
ORD000780,2024-08-24,2024-08-29,,,delivered
ORD000781,2024-11-05,2024-11-12,,,delivered
ORD000782,2024-11-20,2024-11-24,,,delivered
ORD000783,2024-07-22,2024-07-27,2024-08-11,2024-08-16,returned
ORD000784,2024-09-26,2024-10-03,,,delivered
ORD000785,2024-12-02,2024-12-09,2024-12-19,2024-12-31,returned
ORD000786,2024-11-27,2024-11-29,2024-12-05,2024-12-14,returned
ORD000787,2024-11-01,2024-11-08,,,delivered
ORD000788,2024-08-03,2024-08-09,,,delivered
ORD000789,2024-11-05,2024-11-12,,,delivered
ORD000790,2024-06-24,2024-06-26,,,delivered
ORD000791,2024-04-05,2024-04-10,,,delivered
ORD000792,2024-11-22,2024-11-24,2024-12-08,2024-12-14,returned
ORD000793,2024-11-01,2024-11-07,,,delivered
ORD000794,2024-08-16,2024-08-23,2024-09-02,2024-09-09,returned
ORD000795,2024-08-19,2024-08-21,2024-09-02,2024-09-14,returned
ORD000796,2024-12-11,2024-12-14,,,delivered
ORD000797,2024-09-26,2024-10-03,,,delivered
ORD000798,2024-10-15,2024-10-20,,,delivered
ORD000799,2024-07-07,2024-07-14,2024-07-19,2024-07-29,returned
ORD000800,2024-11-17,2024-11-24,,,delivered
ORD000801,2024-10-24,2024-10-31,,,delivered
ORD000802,2024-11-22,2024-11-29,,,delivered
ORD000803,2024-12-04,2024-12-11,2024-12-21,2024-12-29,returned
ORD000804,2024-10-06,2024-10-10,,,delivered
ORD000805,2024-11-29,2024-12-04,,,delivered
ORD000806,2024-06-02,2024-06-09,2024-06-30,2024-07-05,returned
ORD000807,2024-11-24,2024-11-27,,,delivered
ORD000808,2024-07-17,2024-07-24,,,delivered
ORD000809,2024-07-13,2024-07-15,2024-07-28,2024-08-08,returned
ORD000810,2024-07-30,2024-08-01,,,delivered
ORD000811,2024-08-31,2024-09-03,,,delivered
ORD000812,2024-09-07,2024-09-13,,,delivered
ORD000813,2024-11-23,2024-11-25,,,delivered
ORD000814,2024-08-21,2024-08-23,,,delivered
ORD000815,2024-06-21,2024-06-27,,,delivered
ORD000816,2024-10-31,2024-11-04,,,delivered
ORD000817,2024-12-23,2024-12-27,,,delivered
ORD000818,2024-04-20,2024-04-23,,,delivered
ORD000819,2024-06-24,2024-06-27,,,delivered
ORD000820,2024-11-24,2024-11-29,2024-12-18,2024-12-23,returned
ORD000821,2024-02-17,2024-02-23,,,delivered
ORD000822,2024-10-13,2024-10-18,,,delivered
ORD000823,2024-09-13,2024-09-20,2024-09-30,2024-10-09,returned
ORD000824,2024-12-17,2024-12-20,,,delivered
ORD000825,2024-11-09,2024-11-16,,,delivered
ORD000826,2024-07-05,2024-07-07,2024-07-23,2024-08-04,returned
ORD000827,2024-11-24,2024-11-27,2024-12-03,2024-12-16,returned
ORD000828,2024-06-11,2024-06-18,,,delivered
ORD000829,2024-12-13,2024-12-16,,,delivered
ORD000830,2024-05-23,2024-05-29,,,delivered
ORD000831,2024-11-07,2024-11-11,,,delivered
ORD000832,2024-12-15,2024-12-19,,,delivered
ORD000833,2024-08-15,2024-08-21,,,delivered
ORD000834,2024-05-17,2024-05-20,2024-05-27,2024-06-07,returned
ORD000835,2025-01-01,2025-01-04,,,delivered
ORD000836,2024-12-21,2024-12-25,,,delivered
ORD000837,2024-08-19,2024-08-24,,,delivered
ORD000838,2024-11-08,2024-11-14,,,delivered
ORD000839,2024-09-29,2024-10-06,,,delivered
ORD000840,2024-12-28,2025-01-03,,,delivered
ORD000841,2024-12-30,2025-01-01,,,delivered
ORD000842,2024-03-05,2024-03-12,,,delivered
ORD000843,2024-12-04,2024-12-10,,,delivered
ORD000844,2024-07-30,2024-08-05,2024-08-09,2024-08-22,returned
ORD000845,2024-12-24,2024-12-28,2025-01-08,2025-01-21,returned
ORD000846,2024-06-09,2024-06-14,2024-06-21,2024-07-03,returned
ORD000847,2024-10-27,2024-10-30,,,delivered
ORD000848,2024-09-18,2024-09-20,,,delivered
ORD000849,2024-03-15,2024-03-19,,,delivered
ORD000850,2024-12-06,2024-12-08,,,delivered
ORD000851,2024-10-01,2024-10-08,,,delivered
ORD000852,2024-11-09,2024-11-14,,,delivered
ORD000853,2024-06-01,2024-06-06,,,delivered
ORD000854,2024-06-21,2024-06-25,,,delivered
ORD000855,2024-09-25,2024-09-29,2024-10-05,2024-10-19,returned
ORD000856,2024-06-16,2024-06-23,,,delivered
ORD000857,2024-10-12,2024-10-16,,,delivered
ORD000858,2024-08-09,2024-08-14,,,delivered
ORD000859,2024-12-20,2024-12-27,,,delivered
ORD000860,2024-12-25,2024-12-28,,,delivered
ORD000861,2024-12-02,2024-12-07,,,delivered
ORD000862,2024-11-16,2024-11-21,,,delivered
ORD000863,2024-09-07,2024-09-11,,,delivered
ORD000864,2024-12-09,2024-12-14,2025-01-04,2025-01-11,returned
ORD000865,2024-11-23,2024-11-28,,,delivered
ORD000866,2024-12-05,2024-12-07,,,delivered
ORD000867,2024-11-07,2024-11-09,,,delivered
ORD000868,2024-12-25,2024-12-29,,,delivered
ORD000869,2024-11-24,2024-12-01,,,delivered
ORD000870,2024-12-24,2024-12-31,,,delivered
ORD000871,2024-12-13,2024-12-17,2024-12-30,2025-01-08,returned
ORD000872,2024-05-01,2024-05-06,,,delivered
ORD000873,2024-09-07,2024-09-14,,,delivered
ORD000874,2024-10-25,2024-10-29,,,delivered
ORD000875,2024-07-24,2024-07-31,,,delivered
ORD000876,2024-12-08,2024-12-12,,,delivered
ORD000877,2024-12-24,2024-12-28,,,delivered
ORD000878,2024-11-24,2024-11-28,2024-12-17,2024-12-22,returned
ORD000879,2024-11-06,2024-11-11,2024-11-27,2024-12-06,returned
ORD000880,2024-11-18,2024-11-23,2024-12-12,2024-12-21,returned
ORD000881,2024-12-24,2024-12-27,2025-01-16,2025-01-24,returned
ORD000882,2024-12-10,2024-12-13,,,delivered
ORD000883,2024-10-29,2024-11-03,,,delivered
ORD000884,2024-12-15,2024-12-20,,,delivered
ORD000885,2024-07-18,2024-07-21,,,delivered
ORD000886,2024-09-21,2024-09-25,,,delivered
ORD000887,2025-01-01,2025-01-05,2025-01-25,2025-02-01,returned
ORD000888,2024-04-29,2024-05-02,,,delivered
ORD000889,2024-12-30,2025-01-03,,,delivered
ORD000890,2024-07-03,2024-07-07,,,delivered
ORD000891,2024-10-27,2024-11-02,,,delivered
ORD000892,2024-09-04,2024-09-09,,,delivered
ORD000893,2024-05-13,2024-05-20,2024-05-29,2024-06-08,returned
ORD000894,2024-06-16,2024-06-20,,,delivered
ORD000895,2024-12-08,2024-12-13,,,delivered
ORD000896,2024-09-20,2024-09-27,2024-10-11,2024-10-20,returned
ORD000897,2024-05-09,2024-05-11,2024-05-22,2024-05-28,returned
ORD000898,2024-09-28,2024-10-05,,,delivered
ORD000899,2024-07-24,2024-07-31,,,delivered
ORD000900,2024-07-25,2024-07-27,,,delivered
ORD000901,2024-10-04,2024-10-06,,,delivered
ORD000902,2024-03-04,2024-03-11,,,delivered
ORD000903,2024-04-26,2024-04-29,2024-05-20,2024-05-26,returned
ORD000904,2024-12-08,2024-12-11,,,delivered
ORD000905,2024-04-16,2024-04-22,,,delivered
ORD000906,2024-11-10,2024-11-13,,,delivered
ORD000907,2024-10-06,2024-10-12,,,delivered
ORD000908,2024-10-28,2024-11-01,,,delivered
ORD000909,2024-10-31,2024-11-07,,,delivered
ORD000910,2024-09-30,2024-10-07,2024-10-13,2024-10-20,returned
ORD000911,2024-11-02,2024-11-07,,,delivered
ORD000912,2024-09-26,2024-09-29,2024-10-16,2024-10-28,returned
ORD000913,2024-12-23,2024-12-25,,,delivered
ORD000914,2024-12-12,2024-12-17,,,delivered
ORD000915,2024-03-15,2024-03-21,,,delivered
ORD000916,2024-09-23,2024-09-26,,,delivered
ORD000917,2024-09-23,2024-09-25,,,delivered
ORD000918,2024-11-27,2024-11-29,,,delivered
ORD000919,2024-08-08,2024-08-13,,,delivered
ORD000920,2024-08-03,2024-08-07,,,delivered
ORD000921,2024-12-19,2024-12-25,2025-01-05,2025-01-10,returned
ORD000922,2024-11-16,2024-11-18,2024-11-27,2024-12-02,returned
ORD000923,2024-08-02,2024-08-08,,,delivered
ORD000924,2024-04-04,2024-04-07,,,delivered
ORD000925,2024-08-27,2024-09-02,,,delivered
ORD000926,2024-10-11,2024-10-13,,,delivered
ORD000927,2024-07-13,2024-07-17,2024-07-23,2024-08-06,returned
ORD000928,2024-12-07,2024-12-12,,,delivered
ORD000929,2024-08-05,2024-08-11,,,delivered
ORD000930,2024-09-23,2024-09-27,2024-10-01,2024-10-08,returned
ORD000931,2024-05-22,2024-05-28,2024-06-07,2024-06-19,returned
ORD000932,2024-11-09,2024-11-13,,,delivered
ORD000933,2024-09-22,2024-09-25,,,delivered
ORD000934,2024-11-27,2024-12-04,,,delivered
ORD000935,2024-08-24,2024-08-30,,,delivered
ORD000936,2024-10-03,2024-10-06,2024-10-25,2024-10-30,returned
ORD000937,2024-05-04,2024-05-07,,,delivered
ORD000938,2024-11-20,2024-11-25,2024-12-08,2024-12-19,returned
ORD000939,2024-11-29,2024-12-04,2024-12-08,2024-12-13,returned
ORD000940,2024-09-03,2024-09-05,,,delivered
ORD000941,2024-08-06,2024-08-12,,,delivered
ORD000942,2024-10-16,2024-10-18,,,delivered
ORD000943,2024-09-16,2024-09-18,,,delivered
ORD000944,2024-11-30,2024-12-06,,,delivered
ORD000945,2024-12-18,2024-12-20,2024-12-23,2024-12-31,returned
ORD000946,2024-04-17,2024-04-19,,,delivered
ORD000947,2024-12-24,2024-12-27,,,delivered
ORD000948,2024-08-28,2024-09-03,,,delivered
ORD000949,2024-12-05,2024-12-11,,,delivered
ORD000950,2024-04-16,2024-04-22,2024-05-10,2024-05-17,returned
ORD000951,2024-09-02,2024-09-09,2024-09-16,2024-09-21,returned
ORD000952,2024-03-29,2024-03-31,,,delivered
ORD000953,2024-12-05,2024-12-07,,,delivered
ORD000954,2024-12-27,2025-01-02,,,delivered
ORD000955,2024-12-04,2024-12-09,,,delivered
ORD000956,2024-10-17,2024-10-24,,,delivered
ORD000957,2024-03-08,2024-03-11,2024-03-20,2024-04-03,returned
ORD000958,2024-10-28,2024-11-02,,,delivered
ORD000959,2024-12-21,2024-12-26,,,delivered
ORD000960,2024-05-09,2024-05-11,,,delivered
ORD000961,2024-12-31,2025-01-04,,,delivered
ORD000962,2024-12-31,2025-01-04,,,delivered
ORD000963,2024-10-31,2024-11-02,,,delivered
ORD000964,2024-07-06,2024-07-12,,,delivered
ORD000965,2024-10-22,2024-10-27,,,delivered
ORD000966,2024-12-23,2024-12-30,,,delivered
ORD000967,2024-04-28,2024-05-03,,,delivered
ORD000968,2024-12-23,2024-12-26,,,delivered
ORD000969,2024-10-28,2024-11-04,2024-11-12,2024-11-26,returned
ORD000970,2024-07-12,2024-07-15,,,delivered
ORD000971,2024-10-05,2024-10-11,,,delivered
ORD000972,2024-09-24,2024-09-27,,,delivered
ORD000973,2024-12-05,2024-12-11,,,delivered
ORD000974,2024-08-12,2024-08-16,,,delivered
ORD000975,2024-12-30,2025-01-02,2025-01-17,2025-01-25,returned
ORD000976,2024-09-12,2024-09-18,,,delivered
ORD000977,2024-09-15,2024-09-21,,,delivered
ORD000978,2024-03-27,2024-04-03,2024-04-14,2024-04-28,returned
ORD000979,2024-10-29,2024-11-02,,,delivered
ORD000980,2024-09-07,2024-09-09,,,delivered
ORD000981,2024-12-31,2025-01-06,,,delivered
ORD000982,2024-10-24,2024-10-31,,,delivered
ORD000983,2024-09-11,2024-09-14,,,delivered
ORD000984,2024-12-30,2025-01-03,,,delivered
ORD000985,2024-08-20,2024-08-26,,,delivered
ORD000986,2024-12-09,2024-12-14,,,delivered
ORD000987,2024-06-21,2024-06-27,2024-07-07,2024-07-16,returned
ORD000988,2024-12-01,2024-12-08,,,delivered
ORD000989,2024-12-18,2024-12-25,,,delivered
ORD000990,2024-09-29,2024-10-05,,,delivered
ORD000991,2024-09-14,2024-09-19,,,delivered
ORD000992,2024-07-03,2024-07-10,,,delivered
ORD000993,2024-11-20,2024-11-22,,,delivered
ORD000994,2024-12-24,2024-12-28,,,delivered
ORD000995,2024-11-19,2024-11-24,,,delivered
ORD000996,2024-12-02,2024-12-05,,,delivered
ORD000997,2024-04-06,2024-04-13,,,delivered
ORD000998,2024-04-12,2024-04-15,2024-05-06,2024-05-17,returned
ORD000999,2024-12-23,2024-12-27,,,delivered
ORD001000,2024-09-13,2024-09-19,,,delivered
ORD001001,2024-12-30,2025-01-06,2025-01-10,2025-01-24,returned
ORD001002,2024-12-04,2024-12-06,2024-12-22,2025-01-03,returned
ORD001003,2024-10-25,2024-10-29,,,delivered
ORD001004,2024-12-02,2024-12-09,2024-12-17,2024-12-22,returned
ORD001005,2024-11-29,2024-12-04,,,delivered
ORD001006,2024-12-25,2024-12-31,,,delivered
ORD001007,2024-12-19,2024-12-26,,,delivered
ORD001008,2024-10-14,2024-10-21,2024-10-27,2024-11-05,returned
ORD001009,2024-12-29,2025-01-02,,,delivered
ORD001010,2024-06-01,2024-06-03,,,delivered
ORD001011,2024-08-30,2024-09-05,,,delivered
ORD001012,2024-07-21,2024-07-23,,,delivered
ORD001013,2024-10-02,2024-10-09,,,delivered
ORD001014,2024-09-13,2024-09-19,,,delivered
ORD001015,2024-05-10,2024-05-14,,,delivered
ORD001016,2024-10-26,2024-10-30,2024-11-19,2024-12-01,returned
ORD001017,2024-12-12,2024-12-18,,,delivered
ORD001018,2024-11-05,2024-11-07,,,delivered
ORD001019,2024-11-06,2024-11-12,,,delivered
ORD001020,2024-10-25,2024-10-30,2024-11-07,2024-11-20,returned
ORD001021,2024-06-10,2024-06-15,2024-06-29,2024-07-12,returned
ORD001022,2024-05-16,2024-05-21,,,delivered
ORD001023,2024-12-01,2024-12-04,,,delivered
ORD001024,2024-12-06,2024-12-08,,,delivered
ORD001025,2024-08-07,2024-08-14,,,delivered
ORD001026,2024-09-03,2024-09-05,,,delivered
ORD001027,2024-10-19,2024-10-24,,,delivered
ORD001028,2024-06-27,2024-06-29,2024-07-20,2024-08-01,returned
ORD001029,2024-12-21,2024-12-24,,,delivered
ORD001030,2024-03-08,2024-03-15,,,delivered
ORD001031,2024-08-23,2024-08-28,2024-09-10,2024-09-17,returned
ORD001032,2024-12-09,2024-12-15,,,delivered
ORD001033,2024-09-22,2024-09-26,,,delivered
ORD001034,2024-11-03,2024-11-10,2024-11-24,2024-12-05,returned
ORD001035,2024-11-05,2024-11-07,,,delivered
ORD001036,2024-07-09,2024-07-16,,,delivered
ORD001037,2024-02-07,2024-02-11,,,delivered
ORD001038,2024-03-07,2024-03-13,2024-03-16,2024-03-21,returned
ORD001039,2024-09-08,2024-09-12,,,delivered
ORD001040,2024-12-19,2024-12-26,,,delivered
ORD001041,2024-12-11,2024-12-13,,,delivered
ORD001042,2024-09-10,2024-09-13,2024-09-28,2024-10-05,returned
ORD001043,2024-09-16,2024-09-23,,,delivered
ORD001044,2024-10-21,2024-10-25,,,delivered
ORD001045,2024-11-24,2024-12-01,,,delivered
ORD001046,2024-10-24,2024-10-28,2024-11-15,2024-11-20,returned
ORD001047,2024-10-13,2024-10-16,,,delivered
ORD001048,2024-10-29,2024-10-31,,,delivered
ORD001049,2024-05-07,2024-05-14,2024-05-18,2024-05-29,returned
ORD001050,2024-12-12,2024-12-17,,,delivered
ORD001051,2024-08-20,2024-08-24,,,delivered
ORD001052,2024-12-02,2024-12-06,,,delivered
ORD001053,2024-09-17,2024-09-19,,,delivered
ORD001054,2024-10-24,2024-10-28,,,delivered
ORD001055,2024-10-15,2024-10-22,,,delivered
ORD001056,2024-12-20,2024-12-23,,,delivered
ORD001057,2024-06-07,2024-06-13,,,delivered
ORD001058,2024-10-04,2024-10-09,,,delivered
ORD001059,2024-12-03,2024-12-08,,,delivered
ORD001060,2024-11-16,2024-11-19,,,delivered
ORD001061,2024-08-05,2024-08-12,,,delivered
ORD001062,2024-02-24,2024-02-27,,,delivered
ORD001063,2024-11-25,2024-11-30,,,delivered
ORD001064,2024-06-12,2024-06-19,,,delivered
ORD001065,2024-07-30,2024-08-05,,,delivered
ORD001066,2024-08-10,2024-08-16,,,delivered
ORD001067,2024-11-29,2024-12-06,,,delivered
ORD001068,2024-06-12,2024-06-14,,,delivered
ORD001069,2024-10-20,2024-10-27,2024-11-12,2024-11-20,returned
ORD001070,2024-12-25,2025-01-01,2025-01-18,2025-01-27,returned
ORD001071,2024-09-27,2024-10-04,,,delivered
ORD001072,2024-09-21,2024-09-27,,,delivered
ORD001073,2024-11-25,2024-11-29,,,delivered
ORD001074,2024-04-18,2024-04-20,2024-04-27,2024-05-04,returned
ORD001075,2024-11-18,2024-11-20,2024-12-03,2024-12-17,returned
ORD001076,2024-12-22,2024-12-26,,,delivered
ORD001077,2024-11-20,2024-11-23,,,delivered
ORD001078,2024-07-19,2024-07-24,,,delivered
ORD001079,2024-11-02,2024-11-09,,,delivered
ORD001080,2024-08-24,2024-08-30,,,delivered
ORD001081,2024-12-04,2024-12-09,,,delivered
ORD001082,2024-08-09,2024-08-14,2024-08-28,2024-09-07,returned
ORD001083,2024-12-17,2024-12-20,,,delivered
ORD001084,2024-09-06,2024-09-12,,,delivered
ORD001085,2024-11-23,2024-11-29,,,delivered
ORD001086,2024-12-31,2025-01-05,,,delivered
ORD001087,2024-04-18,2024-04-22,,,delivered
ORD001088,2024-09-19,2024-09-26,,,delivered
ORD001089,2024-08-23,2024-08-28,,,delivered
ORD001090,2024-09-19,2024-09-25,2024-10-13,2024-10-26,returned
ORD001091,2024-09-07,2024-09-14,,,delivered
ORD001092,2024-08-13,2024-08-17,,,delivered
ORD001093,2024-12-30,2025-01-04,2025-01-10,2025-01-18,returned
ORD001094,2024-10-28,2024-10-30,,,delivered
ORD001095,2024-10-05,2024-10-08,2024-10-21,2024-10-31,returned
ORD001096,2024-08-23,2024-08-28,,,delivered
ORD001097,2024-11-27,2024-12-01,,,delivered
ORD001098,2025-01-01,2025-01-04,,,delivered
ORD001099,2024-09-11,2024-09-15,,,delivered
ORD001100,2024-07-21,2024-07-27,,,delivered
ORD001101,2024-09-18,2024-09-22,,,delivered
ORD001102,2024-08-11,2024-08-17,,,delivered
ORD001103,2024-12-30,2025-01-06,,,delivered
ORD001104,2024-12-11,2024-12-17,2024-12-29,2025-01-07,returned
ORD001105,2024-10-06,2024-10-08,,,delivered
ORD001106,2024-10-26,2024-10-28,2024-11-09,2024-11-19,returned
ORD001107,2024-05-31,2024-06-04,,,delivered
ORD001108,2024-08-28,2024-09-04,,,delivered
ORD001109,2024-09-25,2024-09-28,2024-10-07,2024-10-19,returned
ORD001110,2024-09-13,2024-09-18,,,delivered
ORD001111,2024-10-19,2024-10-23,,,delivered
ORD001112,2024-11-24,2024-11-26,,,delivered
ORD001113,2024-12-19,2024-12-25,,,delivered
ORD001114,2024-02-27,2024-03-04,,,delivered
ORD001115,2024-06-17,2024-06-24,,,delivered
ORD001116,2024-07-22,2024-07-25,,,delivered
ORD001117,2024-04-26,2024-05-03,,,delivered
ORD001118,2024-04-06,2024-04-10,,,delivered
ORD001119,2024-11-20,2024-11-26,,,delivered
ORD001120,2024-11-24,2024-11-28,,,delivered
ORD001121,2024-09-03,2024-09-07,,,delivered
ORD001122,2024-08-14,2024-08-17,,,delivered
ORD001123,2024-09-07,2024-09-13,,,delivered
ORD001124,2024-10-21,2024-10-28,,,delivered
ORD001125,2024-06-12,2024-06-15,,,delivered
ORD001126,2024-03-18,2024-03-21,,,delivered
ORD001127,2024-10-25,2024-10-27,,,delivered
ORD001128,2024-10-31,2024-11-07,,,delivered
ORD001129,2024-05-09,2024-05-14,,,delivered
ORD001130,2024-12-06,2024-12-13,,,delivered
ORD001131,2024-10-24,2024-10-26,,,delivered
ORD001132,2024-08-02,2024-08-04,,,delivered
ORD001133,2024-12-30,2025-01-06,,,delivered
ORD001134,2024-09-19,2024-09-24,,,delivered
ORD001135,2024-12-13,2024-12-20,,,delivered
ORD001136,2024-12-22,2024-12-26,,,delivered
ORD001137,2024-12-18,2024-12-23,2024-12-27,2025-01-05,returned
ORD001138,2024-11-18,2024-11-24,,,delivered
ORD001139,2024-08-25,2024-08-31,2024-09-19,2024-09-29,returned
ORD001140,2024-10-10,2024-10-13,2024-10-30,2024-11-05,returned
ORD001141,2024-05-07,2024-05-10,,,delivered
ORD001142,2024-11-27,2024-12-02,2024-12-23,2025-01-01,returned
ORD001143,2024-12-30,2025-01-03,,,delivered
ORD001144,2024-04-16,2024-04-19,,,delivered
ORD001145,2024-12-28,2025-01-01,,,delivered
ORD001146,2024-09-04,2024-09-09,,,delivered
ORD001147,2024-11-16,2024-11-22,,,delivered
ORD001148,2024-09-03,2024-09-09,2024-09-18,2024-10-01,returned
ORD001149,2024-12-20,2024-12-22,2025-01-06,2025-01-12,returned
ORD001150,2024-09-03,2024-09-09,2024-09-27,2024-10-09,returned
ORD001151,2024-12-05,2024-12-09,,,delivered
ORD001152,2024-06-25,2024-06-29,,,delivered
ORD001153,2024-03-21,2024-03-28,2024-04-01,2024-04-14,returned
ORD001154,2024-03-28,2024-03-31,,,delivered
ORD001155,2024-10-12,2024-10-18,,,delivered
ORD001156,2024-09-22,2024-09-29,2024-10-12,2024-10-19,returned
ORD001157,2024-12-22,2024-12-24,,,delivered
ORD001158,2024-11-13,2024-11-18,2024-12-09,2024-12-14,returned
ORD001159,2024-12-06,2024-12-08,,,delivered
ORD001160,2024-09-01,2024-09-04,2024-09-09,2024-09-16,returned
ORD001161,2024-11-16,2024-11-18,2024-12-02,2024-12-12,returned
ORD001162,2024-08-03,2024-08-08,2024-08-20,2024-08-25,returned
ORD001163,2024-11-29,2024-12-06,,,delivered
ORD001164,2024-09-07,2024-09-11,,,delivered
ORD001165,2024-10-26,2024-11-01,,,delivered
ORD001166,2024-12-16,2024-12-22,,,delivered
ORD001167,2024-12-28,2025-01-02,,,delivered
ORD001168,2024-11-29,2024-12-03,,,delivered
ORD001169,2024-12-23,2024-12-29,,,delivered
ORD001170,2024-08-07,2024-08-14,2024-08-22,2024-09-02,returned
ORD001171,2024-06-28,2024-06-30,,,delivered
ORD001172,2024-06-24,2024-06-26,,,delivered
ORD001173,2024-08-03,2024-08-09,,,delivered
ORD001174,2024-07-03,2024-07-08,,,delivered
ORD001175,2024-08-05,2024-08-07,2024-08-26,2024-09-03,returned
ORD001176,2024-05-14,2024-05-20,,,delivered
ORD001177,2024-11-29,2024-12-01,,,delivered
ORD001178,2024-09-01,2024-09-08,2024-09-18,2024-09-27,returned
ORD001179,2024-10-08,2024-10-14,,,delivered
ORD001180,2024-10-22,2024-10-25,2024-11-03,2024-11-10,returned
ORD001181,2024-12-06,2024-12-13,,,delivered
ORD001182,2024-10-22,2024-10-24,,,delivered
ORD001183,2024-11-16,2024-11-19,,,delivered
ORD001184,2024-12-08,2024-12-12,,,delivered
ORD001185,2024-10-25,2024-10-30,,,delivered
ORD001186,2024-11-27,2024-11-29,,,delivered
ORD001187,2024-09-29,2024-10-02,,,delivered
ORD001188,2024-07-25,2024-07-30,2024-08-10,2024-08-18,returned
ORD001189,2024-10-13,2024-10-15,,,delivered
ORD001190,2024-12-09,2024-12-15,2024-12-22,2025-01-04,returned
ORD001191,2024-11-27,2024-11-30,,,delivered
ORD001192,2024-12-15,2024-12-20,,,delivered
ORD001193,2024-11-09,2024-11-11,,,delivered
ORD001194,2024-08-12,2024-08-15,,,delivered
ORD001195,2024-12-08,2024-12-13,2024-12-24,2024-12-29,returned
ORD001196,2024-08-10,2024-08-16,,,delivered
ORD001197,2024-08-18,2024-08-20,,,delivered
ORD001198,2024-10-10,2024-10-15,2024-10-18,2024-10-30,returned
ORD001199,2024-09-25,2024-09-28,,,delivered
ORD001200,2024-09-07,2024-09-11,,,delivered
ORD001201,2024-12-03,2024-12-06,,,delivered
ORD001202,2024-02-25,2024-03-03,,,delivered
ORD001203,2024-12-14,2024-12-16,,,delivered
ORD001204,2024-11-13,2024-11-20,,,delivered
ORD001205,2024-09-07,2024-09-12,,,delivered
ORD001206,2024-12-17,2024-12-20,2025-01-03,2025-01-14,returned
ORD001207,2024-12-11,2024-12-13,2024-12-28,2025-01-04,returned
ORD001208,2024-08-16,2024-08-22,,,delivered
ORD001209,2024-08-13,2024-08-18,,,delivered
ORD001210,2024-12-25,2024-12-28,,,delivered
ORD001211,2024-09-27,2024-09-30,,,delivered
ORD001212,2024-10-23,2024-10-27,2024-11-01,2024-11-10,returned
ORD001213,2024-11-25,2024-12-02,2024-12-12,2024-12-22,returned
ORD001214,2024-12-04,2024-12-09,,,delivered
ORD001215,2024-12-15,2024-12-22,2024-12-31,2025-01-11,returned
ORD001216,2024-08-28,2024-09-01,,,delivered
ORD001217,2024-09-02,2024-09-06,,,delivered
ORD001218,2024-11-05,2024-11-12,,,delivered
ORD001219,2024-11-16,2024-11-20,2024-12-10,2024-12-20,returned
ORD001220,2024-08-24,2024-08-29,,,delivered
ORD001221,2024-09-11,2024-09-18,,,delivered
ORD001222,2024-04-16,2024-04-23,2024-05-03,2024-05-13,returned
ORD001223,2024-10-26,2024-11-02,,,delivered
ORD001224,2024-12-04,2024-12-07,2024-12-15,2024-12-24,returned
ORD001225,2024-06-27,2024-07-01,,,delivered
ORD001226,2024-09-22,2024-09-26,,,delivered
ORD001227,2024-11-18,2024-11-20,2024-12-05,2024-12-11,returned
ORD001228,2024-12-16,2024-12-19,,,delivered
ORD001229,2024-08-10,2024-08-12,,,delivered
ORD001230,2024-08-14,2024-08-18,,,delivered
ORD001231,2024-12-10,2024-12-17,,,delivered
ORD001232,2024-07-08,2024-07-14,2024-07-21,2024-08-02,returned
ORD001233,2024-09-20,2024-09-27,,,delivered
ORD001234,2024-12-28,2024-12-31,,,delivered
ORD001235,2024-04-01,2024-04-03,,,delivered
ORD001236,2024-11-14,2024-11-19,2024-11-23,2024-12-03,returned
ORD001237,2024-11-09,2024-11-15,,,delivered
ORD001238,2024-10-04,2024-10-07,,,delivered
ORD001239,2024-04-09,2024-04-13,,,delivered
ORD001240,2025-01-01,2025-01-05,,,delivered
ORD001241,2024-03-30,2024-04-02,2024-04-21,2024-05-01,returned
ORD001242,2024-08-05,2024-08-11,,,delivered
ORD001243,2024-10-10,2024-10-16,,,delivered
ORD001244,2024-11-09,2024-11-15,,,delivered
ORD001245,2024-10-06,2024-10-09,,,delivered
ORD001246,2024-12-05,2024-12-11,,,delivered
ORD001247,2024-10-31,2024-11-04,,,delivered
ORD001248,2024-11-21,2024-11-26,,,delivered
ORD001249,2024-06-29,2024-07-05,2024-07-09,2024-07-14,returned
ORD001250,2024-11-28,2024-12-05,,,delivered
ORD001251,2024-06-13,2024-06-18,,,delivered
ORD001252,2024-11-10,2024-11-13,,,delivered
ORD001253,2024-11-28,2024-12-04,,,delivered
ORD001254,2024-08-03,2024-08-08,,,delivered
ORD001255,2024-10-05,2024-10-12,,,delivered
ORD001256,2024-08-28,2024-09-02,,,delivered
ORD001257,2024-11-09,2024-11-14,,,delivered
ORD001258,2024-04-22,2024-04-28,,,delivered
ORD001259,2024-07-05,2024-07-09,,,delivered
ORD001260,2024-09-11,2024-09-15,,,delivered
ORD001261,2024-09-12,2024-09-17,,,delivered
ORD001262,2024-10-08,2024-10-10,,,delivered
ORD001263,2024-07-01,2024-07-06,,,delivered
ORD001264,2024-07-04,2024-07-06,,,delivered
ORD001265,2024-10-21,2024-10-26,,,delivered
ORD001266,2024-12-11,2024-12-16,,,delivered
ORD001267,2024-05-11,2024-05-15,,,delivered
ORD001268,2024-07-15,2024-07-21,,,delivered
ORD001269,2024-08-03,2024-08-10,,,delivered
ORD001270,2024-12-02,2024-12-04,2024-12-19,2024-12-29,returned
ORD001271,2024-06-02,2024-06-07,,,delivered
ORD001272,2024-12-10,2024-12-15,2024-12-22,2024-12-29,returned
ORD001273,2024-12-22,2024-12-25,,,delivered
ORD001274,2024-12-15,2024-12-18,,,delivered
ORD001275,2024-07-12,2024-07-16,,,delivered
ORD001276,2024-03-24,2024-03-26,,,delivered
ORD001277,2024-11-18,2024-11-23,,,delivered
ORD001278,2024-12-25,2025-01-01,2025-01-06,2025-01-20,returned
ORD001279,2024-01-19,2024-01-21,,,delivered
ORD001280,2024-10-19,2024-10-25,,,delivered
ORD001281,2024-05-07,2024-05-09,,,delivered
ORD001282,2024-10-23,2024-10-26,,,delivered
ORD001283,2024-08-01,2024-08-04,,,delivered
ORD001284,2024-09-17,2024-09-23,,,delivered
ORD001285,2024-10-19,2024-10-26,,,delivered
ORD001286,2024-10-25,2024-10-29,,,delivered
ORD001287,2024-01-27,2024-01-30,,,delivered
ORD001288,2024-10-24,2024-10-27,2024-11-16,2024-11-27,returned
ORD001289,2024-07-28,2024-07-31,,,delivered
ORD001290,2024-06-30,2024-07-03,2024-07-11,2024-07-24,returned
ORD001291,2024-09-20,2024-09-27,,,delivered
ORD001292,2024-11-01,2024-11-05,,,delivered
ORD001293,2024-12-30,2025-01-06,,,delivered
ORD001294,2024-08-25,2024-09-01,,,delivered
ORD001295,2024-12-30,2025-01-03,2025-01-15,2025-01-22,returned
ORD001296,2024-10-08,2024-10-12,,,delivered
ORD001297,2024-11-03,2024-11-09,,,delivered
ORD001298,2024-08-27,2024-08-30,,,delivered
ORD001299,2024-04-10,2024-04-13,,,delivered
ORD001300,2024-08-21,2024-08-24,,,delivered
ORD001301,2024-12-19,2024-12-26,,,delivered
ORD001302,2024-09-09,2024-09-16,,,delivered
ORD001303,2024-09-17,2024-09-19,2024-09-22,2024-09-28,returned
ORD001304,2024-11-07,2024-11-10,2024-11-27,2024-12-10,returned
ORD001305,2024-10-08,2024-10-11,,,delivered
ORD001306,2024-08-14,2024-08-21,,,delivered
ORD001307,2024-11-03,2024-11-06,,,delivered
ORD001308,2024-08-07,2024-08-14,,,delivered
ORD001309,2024-12-06,2024-12-10,,,delivered
ORD001310,2024-12-08,2024-12-15,,,delivered
ORD001311,2024-08-23,2024-08-28,2024-09-18,2024-09-24,returned
ORD001312,2024-09-07,2024-09-10,,,delivered
ORD001313,2024-12-22,2024-12-25,,,delivered
ORD001314,2024-12-11,2024-12-17,,,delivered
ORD001315,2024-09-02,2024-09-07,,,delivered
ORD001316,2024-10-25,2024-11-01,,,delivered
ORD001317,2024-08-11,2024-08-16,2024-08-24,2024-09-07,returned
ORD001318,2024-12-06,2024-12-13,2025-01-01,2025-01-10,returned
ORD001319,2024-05-22,2024-05-29,,,delivered
ORD001320,2024-11-13,2024-11-18,,,delivered
ORD001321,2024-11-11,2024-11-13,,,delivered
ORD001322,2024-12-23,2024-12-29,,,delivered
ORD001323,2024-10-02,2024-10-07,,,delivered
ORD001324,2024-10-08,2024-10-12,,,delivered
ORD001325,2024-11-29,2024-12-04,,,delivered
ORD001326,2024-12-25,2024-12-29,2025-01-01,2025-01-14,returned
ORD001327,2024-10-02,2024-10-04,,,delivered
ORD001328,2024-11-29,2024-12-04,,,delivered
ORD001329,2024-08-05,2024-08-11,,,delivered
ORD001330,2024-11-16,2024-11-21,,,delivered
ORD001331,2024-08-12,2024-08-15,,,delivered
ORD001332,2024-07-16,2024-07-18,,,delivered
ORD001333,2024-09-17,2024-09-22,,,delivered
ORD001334,2024-10-27,2024-10-29,,,delivered
ORD001335,2024-04-21,2024-04-25,,,delivered
ORD001336,2024-11-07,2024-11-12,2024-11-20,2024-12-01,returned
ORD001337,2024-08-26,2024-08-31,2024-09-09,2024-09-20,returned
ORD001338,2024-11-09,2024-11-15,2024-11-22,2024-12-01,returned
ORD001339,2024-09-25,2024-10-01,2024-10-21,2024-11-04,returned
ORD001340,2024-11-22,2024-11-29,,,delivered
ORD001341,2024-12-09,2024-12-14,,,delivered
ORD001342,2024-09-01,2024-09-07,,,delivered
ORD001343,2024-12-30,2025-01-06,,,delivered
ORD001344,2024-11-13,2024-11-20,,,delivered
ORD001345,2024-11-04,2024-11-07,,,delivered
ORD001346,2024-09-12,2024-09-15,,,delivered
ORD001347,2024-09-03,2024-09-07,,,delivered
ORD001348,2024-11-27,2024-11-30,,,delivered
ORD001349,2024-10-13,2024-10-16,,,delivered
ORD001350,2024-11-10,2024-11-13,,,delivered
ORD001351,2024-12-11,2024-12-17,,,delivered
ORD001352,2024-08-19,2024-08-22,,,delivered
ORD001353,2024-08-27,2024-09-03,2024-09-08,2024-09-16,returned
ORD001354,2024-07-08,2024-07-12,,,delivered
ORD001355,2024-07-24,2024-07-31,2024-08-08,2024-08-16,returned
ORD001356,2024-12-28,2025-01-03,2025-01-06,2025-01-17,returned
ORD001357,2024-10-31,2024-11-05,2024-11-08,2024-11-22,returned
ORD001358,2024-03-18,2024-03-22,,,delivered
ORD001359,2024-08-06,2024-08-13,,,delivered
ORD001360,2024-03-23,2024-03-25,,,delivered
ORD001361,2024-04-05,2024-04-09,,,delivered
ORD001362,2024-11-25,2024-11-28,2024-12-10,2024-12-20,returned
ORD001363,2024-10-11,2024-10-14,,,delivered
ORD001364,2024-12-08,2024-12-11,,,delivered
ORD001365,2024-08-05,2024-08-09,,,delivered
ORD001366,2024-11-21,2024-11-26,,,delivered
ORD001367,2024-11-19,2024-11-21,,,delivered
ORD001368,2024-09-29,2024-10-06,,,delivered
ORD001369,2024-11-17,2024-11-23,2024-12-03,2024-12-17,returned
ORD001370,2024-11-18,2024-11-21,,,delivered
ORD001371,2024-11-30,2024-12-07,,,delivered
ORD001372,2024-12-30,2025-01-01,,,delivered
ORD001373,2024-07-01,2024-07-06,,,delivered
ORD001374,2024-08-31,2024-09-07,2024-09-16,2024-09-24,returned
ORD001375,2024-10-28,2024-11-02,,,delivered
ORD001376,2024-09-06,2024-09-08,,,delivered
ORD001377,2024-11-15,2024-11-18,,,delivered
ORD001378,2024-11-24,2024-11-30,2024-12-10,2024-12-18,returned
ORD001379,2024-11-01,2024-11-07,,,delivered
ORD001380,2024-11-21,2024-11-27,,,delivered
ORD001381,2024-12-07,2024-12-13,,,delivered
ORD001382,2024-11-11,2024-11-17,,,delivered
ORD001383,2024-08-22,2024-08-29,,,delivered
ORD001384,2024-10-04,2024-10-06,,,delivered
ORD001385,2024-06-29,2024-07-02,,,delivered
ORD001386,2024-12-25,2024-12-31,,,delivered
ORD001387,2024-08-15,2024-08-22,,,delivered
ORD001388,2024-08-21,2024-08-25,,,delivered
ORD001389,2024-11-15,2024-11-20,,,delivered
ORD001390,2024-09-26,2024-10-02,,,delivered
ORD001391,2024-07-25,2024-07-27,,,delivered
ORD001392,2024-11-15,2024-11-22,,,delivered
ORD001393,2024-11-19,2024-11-23,,,delivered
ORD001394,2024-10-30,2024-11-02,,,delivered
ORD001395,2024-12-28,2024-12-31,,,delivered
ORD001396,2024-10-29,2024-11-05,2024-11-14,2024-11-19,returned
ORD001397,2024-08-22,2024-08-27,,,delivered
ORD001398,2024-09-29,2024-10-05,,,delivered
ORD001399,2024-07-30,2024-08-01,,,delivered
ORD001400,2024-09-26,2024-10-01,,,delivered
ORD001401,2024-11-16,2024-11-20,2024-12-09,2024-12-18,returned
ORD001402,2024-11-23,2024-11-30,,,delivered
ORD001403,2024-03-02,2024-03-06,,,delivered
ORD001404,2024-09-13,2024-09-20,,,delivered
ORD001405,2024-08-23,2024-08-27,2024-09-04,2024-09-18,returned
ORD001406,2024-09-23,2024-09-27,,,delivered
ORD001407,2024-12-15,2024-12-18,,,delivered
ORD001408,2024-10-13,2024-10-17,,,delivered
ORD001409,2024-09-15,2024-09-20,,,delivered
ORD001410,2024-09-22,2024-09-24,,,delivered
ORD001411,2024-08-09,2024-08-16,,,delivered
ORD001412,2024-04-02,2024-04-08,,,delivered
ORD001413,2024-09-13,2024-09-20,2024-09-27,2024-10-09,returned
ORD001414,2024-11-26,2024-11-28,,,delivered
ORD001415,2024-07-28,2024-07-31,,,delivered
ORD001416,2024-12-23,2024-12-26,,,delivered
ORD001417,2024-11-08,2024-11-15,,,delivered
ORD001418,2024-07-22,2024-07-29,2024-08-09,2024-08-15,returned
ORD001419,2024-09-26,2024-10-03,,,delivered
ORD001420,2024-09-04,2024-09-06,2024-09-20,2024-09-30,returned
ORD001421,2024-12-31,2025-01-05,2025-01-13,2025-01-22,returned
ORD001422,2024-10-11,2024-10-14,,,delivered
ORD001423,2024-09-17,2024-09-24,,,delivered
ORD001424,2024-12-04,2024-12-09,,,delivered
ORD001425,2024-11-05,2024-11-12,2024-12-01,2024-12-06,returned
ORD001426,2024-12-28,2025-01-03,,,delivered
ORD001427,2024-11-03,2024-11-05,,,delivered
ORD001428,2024-09-23,2024-09-27,,,delivered
ORD001429,2024-08-30,2024-09-04,,,delivered
ORD001430,2024-08-22,2024-08-27,,,delivered
ORD001431,2024-12-24,2024-12-27,,,delivered
ORD001432,2024-09-06,2024-09-11,,,delivered
ORD001433,2024-12-21,2024-12-24,,,delivered
ORD001434,2024-12-16,2024-12-20,,,delivered
ORD001435,2024-11-17,2024-11-24,2024-12-01,2024-12-06,returned
ORD001436,2024-12-15,2024-12-19,,,delivered
ORD001437,2024-07-31,2024-08-07,,,delivered
ORD001438,2024-10-08,2024-10-11,,,delivered
ORD001439,2024-12-17,2024-12-22,,,delivered
ORD001440,2024-10-24,2024-10-26,,,delivered
ORD001441,2024-05-31,2024-06-03,,,delivered
ORD001442,2024-10-09,2024-10-11,,,delivered
ORD001443,2024-10-15,2024-10-22,2024-10-31,2024-11-12,returned
ORD001444,2024-12-03,2024-12-07,2024-12-14,2024-12-23,returned
ORD001445,2024-11-08,2024-11-10,,,delivered
ORD001446,2024-05-30,2024-06-05,,,delivered
ORD001447,2024-10-22,2024-10-26,2024-11-11,2024-11-24,returned
ORD001448,2024-07-11,2024-07-18,,,delivered
ORD001449,2024-12-31,2025-01-06,,,delivered
ORD001450,2024-10-18,2024-10-22,2024-11-01,2024-11-07,returned
ORD001451,2024-10-31,2024-11-03,,,delivered
ORD001452,2024-11-29,2024-12-03,,,delivered
ORD001453,2024-06-27,2024-07-04,,,delivered
ORD001454,2024-12-11,2024-12-15,2025-01-05,2025-01-17,returned
ORD001455,2024-12-13,2024-12-18,2025-01-07,2025-01-19,returned
ORD001456,2024-09-19,2024-09-24,,,delivered
ORD001457,2024-05-17,2024-05-24,,,delivered
ORD001458,2024-09-13,2024-09-20,,,delivered
ORD001459,2024-11-01,2024-11-05,,,delivered
ORD001460,2024-12-22,2024-12-25,,,delivered
ORD001461,2024-10-18,2024-10-23,,,delivered
ORD001462,2024-08-12,2024-08-15,2024-08-19,2024-08-31,returned
ORD001463,2024-09-29,2024-10-06,,,delivered
ORD001464,2024-12-31,2025-01-05,,,delivered
ORD001465,2024-10-31,2024-11-02,,,delivered
ORD001466,2024-07-19,2024-07-21,,,delivered
ORD001467,2024-12-17,2024-12-19,,,delivered
ORD001468,2024-12-27,2024-12-29,,,delivered
ORD001469,2024-11-10,2024-11-13,,,delivered
ORD001470,2024-11-03,2024-11-07,2024-11-26,2024-12-01,returned
ORD001471,2024-12-27,2025-01-01,2025-01-13,2025-01-20,returned
ORD001472,2024-03-02,2024-03-04,,,delivered
ORD001473,2024-11-08,2024-11-14,,,delivered
ORD001474,2024-11-22,2024-11-26,,,delivered
ORD001475,2024-12-09,2024-12-15,,,delivered
ORD001476,2024-05-05,2024-05-07,,,delivered
ORD001477,2024-10-11,2024-10-15,,,delivered
ORD001478,2024-09-08,2024-09-14,,,delivered
ORD001479,2024-12-12,2024-12-14,,,delivered
ORD001480,2024-12-14,2024-12-21,2024-12-25,2025-01-06,returned
ORD001481,2024-12-11,2024-12-18,,,delivered
ORD001482,2024-09-23,2024-09-30,2024-10-05,2024-10-14,returned
ORD001483,2024-12-09,2024-12-12,,,delivered
ORD001484,2024-12-24,2024-12-28,,,delivered
ORD001485,2024-07-24,2024-07-30,2024-08-08,2024-08-13,returned
ORD001486,2024-11-25,2024-11-30,,,delivered
ORD001487,2024-10-15,2024-10-17,,,delivered
ORD001488,2024-10-14,2024-10-16,2024-10-23,2024-10-29,returned
ORD001489,2024-11-08,2024-11-13,2024-11-17,2024-11-26,returned
ORD001490,2024-09-20,2024-09-23,2024-09-28,2024-10-03,returned
ORD001491,2024-10-16,2024-10-20,2024-10-23,2024-10-31,returned
ORD001492,2024-10-10,2024-10-14,,,delivered
ORD001493,2024-09-14,2024-09-20,,,delivered
ORD001494,2024-12-24,2024-12-29,2025-01-18,2025-01-28,returned
ORD001495,2024-07-28,2024-08-02,,,delivered
ORD001496,2024-10-18,2024-10-20,,,delivered
ORD001497,2024-10-29,2024-11-03,,,delivered
ORD001498,2024-02-22,2024-02-29,2024-03-06,2024-03-15,returned
ORD001499,2024-09-27,2024-10-01,,,delivered
ORD001500,2024-07-01,2024-07-04,,,delivered
ORD001501,2024-11-17,2024-11-19,,,delivered
ORD001502,2024-02-10,2024-02-15,,,delivered
ORD001503,2024-12-25,2024-12-31,,,delivered
ORD001504,2024-07-17,2024-07-19,,,delivered
ORD001505,2024-08-02,2024-08-09,,,delivered
ORD001506,2024-12-08,2024-12-13,2024-12-31,2025-01-05,returned
ORD001507,2024-12-24,2024-12-27,,,delivered
ORD001508,2024-06-16,2024-06-20,,,delivered
ORD001509,2024-11-20,2024-11-26,,,delivered
ORD001510,2024-08-26,2024-08-28,,,delivered
ORD001511,2024-11-28,2024-12-02,,,delivered
ORD001512,2024-12-06,2024-12-08,,,delivered
ORD001513,2024-08-18,2024-08-25,2024-09-10,2024-09-17,returned
ORD001514,2024-08-16,2024-08-21,2024-08-27,2024-09-05,returned
ORD001515,2024-07-30,2024-08-03,,,delivered
ORD001516,2024-11-28,2024-12-01,,,delivered
ORD001517,2024-12-10,2024-12-12,2024-12-16,2024-12-27,returned
ORD001518,2024-08-26,2024-09-02,,,delivered
ORD001519,2024-10-29,2024-11-02,,,delivered
ORD001520,2024-12-27,2025-01-03,,,delivered
ORD001521,2024-12-06,2024-12-13,2024-12-31,2025-01-07,returned
ORD001522,2024-10-24,2024-10-28,,,delivered
ORD001523,2024-12-17,2024-12-19,,,delivered
ORD001524,2024-11-18,2024-11-20,,,delivered
ORD001525,2024-12-22,2024-12-25,2025-01-12,2025-01-18,returned
ORD001526,2024-12-11,2024-12-14,2024-12-17,2024-12-29,returned
ORD001527,2024-10-28,2024-11-01,,,delivered
ORD001528,2024-12-06,2024-12-08,,,delivered
ORD001529,2024-08-22,2024-08-29,,,delivered
ORD001530,2024-03-12,2024-03-16,,,delivered
ORD001531,2024-07-16,2024-07-23,2024-07-31,2024-08-09,returned
ORD001532,2024-07-10,2024-07-16,2024-08-04,2024-08-15,returned
ORD001533,2024-12-01,2024-12-03,,,delivered
ORD001534,2024-08-21,2024-08-27,,,delivered
ORD001535,2024-10-29,2024-11-05,,,delivered
ORD001536,2024-08-30,2024-09-02,,,delivered
ORD001537,2024-11-20,2024-11-23,,,delivered
ORD001538,2024-11-01,2024-11-06,,,delivered
ORD001539,2024-11-28,2024-11-30,,,delivered
ORD001540,2024-12-28,2024-12-30,,,delivered
ORD001541,2024-05-28,2024-06-04,,,delivered
ORD001542,2024-08-16,2024-08-22,,,delivered
ORD001543,2024-11-03,2024-11-06,,,delivered
ORD001544,2024-12-12,2024-12-18,,,delivered
ORD001545,2024-08-06,2024-08-13,,,delivered
ORD001546,2024-07-12,2024-07-14,2024-07-17,2024-07-31,returned
ORD001547,2024-02-27,2024-03-05,,,delivered
ORD001548,2024-10-08,2024-10-10,,,delivered
ORD001549,2024-08-08,2024-08-15,,,delivered
ORD001550,2024-10-24,2024-10-29,,,delivered
ORD001551,2024-12-22,2024-12-24,2025-01-14,2025-01-21,returned
ORD001552,2024-12-14,2024-12-21,,,delivered
ORD001553,2024-11-01,2024-11-04,2024-11-23,2024-12-06,returned
ORD001554,2024-12-05,2024-12-09,,,delivered
ORD001555,2024-08-05,2024-08-07,,,delivered
ORD001556,2024-12-06,2024-12-13,,,delivered
ORD001557,2024-12-02,2024-12-06,2024-12-13,2024-12-23,returned
ORD001558,2024-08-19,2024-08-26,,,delivered
ORD001559,2024-10-22,2024-10-26,,,delivered
ORD001560,2024-12-27,2024-12-31,,,delivered
ORD001561,2024-12-10,2024-12-13,,,delivered
ORD001562,2024-03-06,2024-03-11,,,delivered
ORD001563,2024-06-28,2024-07-05,2024-07-13,2024-07-25,returned
ORD001564,2024-05-15,2024-05-21,2024-06-06,2024-06-20,returned
ORD001565,2024-12-27,2025-01-01,,,delivered
ORD001566,2024-12-18,2024-12-24,,,delivered
ORD001567,2024-09-24,2024-09-26,,,delivered
ORD001568,2024-10-22,2024-10-26,,,delivered
ORD001569,2024-09-23,2024-09-26,,,delivered
ORD001570,2024-05-01,2024-05-08,,,delivered
ORD001571,2024-09-24,2024-09-27,,,delivered
ORD001572,2024-05-26,2024-05-31,2024-06-07,2024-06-16,returned
ORD001573,2024-12-15,2024-12-17,,,delivered
ORD001574,2024-05-23,2024-05-28,2024-06-15,2024-06-27,returned
ORD001575,2024-04-15,2024-04-21,,,delivered
ORD001576,2024-07-22,2024-07-25,,,delivered
ORD001577,2024-12-20,2024-12-25,,,delivered
ORD001578,2024-08-03,2024-08-08,,,delivered
ORD001579,2024-12-21,2024-12-23,,,delivered
ORD001580,2024-12-27,2025-01-01,,,delivered
ORD001581,2024-10-24,2024-10-30,2024-11-06,2024-11-15,returned
ORD001582,2024-08-25,2024-08-31,,,delivered
ORD001583,2024-09-18,2024-09-21,,,delivered
ORD001584,2024-06-13,2024-06-17,,,delivered
ORD001585,2024-11-22,2024-11-29,,,delivered
ORD001586,2024-09-01,2024-09-04,,,delivered
ORD001587,2024-02-29,2024-03-07,2024-03-13,2024-03-23,returned
ORD001588,2024-09-10,2024-09-16,2024-09-24,2024-09-29,returned
ORD001589,2024-05-21,2024-05-24,,,delivered
ORD001590,2024-11-30,2024-12-03,2024-12-19,2024-12-30,returned
ORD001591,2024-11-07,2024-11-14,,,delivered
ORD001592,2024-10-10,2024-10-17,,,delivered
ORD001593,2024-11-10,2024-11-12,2024-11-17,2024-11-29,returned
ORD001594,2024-12-12,2024-12-18,2024-12-31,2025-01-06,returned
ORD001595,2024-08-26,2024-08-29,,,delivered
ORD001596,2024-12-31,2025-01-07,,,delivered
ORD001597,2024-07-12,2024-07-14,,,delivered
ORD001598,2024-04-27,2024-05-03,,,delivered
ORD001599,2024-12-28,2025-01-03,,,delivered
ORD001600,2024-11-06,2024-11-08,2024-11-13,2024-11-18,returned
ORD001601,2024-11-29,2024-12-03,,,delivered
ORD001602,2024-12-13,2024-12-20,,,delivered
ORD001603,2024-12-19,2024-12-25,,,delivered
ORD001604,2024-12-14,2024-12-21,,,delivered
ORD001605,2024-09-23,2024-09-26,2024-10-14,2024-10-25,returned
ORD001606,2024-12-15,2024-12-18,,,delivered
ORD001607,2024-10-17,2024-10-19,,,delivered
ORD001608,2024-11-24,2024-11-29,,,delivered
ORD001609,2024-07-26,2024-07-29,,,delivered
ORD001610,2024-10-09,2024-10-15,,,delivered
ORD001611,2024-11-03,2024-11-10,,,delivered
ORD001612,2024-12-28,2024-12-30,,,delivered
ORD001613,2024-11-14,2024-11-19,,,delivered
ORD001614,2024-05-04,2024-05-09,,,delivered
ORD001615,2025-01-01,2025-01-06,,,delivered
ORD001616,2024-12-01,2024-12-03,,,delivered
ORD001617,2024-11-19,2024-11-23,,,delivered
ORD001618,2024-12-14,2024-12-16,,,delivered
ORD001619,2024-12-06,2024-12-13,,,delivered
ORD001620,2024-06-05,2024-06-12,,,delivered
ORD001621,2024-12-02,2024-12-06,2024-12-10,2024-12-24,returned
ORD001622,2024-11-21,2024-11-27,,,delivered
ORD001623,2024-10-16,2024-10-18,,,delivered
ORD001624,2024-11-11,2024-11-18,,,delivered
ORD001625,2024-06-13,2024-06-16,,,delivered
ORD001626,2024-09-29,2024-10-01,,,delivered
ORD001627,2024-10-07,2024-10-14,,,delivered
ORD001628,2024-10-12,2024-10-18,,,delivered
ORD001629,2024-08-11,2024-08-15,,,delivered
ORD001630,2024-06-05,2024-06-10,2024-06-22,2024-07-01,returned
ORD001631,2024-09-21,2024-09-27,,,delivered
ORD001632,2024-12-01,2024-12-08,,,delivered
ORD001633,2024-06-18,2024-06-20,2024-06-27,2024-07-06,returned
ORD001634,2024-09-10,2024-09-15,2024-09-20,2024-10-01,returned
ORD001635,2024-11-15,2024-11-19,,,delivered
ORD001636,2024-12-28,2025-01-04,2025-01-12,2025-01-26,returned
ORD001637,2025-01-02,2025-01-08,,,delivered
ORD001638,2024-12-07,2024-12-09,,,delivered
ORD001639,2024-10-21,2024-10-26,,,delivered
ORD001640,2024-07-30,2024-08-05,,,delivered
ORD001641,2024-06-18,2024-06-25,,,delivered
ORD001642,2024-12-30,2025-01-01,,,delivered
ORD001643,2024-10-15,2024-10-19,2024-11-08,2024-11-16,returned
ORD001644,2024-08-30,2024-09-04,2024-09-23,2024-10-02,returned
ORD001645,2024-05-04,2024-05-06,,,delivered
ORD001646,2024-08-11,2024-08-14,,,delivered
ORD001647,2024-12-26,2024-12-31,,,delivered
ORD001648,2024-04-06,2024-04-10,,,delivered
ORD001649,2024-05-02,2024-05-09,,,delivered
ORD001650,2024-12-08,2024-12-10,,,delivered
ORD001651,2024-12-03,2024-12-08,,,delivered
ORD001652,2024-08-23,2024-08-27,,,delivered
ORD001653,2024-12-10,2024-12-12,,,delivered
ORD001654,2024-11-09,2024-11-16,,,delivered
ORD001655,2024-11-25,2024-11-29,,,delivered
ORD001656,2024-11-28,2024-12-03,,,delivered
ORD001657,2024-12-01,2024-12-08,,,delivered
ORD001658,2024-10-07,2024-10-14,,,delivered
ORD001659,2024-12-30,2025-01-03,2025-01-20,2025-01-30,returned
ORD001660,2025-01-01,2025-01-08,,,delivered
ORD001661,2024-08-10,2024-08-13,,,delivered
ORD001662,2024-11-02,2024-11-06,,,delivered
ORD001663,2024-09-28,2024-10-05,2024-10-25,2024-11-02,returned
ORD001664,2024-12-03,2024-12-08,2024-12-12,2024-12-20,returned
ORD001665,2024-12-04,2024-12-06,,,delivered
ORD001666,2024-11-18,2024-11-23,,,delivered
ORD001667,2024-12-01,2024-12-05,,,delivered
ORD001668,2024-12-16,2024-12-21,2025-01-07,2025-01-17,returned
ORD001669,2024-10-15,2024-10-20,,,delivered
ORD001670,2024-12-24,2024-12-27,,,delivered
ORD001671,2024-10-29,2024-10-31,,,delivered
ORD001672,2024-12-26,2024-12-29,,,delivered
ORD001673,2024-10-06,2024-10-13,2024-10-31,2024-11-09,returned
ORD001674,2024-05-26,2024-06-01,,,delivered
ORD001675,2024-04-20,2024-04-25,,,delivered
ORD001676,2024-06-14,2024-06-20,,,delivered
ORD001677,2024-09-21,2024-09-24,2024-09-28,2024-10-10,returned
ORD001678,2024-11-10,2024-11-12,,,delivered
ORD001679,2024-10-30,2024-11-01,,,delivered
ORD001680,2024-11-27,2024-12-02,,,delivered
ORD001681,2024-03-09,2024-03-11,,,delivered
ORD001682,2024-07-30,2024-08-01,,,delivered
ORD001683,2024-12-16,2024-12-19,,,delivered
ORD001684,2024-05-10,2024-05-13,,,delivered
ORD001685,2024-07-25,2024-07-31,,,delivered
ORD001686,2024-10-10,2024-10-13,,,delivered
ORD001687,2024-06-16,2024-06-18,,,delivered
ORD001688,2024-09-05,2024-09-07,,,delivered
ORD001689,2024-10-15,2024-10-22,,,delivered
ORD001690,2024-07-31,2024-08-02,,,delivered
ORD001691,2024-09-14,2024-09-19,2024-10-03,2024-10-15,returned
ORD001692,2024-08-05,2024-08-11,,,delivered
ORD001693,2024-08-10,2024-08-14,,,delivered
ORD001694,2024-07-17,2024-07-22,,,delivered
ORD001695,2024-07-25,2024-07-27,,,delivered
ORD001696,2024-03-28,2024-03-30,,,delivered
ORD001697,2024-11-06,2024-11-11,,,delivered
ORD001698,2024-12-31,2025-01-04,2025-01-15,2025-01-29,returned
ORD001699,2024-07-10,2024-07-14,,,delivered
ORD001700,2024-09-24,2024-09-30,,,delivered
ORD001701,2024-08-13,2024-08-20,,,delivered
ORD001702,2024-10-30,2024-11-06,2024-11-21,2024-11-27,returned
ORD001703,2024-10-09,2024-10-16,2024-10-23,2024-10-30,returned
ORD001704,2024-08-03,2024-08-06,,,delivered
ORD001705,2024-12-13,2024-12-20,,,delivered
ORD001706,2024-04-02,2024-04-05,,,delivered
ORD001707,2024-12-02,2024-12-04,,,delivered
ORD001708,2024-09-30,2024-10-04,,,delivered
ORD001709,2024-09-01,2024-09-08,,,delivered
ORD001710,2024-11-04,2024-11-07,,,delivered
ORD001711,2024-10-28,2024-11-02,,,delivered
ORD001712,2024-09-14,2024-09-21,,,delivered
ORD001713,2024-12-18,2024-12-24,2025-01-05,2025-01-16,returned
ORD001714,2024-08-17,2024-08-24,,,delivered
ORD001715,2024-11-27,2024-12-03,,,delivered
ORD001716,2024-11-16,2024-11-18,,,delivered
ORD001717,2024-12-04,2024-12-10,,,delivered
ORD001718,2024-10-19,2024-10-23,2024-11-07,2024-11-20,returned
ORD001719,2024-09-26,2024-10-01,,,delivered
ORD001720,2024-10-13,2024-10-19,,,delivered
ORD001721,2024-10-17,2024-10-20,,,delivered
ORD001722,2024-08-02,2024-08-09,,,delivered
ORD001723,2024-03-24,2024-03-29,,,delivered
ORD001724,2024-11-18,2024-11-22,,,delivered
ORD001725,2024-12-24,2024-12-30,,,delivered
ORD001726,2024-11-05,2024-11-11,2024-11-15,2024-11-22,returned
ORD001727,2024-08-12,2024-08-18,,,delivered
ORD001728,2024-04-30,2024-05-06,,,delivered
ORD001729,2024-11-12,2024-11-17,,,delivered
ORD001730,2024-07-08,2024-07-15,,,delivered
ORD001731,2024-11-09,2024-11-13,,,delivered
ORD001732,2024-09-12,2024-09-15,,,delivered
ORD001733,2024-12-24,2024-12-31,,,delivered
ORD001734,2024-08-13,2024-08-20,,,delivered
ORD001735,2024-02-25,2024-03-01,,,delivered
ORD001736,2024-11-04,2024-11-09,,,delivered
ORD001737,2024-11-06,2024-11-13,2024-11-17,2024-12-01,returned
ORD001738,2024-12-10,2024-12-16,,,delivered
ORD001739,2024-06-08,2024-06-13,,,delivered
ORD001740,2024-11-08,2024-11-11,,,delivered
ORD001741,2024-11-15,2024-11-20,2024-12-02,2024-12-14,returned
ORD001742,2024-11-04,2024-11-07,,,delivered
ORD001743,2024-05-15,2024-05-21,,,delivered
ORD001744,2024-02-23,2024-02-26,,,delivered
ORD001745,2024-11-22,2024-11-26,,,delivered
ORD001746,2024-07-11,2024-07-18,,,delivered
ORD001747,2024-07-18,2024-07-20,,,delivered
ORD001748,2024-03-18,2024-03-21,,,delivered
ORD001749,2024-11-02,2024-11-08,,,delivered
ORD001750,2024-05-29,2024-06-05,2024-06-23,2024-07-06,returned
ORD001751,2024-08-08,2024-08-11,,,delivered
ORD001752,2024-11-27,2024-12-01,2024-12-16,2024-12-22,returned
ORD001753,2024-12-01,2024-12-03,2024-12-11,2024-12-17,returned
ORD001754,2024-11-28,2024-12-03,,,delivered
ORD001755,2024-07-14,2024-07-21,2024-07-24,2024-08-06,returned
ORD001756,2024-07-04,2024-07-09,2024-07-13,2024-07-19,returned
ORD001757,2024-11-28,2024-12-03,,,delivered
ORD001758,2024-12-20,2024-12-24,,,delivered
ORD001759,2024-08-25,2024-08-31,,,delivered
ORD001760,2024-12-31,2025-01-06,,,delivered
ORD001761,2024-10-06,2024-10-09,,,delivered
ORD001762,2024-10-09,2024-10-13,,,delivered
ORD001763,2024-08-16,2024-08-23,,,delivered
ORD001764,2024-07-31,2024-08-05,,,delivered
ORD001765,2024-09-15,2024-09-21,,,delivered
ORD001766,2024-10-05,2024-10-11,2024-10-20,2024-11-02,returned
ORD001767,2024-11-03,2024-11-07,2024-11-11,2024-11-20,returned
ORD001768,2024-10-13,2024-10-17,,,delivered
ORD001769,2024-06-30,2024-07-04,,,delivered
ORD001770,2024-10-01,2024-10-08,2024-10-18,2024-11-01,returned
ORD001771,2024-06-25,2024-06-30,,,delivered
ORD001772,2024-12-07,2024-12-13,,,delivered
ORD001773,2024-12-27,2025-01-03,2025-01-14,2025-01-25,returned
ORD001774,2024-04-30,2024-05-06,,,delivered
ORD001775,2024-11-05,2024-11-11,,,delivered
ORD001776,2024-09-17,2024-09-21,,,delivered
ORD001777,2024-10-27,2024-11-02,,,delivered
ORD001778,2024-12-01,2024-12-06,,,delivered
ORD001779,2024-11-14,2024-11-17,,,delivered
ORD001780,2024-10-14,2024-10-21,,,delivered
ORD001781,2024-12-18,2024-12-22,,,delivered
ORD001782,2024-09-24,2024-09-27,,,delivered
ORD001783,2024-06-21,2024-06-27,,,delivered
ORD001784,2024-07-30,2024-08-02,,,delivered
ORD001785,2024-12-19,2024-12-23,,,delivered
ORD001786,2024-03-15,2024-03-18,,,delivered
ORD001787,2024-07-02,2024-07-07,,,delivered
ORD001788,2024-08-14,2024-08-19,,,delivered
ORD001789,2024-09-05,2024-09-07,,,delivered
ORD001790,2024-07-15,2024-07-17,,,delivered
ORD001791,2024-08-23,2024-08-30,,,delivered
ORD001792,2024-09-21,2024-09-28,,,delivered
ORD001793,2024-09-13,2024-09-19,,,delivered
ORD001794,2024-12-13,2024-12-15,,,delivered
ORD001795,2024-10-18,2024-10-22,,,delivered
ORD001796,2024-12-23,2024-12-29,,,delivered
ORD001797,2024-06-14,2024-06-21,,,delivered
ORD001798,2024-11-03,2024-11-06,2024-11-17,2024-11-27,returned
ORD001799,2024-11-07,2024-11-10,,,delivered
ORD001800,2024-07-22,2024-07-28,2024-08-04,2024-08-18,returned
ORD001801,2024-10-10,2024-10-17,,,delivered
ORD001802,2024-12-29,2025-01-02,2025-01-13,2025-01-19,returned
ORD001803,2024-11-18,2024-11-21,,,delivered
ORD001804,2024-09-23,2024-09-28,2024-10-18,2024-10-31,returned
ORD001805,2024-12-21,2024-12-25,,,delivered
ORD001806,2024-09-18,2024-09-23,,,delivered
ORD001807,2024-03-09,2024-03-13,2024-03-20,2024-03-30,returned
ORD001808,2024-05-30,2024-06-04,,,delivered
ORD001809,2024-09-13,2024-09-16,,,delivered
ORD001810,2024-12-10,2024-12-13,,,delivered
ORD001811,2024-10-02,2024-10-05,,,delivered
ORD001812,2024-09-16,2024-09-20,2024-09-24,2024-09-29,returned
ORD001813,2024-07-27,2024-08-02,2024-08-18,2024-08-30,returned
ORD001814,2024-12-04,2024-12-08,,,delivered
ORD001815,2024-12-03,2024-12-05,2024-12-09,2024-12-19,returned
ORD001816,2024-10-11,2024-10-18,2024-10-31,2024-11-12,returned
ORD001817,2024-08-03,2024-08-10,,,delivered
ORD001818,2024-12-23,2024-12-30,2025-01-03,2025-01-11,returned
ORD001819,2024-09-30,2024-10-05,,,delivered
ORD001820,2024-09-13,2024-09-16,,,delivered
ORD001821,2024-08-10,2024-08-12,2024-08-23,2024-08-30,returned
ORD001822,2024-06-27,2024-07-02,,,delivered
ORD001823,2024-02-20,2024-02-22,2024-03-07,2024-03-13,returned
ORD001824,2024-08-24,2024-08-31,,,delivered
ORD001825,2024-11-25,2024-11-28,,,delivered
ORD001826,2024-11-05,2024-11-09,,,delivered
ORD001827,2024-08-26,2024-08-31,2024-09-05,2024-09-14,returned
ORD001828,2024-05-23,2024-05-30,,,delivered
ORD001829,2024-05-22,2024-05-29,,,delivered
ORD001830,2024-10-26,2024-11-02,,,delivered
ORD001831,2024-10-09,2024-10-14,,,delivered
ORD001832,2024-04-05,2024-04-11,,,delivered
ORD001833,2024-10-13,2024-10-15,,,delivered
ORD001834,2024-10-31,2024-11-06,,,delivered
ORD001835,2024-09-20,2024-09-27,,,delivered
ORD001836,2024-11-21,2024-11-28,,,delivered
ORD001837,2024-11-24,2024-12-01,,,delivered
ORD001838,2024-06-23,2024-06-28,,,delivered
ORD001839,2024-11-10,2024-11-12,,,delivered
ORD001840,2024-12-20,2024-12-22,,,delivered
ORD001841,2024-10-20,2024-10-25,2024-10-28,2024-11-03,returned
ORD001842,2024-12-08,2024-12-15,2024-12-26,2025-01-01,returned
ORD001843,2024-11-04,2024-11-09,2024-11-21,2024-11-26,returned
ORD001844,2024-07-28,2024-07-30,,,delivered
ORD001845,2024-08-14,2024-08-21,,,delivered
ORD001846,2024-12-16,2024-12-19,,,delivered
ORD001847,2024-09-19,2024-09-24,,,delivered
ORD001848,2024-06-25,2024-07-01,,,delivered
ORD001849,2024-11-19,2024-11-26,,,delivered
ORD001850,2024-09-27,2024-10-03,,,delivered
ORD001851,2024-11-10,2024-11-15,,,delivered
ORD001852,2024-12-04,2024-12-09,2024-12-28,2025-01-05,returned
ORD001853,2024-09-29,2024-10-05,,,delivered
ORD001854,2024-12-22,2024-12-27,2025-01-14,2025-01-25,returned
ORD001855,2024-12-21,2024-12-25,,,delivered
ORD001856,2024-09-11,2024-09-14,,,delivered
ORD001857,2024-03-04,2024-03-08,,,delivered
ORD001858,2024-10-30,2024-11-01,,,delivered
ORD001859,2024-12-18,2024-12-22,,,delivered
ORD001860,2024-09-20,2024-09-23,,,delivered
ORD001861,2024-10-16,2024-10-20,,,delivered
ORD001862,2024-09-11,2024-09-13,,,delivered
ORD001863,2024-12-28,2025-01-03,,,delivered
ORD001864,2024-04-15,2024-04-18,,,delivered
ORD001865,2024-08-22,2024-08-26,,,delivered
ORD001866,2024-12-16,2024-12-21,,,delivered
ORD001867,2024-09-17,2024-09-20,2024-10-11,2024-10-19,returned
ORD001868,2024-12-09,2024-12-14,,,delivered
ORD001869,2024-09-08,2024-09-12,,,delivered
ORD001870,2024-09-23,2024-09-26,,,delivered
ORD001871,2024-06-19,2024-06-23,2024-07-04,2024-07-14,returned
ORD001872,2024-10-29,2024-11-02,,,delivered
ORD001873,2024-07-14,2024-07-17,,,delivered
ORD001874,2024-08-09,2024-08-15,2024-09-03,2024-09-17,returned
ORD001875,2024-12-09,2024-12-15,,,delivered
ORD001876,2024-09-30,2024-10-04,2024-10-18,2024-10-28,returned
ORD001877,2024-12-27,2025-01-01,,,delivered
ORD001878,2024-09-19,2024-09-23,,,delivered
ORD001879,2024-08-08,2024-08-11,,,delivered
ORD001880,2024-11-06,2024-11-13,,,delivered
ORD001881,2024-09-04,2024-09-10,,,delivered
ORD001882,2024-11-12,2024-11-17,,,delivered
ORD001883,2024-07-29,2024-08-02,,,delivered
ORD001884,2024-11-26,2024-11-30,,,delivered
ORD001885,2024-10-11,2024-10-16,,,delivered
ORD001886,2024-09-27,2024-10-03,2024-10-12,2024-10-26,returned
ORD001887,2024-12-15,2024-12-22,2024-12-25,2024-12-31,returned
ORD001888,2024-09-08,2024-09-15,2024-10-02,2024-10-13,returned
ORD001889,2024-03-15,2024-03-21,,,delivered
ORD001890,2024-03-16,2024-03-21,2024-03-25,2024-04-03,returned
ORD001891,2024-11-23,2024-11-29,2024-12-19,2024-12-29,returned
ORD001892,2024-07-07,2024-07-10,2024-07-29,2024-08-10,returned
ORD001893,2024-10-31,2024-11-04,2024-11-23,2024-12-01,returned
ORD001894,2024-09-05,2024-09-12,,,delivered
ORD001895,2024-12-15,2024-12-19,,,delivered
ORD001896,2024-10-04,2024-10-06,,,delivered
ORD001897,2024-12-15,2024-12-21,,,delivered
ORD001898,2024-11-11,2024-11-18,,,delivered
ORD001899,2024-03-16,2024-03-21,,,delivered
ORD001900,2024-12-02,2024-12-05,,,delivered
ORD001901,2024-11-15,2024-11-19,2024-12-01,2024-12-10,returned
ORD001902,2024-12-25,2024-12-29,,,delivered
ORD001903,2024-12-17,2024-12-20,,,delivered
ORD001904,2024-12-11,2024-12-15,2025-01-04,2025-01-09,returned
ORD001905,2024-11-05,2024-11-12,,,delivered
ORD001906,2024-12-25,2024-12-31,2025-01-19,2025-01-30,returned
ORD001907,2024-10-31,2024-11-07,,,delivered
ORD001908,2024-11-24,2024-11-30,2024-12-20,2025-01-03,returned
ORD001909,2024-11-01,2024-11-07,2024-11-24,2024-12-05,returned
ORD001910,2024-12-19,2024-12-23,,,delivered
ORD001911,2024-12-27,2024-12-30,,,delivered
ORD001912,2024-11-27,2024-11-30,,,delivered
ORD001913,2024-11-16,2024-11-21,,,delivered
ORD001914,2024-12-27,2024-12-29,2025-01-04,2025-01-14,returned
ORD001915,2024-12-21,2024-12-27,,,delivered
ORD001916,2024-10-25,2024-10-28,2024-11-15,2024-11-28,returned
ORD001917,2024-09-08,2024-09-12,,,delivered
ORD001918,2024-07-30,2024-08-01,,,delivered
ORD001919,2024-09-14,2024-09-17,,,delivered
ORD001920,2024-10-06,2024-10-13,,,delivered
ORD001921,2024-06-11,2024-06-14,,,delivered
ORD001922,2024-05-02,2024-05-07,,,delivered
ORD001923,2024-09-06,2024-09-09,,,delivered
ORD001924,2024-08-08,2024-08-14,,,delivered
ORD001925,2024-12-09,2024-12-14,,,delivered
ORD001926,2024-07-19,2024-07-21,,,delivered
ORD001927,2024-10-28,2024-10-30,,,delivered
ORD001928,2024-12-30,2025-01-06,,,delivered
ORD001929,2024-11-29,2024-12-01,,,delivered
ORD001930,2024-02-09,2024-02-16,2024-02-22,2024-03-04,returned
ORD001931,2024-04-30,2024-05-05,,,delivered
ORD001932,2024-07-09,2024-07-11,,,delivered
ORD001933,2024-12-26,2024-12-29,,,delivered
ORD001934,2024-09-10,2024-09-17,,,delivered
ORD001935,2024-08-06,2024-08-13,,,delivered
ORD001936,2024-11-18,2024-11-24,,,delivered
ORD001937,2024-09-15,2024-09-21,,,delivered
ORD001938,2024-11-03,2024-11-10,,,delivered
ORD001939,2024-12-22,2024-12-29,,,delivered
ORD001940,2024-07-14,2024-07-19,,,delivered
ORD001941,2025-01-01,2025-01-06,,,delivered
ORD001942,2024-08-17,2024-08-24,,,delivered
ORD001943,2024-02-18,2024-02-24,,,delivered
ORD001944,2024-10-19,2024-10-22,,,delivered
ORD001945,2024-08-03,2024-08-08,,,delivered
ORD001946,2024-09-20,2024-09-27,,,delivered
ORD001947,2024-10-17,2024-10-20,,,delivered
ORD001948,2024-08-27,2024-08-31,,,delivered
ORD001949,2024-10-03,2024-10-08,2024-10-28,2024-11-08,returned
ORD001950,2024-09-20,2024-09-22,2024-10-09,2024-10-15,returned
ORD001951,2024-11-01,2024-11-06,,,delivered
ORD001952,2024-09-17,2024-09-24,,,delivered
ORD001953,2024-09-16,2024-09-22,,,delivered
ORD001954,2024-10-03,2024-10-09,,,delivered
ORD001955,2024-09-08,2024-09-13,,,delivered
ORD001956,2024-02-18,2024-02-21,2024-03-05,2024-03-17,returned
ORD001957,2024-11-14,2024-11-18,,,delivered
ORD001958,2024-09-19,2024-09-22,,,delivered
ORD001959,2024-07-19,2024-07-23,,,delivered
ORD001960,2024-08-30,2024-09-05,2024-09-24,2024-09-29,returned
ORD001961,2024-10-24,2024-10-30,2024-11-08,2024-11-17,returned
ORD001962,2024-12-15,2024-12-18,,,delivered
ORD001963,2024-10-30,2024-11-02,,,delivered
ORD001964,2024-05-20,2024-05-24,,,delivered
ORD001965,2024-09-24,2024-09-27,,,delivered
ORD001966,2024-07-26,2024-07-31,,,delivered
ORD001967,2024-12-06,2024-12-08,,,delivered
ORD001968,2024-11-29,2024-12-03,,,delivered
ORD001969,2025-01-02,2025-01-05,,,delivered
ORD001970,2024-12-04,2024-12-06,,,delivered
ORD001971,2024-11-11,2024-11-13,,,delivered
ORD001972,2024-11-01,2024-11-05,,,delivered
ORD001973,2024-11-20,2024-11-25,,,delivered
ORD001974,2024-11-26,2024-12-02,,,delivered
ORD001975,2024-07-14,2024-07-19,,,delivered
ORD001976,2024-04-04,2024-04-09,,,delivered
ORD001977,2024-11-30,2024-12-05,,,delivered
ORD001978,2024-10-26,2024-10-31,,,delivered
ORD001979,2024-10-19,2024-10-25,,,delivered
ORD001980,2024-07-17,2024-07-19,,,delivered
ORD001981,2024-05-26,2024-05-28,,,delivered
ORD001982,2024-09-24,2024-09-28,,,delivered
ORD001983,2024-09-30,2024-10-03,,,delivered
ORD001984,2024-07-01,2024-07-04,,,delivered
ORD001985,2024-08-02,2024-08-07,,,delivered
ORD001986,2024-06-22,2024-06-25,,,delivered
ORD001987,2024-06-18,2024-06-22,2024-06-25,2024-07-03,returned
ORD001988,2024-11-04,2024-11-07,,,delivered
ORD001989,2024-11-04,2024-11-11,,,delivered
ORD001990,2024-12-24,2024-12-31,,,delivered
ORD001991,2024-12-17,2024-12-20,,,delivered
ORD001992,2024-11-05,2024-11-07,,,delivered
ORD001993,2024-12-12,2024-12-14,,,delivered
ORD001994,2024-07-08,2024-07-12,,,delivered
ORD001995,2024-12-02,2024-12-09,,,delivered
ORD001996,2024-12-07,2024-12-12,,,delivered
ORD001997,2024-06-02,2024-06-08,,,delivered
ORD001998,2024-10-02,2024-10-06,,,delivered
ORD001999,2024-10-26,2024-11-01,,,delivered
ORD002000,2024-06-18,2024-06-24,2024-07-08,2024-07-22,returned
ORD002001,2024-11-10,2024-11-15,2024-11-19,2024-11-27,returned
ORD002002,2024-11-14,2024-11-21,,,delivered
ORD002003,2024-09-20,2024-09-22,,,delivered
ORD002004,2024-08-01,2024-08-06,,,delivered
ORD002005,2024-10-08,2024-10-15,,,delivered
ORD002006,2024-10-09,2024-10-12,,,delivered
ORD002007,2024-07-01,2024-07-07,,,delivered
ORD002008,2024-11-16,2024-11-19,,,delivered
ORD002009,2024-08-09,2024-08-11,,,delivered
ORD002010,2024-11-06,2024-11-09,,,delivered
ORD002011,2024-12-18,2024-12-22,,,delivered
ORD002012,2024-05-10,2024-05-15,,,delivered
ORD002013,2024-05-19,2024-05-24,,,delivered
ORD002014,2024-09-17,2024-09-23,,,delivered
ORD002015,2024-08-02,2024-08-08,,,delivered
ORD002016,2024-08-05,2024-08-08,,,delivered
ORD002017,2024-12-30,2025-01-05,,,delivered
ORD002018,2024-01-29,2024-02-01,,,delivered
ORD002019,2024-03-27,2024-04-03,,,delivered
ORD002020,2024-12-20,2024-12-27,,,delivered
ORD002021,2024-10-15,2024-10-22,,,delivered
ORD002022,2024-11-30,2024-12-06,,,delivered
ORD002023,2024-11-27,2024-11-29,,,delivered
ORD002024,2024-09-29,2024-10-06,,,delivered
ORD002025,2024-07-29,2024-08-01,,,delivered
ORD002026,2024-08-22,2024-08-27,2024-09-13,2024-09-21,returned
ORD002027,2024-12-19,2024-12-22,,,delivered
ORD002028,2024-07-19,2024-07-21,,,delivered
ORD002029,2024-05-06,2024-05-13,,,delivered
ORD002030,2024-06-24,2024-06-28,,,delivered
ORD002031,2024-10-25,2024-10-31,,,delivered
ORD002032,2024-07-10,2024-07-13,,,delivered
ORD002033,2024-10-01,2024-10-07,,,delivered
ORD002034,2024-12-15,2024-12-17,,,delivered
ORD002035,2024-11-04,2024-11-10,,,delivered
ORD002036,2024-11-22,2024-11-26,,,delivered
ORD002037,2024-12-15,2024-12-19,,,delivered
ORD002038,2024-09-10,2024-09-17,,,delivered
ORD002039,2024-12-18,2024-12-22,,,delivered
ORD002040,2024-11-18,2024-11-23,,,delivered
ORD002041,2024-10-22,2024-10-29,,,delivered
ORD002042,2024-06-23,2024-06-29,,,delivered
ORD002043,2024-11-07,2024-11-09,,,delivered
ORD002044,2024-11-21,2024-11-27,2024-12-06,2024-12-19,returned
ORD002045,2024-10-13,2024-10-16,2024-10-22,2024-10-28,returned
ORD002046,2024-10-30,2024-11-01,,,delivered
ORD002047,2024-10-21,2024-10-27,,,delivered
ORD002048,2024-11-03,2024-11-10,,,delivered
ORD002049,2024-09-16,2024-09-22,,,delivered
ORD002050,2024-11-05,2024-11-08,,,delivered
ORD002051,2024-12-09,2024-12-15,,,delivered
ORD002052,2024-06-20,2024-06-22,,,delivered
ORD002053,2024-12-27,2024-12-29,2025-01-12,2025-01-26,returned
ORD002054,2024-12-14,2024-12-18,2025-01-05,2025-01-16,returned
ORD002055,2024-11-06,2024-11-11,,,delivered
ORD002056,2024-10-29,2024-10-31,,,delivered
ORD002057,2024-12-23,2024-12-30,,,delivered
ORD002058,2024-09-07,2024-09-13,,,delivered
ORD002059,2024-06-16,2024-06-19,2024-06-23,2024-07-02,returned
ORD002060,2024-09-24,2024-09-26,,,delivered
ORD002061,2024-12-08,2024-12-12,,,delivered
ORD002062,2024-12-19,2024-12-26,,,delivered
ORD002063,2024-09-19,2024-09-24,,,delivered
ORD002064,2024-10-08,2024-10-10,2024-10-15,2024-10-23,returned
ORD002065,2024-10-10,2024-10-14,,,delivered
ORD002066,2024-09-15,2024-09-18,2024-10-04,2024-10-09,returned
ORD002067,2024-09-26,2024-10-01,,,delivered
ORD002068,2024-12-26,2024-12-29,,,delivered
ORD002069,2024-09-16,2024-09-18,2024-09-24,2024-09-30,returned
ORD002070,2024-11-01,2024-11-05,,,delivered
ORD002071,2024-12-17,2024-12-21,,,delivered
ORD002072,2024-11-21,2024-11-28,,,delivered
ORD002073,2024-12-21,2024-12-28,,,delivered
ORD002074,2024-10-31,2024-11-06,,,delivered
ORD002075,2024-10-19,2024-10-25,,,delivered
ORD002076,2024-12-31,2025-01-07,,,delivered
ORD002077,2024-12-30,2025-01-05,,,delivered
ORD002078,2024-07-24,2024-07-26,,,delivered
ORD002079,2024-12-15,2024-12-20,2024-12-24,2025-01-07,returned
ORD002080,2024-08-05,2024-08-08,,,delivered
ORD002081,2024-09-12,2024-09-16,,,delivered
ORD002082,2024-11-25,2024-11-30,,,delivered
ORD002083,2024-12-29,2025-01-03,,,delivered
ORD002084,2024-11-27,2024-12-04,2024-12-25,2025-01-01,returned
ORD002085,2024-11-20,2024-11-24,2024-12-15,2024-12-24,returned
ORD002086,2024-11-29,2024-12-06,2024-12-15,2024-12-26,returned
ORD002087,2024-11-11,2024-11-17,,,delivered
ORD002088,2024-12-01,2024-12-03,,,delivered
ORD002089,2024-09-16,2024-09-22,,,delivered
ORD002090,2024-07-13,2024-07-15,,,delivered
ORD002091,2024-11-10,2024-11-14,,,delivered
ORD002092,2024-05-21,2024-05-24,,,delivered
ORD002093,2024-10-25,2024-10-30,,,delivered
ORD002094,2024-06-29,2024-07-05,,,delivered
ORD002095,2024-12-28,2025-01-01,2025-01-10,2025-01-24,returned
ORD002096,2024-08-06,2024-08-10,,,delivered
ORD002097,2024-12-25,2024-12-28,,,delivered
ORD002098,2024-09-18,2024-09-22,,,delivered
ORD002099,2024-06-05,2024-06-10,,,delivered
ORD002100,2024-11-15,2024-11-18,,,delivered
ORD002101,2024-07-12,2024-07-14,,,delivered
ORD002102,2024-12-02,2024-12-07,2024-12-11,2024-12-17,returned
ORD002103,2024-06-08,2024-06-11,,,delivered
ORD002104,2024-11-27,2024-11-30,,,delivered
ORD002105,2024-05-21,2024-05-23,,,delivered
ORD002106,2024-07-29,2024-08-01,,,delivered
ORD002107,2024-06-06,2024-06-10,,,delivered
ORD002108,2024-04-08,2024-04-15,,,delivered
ORD002109,2024-12-08,2024-12-12,,,delivered
ORD002110,2024-09-03,2024-09-09,,,delivered
ORD002111,2024-09-12,2024-09-19,,,delivered
ORD002112,2024-06-21,2024-06-28,2024-07-18,2024-07-23,returned
ORD002113,2024-10-30,2024-11-05,,,delivered
ORD002114,2024-10-29,2024-10-31,,,delivered
ORD002115,2024-07-17,2024-07-22,2024-08-02,2024-08-15,returned
ORD002116,2024-09-29,2024-10-03,,,delivered
ORD002117,2024-09-26,2024-09-30,,,delivered
ORD002118,2024-10-14,2024-10-21,2024-11-05,2024-11-19,returned
ORD002119,2024-11-15,2024-11-18,,,delivered
ORD002120,2024-04-28,2024-05-05,,,delivered
ORD002121,2024-08-12,2024-08-14,,,delivered
ORD002122,2024-11-02,2024-11-09,,,delivered
ORD002123,2024-12-10,2024-12-17,,,delivered
ORD002124,2024-11-17,2024-11-19,,,delivered
ORD002125,2024-10-29,2024-11-05,,,delivered
ORD002126,2024-10-28,2024-10-31,2024-11-14,2024-11-22,returned
ORD002127,2024-04-29,2024-05-01,,,delivered
ORD002128,2024-12-18,2024-12-20,,,delivered
ORD002129,2024-11-19,2024-11-25,,,delivered
ORD002130,2024-12-18,2024-12-24,,,delivered
ORD002131,2024-04-05,2024-04-12,,,delivered
ORD002132,2024-11-09,2024-11-14,2024-12-02,2024-12-14,returned
ORD002133,2024-04-27,2024-04-29,2024-05-13,2024-05-20,returned
ORD002134,2024-11-04,2024-11-10,2024-11-23,2024-12-06,returned
ORD002135,2024-08-31,2024-09-06,,,delivered
ORD002136,2024-05-16,2024-05-18,,,delivered
ORD002137,2024-12-30,2025-01-06,,,delivered
ORD002138,2024-12-26,2025-01-01,,,delivered
ORD002139,2024-12-01,2024-12-04,,,delivered
ORD002140,2025-01-01,2025-01-03,,,delivered
ORD002141,2024-08-05,2024-08-11,2024-08-30,2024-09-13,returned
ORD002142,2024-06-27,2024-07-01,,,delivered
ORD002143,2024-10-05,2024-10-12,,,delivered
ORD002144,2024-06-11,2024-06-16,2024-07-05,2024-07-13,returned
ORD002145,2024-12-22,2024-12-29,2025-01-18,2025-01-23,returned
ORD002146,2024-10-31,2024-11-05,,,delivered
ORD002147,2024-05-13,2024-05-16,,,delivered
ORD002148,2024-12-08,2024-12-13,,,delivered
ORD002149,2024-09-26,2024-09-28,2024-10-05,2024-10-10,returned
ORD002150,2024-10-11,2024-10-17,,,delivered
ORD002151,2024-07-29,2024-08-03,,,delivered
ORD002152,2024-12-25,2025-01-01,,,delivered
ORD002153,2024-10-18,2024-10-22,,,delivered
ORD002154,2024-09-28,2024-10-02,,,delivered
ORD002155,2024-11-05,2024-11-12,,,delivered
ORD002156,2024-06-14,2024-06-19,,,delivered
ORD002157,2024-07-27,2024-08-02,,,delivered
ORD002158,2024-10-22,2024-10-28,,,delivered
ORD002159,2024-07-31,2024-08-03,,,delivered
ORD002160,2024-11-19,2024-11-21,,,delivered
ORD002161,2024-12-13,2024-12-19,2025-01-02,2025-01-08,returned
ORD002162,2024-11-23,2024-11-25,2024-12-08,2024-12-13,returned
ORD002163,2024-11-25,2024-11-27,,,delivered
ORD002164,2024-11-23,2024-11-25,,,delivered
ORD002165,2024-07-07,2024-07-14,,,delivered
ORD002166,2024-07-21,2024-07-26,,,delivered
ORD002167,2024-06-30,2024-07-05,,,delivered
ORD002168,2024-09-23,2024-09-25,2024-09-29,2024-10-08,returned
ORD002169,2024-12-16,2024-12-20,,,delivered
ORD002170,2024-10-08,2024-10-15,,,delivered
ORD002171,2024-12-03,2024-12-05,,,delivered
ORD002172,2024-12-23,2024-12-30,,,delivered
ORD002173,2024-09-17,2024-09-24,,,delivered
ORD002174,2024-07-20,2024-07-27,,,delivered
ORD002175,2024-06-07,2024-06-13,2024-06-19,2024-06-24,returned
ORD002176,2024-11-03,2024-11-09,,,delivered
ORD002177,2024-11-14,2024-11-21,,,delivered
ORD002178,2024-11-30,2024-12-03,,,delivered
ORD002179,2024-07-30,2024-08-03,2024-08-13,2024-08-27,returned
ORD002180,2024-12-13,2024-12-16,,,delivered
ORD002181,2024-12-10,2024-12-14,,,delivered
ORD002182,2024-11-30,2024-12-02,2024-12-13,2024-12-22,returned
ORD002183,2024-05-14,2024-05-17,,,delivered
ORD002184,2024-06-12,2024-06-19,2024-07-10,2024-07-23,returned
ORD002185,2024-11-15,2024-11-17,,,delivered
ORD002186,2024-09-09,2024-09-11,,,delivered
ORD002187,2024-10-03,2024-10-06,,,delivered
ORD002188,2024-12-17,2024-12-20,2024-12-26,2025-01-05,returned
ORD002189,2024-10-19,2024-10-25,,,delivered
ORD002190,2024-10-22,2024-10-24,,,delivered
ORD002191,2024-11-23,2024-11-28,2024-12-04,2024-12-10,returned
ORD002192,2024-12-25,2024-12-29,,,delivered
ORD002193,2024-08-25,2024-08-28,,,delivered
ORD002194,2024-08-17,2024-08-21,,,delivered
ORD002195,2024-11-23,2024-11-25,2024-12-10,2024-12-20,returned
ORD002196,2024-07-23,2024-07-30,,,delivered
ORD002197,2024-08-01,2024-08-03,,,delivered
ORD002198,2024-11-25,2024-11-27,,,delivered
ORD002199,2024-12-10,2024-12-15,,,delivered
ORD002200,2024-11-09,2024-11-15,2024-11-27,2024-12-10,returned
ORD002201,2024-09-09,2024-09-16,,,delivered
ORD002202,2024-12-26,2024-12-28,,,delivered
ORD002203,2024-12-12,2024-12-14,,,delivered
ORD002204,2024-06-11,2024-06-14,2024-06-23,2024-07-01,returned
ORD002205,2024-08-27,2024-08-29,,,delivered
ORD002206,2024-05-20,2024-05-25,2024-06-11,2024-06-25,returned
ORD002207,2024-10-25,2024-10-29,,,delivered
ORD002208,2025-01-01,2025-01-08,2025-01-23,2025-02-04,returned
ORD002209,2024-09-17,2024-09-20,,,delivered
ORD002210,2024-07-19,2024-07-25,2024-08-03,2024-08-14,returned
ORD002211,2024-12-06,2024-12-10,,,delivered
ORD002212,2024-12-08,2024-12-12,,,delivered
ORD002213,2024-08-11,2024-08-15,2024-08-27,2024-09-07,returned
ORD002214,2024-06-05,2024-06-08,,,delivered
ORD002215,2024-12-22,2024-12-24,,,delivered
ORD002216,2024-12-31,2025-01-05,2025-01-16,2025-01-30,returned
ORD002217,2024-10-05,2024-10-07,,,delivered
ORD002218,2024-05-16,2024-05-19,,,delivered
ORD002219,2024-09-01,2024-09-08,,,delivered
ORD002220,2024-07-27,2024-08-02,,,delivered
ORD002221,2024-10-08,2024-10-10,,,delivered
ORD002222,2024-12-22,2024-12-29,,,delivered
ORD002223,2024-11-25,2024-11-29,,,delivered
ORD002224,2024-10-11,2024-10-17,,,delivered
ORD002225,2024-10-26,2024-10-30,2024-11-07,2024-11-20,returned
ORD002226,2024-11-11,2024-11-13,2024-11-29,2024-12-12,returned
ORD002227,2024-12-10,2024-12-15,,,delivered
ORD002228,2024-11-02,2024-11-06,,,delivered
ORD002229,2024-08-20,2024-08-25,,,delivered
ORD002230,2024-07-28,2024-07-30,2024-08-02,2024-08-15,returned
ORD002231,2024-12-14,2024-12-17,2025-01-03,2025-01-12,returned
ORD002232,2024-07-30,2024-08-01,,,delivered
ORD002233,2024-12-03,2024-12-09,2024-12-14,2024-12-24,returned
ORD002234,2024-12-25,2024-12-30,,,delivered
ORD002235,2024-11-30,2024-12-06,,,delivered
ORD002236,2024-12-08,2024-12-15,,,delivered
ORD002237,2024-08-07,2024-08-11,,,delivered
ORD002238,2024-08-31,2024-09-04,,,delivered
ORD002239,2024-10-29,2024-11-04,,,delivered
ORD002240,2024-12-21,2024-12-27,,,delivered
ORD002241,2024-09-11,2024-09-18,,,delivered
ORD002242,2024-11-21,2024-11-24,2024-12-10,2024-12-19,returned
ORD002243,2024-10-22,2024-10-29,,,delivered
ORD002244,2024-12-14,2024-12-17,,,delivered
ORD002245,2024-11-02,2024-11-04,,,delivered
ORD002246,2024-12-16,2024-12-19,,,delivered
ORD002247,2024-10-23,2024-10-29,,,delivered
ORD002248,2024-09-08,2024-09-11,,,delivered
ORD002249,2024-09-02,2024-09-08,,,delivered
ORD002250,2024-10-15,2024-10-22,,,delivered
ORD002251,2024-12-04,2024-12-07,,,delivered
ORD002252,2024-08-03,2024-08-09,,,delivered
ORD002253,2024-11-07,2024-11-14,,,delivered
ORD002254,2024-07-21,2024-07-23,,,delivered
ORD002255,2024-09-08,2024-09-14,,,delivered
ORD002256,2024-11-15,2024-11-22,,,delivered
ORD002257,2024-11-30,2024-12-03,,,delivered
ORD002258,2024-11-08,2024-11-12,,,delivered
ORD002259,2024-05-21,2024-05-28,,,delivered
ORD002260,2024-11-28,2024-12-01,,,delivered
ORD002261,2024-12-12,2024-12-16,,,delivered
ORD002262,2024-12-19,2024-12-21,,,delivered
ORD002263,2024-12-19,2024-12-26,,,delivered
ORD002264,2024-10-07,2024-10-12,,,delivered
ORD002265,2024-09-05,2024-09-07,,,delivered
ORD002266,2024-06-04,2024-06-06,,,delivered
ORD002267,2024-02-26,2024-03-01,2024-03-16,2024-03-23,returned
ORD002268,2024-12-22,2024-12-26,,,delivered
ORD002269,2024-08-27,2024-08-29,,,delivered
ORD002270,2024-12-07,2024-12-09,,,delivered
ORD002271,2024-11-16,2024-11-20,,,delivered
ORD002272,2024-12-29,2025-01-01,,,delivered
ORD002273,2024-11-02,2024-11-04,2024-11-10,2024-11-16,returned
ORD002274,2024-07-15,2024-07-17,,,delivered
ORD002275,2024-07-02,2024-07-07,,,delivered
ORD002276,2024-05-28,2024-06-01,,,delivered
ORD002277,2024-11-09,2024-11-11,,,delivered
ORD002278,2024-10-08,2024-10-11,,,delivered
ORD002279,2024-12-15,2024-12-22,,,delivered
ORD002280,2024-11-03,2024-11-09,,,delivered
ORD002281,2024-12-30,2025-01-06,,,delivered
ORD002282,2024-11-17,2024-11-21,,,delivered
ORD002283,2024-07-18,2024-07-25,,,delivered
ORD002284,2024-10-31,2024-11-03,2024-11-10,2024-11-22,returned
ORD002285,2024-12-26,2024-12-28,,,delivered
ORD002286,2024-06-14,2024-06-17,,,delivered
ORD002287,2024-12-29,2024-12-31,,,delivered
ORD002288,2024-10-10,2024-10-14,,,delivered
ORD002289,2024-11-17,2024-11-22,2024-12-07,2024-12-21,returned
ORD002290,2024-11-16,2024-11-21,2024-12-12,2024-12-25,returned
ORD002291,2024-10-18,2024-10-25,,,delivered
ORD002292,2024-11-07,2024-11-11,,,delivered
ORD002293,2024-12-09,2024-12-16,2025-01-06,2025-01-17,returned
ORD002294,2024-08-28,2024-09-01,2024-09-06,2024-09-12,returned
ORD002295,2024-09-02,2024-09-06,,,delivered
ORD002296,2024-05-08,2024-05-13,,,delivered
ORD002297,2024-07-06,2024-07-11,,,delivered
ORD002298,2024-10-25,2024-10-31,,,delivered
ORD002299,2024-01-22,2024-01-27,,,delivered
ORD002300,2024-11-19,2024-11-22,,,delivered
ORD002301,2024-10-07,2024-10-12,2024-10-27,2024-11-04,returned
ORD002302,2024-08-30,2024-09-05,2024-09-21,2024-10-04,returned
ORD002303,2024-10-22,2024-10-24,,,delivered
ORD002304,2024-12-05,2024-12-07,,,delivered
ORD002305,2024-12-04,2024-12-10,,,delivered
ORD002306,2024-06-29,2024-07-04,,,delivered
ORD002307,2024-06-30,2024-07-02,,,delivered
ORD002308,2024-10-03,2024-10-07,2024-10-15,2024-10-22,returned
ORD002309,2024-12-28,2024-12-30,,,delivered
ORD002310,2024-10-23,2024-10-26,,,delivered
ORD002311,2024-12-24,2024-12-26,,,delivered
ORD002312,2024-10-23,2024-10-27,,,delivered
ORD002313,2024-09-05,2024-09-08,,,delivered
ORD002314,2024-11-03,2024-11-07,,,delivered
ORD002315,2024-11-17,2024-11-24,2024-12-04,2024-12-12,returned
ORD002316,2024-07-07,2024-07-14,,,delivered
ORD002317,2024-10-22,2024-10-25,,,delivered
ORD002318,2024-11-20,2024-11-22,,,delivered
ORD002319,2024-12-18,2024-12-21,2024-12-30,2025-01-05,returned
ORD002320,2024-10-08,2024-10-10,,,delivered
ORD002321,2024-04-13,2024-04-18,,,delivered
ORD002322,2024-10-27,2024-11-02,,,delivered
ORD002323,2024-10-29,2024-11-03,2024-11-15,2024-11-24,returned
ORD002324,2024-09-17,2024-09-23,,,delivered
ORD002325,2024-12-21,2024-12-23,,,delivered
ORD002326,2024-10-22,2024-10-24,,,delivered
ORD002327,2024-11-09,2024-11-15,,,delivered
ORD002328,2024-11-21,2024-11-28,,,delivered
ORD002329,2024-12-27,2024-12-31,,,delivered
ORD002330,2024-09-14,2024-09-16,,,delivered
ORD002331,2024-12-15,2024-12-19,2025-01-06,2025-01-19,returned
ORD002332,2024-06-10,2024-06-13,,,delivered
ORD002333,2024-11-25,2024-12-01,,,delivered
ORD002334,2024-05-22,2024-05-25,,,delivered
ORD002335,2024-08-14,2024-08-16,2024-08-29,2024-09-08,returned
ORD002336,2024-05-23,2024-05-28,,,delivered
ORD002337,2024-11-11,2024-11-14,,,delivered
ORD002338,2024-05-22,2024-05-26,,,delivered
ORD002339,2024-10-28,2024-10-31,,,delivered
ORD002340,2024-12-06,2024-12-09,,,delivered
ORD002341,2024-09-16,2024-09-20,,,delivered
ORD002342,2024-12-04,2024-12-10,,,delivered
ORD002343,2024-05-11,2024-05-18,,,delivered
ORD002344,2024-11-02,2024-11-09,2024-11-24,2024-12-08,returned
ORD002345,2024-09-15,2024-09-20,,,delivered
ORD002346,2024-11-04,2024-11-08,,,delivered
ORD002347,2024-12-03,2024-12-10,,,delivered
ORD002348,2024-11-20,2024-11-25,2024-12-09,2024-12-14,returned
ORD002349,2024-11-26,2024-12-03,,,delivered
ORD002350,2024-09-21,2024-09-25,,,delivered
ORD002351,2024-11-27,2024-12-04,2024-12-21,2024-12-27,returned
ORD002352,2024-10-07,2024-10-12,,,delivered
ORD002353,2024-10-05,2024-10-09,,,delivered
ORD002354,2024-05-21,2024-05-25,2024-06-05,2024-06-10,returned
ORD002355,2024-11-30,2024-12-03,2024-12-21,2024-12-30,returned
ORD002356,2024-05-26,2024-06-01,2024-06-12,2024-06-19,returned
ORD002357,2024-09-13,2024-09-17,,,delivered
ORD002358,2024-08-17,2024-08-22,,,delivered
ORD002359,2024-12-25,2024-12-28,,,delivered
ORD002360,2024-12-29,2025-01-03,2025-01-19,2025-01-24,returned
ORD002361,2024-11-30,2024-12-04,,,delivered
ORD002362,2024-09-30,2024-10-05,,,delivered
ORD002363,2024-10-28,2024-11-02,,,delivered
ORD002364,2024-11-02,2024-11-04,,,delivered
ORD002365,2024-08-09,2024-08-15,,,delivered
ORD002366,2024-10-26,2024-10-31,2024-11-05,2024-11-18,returned
ORD002367,2024-03-04,2024-03-11,,,delivered
ORD002368,2024-11-01,2024-11-08,,,delivered
ORD002369,2024-09-24,2024-10-01,,,delivered
ORD002370,2024-11-08,2024-11-12,,,delivered
ORD002371,2024-09-15,2024-09-20,,,delivered
ORD002372,2024-08-25,2024-08-31,,,delivered
ORD002373,2024-12-30,2025-01-04,,,delivered
ORD002374,2024-11-13,2024-11-20,,,delivered
ORD002375,2024-12-28,2025-01-01,,,delivered
ORD002376,2024-12-31,2025-01-03,,,delivered
ORD002377,2024-11-18,2024-11-21,,,delivered
ORD002378,2024-12-01,2024-12-04,,,delivered
ORD002379,2024-12-20,2024-12-27,,,delivered
ORD002380,2024-11-06,2024-11-08,,,delivered
ORD002381,2024-05-15,2024-05-21,2024-06-09,2024-06-15,returned
ORD002382,2024-12-23,2024-12-28,,,delivered
ORD002383,2024-12-25,2024-12-29,,,delivered
ORD002384,2024-12-25,2024-12-27,,,delivered
ORD002385,2024-06-28,2024-07-02,2024-07-13,2024-07-23,returned
ORD002386,2024-08-16,2024-08-23,,,delivered
ORD002387,2024-09-24,2024-09-30,,,delivered
ORD002388,2024-08-14,2024-08-21,,,delivered
ORD002389,2024-12-24,2024-12-31,,,delivered
ORD002390,2024-09-25,2024-10-01,,,delivered
ORD002391,2024-07-25,2024-07-27,,,delivered
ORD002392,2024-07-02,2024-07-07,2024-07-11,2024-07-20,returned
ORD002393,2024-08-02,2024-08-09,,,delivered
ORD002394,2024-12-09,2024-12-13,,,delivered
ORD002395,2024-11-04,2024-11-06,,,delivered
ORD002396,2024-12-24,2024-12-26,,,delivered
ORD002397,2024-07-26,2024-07-29,,,delivered
ORD002398,2024-10-26,2024-10-30,2024-11-05,2024-11-12,returned
ORD002399,2024-10-31,2024-11-03,2024-11-17,2024-12-01,returned
ORD002400,2024-11-08,2024-11-10,,,delivered
ORD002401,2024-10-24,2024-10-27,,,delivered
ORD002402,2024-08-22,2024-08-29,,,delivered
ORD002403,2024-07-20,2024-07-24,2024-08-08,2024-08-20,returned
ORD002404,2024-08-06,2024-08-09,,,delivered
ORD002405,2024-11-11,2024-11-13,,,delivered
ORD002406,2024-12-24,2024-12-28,,,delivered
ORD002407,2024-10-30,2024-11-06,,,delivered
ORD002408,2024-10-14,2024-10-17,,,delivered
ORD002409,2024-11-30,2024-12-02,,,delivered
ORD002410,2024-10-24,2024-10-29,,,delivered
ORD002411,2024-06-10,2024-06-17,,,delivered
ORD002412,2024-06-24,2024-06-28,,,delivered
ORD002413,2024-11-30,2024-12-04,,,delivered
ORD002414,2024-08-04,2024-08-11,,,delivered
ORD002415,2024-08-23,2024-08-27,,,delivered
ORD002416,2024-10-16,2024-10-23,,,delivered
ORD002417,2024-05-15,2024-05-18,,,delivered
ORD002418,2024-05-19,2024-05-23,,,delivered
ORD002419,2024-05-22,2024-05-28,,,delivered
ORD002420,2024-10-20,2024-10-23,,,delivered
ORD002421,2024-07-26,2024-07-28,,,delivered
ORD002422,2024-12-24,2024-12-27,2024-12-31,2025-01-09,returned
ORD002423,2024-11-16,2024-11-18,,,delivered
ORD002424,2024-03-14,2024-03-18,,,delivered
ORD002425,2024-10-15,2024-10-20,,,delivered
ORD002426,2024-07-19,2024-07-24,,,delivered
ORD002427,2024-12-31,2025-01-05,,,delivered
ORD002428,2024-12-14,2024-12-17,,,delivered
ORD002429,2024-12-12,2024-12-14,,,delivered
ORD002430,2024-09-22,2024-09-24,2024-10-05,2024-10-18,returned
ORD002431,2024-08-31,2024-09-05,,,delivered
ORD002432,2024-12-23,2024-12-29,,,delivered
ORD002433,2024-07-01,2024-07-06,,,delivered
ORD002434,2024-12-13,2024-12-18,,,delivered
ORD002435,2024-04-07,2024-04-11,,,delivered
ORD002436,2024-12-26,2024-12-28,2025-01-18,2025-01-26,returned
ORD002437,2024-12-17,2024-12-19,,,delivered
ORD002438,2024-09-23,2024-09-29,2024-10-12,2024-10-23,returned
ORD002439,2024-10-08,2024-10-14,,,delivered
ORD002440,2024-10-07,2024-10-10,,,delivered
ORD002441,2024-12-11,2024-12-15,,,delivered
ORD002442,2024-11-12,2024-11-14,,,delivered
ORD002443,2024-09-04,2024-09-11,,,delivered
ORD002444,2024-12-23,2024-12-25,2025-01-09,2025-01-23,returned
ORD002445,2024-09-01,2024-09-08,,,delivered
ORD002446,2024-07-01,2024-07-08,2024-07-21,2024-08-03,returned
ORD002447,2024-08-07,2024-08-11,,,delivered
ORD002448,2024-12-05,2024-12-12,2024-12-26,2025-01-02,returned
ORD002449,2024-10-09,2024-10-14,,,delivered
ORD002450,2024-06-29,2024-07-05,,,delivered
ORD002451,2024-07-24,2024-07-26,,,delivered
ORD002452,2024-12-26,2025-01-02,,,delivered
ORD002453,2024-08-07,2024-08-09,,,delivered
ORD002454,2024-09-29,2024-10-02,2024-10-06,2024-10-19,returned
ORD002455,2024-09-24,2024-09-29,,,delivered
ORD002456,2024-04-17,2024-04-22,,,delivered
ORD002457,2024-09-02,2024-09-04,,,delivered
ORD002458,2024-11-08,2024-11-10,,,delivered
ORD002459,2024-05-21,2024-05-24,,,delivered
ORD002460,2024-04-30,2024-05-03,,,delivered
ORD002461,2024-12-19,2024-12-23,,,delivered
ORD002462,2024-11-14,2024-11-21,,,delivered
ORD002463,2024-04-13,2024-04-17,,,delivered
ORD002464,2024-03-19,2024-03-25,,,delivered
ORD002465,2024-10-18,2024-10-23,,,delivered
ORD002466,2024-10-24,2024-10-27,,,delivered
ORD002467,2024-07-07,2024-07-12,,,delivered
ORD002468,2024-09-10,2024-09-14,,,delivered
ORD002469,2024-09-03,2024-09-08,2024-09-22,2024-09-30,returned
ORD002470,2024-12-21,2024-12-25,,,delivered
ORD002471,2024-11-20,2024-11-23,,,delivered
ORD002472,2024-04-12,2024-04-15,2024-04-23,2024-04-28,returned
ORD002473,2024-12-06,2024-12-08,,,delivered
ORD002474,2024-12-11,2024-12-14,,,delivered
ORD002475,2024-11-02,2024-11-09,,,delivered
ORD002476,2024-12-08,2024-12-13,,,delivered
ORD002477,2024-12-07,2024-12-10,,,delivered
ORD002478,2024-08-04,2024-08-07,2024-08-27,2024-09-08,returned
ORD002479,2024-12-27,2025-01-02,,,delivered
ORD002480,2024-12-13,2024-12-17,,,delivered
ORD002481,2024-08-13,2024-08-19,,,delivered
ORD002482,2024-11-06,2024-11-13,2024-11-28,2024-12-10,returned
ORD002483,2024-10-24,2024-10-27,,,delivered
ORD002484,2024-11-06,2024-11-13,,,delivered
ORD002485,2024-12-31,2025-01-02,,,delivered
ORD002486,2024-08-24,2024-08-29,2024-09-13,2024-09-25,returned
ORD002487,2024-10-28,2024-11-03,,,delivered
ORD002488,2024-11-30,2024-12-03,,,delivered
ORD002489,2024-12-18,2024-12-24,,,delivered
ORD002490,2024-12-25,2024-12-27,,,delivered
ORD002491,2024-11-17,2024-11-19,,,delivered
ORD002492,2024-04-21,2024-04-23,2024-05-07,2024-05-14,returned
ORD002493,2024-10-18,2024-10-24,,,delivered
ORD002494,2024-12-15,2024-12-18,,,delivered
ORD002495,2024-11-17,2024-11-20,,,delivered
ORD002496,2024-11-24,2024-11-27,,,delivered
ORD002497,2024-10-23,2024-10-26,,,delivered
ORD002498,2024-12-06,2024-12-11,,,delivered
ORD002499,2024-11-23,2024-11-25,2024-12-06,2024-12-15,returned
ORD002500,2024-08-06,2024-08-08,2024-08-23,2024-08-31,returned
ORD002501,2024-10-14,2024-10-17,,,delivered
ORD002502,2024-08-06,2024-08-10,,,delivered
ORD002503,2024-12-10,2024-12-17,,,delivered
ORD002504,2024-10-16,2024-10-21,,,delivered
ORD002505,2024-08-18,2024-08-22,,,delivered
ORD002506,2024-12-16,2024-12-18,,,delivered
ORD002507,2024-10-07,2024-10-09,,,delivered
ORD002508,2024-09-18,2024-09-21,,,delivered
ORD002509,2024-11-11,2024-11-13,,,delivered
ORD002510,2024-03-11,2024-03-18,2024-04-01,2024-04-11,returned
ORD002511,2024-04-13,2024-04-17,,,delivered
ORD002512,2024-11-25,2024-11-30,,,delivered
ORD002513,2024-12-19,2024-12-22,,,delivered
ORD002514,2024-10-16,2024-10-23,,,delivered
ORD002515,2024-10-03,2024-10-09,,,delivered
ORD002516,2024-12-24,2024-12-26,2025-01-02,2025-01-08,returned
ORD002517,2024-10-16,2024-10-23,,,delivered
ORD002518,2024-12-16,2024-12-18,,,delivered
ORD002519,2024-09-25,2024-09-30,,,delivered
ORD002520,2024-12-04,2024-12-11,2024-12-15,2024-12-24,returned
ORD002521,2024-10-06,2024-10-13,2024-10-28,2024-11-03,returned
ORD002522,2024-07-23,2024-07-26,,,delivered
ORD002523,2024-11-17,2024-11-22,,,delivered
ORD002524,2024-12-20,2024-12-27,,,delivered
ORD002525,2024-04-05,2024-04-09,2024-04-20,2024-04-29,returned
ORD002526,2024-06-23,2024-06-29,,,delivered
ORD002527,2024-04-26,2024-04-28,,,delivered
ORD002528,2024-07-25,2024-07-28,,,delivered
ORD002529,2024-12-23,2024-12-28,,,delivered
ORD002530,2024-08-28,2024-08-31,,,delivered
ORD002531,2024-11-22,2024-11-29,2024-12-15,2024-12-27,returned
ORD002532,2024-12-10,2024-12-14,,,delivered
ORD002533,2024-12-16,2024-12-19,,,delivered
ORD002534,2024-12-10,2024-12-15,2024-12-23,2024-12-31,returned
ORD002535,2024-09-10,2024-09-13,,,delivered
ORD002536,2024-09-20,2024-09-25,,,delivered
ORD002537,2024-07-31,2024-08-04,,,delivered
ORD002538,2024-05-13,2024-05-18,2024-05-21,2024-05-30,returned
ORD002539,2024-11-03,2024-11-07,,,delivered
ORD002540,2024-07-29,2024-07-31,,,delivered
ORD002541,2024-05-28,2024-06-03,,,delivered
ORD002542,2024-11-18,2024-11-23,,,delivered
ORD002543,2024-09-29,2024-10-04,2024-10-14,2024-10-21,returned
ORD002544,2024-04-12,2024-04-19,2024-05-04,2024-05-16,returned
ORD002545,2024-09-06,2024-09-08,2024-09-14,2024-09-20,returned
ORD002546,2024-05-24,2024-05-30,,,delivered
ORD002547,2024-11-12,2024-11-14,,,delivered
ORD002548,2024-12-22,2024-12-26,,,delivered
ORD002549,2024-12-11,2024-12-18,,,delivered
ORD002550,2024-10-20,2024-10-27,,,delivered
ORD002551,2024-09-26,2024-09-29,,,delivered
ORD002552,2024-11-26,2024-11-28,,,delivered
ORD002553,2024-08-11,2024-08-17,2024-08-29,2024-09-05,returned
ORD002554,2024-12-25,2024-12-28,,,delivered
ORD002555,2024-08-31,2024-09-03,,,delivered
ORD002556,2024-11-20,2024-11-23,2024-12-13,2024-12-22,returned
ORD002557,2024-12-19,2024-12-25,,,delivered
ORD002558,2024-09-25,2024-09-29,2024-10-17,2024-10-28,returned
ORD002559,2024-03-11,2024-03-16,,,delivered
ORD002560,2024-10-11,2024-10-15,,,delivered
ORD002561,2024-10-03,2024-10-08,,,delivered
ORD002562,2024-12-06,2024-12-09,,,delivered
ORD002563,2024-05-21,2024-05-25,,,delivered
ORD002564,2024-12-10,2024-12-16,,,delivered
ORD002565,2024-12-09,2024-12-12,2024-12-28,2025-01-08,returned
ORD002566,2024-08-05,2024-08-10,,,delivered
ORD002567,2024-06-06,2024-06-12,,,delivered
ORD002568,2024-11-04,2024-11-07,,,delivered
ORD002569,2024-12-18,2024-12-22,,,delivered
ORD002570,2024-09-16,2024-09-22,,,delivered
ORD002571,2024-11-27,2024-12-04,2024-12-13,2024-12-25,returned
ORD002572,2024-10-27,2024-10-30,,,delivered
ORD002573,2024-09-23,2024-09-30,,,delivered
ORD002574,2024-11-10,2024-11-14,2024-12-05,2024-12-12,returned
ORD002575,2024-09-09,2024-09-14,,,delivered
ORD002576,2024-12-25,2024-12-30,,,delivered
ORD002577,2024-11-20,2024-11-27,2024-12-16,2024-12-21,returned
ORD002578,2024-12-20,2024-12-22,,,delivered
ORD002579,2024-07-23,2024-07-29,,,delivered
ORD002580,2024-12-29,2025-01-03,,,delivered
ORD002581,2024-09-21,2024-09-24,,,delivered
ORD002582,2024-11-27,2024-11-29,,,delivered
ORD002583,2024-04-16,2024-04-19,,,delivered
ORD002584,2024-06-13,2024-06-18,2024-07-02,2024-07-07,returned
ORD002585,2024-09-21,2024-09-24,,,delivered
ORD002586,2024-12-02,2024-12-07,,,delivered
ORD002587,2024-12-15,2024-12-17,,,delivered
ORD002588,2024-10-10,2024-10-15,,,delivered
ORD002589,2024-09-17,2024-09-23,,,delivered
ORD002590,2024-06-15,2024-06-21,,,delivered
ORD002591,2024-08-08,2024-08-11,,,delivered
ORD002592,2024-09-19,2024-09-24,,,delivered
ORD002593,2024-08-26,2024-08-30,,,delivered
ORD002594,2024-06-04,2024-06-11,,,delivered
ORD002595,2024-08-04,2024-08-07,2024-08-25,2024-09-03,returned
ORD002596,2025-01-01,2025-01-04,,,delivered
ORD002597,2024-12-10,2024-12-16,,,delivered
ORD002598,2024-12-25,2024-12-31,,,delivered
ORD002599,2024-11-08,2024-11-15,,,delivered
ORD002600,2024-10-24,2024-10-31,,,delivered
ORD002601,2024-04-04,2024-04-11,,,delivered
ORD002602,2025-01-01,2025-01-07,,,delivered
ORD002603,2025-01-01,2025-01-05,2025-01-26,2025-02-05,returned
ORD002604,2024-06-17,2024-06-20,2024-07-08,2024-07-19,returned
ORD002605,2024-12-04,2024-12-07,2024-12-17,2024-12-25,returned
ORD002606,2024-12-03,2024-12-10,,,delivered
ORD002607,2024-10-02,2024-10-08,,,delivered
ORD002608,2024-10-03,2024-10-06,,,delivered
ORD002609,2024-11-16,2024-11-18,2024-12-06,2024-12-13,returned
ORD002610,2024-12-25,2024-12-27,,,delivered
ORD002611,2024-11-12,2024-11-16,2024-12-05,2024-12-11,returned
ORD002612,2024-07-23,2024-07-30,,,delivered
ORD002613,2024-09-21,2024-09-23,,,delivered
ORD002614,2024-08-01,2024-08-07,,,delivered
ORD002615,2024-12-15,2024-12-21,,,delivered
ORD002616,2024-10-14,2024-10-16,,,delivered
ORD002617,2024-08-29,2024-09-04,,,delivered
ORD002618,2024-08-01,2024-08-08,,,delivered
ORD002619,2024-08-28,2024-09-01,,,delivered
ORD002620,2024-02-29,2024-03-06,,,delivered
ORD002621,2024-12-24,2024-12-27,,,delivered
ORD002622,2024-08-18,2024-08-25,,,delivered
ORD002623,2024-07-29,2024-08-03,,,delivered
ORD002624,2024-08-22,2024-08-26,,,delivered
ORD002625,2024-10-20,2024-10-24,,,delivered
ORD002626,2024-12-17,2024-12-20,2025-01-07,2025-01-17,returned
ORD002627,2024-12-04,2024-12-08,,,delivered
ORD002628,2024-12-14,2024-12-19,2025-01-06,2025-01-14,returned
ORD002629,2024-08-12,2024-08-19,,,delivered
ORD002630,2024-10-22,2024-10-29,,,delivered
ORD002631,2024-12-19,2024-12-24,,,delivered
ORD002632,2024-12-31,2025-01-03,2025-01-10,2025-01-16,returned
ORD002633,2024-12-05,2024-12-09,,,delivered
ORD002634,2024-07-07,2024-07-10,,,delivered
ORD002635,2024-06-22,2024-06-24,,,delivered
ORD002636,2024-10-07,2024-10-12,,,delivered
ORD002637,2024-09-18,2024-09-24,,,delivered
ORD002638,2024-09-03,2024-09-06,,,delivered
ORD002639,2024-10-30,2024-11-04,,,delivered
ORD002640,2024-12-03,2024-12-07,,,delivered
ORD002641,2024-12-10,2024-12-12,,,delivered
ORD002642,2024-09-29,2024-10-06,,,delivered
ORD002643,2024-11-23,2024-11-27,2024-12-02,2024-12-13,returned
ORD002644,2024-08-23,2024-08-29,,,delivered
ORD002645,2024-08-30,2024-09-02,,,delivered
ORD002646,2024-11-01,2024-11-07,,,delivered
ORD002647,2024-12-09,2024-12-11,,,delivered
ORD002648,2024-12-28,2024-12-31,,,delivered
ORD002649,2024-10-20,2024-10-25,,,delivered
ORD002650,2024-08-28,2024-09-04,,,delivered
ORD002651,2024-09-13,2024-09-20,,,delivered
ORD002652,2024-09-11,2024-09-16,2024-09-29,2024-10-06,returned
ORD002653,2024-11-17,2024-11-23,,,delivered
ORD002654,2024-06-13,2024-06-18,,,delivered
ORD002655,2024-12-17,2024-12-21,,,delivered
ORD002656,2024-10-18,2024-10-20,2024-10-25,2024-11-07,returned
ORD002657,2024-06-26,2024-06-29,2024-07-06,2024-07-11,returned
ORD002658,2024-06-27,2024-06-30,,,delivered
ORD002659,2024-11-14,2024-11-21,,,delivered
ORD002660,2024-10-01,2024-10-03,,,delivered
ORD002661,2024-08-13,2024-08-20,,,delivered
ORD002662,2024-12-09,2024-12-15,,,delivered
ORD002663,2024-08-29,2024-09-03,,,delivered
ORD002664,2024-10-07,2024-10-11,,,delivered
ORD002665,2024-10-01,2024-10-06,,,delivered
ORD002666,2024-11-24,2024-11-29,,,delivered
ORD002667,2024-11-27,2024-12-04,2024-12-23,2025-01-02,returned
ORD002668,2024-11-08,2024-11-13,,,delivered
ORD002669,2024-08-24,2024-08-31,,,delivered
ORD002670,2024-07-31,2024-08-07,,,delivered
ORD002671,2024-11-01,2024-11-05,,,delivered
ORD002672,2024-03-22,2024-03-28,,,delivered
ORD002673,2024-12-11,2024-12-13,,,delivered
ORD002674,2024-12-25,2024-12-30,,,delivered
ORD002675,2024-08-28,2024-09-03,,,delivered
ORD002676,2024-11-22,2024-11-27,,,delivered
ORD002677,2024-07-03,2024-07-10,,,delivered
ORD002678,2024-07-20,2024-07-23,,,delivered
ORD002679,2024-11-27,2024-12-02,,,delivered
ORD002680,2024-10-10,2024-10-14,,,delivered
ORD002681,2024-12-30,2025-01-06,,,delivered
ORD002682,2024-11-03,2024-11-07,,,delivered
ORD002683,2024-11-05,2024-11-07,,,delivered
ORD002684,2024-04-07,2024-04-10,,,delivered
ORD002685,2024-10-22,2024-10-29,,,delivered
ORD002686,2024-10-22,2024-10-29,,,delivered
ORD002687,2024-07-10,2024-07-13,,,delivered
ORD002688,2024-12-17,2024-12-21,2024-12-28,2025-01-06,returned
ORD002689,2024-12-30,2025-01-01,,,delivered
ORD002690,2024-08-11,2024-08-14,,,delivered
ORD002691,2024-04-17,2024-04-20,,,delivered
ORD002692,2024-12-21,2024-12-26,,,delivered
ORD002693,2024-10-15,2024-10-20,,,delivered
ORD002694,2024-11-20,2024-11-27,,,delivered
ORD002695,2024-05-04,2024-05-07,,,delivered
ORD002696,2024-10-09,2024-10-12,,,delivered
ORD002697,2024-09-21,2024-09-24,,,delivered
ORD002698,2024-08-24,2024-08-28,2024-09-04,2024-09-10,returned
ORD002699,2024-12-14,2024-12-20,2025-01-07,2025-01-15,returned
ORD002700,2024-10-05,2024-10-07,,,delivered
ORD002701,2024-08-19,2024-08-26,,,delivered
ORD002702,2024-10-25,2024-10-31,,,delivered
ORD002703,2024-11-05,2024-11-08,2024-11-19,2024-12-01,returned
ORD002704,2024-12-14,2024-12-16,,,delivered
ORD002705,2024-11-17,2024-11-21,,,delivered
ORD002706,2024-07-11,2024-07-13,,,delivered
ORD002707,2024-08-23,2024-08-26,,,delivered
ORD002708,2024-07-04,2024-07-08,2024-07-28,2024-08-05,returned
ORD002709,2024-05-27,2024-06-02,2024-06-15,2024-06-20,returned
ORD002710,2024-10-07,2024-10-14,,,delivered
ORD002711,2024-05-09,2024-05-12,,,delivered
ORD002712,2024-10-04,2024-10-09,,,delivered
ORD002713,2024-09-20,2024-09-22,2024-10-04,2024-10-14,returned
ORD002714,2024-12-11,2024-12-18,,,delivered
ORD002715,2024-10-19,2024-10-21,,,delivered
ORD002716,2024-06-13,2024-06-17,,,delivered
ORD002717,2024-10-07,2024-10-12,2024-10-21,2024-10-30,returned
ORD002718,2024-09-22,2024-09-24,2024-10-11,2024-10-17,returned
ORD002719,2024-10-13,2024-10-20,,,delivered
ORD002720,2024-11-19,2024-11-21,,,delivered
ORD002721,2024-07-15,2024-07-18,,,delivered
ORD002722,2024-08-18,2024-08-22,,,delivered
ORD002723,2024-12-16,2024-12-21,,,delivered
ORD002724,2024-09-02,2024-09-04,,,delivered
ORD002725,2024-10-15,2024-10-19,,,delivered
ORD002726,2024-06-26,2024-06-29,2024-07-09,2024-07-22,returned
ORD002727,2024-09-23,2024-09-27,,,delivered
ORD002728,2024-11-27,2024-11-29,2024-12-17,2024-12-28,returned
ORD002729,2024-11-27,2024-12-03,,,delivered
ORD002730,2024-07-21,2024-07-28,,,delivered
ORD002731,2024-09-24,2024-09-27,,,delivered
ORD002732,2024-10-16,2024-10-21,,,delivered
ORD002733,2024-11-16,2024-11-19,,,delivered
ORD002734,2024-12-01,2024-12-08,2024-12-29,2025-01-07,returned
ORD002735,2024-09-25,2024-10-01,,,delivered
ORD002736,2024-04-20,2024-04-22,,,delivered
ORD002737,2024-12-12,2024-12-18,,,delivered
ORD002738,2024-10-11,2024-10-15,2024-11-01,2024-11-07,returned
ORD002739,2024-12-29,2025-01-04,,,delivered
ORD002740,2024-06-13,2024-06-19,,,delivered
ORD002741,2024-11-24,2024-11-26,,,delivered
ORD002742,2024-11-12,2024-11-19,,,delivered
ORD002743,2024-10-31,2024-11-06,,,delivered
ORD002744,2024-10-13,2024-10-18,2024-10-26,2024-11-05,returned
ORD002745,2024-11-30,2024-12-06,2024-12-15,2024-12-21,returned
ORD002746,2024-10-16,2024-10-20,,,delivered
ORD002747,2024-11-19,2024-11-26,,,delivered
ORD002748,2024-08-04,2024-08-08,,,delivered
ORD002749,2024-08-05,2024-08-08,,,delivered
ORD002750,2024-10-22,2024-10-28,2024-11-13,2024-11-19,returned
ORD002751,2024-08-27,2024-09-01,2024-09-18,2024-09-27,returned
ORD002752,2024-11-13,2024-11-15,,,delivered
ORD002753,2024-12-12,2024-12-14,,,delivered
ORD002754,2024-12-17,2024-12-19,,,delivered
ORD002755,2024-03-22,2024-03-26,,,delivered
ORD002756,2024-10-13,2024-10-16,,,delivered
ORD002757,2024-12-07,2024-12-14,,,delivered
ORD002758,2024-11-01,2024-11-06,,,delivered
ORD002759,2024-12-03,2024-12-10,,,delivered
ORD002760,2024-11-17,2024-11-22,,,delivered
ORD002761,2024-06-08,2024-06-10,,,delivered
ORD002762,2024-12-23,2024-12-28,,,delivered
ORD002763,2024-11-20,2024-11-24,2024-12-12,2024-12-17,returned
ORD002764,2024-05-23,2024-05-29,2024-06-12,2024-06-20,returned
ORD002765,2024-08-14,2024-08-17,,,delivered
ORD002766,2024-06-07,2024-06-12,2024-07-01,2024-07-15,returned
ORD002767,2024-09-06,2024-09-08,,,delivered
ORD002768,2024-11-12,2024-11-19,,,delivered
ORD002769,2024-12-06,2024-12-12,,,delivered
ORD002770,2024-08-10,2024-08-13,,,delivered
ORD002771,2024-09-14,2024-09-19,,,delivered
ORD002772,2024-08-31,2024-09-03,,,delivered
ORD002773,2024-10-25,2024-10-29,,,delivered
ORD002774,2024-10-03,2024-10-09,2024-10-25,2024-11-01,returned
ORD002775,2024-12-06,2024-12-09,,,delivered
ORD002776,2024-12-22,2024-12-28,2025-01-03,2025-01-14,returned
ORD002777,2024-12-18,2024-12-24,2025-01-10,2025-01-20,returned
ORD002778,2024-11-13,2024-11-20,,,delivered
ORD002779,2024-12-06,2024-12-11,,,delivered
ORD002780,2024-08-16,2024-08-20,2024-09-07,2024-09-16,returned
ORD002781,2024-07-06,2024-07-08,,,delivered
ORD002782,2024-12-03,2024-12-06,,,delivered
ORD002783,2024-08-30,2024-09-03,,,delivered
ORD002784,2024-09-08,2024-09-11,2024-09-17,2024-09-29,returned
ORD002785,2024-08-30,2024-09-03,,,delivered
ORD002786,2024-11-11,2024-11-15,2024-11-30,2024-12-06,returned
ORD002787,2024-08-21,2024-08-23,,,delivered
ORD002788,2024-11-19,2024-11-26,,,delivered
ORD002789,2024-12-08,2024-12-14,,,delivered
ORD002790,2024-08-11,2024-08-15,,,delivered
ORD002791,2024-10-20,2024-10-23,,,delivered
ORD002792,2024-12-11,2024-12-16,,,delivered
ORD002793,2024-12-01,2024-12-06,,,delivered
ORD002794,2024-11-05,2024-11-09,2024-11-21,2024-12-01,returned
ORD002795,2024-08-02,2024-08-07,,,delivered
ORD002796,2024-12-15,2024-12-22,2024-12-26,2025-01-09,returned
ORD002797,2024-09-25,2024-09-27,2024-10-08,2024-10-15,returned
ORD002798,2024-11-15,2024-11-22,,,delivered
ORD002799,2024-09-25,2024-10-01,,,delivered
ORD002800,2024-09-29,2024-10-04,,,delivered
ORD002801,2024-05-27,2024-06-01,,,delivered
ORD002802,2024-10-30,2024-11-06,,,delivered
ORD002803,2024-09-12,2024-09-15,,,delivered
ORD002804,2024-09-28,2024-10-02,,,delivered
ORD002805,2024-08-21,2024-08-25,2024-09-02,2024-09-15,returned
ORD002806,2024-12-29,2025-01-01,,,delivered
ORD002807,2024-09-01,2024-09-03,,,delivered
ORD002808,2024-04-20,2024-04-23,2024-05-09,2024-05-21,returned
ORD002809,2024-12-24,2024-12-27,2025-01-08,2025-01-16,returned
ORD002810,2024-12-04,2024-12-10,,,delivered
ORD002811,2024-12-16,2024-12-23,,,delivered
ORD002812,2024-12-06,2024-12-10,2024-12-31,2025-01-06,returned
ORD002813,2024-10-08,2024-10-13,,,delivered
ORD002814,2024-10-01,2024-10-06,,,delivered
ORD002815,2024-12-11,2024-12-17,,,delivered
ORD002816,2024-11-01,2024-11-07,,,delivered
ORD002817,2024-10-17,2024-10-24,,,delivered
ORD002818,2024-12-04,2024-12-10,,,delivered
ORD002819,2024-12-13,2024-12-16,,,delivered
ORD002820,2024-08-01,2024-08-08,2024-08-19,2024-08-27,returned
ORD002821,2024-08-07,2024-08-14,,,delivered
ORD002822,2024-10-07,2024-10-10,2024-10-26,2024-11-06,returned
ORD002823,2024-12-26,2025-01-01,2025-01-19,2025-01-25,returned
ORD002824,2024-08-27,2024-09-01,2024-09-07,2024-09-18,returned
ORD002825,2024-12-10,2024-12-13,,,delivered
ORD002826,2024-05-25,2024-05-29,,,delivered
ORD002827,2024-10-25,2024-10-29,,,delivered
ORD002828,2024-11-21,2024-11-24,,,delivered
ORD002829,2024-10-14,2024-10-18,2024-11-01,2024-11-06,returned
ORD002830,2024-06-17,2024-06-24,,,delivered
ORD002831,2024-02-01,2024-02-07,,,delivered
ORD002832,2024-12-28,2025-01-01,,,delivered
ORD002833,2024-11-13,2024-11-20,,,delivered
ORD002834,2024-09-17,2024-09-23,,,delivered
ORD002835,2024-11-18,2024-11-24,,,delivered
ORD002836,2024-12-05,2024-12-08,,,delivered
ORD002837,2024-12-14,2024-12-20,,,delivered
ORD002838,2024-04-26,2024-05-03,,,delivered
ORD002839,2024-12-15,2024-12-22,,,delivered
ORD002840,2024-12-07,2024-12-13,,,delivered
ORD002841,2024-12-17,2024-12-21,,,delivered
ORD002842,2024-09-26,2024-10-03,,,delivered
ORD002843,2024-10-29,2024-10-31,2024-11-17,2024-12-01,returned
ORD002844,2024-12-30,2025-01-06,,,delivered
ORD002845,2024-10-22,2024-10-26,,,delivered
ORD002846,2024-05-16,2024-05-18,,,delivered
ORD002847,2024-11-11,2024-11-17,,,delivered
ORD002848,2024-10-17,2024-10-19,,,delivered
ORD002849,2024-12-17,2024-12-20,,,delivered
ORD002850,2024-11-05,2024-11-09,2024-11-20,2024-11-29,returned
ORD002851,2024-12-23,2024-12-25,,,delivered
ORD002852,2024-12-08,2024-12-13,,,delivered
ORD002853,2024-07-21,2024-07-26,,,delivered
ORD002854,2024-03-25,2024-03-29,,,delivered
ORD002855,2024-10-23,2024-10-29,,,delivered
ORD002856,2024-03-08,2024-03-13,,,delivered
ORD002857,2024-12-03,2024-12-05,,,delivered
ORD002858,2024-09-30,2024-10-02,2024-10-16,2024-10-23,returned
ORD002859,2024-09-05,2024-09-12,,,delivered
ORD002860,2024-08-23,2024-08-28,,,delivered
ORD002861,2024-11-03,2024-11-10,,,delivered
ORD002862,2024-05-21,2024-05-23,,,delivered
ORD002863,2024-02-27,2024-03-02,,,delivered
ORD002864,2024-12-21,2024-12-26,2025-01-11,2025-01-22,returned
ORD002865,2024-06-13,2024-06-15,,,delivered
ORD002866,2024-11-16,2024-11-23,,,delivered
ORD002867,2024-08-12,2024-08-18,,,delivered
ORD002868,2024-12-26,2024-12-31,,,delivered
ORD002869,2024-12-04,2024-12-06,,,delivered
ORD002870,2024-09-30,2024-10-07,,,delivered
ORD002871,2024-11-23,2024-11-29,,,delivered
ORD002872,2024-07-14,2024-07-19,,,delivered
ORD002873,2024-06-02,2024-06-09,2024-06-23,2024-06-29,returned
ORD002874,2024-05-31,2024-06-04,,,delivered
ORD002875,2024-12-06,2024-12-11,,,delivered
ORD002876,2024-03-22,2024-03-25,,,delivered
ORD002877,2024-10-27,2024-11-01,,,delivered
ORD002878,2024-07-20,2024-07-24,,,delivered
ORD002879,2024-05-05,2024-05-07,,,delivered
ORD002880,2024-11-04,2024-11-06,,,delivered
ORD002881,2024-03-10,2024-03-17,2024-03-22,2024-04-03,returned
ORD002882,2024-03-26,2024-04-01,2024-04-08,2024-04-22,returned
ORD002883,2024-03-27,2024-03-30,,,delivered
ORD002884,2024-07-09,2024-07-15,,,delivered
ORD002885,2024-07-23,2024-07-27,,,delivered
ORD002886,2024-12-17,2024-12-24,,,delivered
ORD002887,2024-12-06,2024-12-12,2024-12-15,2024-12-20,returned
ORD002888,2024-12-21,2024-12-27,,,delivered
ORD002889,2024-12-15,2024-12-19,,,delivered
ORD002890,2024-12-18,2024-12-20,,,delivered
ORD002891,2024-10-20,2024-10-22,,,delivered
ORD002892,2024-12-03,2024-12-08,,,delivered
ORD002893,2024-12-05,2024-12-12,,,delivered
ORD002894,2024-04-20,2024-04-23,,,delivered
ORD002895,2024-11-22,2024-11-28,,,delivered
ORD002896,2024-04-28,2024-05-05,,,delivered
ORD002897,2024-05-11,2024-05-15,,,delivered
ORD002898,2024-12-27,2024-12-30,,,delivered
ORD002899,2024-10-25,2024-10-30,,,delivered
ORD002900,2024-08-31,2024-09-03,,,delivered
ORD002901,2024-02-06,2024-02-12,,,delivered
ORD002902,2024-07-25,2024-07-29,,,delivered
ORD002903,2024-06-14,2024-06-19,,,delivered
ORD002904,2024-10-31,2024-11-05,,,delivered
ORD002905,2024-07-08,2024-07-12,,,delivered
ORD002906,2024-11-02,2024-11-07,,,delivered
ORD002907,2024-12-24,2024-12-28,,,delivered
ORD002908,2024-03-11,2024-03-14,2024-03-29,2024-04-06,returned
ORD002909,2024-10-09,2024-10-12,,,delivered
ORD002910,2024-10-31,2024-11-07,,,delivered
ORD002911,2024-09-28,2024-10-04,,,delivered
ORD002912,2024-09-15,2024-09-22,,,delivered
ORD002913,2024-09-14,2024-09-18,,,delivered
ORD002914,2024-12-18,2024-12-24,,,delivered
ORD002915,2024-05-09,2024-05-12,2024-05-24,2024-06-06,returned
ORD002916,2024-06-20,2024-06-22,,,delivered
ORD002917,2024-12-25,2024-12-28,,,delivered
ORD002918,2024-10-10,2024-10-12,,,delivered
ORD002919,2024-12-30,2025-01-01,,,delivered
ORD002920,2024-11-20,2024-11-25,2024-11-29,2024-12-10,returned
ORD002921,2024-11-25,2024-11-29,,,delivered
ORD002922,2024-03-03,2024-03-10,,,delivered
ORD002923,2024-12-16,2024-12-22,,,delivered
ORD002924,2024-08-03,2024-08-06,,,delivered
ORD002925,2024-08-18,2024-08-25,2024-09-15,2024-09-23,returned
ORD002926,2024-11-22,2024-11-24,,,delivered
ORD002927,2024-11-25,2024-12-02,,,delivered
ORD002928,2024-06-30,2024-07-07,,,delivered
ORD002929,2024-12-27,2024-12-30,,,delivered
ORD002930,2024-10-02,2024-10-06,,,delivered
ORD002931,2024-07-10,2024-07-17,2024-07-27,2024-08-01,returned
ORD002932,2024-10-21,2024-10-26,,,delivered
ORD002933,2024-09-21,2024-09-27,2024-10-04,2024-10-10,returned
ORD002934,2024-12-05,2024-12-11,2024-12-19,2024-12-25,returned
ORD002935,2024-07-07,2024-07-14,2024-07-17,2024-07-28,returned
ORD002936,2024-11-27,2024-11-30,,,delivered
ORD002937,2024-05-15,2024-05-18,,,delivered
ORD002938,2024-08-29,2024-08-31,,,delivered
ORD002939,2024-11-02,2024-11-07,2024-11-24,2024-12-07,returned
ORD002940,2024-12-24,2024-12-31,,,delivered
ORD002941,2024-12-19,2024-12-26,,,delivered
ORD002942,2024-09-27,2024-10-03,,,delivered
ORD002943,2024-10-22,2024-10-25,,,delivered
ORD002944,2024-10-03,2024-10-09,,,delivered
ORD002945,2024-09-26,2024-09-29,,,delivered
ORD002946,2024-05-15,2024-05-21,2024-06-08,2024-06-13,returned
ORD002947,2024-11-30,2024-12-03,,,delivered
ORD002948,2024-07-24,2024-07-28,,,delivered
ORD002949,2024-12-10,2024-12-16,,,delivered
ORD002950,2024-09-27,2024-09-30,,,delivered
ORD002951,2024-08-10,2024-08-15,,,delivered
ORD002952,2024-09-06,2024-09-10,,,delivered
ORD002953,2024-12-09,2024-12-11,,,delivered
ORD002954,2024-12-27,2025-01-02,2025-01-11,2025-01-21,returned
ORD002955,2024-10-14,2024-10-19,2024-10-27,2024-11-09,returned
ORD002956,2024-10-15,2024-10-18,,,delivered
ORD002957,2024-08-21,2024-08-27,,,delivered
ORD002958,2024-12-03,2024-12-08,,,delivered
ORD002959,2024-09-07,2024-09-11,,,delivered
ORD002960,2024-10-08,2024-10-15,,,delivered
ORD002961,2024-07-28,2024-07-31,,,delivered
ORD002962,2024-04-14,2024-04-21,,,delivered
ORD002963,2024-04-20,2024-04-26,,,delivered
ORD002964,2024-11-12,2024-11-14,2024-11-24,2024-11-30,returned
ORD002965,2024-02-26,2024-03-04,,,delivered
ORD002966,2024-06-14,2024-06-20,,,delivered
ORD002967,2024-12-31,2025-01-04,2025-01-17,2025-01-22,returned
ORD002968,2024-08-25,2024-08-27,,,delivered
ORD002969,2024-05-12,2024-05-19,,,delivered
ORD002970,2024-08-03,2024-08-10,,,delivered
ORD002971,2024-08-02,2024-08-08,,,delivered
ORD002972,2024-10-02,2024-10-06,,,delivered
ORD002973,2024-09-16,2024-09-19,,,delivered
ORD002974,2024-08-18,2024-08-23,,,delivered
ORD002975,2024-12-08,2024-12-11,,,delivered
ORD002976,2024-11-07,2024-11-11,,,delivered
ORD002977,2024-09-29,2024-10-05,2024-10-10,2024-10-15,returned
ORD002978,2024-09-16,2024-09-23,,,delivered
ORD002979,2024-03-13,2024-03-16,2024-03-26,2024-04-03,returned
ORD002980,2024-12-03,2024-12-06,,,delivered
ORD002981,2024-12-03,2024-12-08,,,delivered
ORD002982,2024-12-06,2024-12-09,,,delivered
ORD002983,2024-10-25,2024-10-31,,,delivered
ORD002984,2024-10-07,2024-10-09,,,delivered
ORD002985,2024-05-16,2024-05-23,,,delivered
ORD002986,2024-11-10,2024-11-16,2024-12-01,2024-12-12,returned
ORD002987,2024-03-18,2024-03-24,,,delivered
ORD002988,2024-11-13,2024-11-20,,,delivered
ORD002989,2024-10-19,2024-10-22,,,delivered
ORD002990,2024-10-29,2024-11-02,,,delivered
ORD002991,2024-04-28,2024-05-02,,,delivered
ORD002992,2024-07-14,2024-07-18,2024-07-26,2024-07-31,returned
ORD002993,2024-07-15,2024-07-17,,,delivered
ORD002994,2024-07-24,2024-07-26,,,delivered
ORD002995,2024-07-03,2024-07-10,,,delivered
ORD002996,2024-12-11,2024-12-18,,,delivered
ORD002997,2024-05-14,2024-05-21,,,delivered
ORD002998,2024-02-17,2024-02-21,,,delivered
ORD002999,2024-12-08,2024-12-14,,,delivered
ORD003000,2024-12-29,2025-01-03,2025-01-10,2025-01-15,returned
ORD003001,2024-04-30,2024-05-04,,,delivered
ORD003002,2024-12-10,2024-12-14,2024-12-20,2025-01-02,returned
ORD003003,2024-12-10,2024-12-12,2024-12-21,2024-12-28,returned
ORD003004,2024-07-06,2024-07-08,,,delivered
ORD003005,2024-12-14,2024-12-21,,,delivered
ORD003006,2024-09-18,2024-09-23,2024-10-06,2024-10-20,returned
ORD003007,2024-02-28,2024-03-01,,,delivered
ORD003008,2024-11-24,2024-11-28,,,delivered
ORD003009,2024-12-07,2024-12-14,,,delivered
ORD003010,2024-07-23,2024-07-29,,,delivered
ORD003011,2024-11-09,2024-11-12,,,delivered
ORD003012,2024-12-22,2024-12-24,,,delivered
ORD003013,2024-09-26,2024-09-29,,,delivered
ORD003014,2024-12-19,2024-12-21,,,delivered
ORD003015,2024-11-06,2024-11-10,,,delivered
ORD003016,2024-10-25,2024-11-01,,,delivered
ORD003017,2024-09-18,2024-09-21,,,delivered
ORD003018,2024-12-30,2025-01-04,2025-01-11,2025-01-24,returned
ORD003019,2024-06-16,2024-06-18,,,delivered
ORD003020,2024-06-27,2024-07-03,,,delivered
ORD003021,2025-01-01,2025-01-04,,,delivered
ORD003022,2024-08-24,2024-08-28,,,delivered
ORD003023,2024-06-29,2024-07-03,,,delivered
ORD003024,2024-10-03,2024-10-05,2024-10-12,2024-10-23,returned
ORD003025,2024-08-26,2024-08-31,,,delivered
ORD003026,2024-05-09,2024-05-16,,,delivered
ORD003027,2024-06-21,2024-06-26,,,delivered
ORD003028,2024-12-02,2024-12-07,,,delivered
ORD003029,2024-08-23,2024-08-30,,,delivered
ORD003030,2024-12-11,2024-12-14,,,delivered
ORD003031,2024-07-31,2024-08-02,2024-08-10,2024-08-17,returned
ORD003032,2024-12-12,2024-12-14,,,delivered
ORD003033,2024-11-02,2024-11-07,2024-11-23,2024-12-04,returned
ORD003034,2024-12-22,2024-12-28,2025-01-05,2025-01-11,returned
ORD003035,2024-12-04,2024-12-09,2024-12-21,2025-01-01,returned
ORD003036,2024-11-12,2024-11-14,2024-11-23,2024-12-01,returned
ORD003037,2024-11-14,2024-11-18,,,delivered
ORD003038,2024-07-15,2024-07-22,,,delivered
ORD003039,2024-07-30,2024-08-05,,,delivered
ORD003040,2024-07-29,2024-08-05,2024-08-19,2024-08-30,returned
ORD003041,2024-11-03,2024-11-08,,,delivered
ORD003042,2024-11-19,2024-11-21,,,delivered
ORD003043,2024-12-27,2024-12-30,,,delivered
ORD003044,2024-11-29,2024-12-06,,,delivered
ORD003045,2024-11-15,2024-11-21,,,delivered
ORD003046,2024-11-08,2024-11-14,,,delivered
ORD003047,2024-10-16,2024-10-22,,,delivered
ORD003048,2024-08-03,2024-08-07,,,delivered
ORD003049,2024-11-19,2024-11-23,,,delivered
ORD003050,2024-08-01,2024-08-05,2024-08-14,2024-08-26,returned
ORD003051,2024-04-17,2024-04-20,,,delivered
ORD003052,2024-10-03,2024-10-09,2024-10-17,2024-10-27,returned
ORD003053,2024-12-30,2025-01-03,,,delivered
ORD003054,2024-08-04,2024-08-08,,,delivered
ORD003055,2024-12-03,2024-12-08,,,delivered
ORD003056,2024-11-04,2024-11-09,,,delivered
ORD003057,2024-09-05,2024-09-10,2024-10-01,2024-10-11,returned
ORD003058,2024-06-10,2024-06-14,,,delivered
ORD003059,2024-10-07,2024-10-12,,,delivered
ORD003060,2024-12-23,2024-12-30,,,delivered
ORD003061,2024-11-13,2024-11-17,,,delivered
ORD003062,2024-12-16,2024-12-22,,,delivered
ORD003063,2024-07-04,2024-07-08,,,delivered
ORD003064,2024-10-25,2024-10-30,,,delivered
ORD003065,2024-11-23,2024-11-29,,,delivered
ORD003066,2024-11-17,2024-11-23,,,delivered
ORD003067,2024-04-23,2024-04-27,2024-05-10,2024-05-16,returned
ORD003068,2024-09-27,2024-10-01,,,delivered
ORD003069,2024-05-04,2024-05-11,,,delivered
ORD003070,2024-11-29,2024-12-03,2024-12-10,2024-12-20,returned
ORD003071,2024-12-18,2024-12-24,,,delivered
ORD003072,2024-11-22,2024-11-24,,,delivered
ORD003073,2024-10-16,2024-10-19,,,delivered
ORD003074,2024-12-09,2024-12-13,,,delivered
ORD003075,2024-10-17,2024-10-23,,,delivered
ORD003076,2024-08-23,2024-08-29,,,delivered
ORD003077,2024-03-07,2024-03-09,2024-03-29,2024-04-03,returned
ORD003078,2024-04-30,2024-05-07,,,delivered
ORD003079,2024-12-05,2024-12-10,,,delivered
ORD003080,2024-08-20,2024-08-27,2024-09-11,2024-09-19,returned
ORD003081,2024-09-03,2024-09-10,,,delivered
ORD003082,2024-08-31,2024-09-06,2024-09-20,2024-09-25,returned
ORD003083,2024-10-14,2024-10-18,,,delivered
ORD003084,2024-08-02,2024-08-07,,,delivered
ORD003085,2024-05-17,2024-05-22,2024-06-04,2024-06-09,returned
ORD003086,2024-12-30,2025-01-06,,,delivered
ORD003087,2024-09-06,2024-09-08,,,delivered
ORD003088,2024-12-27,2025-01-02,,,delivered
ORD003089,2024-12-28,2024-12-31,,,delivered
ORD003090,2024-10-22,2024-10-25,,,delivered
ORD003091,2024-09-02,2024-09-05,,,delivered
ORD003092,2024-11-04,2024-11-10,,,delivered
ORD003093,2024-10-23,2024-10-26,,,delivered
ORD003094,2024-05-01,2024-05-08,,,delivered
ORD003095,2024-11-23,2024-11-27,,,delivered
ORD003096,2024-11-20,2024-11-27,,,delivered
ORD003097,2024-07-31,2024-08-03,,,delivered
ORD003098,2024-08-24,2024-08-29,,,delivered
ORD003099,2024-09-25,2024-09-29,,,delivered
ORD003100,2024-11-14,2024-11-16,,,delivered
ORD003101,2024-12-02,2024-12-08,,,delivered
ORD003102,2024-07-21,2024-07-25,,,delivered
ORD003103,2024-12-06,2024-12-11,2024-12-16,2024-12-26,returned
ORD003104,2024-09-22,2024-09-24,,,delivered
ORD003105,2024-08-31,2024-09-07,,,delivered
ORD003106,2024-11-05,2024-11-09,2024-11-20,2024-11-30,returned
ORD003107,2024-11-25,2024-12-01,,,delivered
ORD003108,2024-11-26,2024-12-03,,,delivered
ORD003109,2024-08-21,2024-08-25,,,delivered
ORD003110,2024-03-04,2024-03-11,,,delivered
ORD003111,2024-08-16,2024-08-20,,,delivered
ORD003112,2024-09-29,2024-10-06,,,delivered
ORD003113,2024-07-29,2024-08-04,,,delivered
ORD003114,2024-11-11,2024-11-18,2024-11-23,2024-12-04,returned
ORD003115,2024-08-23,2024-08-27,,,delivered
ORD003116,2024-11-24,2024-11-28,,,delivered
ORD003117,2024-08-03,2024-08-10,,,delivered
ORD003118,2024-06-18,2024-06-25,,,delivered
ORD003119,2024-10-06,2024-10-09,,,delivered
ORD003120,2024-11-28,2024-12-04,,,delivered
ORD003121,2024-11-02,2024-11-07,,,delivered
ORD003122,2024-04-17,2024-04-24,2024-05-07,2024-05-13,returned
ORD003123,2024-05-11,2024-05-13,,,delivered
ORD003124,2024-09-16,2024-09-23,,,delivered
ORD003125,2024-11-16,2024-11-18,,,delivered
ORD003126,2024-09-29,2024-10-01,,,delivered
ORD003127,2024-12-28,2025-01-04,,,delivered
ORD003128,2025-01-01,2025-01-07,,,delivered
ORD003129,2024-09-28,2024-10-01,,,delivered
ORD003130,2024-11-30,2024-12-02,,,delivered
ORD003131,2024-11-28,2024-12-02,,,delivered
ORD003132,2024-09-05,2024-09-10,,,delivered
ORD003133,2024-09-26,2024-09-29,,,delivered
ORD003134,2024-08-13,2024-08-15,2024-09-05,2024-09-18,returned
ORD003135,2024-12-17,2024-12-24,2024-12-30,2025-01-04,returned
ORD003136,2024-10-05,2024-10-12,,,delivered
ORD003137,2024-10-15,2024-10-19,,,delivered
ORD003138,2024-09-03,2024-09-07,,,delivered
ORD003139,2024-12-09,2024-12-14,,,delivered
ORD003140,2024-11-02,2024-11-04,2024-11-21,2024-11-30,returned
ORD003141,2024-11-18,2024-11-20,,,delivered
ORD003142,2024-09-07,2024-09-11,,,delivered
ORD003143,2024-11-22,2024-11-27,,,delivered
ORD003144,2024-11-14,2024-11-20,2024-11-29,2024-12-08,returned
ORD003145,2024-11-04,2024-11-08,,,delivered
ORD003146,2024-10-11,2024-10-17,,,delivered
ORD003147,2024-06-26,2024-06-30,,,delivered
ORD003148,2024-07-18,2024-07-20,,,delivered
ORD003149,2024-12-15,2024-12-22,,,delivered
ORD003150,2024-10-22,2024-10-25,,,delivered
ORD003151,2024-12-23,2024-12-30,,,delivered
ORD003152,2024-11-17,2024-11-21,2024-11-26,2024-12-09,returned
ORD003153,2024-09-27,2024-10-03,,,delivered
ORD003154,2024-11-27,2024-12-02,,,delivered
ORD003155,2024-06-27,2024-07-01,,,delivered
ORD003156,2024-05-28,2024-05-30,,,delivered
ORD003157,2024-09-11,2024-09-17,,,delivered
ORD003158,2024-10-07,2024-10-10,,,delivered
ORD003159,2024-08-27,2024-08-31,,,delivered
ORD003160,2024-09-02,2024-09-09,2024-09-23,2024-10-02,returned
ORD003161,2024-12-21,2024-12-25,,,delivered
ORD003162,2024-11-05,2024-11-11,,,delivered
ORD003163,2024-07-08,2024-07-14,2024-07-23,2024-08-04,returned
ORD003164,2024-07-17,2024-07-22,,,delivered
ORD003165,2024-08-29,2024-08-31,,,delivered
ORD003166,2024-08-24,2024-08-30,,,delivered
ORD003167,2024-12-04,2024-12-11,2024-12-14,2024-12-25,returned
ORD003168,2024-09-10,2024-09-17,,,delivered
ORD003169,2024-05-22,2024-05-28,,,delivered
ORD003170,2024-11-05,2024-11-07,2024-11-16,2024-11-26,returned
ORD003171,2024-12-04,2024-12-07,,,delivered
ORD003172,2024-11-08,2024-11-12,,,delivered
ORD003173,2024-10-24,2024-10-27,,,delivered
ORD003174,2024-09-18,2024-09-24,,,delivered
ORD003175,2024-07-03,2024-07-07,,,delivered
ORD003176,2024-08-10,2024-08-14,,,delivered
ORD003177,2024-07-01,2024-07-04,,,delivered
ORD003178,2024-07-30,2024-08-04,,,delivered
ORD003179,2024-11-26,2024-11-28,,,delivered
ORD003180,2024-08-16,2024-08-21,,,delivered
ORD003181,2024-12-09,2024-12-15,,,delivered
ORD003182,2024-05-02,2024-05-05,,,delivered
ORD003183,2024-12-03,2024-12-09,,,delivered
ORD003184,2024-11-30,2024-12-02,2024-12-16,2024-12-27,returned
ORD003185,2024-11-27,2024-12-04,,,delivered
ORD003186,2024-10-23,2024-10-27,,,delivered
ORD003187,2024-12-17,2024-12-19,,,delivered
ORD003188,2024-08-14,2024-08-16,2024-09-04,2024-09-11,returned
ORD003189,2024-08-20,2024-08-25,,,delivered
ORD003190,2024-09-11,2024-09-13,,,delivered
ORD003191,2024-10-31,2024-11-03,,,delivered
ORD003192,2024-10-08,2024-10-11,,,delivered
ORD003193,2024-12-21,2024-12-23,,,delivered
ORD003194,2024-12-15,2024-12-18,,,delivered
ORD003195,2024-07-16,2024-07-22,,,delivered
ORD003196,2024-09-17,2024-09-21,,,delivered
ORD003197,2024-04-13,2024-04-20,2024-05-05,2024-05-19,returned
ORD003198,2024-10-12,2024-10-16,,,delivered
ORD003199,2024-12-12,2024-12-15,2024-12-26,2025-01-09,returned
ORD003200,2024-12-18,2024-12-21,,,delivered
ORD003201,2024-12-23,2024-12-27,,,delivered
ORD003202,2024-04-13,2024-04-20,2024-05-06,2024-05-14,returned
ORD003203,2024-07-03,2024-07-08,,,delivered
ORD003204,2024-11-10,2024-11-16,,,delivered
ORD003205,2024-12-18,2024-12-25,,,delivered
ORD003206,2024-08-01,2024-08-05,,,delivered
ORD003207,2024-12-24,2024-12-31,2025-01-05,2025-01-13,returned
ORD003208,2024-12-29,2025-01-04,,,delivered
ORD003209,2024-06-20,2024-06-25,,,delivered
ORD003210,2024-12-22,2024-12-28,,,delivered
ORD003211,2024-05-28,2024-05-30,,,delivered
ORD003212,2024-06-29,2024-07-05,,,delivered
ORD003213,2024-09-21,2024-09-23,,,delivered
ORD003214,2024-08-28,2024-09-04,,,delivered
ORD003215,2024-12-15,2024-12-22,,,delivered
ORD003216,2024-08-23,2024-08-25,,,delivered
ORD003217,2024-11-30,2024-12-07,,,delivered
ORD003218,2024-06-27,2024-06-30,2024-07-18,2024-08-01,returned
ORD003219,2024-11-06,2024-11-13,,,delivered
ORD003220,2024-10-28,2024-10-31,,,delivered
ORD003221,2024-11-30,2024-12-02,,,delivered
ORD003222,2024-05-18,2024-05-21,,,delivered
ORD003223,2024-11-17,2024-11-21,,,delivered
ORD003224,2024-09-19,2024-09-26,,,delivered
ORD003225,2024-12-09,2024-12-11,,,delivered
ORD003226,2024-08-06,2024-08-11,2024-08-17,2024-08-24,returned
ORD003227,2024-12-14,2024-12-20,,,delivered
ORD003228,2024-10-28,2024-11-03,,,delivered
ORD003229,2024-05-02,2024-05-05,,,delivered
ORD003230,2024-06-29,2024-07-06,,,delivered
ORD003231,2024-09-22,2024-09-27,,,delivered
ORD003232,2024-03-28,2024-04-04,,,delivered
ORD003233,2024-09-10,2024-09-16,,,delivered
ORD003234,2024-12-10,2024-12-12,,,delivered
ORD003235,2024-10-14,2024-10-21,,,delivered
ORD003236,2024-07-26,2024-07-29,2024-08-02,2024-08-15,returned
ORD003237,2024-09-08,2024-09-11,,,delivered
ORD003238,2024-12-01,2024-12-05,,,delivered
ORD003239,2024-11-13,2024-11-19,,,delivered
ORD003240,2024-09-06,2024-09-13,,,delivered
ORD003241,2024-10-23,2024-10-26,,,delivered
ORD003242,2024-11-19,2024-11-21,,,delivered
ORD003243,2024-11-24,2024-11-29,,,delivered
ORD003244,2024-10-29,2024-11-04,,,delivered
ORD003245,2024-05-22,2024-05-27,,,delivered
ORD003246,2024-05-27,2024-06-02,,,delivered
ORD003247,2024-06-26,2024-07-01,2024-07-07,2024-07-12,returned
ORD003248,2024-10-07,2024-10-10,2024-10-23,2024-11-06,returned
ORD003249,2024-12-07,2024-12-09,,,delivered
ORD003250,2024-04-23,2024-04-30,,,delivered
ORD003251,2024-11-17,2024-11-20,,,delivered
ORD003252,2024-12-05,2024-12-09,,,delivered
ORD003253,2024-08-26,2024-08-29,,,delivered
ORD003254,2024-11-27,2024-11-29,,,delivered
ORD003255,2024-12-24,2024-12-26,,,delivered
ORD003256,2024-09-03,2024-09-05,,,delivered
ORD003257,2024-12-02,2024-12-09,,,delivered
ORD003258,2024-06-21,2024-06-28,,,delivered
ORD003259,2024-02-05,2024-02-08,,,delivered
ORD003260,2024-06-21,2024-06-26,,,delivered
ORD003261,2024-10-16,2024-10-20,2024-10-29,2024-11-07,returned
ORD003262,2024-07-30,2024-08-02,2024-08-06,2024-08-16,returned
ORD003263,2024-07-27,2024-08-03,,,delivered
ORD003264,2024-12-21,2024-12-27,,,delivered
ORD003265,2024-10-31,2024-11-04,2024-11-09,2024-11-21,returned
ORD003266,2024-10-12,2024-10-15,,,delivered
ORD003267,2024-11-25,2024-11-29,,,delivered
ORD003268,2024-12-31,2025-01-02,,,delivered
ORD003269,2024-04-21,2024-04-26,,,delivered
ORD003270,2024-12-24,2024-12-27,,,delivered
ORD003271,2024-09-29,2024-10-01,,,delivered
ORD003272,2024-12-27,2025-01-03,,,delivered
ORD003273,2024-10-10,2024-10-13,,,delivered
ORD003274,2024-12-28,2025-01-04,,,delivered
ORD003275,2024-12-27,2025-01-02,,,delivered
ORD003276,2024-12-15,2024-12-21,2025-01-04,2025-01-13,returned
ORD003277,2024-06-30,2024-07-03,,,delivered
ORD003278,2024-05-24,2024-05-26,,,delivered
ORD003279,2024-08-13,2024-08-18,,,delivered
ORD003280,2024-03-09,2024-03-16,,,delivered
ORD003281,2024-11-27,2024-12-02,,,delivered
ORD003282,2024-11-18,2024-11-20,2024-12-09,2024-12-16,returned
ORD003283,2024-12-17,2024-12-20,,,delivered
ORD003284,2024-10-27,2024-10-29,2024-11-15,2024-11-26,returned
ORD003285,2024-10-12,2024-10-16,2024-10-29,2024-11-06,returned
ORD003286,2024-10-11,2024-10-14,2024-11-04,2024-11-11,returned
ORD003287,2024-03-20,2024-03-27,,,delivered
ORD003288,2024-09-14,2024-09-21,2024-10-04,2024-10-09,returned
ORD003289,2024-06-18,2024-06-20,2024-06-26,2024-07-04,returned
ORD003290,2024-12-29,2025-01-02,2025-01-17,2025-01-30,returned
ORD003291,2024-11-06,2024-11-12,,,delivered
ORD003292,2024-10-04,2024-10-06,,,delivered
ORD003293,2024-11-06,2024-11-09,2024-11-30,2024-12-06,returned
ORD003294,2024-11-18,2024-11-22,,,delivered
ORD003295,2024-12-15,2024-12-21,,,delivered
ORD003296,2024-09-11,2024-09-15,,,delivered
ORD003297,2024-08-23,2024-08-27,,,delivered
ORD003298,2024-08-13,2024-08-20,,,delivered
ORD003299,2024-10-02,2024-10-06,,,delivered
ORD003300,2024-09-22,2024-09-28,,,delivered
ORD003301,2024-11-12,2024-11-15,,,delivered
ORD003302,2024-08-15,2024-08-19,,,delivered
ORD003303,2024-08-14,2024-08-17,,,delivered
ORD003304,2024-11-26,2024-11-28,2024-12-10,2024-12-22,returned
ORD003305,2024-12-08,2024-12-12,,,delivered
ORD003306,2024-10-06,2024-10-13,,,delivered
ORD003307,2024-10-05,2024-10-10,2024-10-24,2024-11-04,returned
ORD003308,2024-09-13,2024-09-19,,,delivered
ORD003309,2024-09-27,2024-10-03,,,delivered
ORD003310,2024-05-28,2024-06-01,,,delivered
ORD003311,2024-11-14,2024-11-18,2024-11-24,2024-12-03,returned
ORD003312,2024-04-29,2024-05-03,,,delivered
ORD003313,2024-11-06,2024-11-11,,,delivered
ORD003314,2024-04-27,2024-05-01,,,delivered
ORD003315,2024-12-14,2024-12-18,,,delivered
ORD003316,2024-11-28,2024-11-30,,,delivered
ORD003317,2024-08-23,2024-08-30,2024-09-12,2024-09-19,returned
ORD003318,2024-08-28,2024-08-31,,,delivered
ORD003319,2024-12-15,2024-12-21,,,delivered
ORD003320,2024-11-24,2024-11-30,,,delivered
ORD003321,2024-07-26,2024-07-31,,,delivered
ORD003322,2024-09-11,2024-09-16,,,delivered
ORD003323,2024-07-15,2024-07-17,,,delivered
ORD003324,2024-04-29,2024-05-05,2024-05-15,2024-05-20,returned
ORD003325,2024-10-29,2024-11-01,2024-11-06,2024-11-18,returned
ORD003326,2024-12-04,2024-12-08,,,delivered
ORD003327,2024-12-11,2024-12-13,,,delivered
ORD003328,2024-11-13,2024-11-19,,,delivered
ORD003329,2024-09-09,2024-09-12,,,delivered
ORD003330,2024-10-20,2024-10-27,,,delivered
ORD003331,2024-05-08,2024-05-14,,,delivered
ORD003332,2024-10-04,2024-10-08,,,delivered
ORD003333,2024-10-01,2024-10-07,,,delivered
ORD003334,2024-09-20,2024-09-26,,,delivered
ORD003335,2024-08-20,2024-08-25,,,delivered
ORD003336,2024-10-02,2024-10-07,2024-10-14,2024-10-26,returned
ORD003337,2024-05-06,2024-05-08,,,delivered
ORD003338,2024-07-14,2024-07-18,,,delivered
ORD003339,2024-11-22,2024-11-25,,,delivered
ORD003340,2024-10-27,2024-10-29,,,delivered
ORD003341,2024-12-01,2024-12-05,,,delivered
ORD003342,2024-10-06,2024-10-13,2024-10-22,2024-11-04,returned
ORD003343,2024-11-28,2024-12-01,,,delivered
ORD003344,2024-12-20,2024-12-22,,,delivered
ORD003345,2024-11-21,2024-11-25,,,delivered
ORD003346,2024-05-08,2024-05-11,,,delivered
ORD003347,2024-09-01,2024-09-04,,,delivered
ORD003348,2024-12-09,2024-12-12,,,delivered
ORD003349,2024-12-11,2024-12-16,,,delivered
ORD003350,2025-01-01,2025-01-03,,,delivered
ORD003351,2024-12-30,2025-01-04,,,delivered
ORD003352,2024-03-19,2024-03-22,2024-04-09,2024-04-14,returned
ORD003353,2024-12-17,2024-12-19,,,delivered
ORD003354,2025-01-01,2025-01-04,,,delivered
ORD003355,2024-10-20,2024-10-23,2024-11-12,2024-11-25,returned
ORD003356,2024-11-28,2024-12-03,,,delivered
ORD003357,2024-09-17,2024-09-20,2024-10-04,2024-10-11,returned
ORD003358,2024-10-25,2024-10-27,,,delivered
ORD003359,2024-12-26,2024-12-30,2025-01-18,2025-01-26,returned
ORD003360,2024-10-29,2024-11-03,,,delivered
ORD003361,2024-12-29,2025-01-02,,,delivered
ORD003362,2024-07-09,2024-07-15,2024-07-23,2024-08-03,returned
ORD003363,2024-11-24,2024-11-27,,,delivered
ORD003364,2024-12-27,2025-01-02,,,delivered
ORD003365,2024-04-30,2024-05-04,,,delivered
ORD003366,2024-12-12,2024-12-14,,,delivered
ORD003367,2024-12-26,2024-12-28,,,delivered
ORD003368,2024-11-29,2024-12-05,,,delivered
ORD003369,2024-12-01,2024-12-07,2024-12-28,2025-01-11,returned
ORD003370,2024-09-20,2024-09-27,,,delivered
ORD003371,2024-12-03,2024-12-05,,,delivered
ORD003372,2024-06-14,2024-06-16,,,delivered
ORD003373,2024-04-27,2024-05-03,,,delivered
ORD003374,2024-11-29,2024-12-03,,,delivered
ORD003375,2024-12-23,2024-12-29,,,delivered
ORD003376,2024-10-08,2024-10-13,2024-11-02,2024-11-10,returned
ORD003377,2024-12-16,2024-12-19,,,delivered
ORD003378,2024-11-22,2024-11-24,,,delivered
ORD003379,2024-08-16,2024-08-20,,,delivered
ORD003380,2024-11-15,2024-11-18,,,delivered
ORD003381,2024-09-23,2024-09-29,,,delivered
ORD003382,2024-12-30,2025-01-06,,,delivered
ORD003383,2024-02-04,2024-02-08,2024-02-17,2024-02-26,returned
ORD003384,2024-11-11,2024-11-14,,,delivered
ORD003385,2024-12-12,2024-12-18,,,delivered
ORD003386,2024-07-16,2024-07-21,2024-07-27,2024-08-10,returned
ORD003387,2024-08-05,2024-08-08,,,delivered
ORD003388,2024-04-01,2024-04-03,,,delivered
ORD003389,2024-12-03,2024-12-05,,,delivered
ORD003390,2024-10-28,2024-11-04,,,delivered
ORD003391,2024-09-26,2024-09-29,2024-10-11,2024-10-18,returned
ORD003392,2024-12-05,2024-12-08,,,delivered
ORD003393,2024-08-20,2024-08-22,,,delivered
ORD003394,2024-07-10,2024-07-16,2024-07-21,2024-08-02,returned
ORD003395,2024-11-13,2024-11-15,,,delivered
ORD003396,2024-02-26,2024-02-29,,,delivered
ORD003397,2024-09-20,2024-09-23,2024-10-05,2024-10-13,returned
ORD003398,2024-06-25,2024-07-02,2024-07-21,2024-08-02,returned
ORD003399,2024-07-01,2024-07-05,,,delivered
ORD003400,2024-07-17,2024-07-22,,,delivered
ORD003401,2024-02-24,2024-02-27,,,delivered
ORD003402,2024-10-17,2024-10-24,,,delivered
ORD003403,2024-12-22,2024-12-27,,,delivered
ORD003404,2024-07-14,2024-07-17,2024-07-22,2024-07-29,returned
ORD003405,2024-12-19,2024-12-24,,,delivered
ORD003406,2024-10-25,2024-10-31,,,delivered
ORD003407,2024-12-27,2025-01-01,,,delivered
ORD003408,2024-05-17,2024-05-19,,,delivered
ORD003409,2024-08-05,2024-08-08,,,delivered
ORD003410,2024-11-23,2024-11-25,,,delivered
ORD003411,2024-07-16,2024-07-22,,,delivered
ORD003412,2024-12-08,2024-12-11,,,delivered
ORD003413,2024-11-13,2024-11-16,,,delivered
ORD003414,2024-10-31,2024-11-04,,,delivered
ORD003415,2024-09-30,2024-10-06,,,delivered
ORD003416,2024-07-16,2024-07-19,,,delivered
ORD003417,2024-07-25,2024-07-30,,,delivered
ORD003418,2024-10-10,2024-10-16,,,delivered
ORD003419,2024-11-14,2024-11-21,,,delivered
ORD003420,2024-11-28,2024-12-02,,,delivered
ORD003421,2024-08-01,2024-08-07,2024-08-16,2024-08-22,returned
ORD003422,2024-11-19,2024-11-25,,,delivered
ORD003423,2024-07-24,2024-07-29,,,delivered
ORD003424,2024-11-04,2024-11-10,,,delivered
ORD003425,2024-10-10,2024-10-12,,,delivered
ORD003426,2024-07-29,2024-08-03,,,delivered
ORD003427,2024-09-25,2024-09-27,2024-10-03,2024-10-16,returned
ORD003428,2024-04-02,2024-04-04,,,delivered
ORD003429,2024-08-18,2024-08-22,,,delivered
ORD003430,2024-07-17,2024-07-19,2024-07-26,2024-08-07,returned
ORD003431,2024-03-20,2024-03-25,,,delivered
ORD003432,2024-02-16,2024-02-18,,,delivered
ORD003433,2024-10-03,2024-10-06,,,delivered
ORD003434,2024-12-09,2024-12-11,,,delivered
ORD003435,2024-11-16,2024-11-19,,,delivered
ORD003436,2024-11-29,2024-12-04,,,delivered
ORD003437,2024-05-07,2024-05-09,,,delivered
ORD003438,2024-10-27,2024-10-29,2024-11-01,2024-11-09,returned
ORD003439,2024-12-04,2024-12-09,,,delivered
ORD003440,2024-11-20,2024-11-24,,,delivered
ORD003441,2024-10-05,2024-10-09,,,delivered
ORD003442,2024-09-09,2024-09-15,,,delivered
ORD003443,2024-05-14,2024-05-21,,,delivered
ORD003444,2024-12-12,2024-12-18,,,delivered
ORD003445,2024-11-22,2024-11-27,,,delivered
ORD003446,2024-03-23,2024-03-25,,,delivered
ORD003447,2024-08-20,2024-08-27,,,delivered
ORD003448,2024-12-09,2024-12-13,2024-12-27,2025-01-09,returned
ORD003449,2024-10-03,2024-10-08,,,delivered
ORD003450,2024-11-23,2024-11-25,,,delivered
ORD003451,2024-05-29,2024-05-31,,,delivered
ORD003452,2024-11-12,2024-11-18,2024-11-23,2024-12-06,returned
ORD003453,2024-04-07,2024-04-10,2024-04-26,2024-05-04,returned
ORD003454,2024-10-22,2024-10-25,,,delivered
ORD003455,2024-11-06,2024-11-08,,,delivered
ORD003456,2024-03-28,2024-03-31,,,delivered
ORD003457,2024-11-09,2024-11-16,2024-12-05,2024-12-10,returned
ORD003458,2024-03-12,2024-03-15,,,delivered
ORD003459,2024-10-04,2024-10-06,,,delivered
ORD003460,2024-10-11,2024-10-14,,,delivered
ORD003461,2024-10-25,2024-10-28,,,delivered
ORD003462,2024-12-13,2024-12-18,,,delivered
ORD003463,2024-07-11,2024-07-15,,,delivered
ORD003464,2024-11-26,2024-12-01,,,delivered
ORD003465,2024-10-16,2024-10-23,,,delivered
ORD003466,2024-10-26,2024-11-01,,,delivered
ORD003467,2024-12-30,2025-01-02,,,delivered
ORD003468,2024-12-11,2024-12-15,,,delivered
ORD003469,2024-08-11,2024-08-14,,,delivered
ORD003470,2024-12-30,2025-01-02,,,delivered
ORD003471,2024-06-14,2024-06-18,,,delivered
ORD003472,2024-12-14,2024-12-18,2024-12-29,2025-01-10,returned
ORD003473,2024-09-01,2024-09-04,,,delivered
ORD003474,2024-11-03,2024-11-08,2024-11-13,2024-11-22,returned
ORD003475,2024-11-11,2024-11-15,2024-11-19,2024-11-27,returned
ORD003476,2024-09-21,2024-09-25,2024-10-05,2024-10-15,returned
ORD003477,2024-10-23,2024-10-27,,,delivered
ORD003478,2024-10-13,2024-10-16,,,delivered
ORD003479,2024-09-17,2024-09-20,,,delivered
ORD003480,2024-09-07,2024-09-12,,,delivered
ORD003481,2024-11-04,2024-11-09,,,delivered
ORD003482,2024-12-06,2024-12-13,,,delivered
ORD003483,2024-08-26,2024-08-29,,,delivered
ORD003484,2024-10-21,2024-10-28,,,delivered
ORD003485,2024-10-12,2024-10-17,,,delivered
ORD003486,2024-07-22,2024-07-27,,,delivered
ORD003487,2024-12-10,2024-12-17,,,delivered
ORD003488,2024-03-30,2024-04-05,,,delivered
ORD003489,2024-04-20,2024-04-24,,,delivered
ORD003490,2024-09-23,2024-09-27,,,delivered
ORD003491,2024-07-16,2024-07-19,,,delivered
ORD003492,2024-12-14,2024-12-21,2024-12-29,2025-01-03,returned
ORD003493,2024-06-17,2024-06-23,,,delivered
ORD003494,2024-03-23,2024-03-27,,,delivered
ORD003495,2024-11-20,2024-11-24,,,delivered
ORD003496,2024-09-22,2024-09-28,2024-10-15,2024-10-28,returned
ORD003497,2024-11-24,2024-11-29,2024-12-10,2024-12-18,returned
ORD003498,2024-09-21,2024-09-23,,,delivered
ORD003499,2024-10-31,2024-11-07,,,delivered
ORD003500,2024-08-15,2024-08-17,,,delivered
ORD003501,2024-09-10,2024-09-17,,,delivered
ORD003502,2024-12-27,2024-12-31,,,delivered
ORD003503,2024-04-08,2024-04-14,,,delivered
ORD003504,2024-12-14,2024-12-17,,,delivered
ORD003505,2024-11-08,2024-11-10,,,delivered
ORD003506,2024-09-17,2024-09-19,,,delivered
ORD003507,2024-11-09,2024-11-13,,,delivered
ORD003508,2024-06-25,2024-06-29,,,delivered
ORD003509,2024-12-17,2024-12-23,,,delivered
ORD003510,2024-10-01,2024-10-05,,,delivered
ORD003511,2024-10-06,2024-10-08,,,delivered
ORD003512,2024-11-13,2024-11-20,,,delivered
ORD003513,2024-12-10,2024-12-17,,,delivered
ORD003514,2024-10-13,2024-10-17,,,delivered
ORD003515,2024-10-10,2024-10-13,,,delivered
ORD003516,2024-02-15,2024-02-17,,,delivered
ORD003517,2024-02-16,2024-02-20,2024-02-23,2024-03-03,returned
ORD003518,2024-08-18,2024-08-25,,,delivered
ORD003519,2024-12-16,2024-12-22,,,delivered
ORD003520,2024-09-14,2024-09-21,,,delivered
ORD003521,2024-11-02,2024-11-07,2024-11-27,2024-12-02,returned
ORD003522,2024-12-24,2024-12-30,,,delivered
ORD003523,2024-03-29,2024-04-02,,,delivered
ORD003524,2024-10-22,2024-10-29,,,delivered
ORD003525,2024-09-15,2024-09-19,2024-10-03,2024-10-16,returned
ORD003526,2024-07-06,2024-07-09,,,delivered
ORD003527,2024-10-07,2024-10-11,2024-10-24,2024-11-02,returned
ORD003528,2024-04-28,2024-05-04,,,delivered
ORD003529,2024-10-19,2024-10-23,,,delivered
ORD003530,2024-11-16,2024-11-21,,,delivered
ORD003531,2024-11-15,2024-11-21,,,delivered
ORD003532,2024-07-02,2024-07-07,2024-07-18,2024-07-25,returned
ORD003533,2025-01-01,2025-01-08,,,delivered
ORD003534,2024-12-19,2024-12-22,,,delivered
ORD003535,2024-10-03,2024-10-09,,,delivered
ORD003536,2024-11-01,2024-11-03,,,delivered
ORD003537,2025-01-01,2025-01-05,,,delivered
ORD003538,2024-12-02,2024-12-07,2024-12-26,2025-01-02,returned
ORD003539,2024-09-16,2024-09-20,,,delivered
ORD003540,2024-07-04,2024-07-10,,,delivered
ORD003541,2024-12-25,2024-12-31,,,delivered
ORD003542,2024-12-30,2025-01-06,,,delivered
ORD003543,2024-12-11,2024-12-15,,,delivered
ORD003544,2024-08-29,2024-09-05,,,delivered
ORD003545,2024-12-17,2024-12-23,,,delivered
ORD003546,2024-12-04,2024-12-09,,,delivered
ORD003547,2024-12-16,2024-12-19,,,delivered
ORD003548,2024-11-24,2024-11-27,2024-12-01,2024-12-14,returned
ORD003549,2024-09-22,2024-09-26,,,delivered
ORD003550,2024-08-28,2024-08-30,,,delivered
ORD003551,2024-11-15,2024-11-20,,,delivered
ORD003552,2024-12-11,2024-12-17,,,delivered
ORD003553,2024-10-17,2024-10-23,,,delivered
ORD003554,2024-11-17,2024-11-21,,,delivered
ORD003555,2024-08-27,2024-08-29,2024-09-08,2024-09-15,returned
ORD003556,2024-11-10,2024-11-15,,,delivered
ORD003557,2024-11-13,2024-11-15,,,delivered
ORD003558,2024-06-30,2024-07-07,,,delivered
ORD003559,2024-11-22,2024-11-28,2024-12-19,2024-12-26,returned
ORD003560,2024-12-09,2024-12-13,,,delivered
ORD003561,2024-12-29,2025-01-01,,,delivered
ORD003562,2024-09-14,2024-09-16,,,delivered
ORD003563,2024-11-30,2024-12-02,,,delivered
ORD003564,2024-10-07,2024-10-10,,,delivered
ORD003565,2024-04-24,2024-04-30,,,delivered
ORD003566,2024-10-05,2024-10-11,2024-10-26,2024-11-03,returned
ORD003567,2024-09-06,2024-09-08,,,delivered
ORD003568,2024-05-29,2024-06-03,,,delivered
ORD003569,2024-07-13,2024-07-18,,,delivered
ORD003570,2024-10-29,2024-11-02,,,delivered
ORD003571,2024-09-28,2024-10-01,,,delivered
ORD003572,2024-11-18,2024-11-24,,,delivered
ORD003573,2025-01-01,2025-01-04,,,delivered
ORD003574,2024-11-16,2024-11-18,,,delivered
ORD003575,2024-07-01,2024-07-08,,,delivered
ORD003576,2024-09-29,2024-10-01,,,delivered
ORD003577,2024-12-15,2024-12-19,,,delivered
ORD003578,2024-03-16,2024-03-21,2024-04-01,2024-04-07,returned
ORD003579,2024-10-17,2024-10-22,,,delivered
ORD003580,2024-12-27,2025-01-03,,,delivered
ORD003581,2024-12-04,2024-12-11,2024-12-23,2024-12-29,returned
ORD003582,2024-03-27,2024-03-29,,,delivered
ORD003583,2024-11-04,2024-11-09,,,delivered
ORD003584,2024-12-30,2025-01-03,,,delivered
ORD003585,2024-09-25,2024-09-27,,,delivered
ORD003586,2024-11-20,2024-11-26,,,delivered
ORD003587,2024-10-18,2024-10-21,,,delivered
ORD003588,2024-10-30,2024-11-06,,,delivered
ORD003589,2024-10-09,2024-10-16,,,delivered
ORD003590,2024-07-15,2024-07-21,,,delivered
ORD003591,2024-07-11,2024-07-13,,,delivered
ORD003592,2024-11-14,2024-11-16,,,delivered
ORD003593,2024-11-03,2024-11-05,,,delivered
ORD003594,2024-08-13,2024-08-15,,,delivered
ORD003595,2024-04-10,2024-04-17,,,delivered
ORD003596,2024-08-19,2024-08-21,,,delivered
ORD003597,2024-11-08,2024-11-13,,,delivered
ORD003598,2024-08-06,2024-08-12,,,delivered
ORD003599,2024-11-22,2024-11-27,,,delivered
ORD003600,2024-04-13,2024-04-19,,,delivered
ORD003601,2024-12-23,2024-12-29,,,delivered
ORD003602,2024-07-28,2024-08-02,,,delivered
ORD003603,2024-04-04,2024-04-07,,,delivered
ORD003604,2024-09-24,2024-09-27,,,delivered
ORD003605,2024-12-01,2024-12-03,,,delivered
ORD003606,2024-10-11,2024-10-17,2024-10-24,2024-11-05,returned
ORD003607,2024-11-03,2024-11-09,,,delivered
ORD003608,2024-05-09,2024-05-14,,,delivered
ORD003609,2024-07-05,2024-07-10,,,delivered
ORD003610,2024-08-07,2024-08-09,,,delivered
ORD003611,2024-11-23,2024-11-25,,,delivered
ORD003612,2024-10-11,2024-10-18,,,delivered
ORD003613,2024-04-17,2024-04-24,2024-05-11,2024-05-23,returned
ORD003614,2024-07-15,2024-07-17,,,delivered
ORD003615,2024-11-10,2024-11-16,,,delivered
ORD003616,2024-11-21,2024-11-26,,,delivered
ORD003617,2024-12-27,2024-12-29,,,delivered
ORD003618,2024-08-26,2024-08-29,,,delivered
ORD003619,2024-04-17,2024-04-21,,,delivered
ORD003620,2024-09-11,2024-09-18,,,delivered
ORD003621,2024-09-26,2024-10-01,,,delivered
ORD003622,2024-08-24,2024-08-31,,,delivered
ORD003623,2024-11-14,2024-11-20,,,delivered
ORD003624,2024-12-10,2024-12-15,,,delivered
ORD003625,2024-11-16,2024-11-18,,,delivered
ORD003626,2024-10-30,2024-11-03,,,delivered
ORD003627,2024-09-11,2024-09-16,,,delivered
ORD003628,2024-09-20,2024-09-22,2024-10-10,2024-10-15,returned
ORD003629,2024-10-14,2024-10-16,2024-10-19,2024-10-26,returned
ORD003630,2024-11-29,2024-12-02,2024-12-08,2024-12-15,returned
ORD003631,2024-07-26,2024-07-31,,,delivered
ORD003632,2024-11-30,2024-12-03,,,delivered
ORD003633,2024-09-21,2024-09-23,,,delivered
ORD003634,2024-11-18,2024-11-20,2024-11-24,2024-11-30,returned
ORD003635,2024-06-09,2024-06-15,,,delivered
ORD003636,2024-05-26,2024-06-02,,,delivered
ORD003637,2024-12-30,2025-01-05,,,delivered
ORD003638,2024-12-21,2024-12-25,,,delivered
ORD003639,2024-09-05,2024-09-11,,,delivered
ORD003640,2024-12-24,2024-12-26,,,delivered
ORD003641,2024-11-22,2024-11-27,2024-12-13,2024-12-27,returned
ORD003642,2024-10-22,2024-10-27,,,delivered
ORD003643,2024-08-18,2024-08-20,2024-08-26,2024-09-04,returned
ORD003644,2024-11-13,2024-11-17,,,delivered
ORD003645,2024-08-21,2024-08-23,,,delivered
ORD003646,2024-09-06,2024-09-09,,,delivered
ORD003647,2024-11-20,2024-11-26,,,delivered
ORD003648,2024-09-14,2024-09-21,,,delivered
ORD003649,2024-10-08,2024-10-12,,,delivered
ORD003650,2024-10-07,2024-10-13,2024-10-28,2024-11-06,returned
ORD003651,2024-03-24,2024-03-30,,,delivered
ORD003652,2024-12-18,2024-12-24,2025-01-08,2025-01-14,returned
ORD003653,2024-11-10,2024-11-15,,,delivered
ORD003654,2024-06-18,2024-06-20,,,delivered
ORD003655,2024-08-10,2024-08-15,,,delivered
ORD003656,2024-09-28,2024-10-01,,,delivered
ORD003657,2024-04-15,2024-04-19,,,delivered
ORD003658,2024-12-11,2024-12-17,,,delivered
ORD003659,2024-09-19,2024-09-23,,,delivered
ORD003660,2024-12-04,2024-12-06,2024-12-14,2024-12-23,returned
ORD003661,2024-09-14,2024-09-17,,,delivered
ORD003662,2024-12-30,2025-01-01,,,delivered
ORD003663,2024-11-18,2024-11-25,,,delivered
ORD003664,2024-09-07,2024-09-11,,,delivered
ORD003665,2024-09-27,2024-10-04,,,delivered
ORD003666,2024-08-12,2024-08-14,,,delivered
ORD003667,2024-12-02,2024-12-09,2024-12-26,2025-01-05,returned
ORD003668,2024-09-03,2024-09-07,,,delivered
ORD003669,2024-08-05,2024-08-08,,,delivered
ORD003670,2024-09-30,2024-10-03,,,delivered
ORD003671,2024-08-21,2024-08-28,,,delivered
ORD003672,2024-10-29,2024-11-03,,,delivered
ORD003673,2024-12-16,2024-12-19,,,delivered
ORD003674,2024-11-17,2024-11-20,,,delivered
ORD003675,2024-12-20,2024-12-22,,,delivered
ORD003676,2024-12-29,2025-01-03,2025-01-16,2025-01-25,returned
ORD003677,2024-12-07,2024-12-12,,,delivered
ORD003678,2024-09-06,2024-09-08,,,delivered
ORD003679,2024-12-09,2024-12-12,,,delivered
ORD003680,2024-09-04,2024-09-06,,,delivered
ORD003681,2024-09-27,2024-09-29,,,delivered
ORD003682,2024-10-17,2024-10-19,,,delivered
ORD003683,2024-03-01,2024-03-04,2024-03-11,2024-03-16,returned
ORD003684,2024-06-03,2024-06-05,,,delivered
ORD003685,2024-11-27,2024-12-02,,,delivered
ORD003686,2024-05-13,2024-05-18,,,delivered
ORD003687,2024-06-23,2024-06-28,,,delivered
ORD003688,2024-05-05,2024-05-09,,,delivered
ORD003689,2024-04-21,2024-04-24,,,delivered
ORD003690,2024-12-11,2024-12-17,,,delivered
ORD003691,2024-03-18,2024-03-23,2024-04-12,2024-04-17,returned
ORD003692,2024-02-15,2024-02-18,,,delivered
ORD003693,2024-12-16,2024-12-18,,,delivered
ORD003694,2024-12-26,2024-12-30,,,delivered
ORD003695,2024-11-20,2024-11-25,,,delivered
ORD003696,2024-12-09,2024-12-11,,,delivered
ORD003697,2024-11-28,2024-12-04,2024-12-19,2024-12-30,returned
ORD003698,2024-05-27,2024-06-01,2024-06-17,2024-06-24,returned
ORD003699,2024-11-30,2024-12-05,,,delivered
ORD003700,2024-10-15,2024-10-22,,,delivered
ORD003701,2024-08-08,2024-08-15,,,delivered
ORD003702,2024-07-20,2024-07-25,,,delivered
ORD003703,2024-06-02,2024-06-06,2024-06-11,2024-06-16,returned
ORD003704,2024-12-25,2025-01-01,,,delivered
ORD003705,2024-12-31,2025-01-02,,,delivered
ORD003706,2024-09-17,2024-09-21,2024-10-04,2024-10-13,returned
ORD003707,2024-09-14,2024-09-21,,,delivered
ORD003708,2024-08-17,2024-08-21,2024-09-02,2024-09-13,returned
ORD003709,2024-05-14,2024-05-19,2024-06-05,2024-06-11,returned
ORD003710,2024-11-16,2024-11-23,,,delivered
ORD003711,2024-09-16,2024-09-21,,,delivered
ORD003712,2024-11-14,2024-11-18,,,delivered
ORD003713,2024-09-10,2024-09-14,,,delivered
ORD003714,2024-12-15,2024-12-20,,,delivered
ORD003715,2024-09-13,2024-09-20,,,delivered
ORD003716,2024-08-16,2024-08-19,,,delivered
ORD003717,2024-12-05,2024-12-08,,,delivered
ORD003718,2024-10-20,2024-10-25,2024-11-03,2024-11-10,returned
ORD003719,2024-10-24,2024-10-29,,,delivered
ORD003720,2024-12-28,2025-01-02,,,delivered
ORD003721,2024-09-09,2024-09-13,,,delivered
ORD003722,2024-07-19,2024-07-25,,,delivered
ORD003723,2024-05-14,2024-05-18,,,delivered
ORD003724,2024-11-10,2024-11-15,,,delivered
ORD003725,2024-09-13,2024-09-19,2024-10-01,2024-10-12,returned
ORD003726,2024-09-26,2024-09-30,,,delivered
ORD003727,2024-08-13,2024-08-20,,,delivered
ORD003728,2024-09-09,2024-09-16,,,delivered
ORD003729,2024-09-28,2024-10-01,,,delivered
ORD003730,2024-08-22,2024-08-24,,,delivered
ORD003731,2024-10-25,2024-10-27,,,delivered
ORD003732,2024-02-21,2024-02-28,,,delivered
ORD003733,2024-12-15,2024-12-19,,,delivered
ORD003734,2024-10-08,2024-10-13,,,delivered
ORD003735,2024-03-15,2024-03-19,,,delivered
ORD003736,2024-10-22,2024-10-26,,,delivered
ORD003737,2025-01-01,2025-01-04,2025-01-24,2025-02-06,returned
ORD003738,2024-10-06,2024-10-09,,,delivered
ORD003739,2024-06-04,2024-06-07,,,delivered
ORD003740,2024-11-10,2024-11-14,,,delivered
ORD003741,2024-06-10,2024-06-13,,,delivered
ORD003742,2024-12-14,2024-12-18,,,delivered
ORD003743,2024-05-30,2024-06-04,,,delivered
ORD003744,2024-12-15,2024-12-18,,,delivered
ORD003745,2024-10-25,2024-10-31,,,delivered
ORD003746,2024-07-28,2024-08-04,,,delivered
ORD003747,2024-08-21,2024-08-25,2024-09-12,2024-09-22,returned
ORD003748,2024-12-30,2025-01-05,,,delivered
ORD003749,2024-11-12,2024-11-15,,,delivered
ORD003750,2024-11-30,2024-12-02,,,delivered
ORD003751,2024-12-01,2024-12-08,2024-12-28,2025-01-02,returned
ORD003752,2024-11-29,2024-12-02,,,delivered
ORD003753,2024-11-23,2024-11-30,,,delivered
ORD003754,2024-12-08,2024-12-15,,,delivered
ORD003755,2024-12-29,2024-12-31,,,delivered
ORD003756,2024-12-31,2025-01-02,,,delivered
ORD003757,2024-12-30,2025-01-06,,,delivered
ORD003758,2024-05-09,2024-05-14,,,delivered
ORD003759,2024-06-18,2024-06-20,2024-07-02,2024-07-08,returned
ORD003760,2024-05-06,2024-05-08,2024-05-22,2024-06-04,returned
ORD003761,2024-09-07,2024-09-14,,,delivered
ORD003762,2024-10-15,2024-10-18,,,delivered
ORD003763,2024-12-07,2024-12-09,,,delivered
ORD003764,2024-07-22,2024-07-25,2024-08-05,2024-08-12,returned
ORD003765,2024-11-29,2024-12-01,,,delivered
ORD003766,2024-12-27,2024-12-31,,,delivered
ORD003767,2024-12-24,2024-12-29,,,delivered
ORD003768,2024-06-11,2024-06-16,,,delivered
ORD003769,2024-06-14,2024-06-16,2024-07-07,2024-07-13,returned
ORD003770,2024-10-16,2024-10-19,,,delivered
ORD003771,2024-12-24,2024-12-29,,,delivered
ORD003772,2024-12-11,2024-12-15,,,delivered
ORD003773,2024-11-12,2024-11-16,,,delivered
ORD003774,2024-08-29,2024-09-05,,,delivered
ORD003775,2024-10-07,2024-10-10,,,delivered
ORD003776,2024-05-01,2024-05-05,2024-05-10,2024-05-15,returned
ORD003777,2024-10-25,2024-10-31,,,delivered
ORD003778,2024-08-28,2024-08-30,,,delivered
ORD003779,2024-11-28,2024-11-30,,,delivered
ORD003780,2024-12-18,2024-12-24,,,delivered
ORD003781,2024-10-30,2024-11-03,,,delivered
ORD003782,2024-10-09,2024-10-11,2024-10-15,2024-10-22,returned
ORD003783,2024-10-06,2024-10-11,2024-10-21,2024-10-28,returned
ORD003784,2024-10-16,2024-10-23,,,delivered
ORD003785,2024-06-21,2024-06-25,,,delivered
ORD003786,2024-08-22,2024-08-28,2024-09-09,2024-09-16,returned
ORD003787,2024-12-04,2024-12-11,,,delivered
ORD003788,2024-09-08,2024-09-15,,,delivered
ORD003789,2024-07-05,2024-07-11,,,delivered
ORD003790,2024-10-09,2024-10-16,,,delivered
ORD003791,2024-08-11,2024-08-14,,,delivered
ORD003792,2024-10-23,2024-10-26,,,delivered
ORD003793,2024-09-04,2024-09-09,,,delivered
ORD003794,2024-12-29,2025-01-03,2025-01-13,2025-01-19,returned
ORD003795,2024-11-03,2024-11-07,2024-11-17,2024-11-23,returned
ORD003796,2024-09-07,2024-09-09,,,delivered
ORD003797,2024-11-28,2024-12-02,,,delivered
ORD003798,2024-10-03,2024-10-09,,,delivered
ORD003799,2024-09-28,2024-10-03,2024-10-08,2024-10-17,returned
ORD003800,2024-09-27,2024-10-01,2024-10-09,2024-10-20,returned
ORD003801,2024-04-13,2024-04-17,,,delivered
ORD003802,2024-12-04,2024-12-10,,,delivered
ORD003803,2024-11-25,2024-11-27,,,delivered
ORD003804,2024-03-02,2024-03-09,,,delivered
ORD003805,2024-10-18,2024-10-25,,,delivered
ORD003806,2024-12-23,2024-12-25,,,delivered
ORD003807,2024-12-06,2024-12-09,,,delivered
ORD003808,2024-08-16,2024-08-23,2024-09-01,2024-09-14,returned
ORD003809,2024-11-09,2024-11-11,2024-11-27,2024-12-09,returned
ORD003810,2024-12-21,2024-12-28,,,delivered
ORD003811,2024-09-05,2024-09-08,,,delivered
ORD003812,2024-11-23,2024-11-29,2024-12-12,2024-12-21,returned
ORD003813,2024-12-24,2024-12-28,,,delivered
ORD003814,2024-12-26,2024-12-30,,,delivered
ORD003815,2024-04-20,2024-04-25,,,delivered
ORD003816,2024-11-24,2024-11-27,,,delivered
ORD003817,2024-12-22,2024-12-28,,,delivered
ORD003818,2024-11-10,2024-11-15,,,delivered
ORD003819,2024-08-08,2024-08-11,2024-08-30,2024-09-13,returned
ORD003820,2024-07-26,2024-07-29,,,delivered
ORD003821,2024-04-18,2024-04-22,,,delivered
ORD003822,2024-12-23,2024-12-29,2025-01-15,2025-01-29,returned
ORD003823,2024-06-03,2024-06-09,,,delivered
ORD003824,2024-11-19,2024-11-22,2024-11-30,2024-12-09,returned
ORD003825,2024-11-24,2024-11-28,2024-12-10,2024-12-15,returned
ORD003826,2024-12-19,2024-12-26,2025-01-06,2025-01-13,returned
ORD003827,2024-11-14,2024-11-16,,,delivered
ORD003828,2024-06-03,2024-06-05,,,delivered
ORD003829,2025-01-01,2025-01-08,,,delivered
ORD003830,2025-01-02,2025-01-08,,,delivered
ORD003831,2024-12-18,2024-12-20,,,delivered
ORD003832,2024-08-14,2024-08-19,,,delivered
ORD003833,2024-07-26,2024-08-01,,,delivered
ORD003834,2024-06-17,2024-06-21,,,delivered
ORD003835,2024-06-25,2024-06-28,,,delivered
ORD003836,2024-06-02,2024-06-09,,,delivered
ORD003837,2024-04-30,2024-05-02,,,delivered
ORD003838,2024-10-23,2024-10-27,,,delivered
ORD003839,2024-11-26,2024-12-03,,,delivered
ORD003840,2024-10-03,2024-10-09,,,delivered
ORD003841,2024-09-29,2024-10-04,,,delivered
ORD003842,2024-07-31,2024-08-07,2024-08-23,2024-09-06,returned
ORD003843,2024-11-30,2024-12-03,,,delivered
ORD003844,2024-01-31,2024-02-06,,,delivered
ORD003845,2024-11-10,2024-11-13,,,delivered
ORD003846,2024-07-31,2024-08-02,,,delivered
ORD003847,2024-06-01,2024-06-08,2024-06-15,2024-06-25,returned
ORD003848,2024-09-30,2024-10-04,,,delivered
ORD003849,2024-10-17,2024-10-23,2024-11-05,2024-11-12,returned
ORD003850,2024-06-25,2024-06-29,2024-07-14,2024-07-22,returned
ORD003851,2024-12-14,2024-12-19,,,delivered
ORD003852,2024-08-15,2024-08-22,,,delivered
ORD003853,2024-10-10,2024-10-12,2024-10-20,2024-10-30,returned
ORD003854,2024-07-16,2024-07-20,2024-08-03,2024-08-16,returned
ORD003855,2024-12-15,2024-12-20,,,delivered
ORD003856,2024-10-17,2024-10-19,2024-10-29,2024-11-04,returned
ORD003857,2024-05-22,2024-05-24,2024-05-29,2024-06-10,returned
ORD003858,2024-11-24,2024-11-26,,,delivered
ORD003859,2024-09-15,2024-09-18,2024-09-27,2024-10-07,returned
ORD003860,2024-12-21,2024-12-24,,,delivered
ORD003861,2024-10-25,2024-10-28,2024-11-09,2024-11-23,returned
ORD003862,2024-10-05,2024-10-08,,,delivered
ORD003863,2024-11-03,2024-11-07,,,delivered
ORD003864,2024-08-24,2024-08-28,,,delivered
ORD003865,2024-10-12,2024-10-18,,,delivered
ORD003866,2024-12-18,2024-12-22,,,delivered
ORD003867,2024-09-03,2024-09-09,,,delivered
ORD003868,2024-06-02,2024-06-08,,,delivered
ORD003869,2024-08-25,2024-08-27,,,delivered
ORD003870,2024-07-05,2024-07-07,,,delivered
ORD003871,2024-12-12,2024-12-16,,,delivered
ORD003872,2024-11-25,2024-12-01,,,delivered
ORD003873,2024-11-26,2024-11-30,,,delivered
ORD003874,2024-05-23,2024-05-30,2024-06-18,2024-07-02,returned
ORD003875,2024-07-28,2024-07-30,,,delivered
ORD003876,2024-10-28,2024-11-01,2024-11-21,2024-11-28,returned
ORD003877,2024-12-12,2024-12-17,,,delivered
ORD003878,2024-07-30,2024-08-06,,,delivered
ORD003879,2024-03-16,2024-03-19,,,delivered
ORD003880,2024-11-22,2024-11-27,,,delivered
ORD003881,2024-11-25,2024-11-28,,,delivered
ORD003882,2024-07-22,2024-07-25,,,delivered
ORD003883,2024-10-23,2024-10-28,,,delivered
ORD003884,2024-12-17,2024-12-20,,,delivered
ORD003885,2024-08-17,2024-08-24,,,delivered
ORD003886,2024-12-31,2025-01-06,,,delivered
ORD003887,2024-12-13,2024-12-19,,,delivered
ORD003888,2024-09-14,2024-09-21,,,delivered
ORD003889,2024-09-28,2024-10-05,,,delivered
ORD003890,2025-01-02,2025-01-09,,,delivered
ORD003891,2024-10-15,2024-10-21,2024-11-02,2024-11-09,returned
ORD003892,2024-10-19,2024-10-26,,,delivered
ORD003893,2024-11-22,2024-11-27,,,delivered
ORD003894,2024-04-20,2024-04-22,2024-05-05,2024-05-13,returned
ORD003895,2024-11-13,2024-11-20,,,delivered
ORD003896,2024-12-17,2024-12-20,,,delivered
ORD003897,2024-12-07,2024-12-14,,,delivered
ORD003898,2024-09-03,2024-09-08,,,delivered
ORD003899,2024-08-20,2024-08-24,,,delivered
ORD003900,2024-12-20,2024-12-25,2025-01-09,2025-01-23,returned
ORD003901,2024-10-04,2024-10-06,,,delivered
ORD003902,2024-05-18,2024-05-25,,,delivered
ORD003903,2024-12-26,2025-01-02,,,delivered
ORD003904,2024-11-25,2024-11-29,2024-12-14,2024-12-27,returned
ORD003905,2024-11-25,2024-12-01,2024-12-12,2024-12-21,returned
ORD003906,2024-11-12,2024-11-17,,,delivered
ORD003907,2024-05-15,2024-05-21,,,delivered
ORD003908,2024-09-27,2024-09-30,,,delivered
ORD003909,2024-08-16,2024-08-18,,,delivered
ORD003910,2024-07-20,2024-07-24,,,delivered
ORD003911,2024-11-12,2024-11-19,2024-12-09,2024-12-19,returned
ORD003912,2024-06-04,2024-06-06,,,delivered
ORD003913,2024-10-10,2024-10-15,,,delivered
ORD003914,2024-10-10,2024-10-13,,,delivered
ORD003915,2024-09-15,2024-09-21,,,delivered
ORD003916,2024-07-18,2024-07-23,2024-07-26,2024-08-03,returned
ORD003917,2024-11-03,2024-11-06,,,delivered
ORD003918,2024-06-26,2024-06-29,2024-07-13,2024-07-19,returned
ORD003919,2024-11-01,2024-11-05,2024-11-13,2024-11-20,returned
ORD003920,2024-11-29,2024-12-06,2024-12-11,2024-12-22,returned
ORD003921,2024-09-26,2024-10-01,,,delivered
ORD003922,2024-12-21,2024-12-24,,,delivered
ORD003923,2024-11-13,2024-11-15,,,delivered
ORD003924,2024-10-31,2024-11-07,2024-11-17,2024-12-01,returned
ORD003925,2024-09-07,2024-09-12,2024-09-17,2024-09-26,returned
ORD003926,2024-10-22,2024-10-26,,,delivered
ORD003927,2024-12-28,2025-01-01,,,delivered
ORD003928,2024-12-15,2024-12-19,,,delivered
ORD003929,2024-12-18,2024-12-20,,,delivered
ORD003930,2024-11-04,2024-11-09,,,delivered
ORD003931,2024-05-01,2024-05-05,,,delivered
ORD003932,2024-11-11,2024-11-18,,,delivered
ORD003933,2024-12-02,2024-12-09,2024-12-27,2025-01-08,returned
ORD003934,2024-08-31,2024-09-02,2024-09-14,2024-09-25,returned
ORD003935,2024-12-23,2024-12-27,,,delivered
ORD003936,2024-11-28,2024-12-04,,,delivered
ORD003937,2024-11-14,2024-11-16,2024-12-01,2024-12-09,returned
ORD003938,2024-05-28,2024-05-31,,,delivered
ORD003939,2024-11-13,2024-11-16,2024-11-26,2024-12-07,returned
ORD003940,2024-12-25,2024-12-27,2025-01-09,2025-01-21,returned
ORD003941,2024-11-07,2024-11-11,,,delivered
ORD003942,2024-05-19,2024-05-26,,,delivered
ORD003943,2024-08-14,2024-08-19,,,delivered
ORD003944,2024-11-09,2024-11-11,2024-11-28,2024-12-03,returned
ORD003945,2024-11-09,2024-11-13,,,delivered
ORD003946,2024-09-27,2024-10-02,,,delivered
ORD003947,2024-12-30,2025-01-04,,,delivered
ORD003948,2024-06-12,2024-06-17,,,delivered
ORD003949,2024-11-19,2024-11-24,2024-12-15,2024-12-25,returned
ORD003950,2024-10-17,2024-10-23,,,delivered
ORD003951,2024-10-17,2024-10-24,,,delivered
ORD003952,2024-10-31,2024-11-05,,,delivered
ORD003953,2024-12-12,2024-12-14,,,delivered
ORD003954,2024-10-18,2024-10-24,,,delivered
ORD003955,2025-01-01,2025-01-06,,,delivered
ORD003956,2024-10-28,2024-11-01,,,delivered
ORD003957,2024-11-02,2024-11-05,2024-11-12,2024-11-23,returned
ORD003958,2024-08-13,2024-08-18,,,delivered
ORD003959,2024-12-19,2024-12-21,,,delivered
ORD003960,2024-12-26,2025-01-02,,,delivered
ORD003961,2024-12-09,2024-12-11,,,delivered
ORD003962,2024-08-01,2024-08-08,2024-08-19,2024-08-24,returned
ORD003963,2025-01-02,2025-01-06,,,delivered
ORD003964,2024-12-13,2024-12-19,,,delivered
ORD003965,2024-10-23,2024-10-29,,,delivered
ORD003966,2024-05-27,2024-06-02,,,delivered
ORD003967,2024-09-03,2024-09-07,2024-09-28,2024-10-09,returned
ORD003968,2024-07-30,2024-08-01,2024-08-04,2024-08-10,returned
ORD003969,2024-12-30,2025-01-06,,,delivered
ORD003970,2024-12-07,2024-12-10,,,delivered
ORD003971,2024-12-06,2024-12-12,2024-12-30,2025-01-05,returned
ORD003972,2024-09-27,2024-10-04,,,delivered
ORD003973,2024-09-29,2024-10-05,,,delivered
ORD003974,2024-01-27,2024-01-29,,,delivered
ORD003975,2024-10-17,2024-10-20,2024-11-10,2024-11-17,returned
ORD003976,2024-05-22,2024-05-24,,,delivered
ORD003977,2024-09-15,2024-09-17,,,delivered
ORD003978,2024-08-22,2024-08-28,,,delivered
ORD003979,2024-07-30,2024-08-02,,,delivered
ORD003980,2024-08-12,2024-08-14,,,delivered
ORD003981,2024-10-20,2024-10-26,,,delivered
ORD003982,2024-10-22,2024-10-28,,,delivered
ORD003983,2024-10-14,2024-10-16,,,delivered
ORD003984,2024-05-10,2024-05-14,,,delivered
ORD003985,2024-11-17,2024-11-19,,,delivered
ORD003986,2024-12-04,2024-12-06,,,delivered
ORD003987,2024-11-22,2024-11-29,,,delivered
ORD003988,2024-12-22,2024-12-27,,,delivered
ORD003989,2024-11-19,2024-11-26,,,delivered
ORD003990,2024-05-28,2024-05-30,,,delivered
ORD003991,2024-10-03,2024-10-05,,,delivered
ORD003992,2024-12-31,2025-01-05,2025-01-22,2025-02-01,returned
ORD003993,2024-06-10,2024-06-13,2024-06-20,2024-07-01,returned
ORD003994,2024-08-14,2024-08-18,2024-08-23,2024-09-02,returned
ORD003995,2024-07-07,2024-07-14,,,delivered
ORD003996,2024-07-01,2024-07-07,,,delivered
ORD003997,2024-12-19,2024-12-22,2025-01-10,2025-01-16,returned
ORD003998,2024-09-04,2024-09-09,2024-09-22,2024-09-28,returned
ORD003999,2024-04-19,2024-04-24,,,delivered
ORD004000,2024-06-07,2024-06-09,2024-06-18,2024-06-24,returned
ORD004001,2024-11-14,2024-11-19,2024-12-01,2024-12-15,returned
ORD004002,2024-10-02,2024-10-04,2024-10-14,2024-10-24,returned
ORD004003,2024-11-03,2024-11-10,,,delivered
ORD004004,2024-09-20,2024-09-25,,,delivered
ORD004005,2024-12-10,2024-12-15,,,delivered
ORD004006,2024-06-23,2024-06-27,,,delivered
ORD004007,2024-11-17,2024-11-23,,,delivered
ORD004008,2024-11-30,2024-12-05,,,delivered
ORD004009,2024-04-12,2024-04-19,,,delivered
ORD004010,2024-09-15,2024-09-17,,,delivered
ORD004011,2024-12-31,2025-01-06,,,delivered
ORD004012,2024-08-05,2024-08-09,,,delivered
ORD004013,2024-12-23,2024-12-28,,,delivered
ORD004014,2024-08-02,2024-08-06,,,delivered
ORD004015,2024-08-09,2024-08-14,,,delivered
ORD004016,2024-10-11,2024-10-17,,,delivered
ORD004017,2024-10-21,2024-10-26,,,delivered
ORD004018,2024-11-23,2024-11-28,2024-12-04,2024-12-14,returned
ORD004019,2024-09-16,2024-09-22,,,delivered
ORD004020,2024-09-18,2024-09-21,,,delivered
ORD004021,2024-12-25,2024-12-28,,,delivered
ORD004022,2024-11-25,2024-11-27,,,delivered
ORD004023,2024-08-03,2024-08-06,,,delivered
ORD004024,2024-09-16,2024-09-18,,,delivered
ORD004025,2024-09-19,2024-09-23,,,delivered
ORD004026,2024-09-18,2024-09-21,,,delivered
ORD004027,2024-12-05,2024-12-09,,,delivered
ORD004028,2024-09-26,2024-09-28,,,delivered
ORD004029,2024-10-26,2024-10-31,2024-11-12,2024-11-26,returned
ORD004030,2024-11-17,2024-11-24,,,delivered
ORD004031,2024-12-10,2024-12-15,,,delivered
ORD004032,2024-05-29,2024-06-03,,,delivered
ORD004033,2024-11-06,2024-11-13,,,delivered
ORD004034,2024-11-04,2024-11-08,,,delivered
ORD004035,2024-02-21,2024-02-28,2024-03-12,2024-03-21,returned
ORD004036,2024-05-05,2024-05-09,,,delivered
ORD004037,2024-10-30,2024-11-02,,,delivered
ORD004038,2024-11-25,2024-12-01,2024-12-19,2024-12-27,returned
ORD004039,2024-11-18,2024-11-24,2024-12-02,2024-12-08,returned
ORD004040,2024-11-15,2024-11-19,,,delivered
ORD004041,2024-12-26,2025-01-01,,,delivered
ORD004042,2024-10-21,2024-10-26,,,delivered
ORD004043,2024-05-05,2024-05-09,,,delivered
ORD004044,2024-12-07,2024-12-11,,,delivered
ORD004045,2024-12-09,2024-12-12,,,delivered
ORD004046,2024-11-13,2024-11-17,,,delivered
ORD004047,2024-12-26,2024-12-29,,,delivered
ORD004048,2024-03-16,2024-03-23,,,delivered
ORD004049,2024-09-17,2024-09-21,,,delivered
ORD004050,2024-11-15,2024-11-21,,,delivered
ORD004051,2024-10-29,2024-11-05,,,delivered
ORD004052,2024-10-26,2024-10-30,,,delivered
ORD004053,2024-07-07,2024-07-12,,,delivered
ORD004054,2024-12-22,2024-12-28,,,delivered
ORD004055,2024-11-28,2024-12-05,,,delivered
ORD004056,2024-07-26,2024-07-29,,,delivered
ORD004057,2024-11-01,2024-11-06,,,delivered
ORD004058,2024-11-04,2024-11-08,,,delivered
ORD004059,2024-12-05,2024-12-10,,,delivered
ORD004060,2024-10-02,2024-10-05,,,delivered
ORD004061,2024-12-25,2024-12-27,,,delivered
ORD004062,2024-11-26,2024-11-30,,,delivered
ORD004063,2024-11-19,2024-11-22,,,delivered
ORD004064,2024-10-16,2024-10-22,,,delivered
ORD004065,2024-05-13,2024-05-20,,,delivered
ORD004066,2024-05-14,2024-05-18,2024-05-23,2024-05-28,returned
ORD004067,2024-11-13,2024-11-17,,,delivered
ORD004068,2024-11-06,2024-11-09,2024-11-26,2024-12-07,returned
ORD004069,2024-10-16,2024-10-20,2024-11-05,2024-11-12,returned
ORD004070,2024-10-29,2024-10-31,,,delivered
ORD004071,2024-06-03,2024-06-08,,,delivered
ORD004072,2024-05-29,2024-05-31,,,delivered
ORD004073,2024-11-17,2024-11-23,,,delivered
ORD004074,2024-08-18,2024-08-21,,,delivered
ORD004075,2024-11-28,2024-12-03,2024-12-21,2025-01-02,returned
ORD004076,2024-12-08,2024-12-12,,,delivered
ORD004077,2024-06-03,2024-06-05,,,delivered
ORD004078,2025-01-02,2025-01-09,,,delivered
ORD004079,2024-09-16,2024-09-20,2024-09-29,2024-10-13,returned
ORD004080,2024-09-23,2024-09-25,,,delivered
ORD004081,2024-04-01,2024-04-03,,,delivered
ORD004082,2024-08-12,2024-08-15,,,delivered
ORD004083,2024-06-02,2024-06-04,,,delivered
ORD004084,2024-11-14,2024-11-17,,,delivered
ORD004085,2024-06-19,2024-06-23,2024-06-27,2024-07-11,returned
ORD004086,2024-12-01,2024-12-04,,,delivered
ORD004087,2024-12-18,2024-12-25,,,delivered
ORD004088,2024-10-04,2024-10-07,,,delivered
ORD004089,2024-09-28,2024-10-05,2024-10-11,2024-10-23,returned
ORD004090,2024-12-11,2024-12-18,2024-12-25,2024-12-30,returned
ORD004091,2024-09-18,2024-09-20,,,delivered
ORD004092,2024-08-23,2024-08-25,,,delivered
ORD004093,2024-12-10,2024-12-15,,,delivered
ORD004094,2024-11-12,2024-11-16,2024-12-02,2024-12-12,returned
ORD004095,2024-12-16,2024-12-22,,,delivered
ORD004096,2024-10-05,2024-10-10,,,delivered
ORD004097,2024-09-02,2024-09-08,,,delivered
ORD004098,2024-08-29,2024-09-05,,,delivered
ORD004099,2024-12-04,2024-12-10,,,delivered
ORD004100,2024-09-27,2024-10-03,,,delivered
ORD004101,2024-09-16,2024-09-22,,,delivered
ORD004102,2024-11-27,2024-12-01,2024-12-20,2025-01-01,returned
ORD004103,2024-12-22,2024-12-29,,,delivered
ORD004104,2024-08-19,2024-08-24,,,delivered
ORD004105,2024-11-18,2024-11-24,,,delivered
ORD004106,2024-10-15,2024-10-17,,,delivered
ORD004107,2024-02-29,2024-03-04,,,delivered
ORD004108,2024-07-07,2024-07-09,,,delivered
ORD004109,2024-09-18,2024-09-24,2024-10-06,2024-10-17,returned
ORD004110,2024-10-02,2024-10-09,,,delivered
ORD004111,2024-12-18,2024-12-20,,,delivered
ORD004112,2024-07-04,2024-07-10,,,delivered
ORD004113,2024-10-10,2024-10-13,,,delivered
ORD004114,2024-06-04,2024-06-11,,,delivered
ORD004115,2024-08-31,2024-09-06,,,delivered
ORD004116,2024-09-15,2024-09-17,,,delivered
ORD004117,2024-12-04,2024-12-10,,,delivered
ORD004118,2024-12-05,2024-12-12,,,delivered
ORD004119,2024-08-28,2024-08-31,,,delivered
ORD004120,2024-11-21,2024-11-26,2024-12-15,2024-12-26,returned
ORD004121,2024-11-06,2024-11-12,,,delivered
ORD004122,2024-10-20,2024-10-26,,,delivered
ORD004123,2024-07-24,2024-07-30,,,delivered
ORD004124,2024-09-14,2024-09-20,,,delivered
ORD004125,2024-05-03,2024-05-06,,,delivered
ORD004126,2024-06-21,2024-06-23,,,delivered
ORD004127,2024-04-23,2024-04-26,,,delivered
ORD004128,2024-06-01,2024-06-05,,,delivered
ORD004129,2024-10-09,2024-10-16,,,delivered
ORD004130,2024-10-25,2024-10-27,,,delivered
ORD004131,2024-07-29,2024-08-01,,,delivered
ORD004132,2024-02-22,2024-02-24,2024-03-01,2024-03-10,returned
ORD004133,2024-10-19,2024-10-21,,,delivered
ORD004134,2024-10-16,2024-10-21,,,delivered
ORD004135,2024-09-30,2024-10-04,,,delivered
ORD004136,2024-02-03,2024-02-06,,,delivered
ORD004137,2024-08-22,2024-08-26,2024-09-03,2024-09-17,returned
ORD004138,2024-12-05,2024-12-11,,,delivered
ORD004139,2024-08-27,2024-09-01,,,delivered
ORD004140,2024-12-19,2024-12-21,2024-12-31,2025-01-14,returned
ORD004141,2024-02-28,2024-03-06,,,delivered
ORD004142,2024-05-19,2024-05-21,,,delivered
ORD004143,2024-07-22,2024-07-26,,,delivered
ORD004144,2024-10-22,2024-10-29,,,delivered
ORD004145,2024-11-01,2024-11-04,2024-11-25,2024-12-07,returned
ORD004146,2024-11-03,2024-11-07,2024-11-20,2024-11-28,returned
ORD004147,2024-06-08,2024-06-13,,,delivered
ORD004148,2024-10-09,2024-10-14,2024-10-29,2024-11-04,returned
ORD004149,2024-11-23,2024-11-30,,,delivered
ORD004150,2024-11-25,2024-11-30,,,delivered
ORD004151,2024-10-25,2024-10-30,2024-11-14,2024-11-21,returned
ORD004152,2024-11-27,2024-12-04,,,delivered
ORD004153,2024-11-19,2024-11-23,,,delivered
ORD004154,2024-10-30,2024-11-06,,,delivered
ORD004155,2024-11-08,2024-11-13,,,delivered
ORD004156,2024-09-04,2024-09-08,2024-09-18,2024-09-24,returned
ORD004157,2024-08-30,2024-09-06,,,delivered
ORD004158,2024-11-11,2024-11-18,,,delivered
ORD004159,2024-12-16,2024-12-23,,,delivered
ORD004160,2024-12-11,2024-12-18,,,delivered
ORD004161,2024-12-14,2024-12-20,,,delivered
ORD004162,2024-10-10,2024-10-16,,,delivered
ORD004163,2024-12-29,2025-01-05,2025-01-19,2025-01-27,returned
ORD004164,2024-10-11,2024-10-14,2024-10-18,2024-10-23,returned
ORD004165,2024-12-25,2024-12-29,,,delivered
ORD004166,2024-06-15,2024-06-17,,,delivered
ORD004167,2024-10-08,2024-10-10,,,delivered
ORD004168,2024-06-07,2024-06-10,,,delivered
ORD004169,2024-12-18,2024-12-20,,,delivered
ORD004170,2024-03-18,2024-03-23,,,delivered
ORD004171,2024-10-03,2024-10-06,2024-10-21,2024-10-30,returned
ORD004172,2024-10-25,2024-10-28,,,delivered
ORD004173,2024-10-05,2024-10-12,2024-10-22,2024-10-30,returned
ORD004174,2024-12-01,2024-12-04,,,delivered
ORD004175,2024-10-02,2024-10-09,2024-10-16,2024-10-25,returned
ORD004176,2024-12-18,2024-12-22,,,delivered
ORD004177,2024-12-16,2024-12-21,,,delivered
ORD004178,2024-06-03,2024-06-09,,,delivered
ORD004179,2024-10-23,2024-10-28,,,delivered
ORD004180,2024-12-13,2024-12-16,,,delivered
ORD004181,2024-10-11,2024-10-16,,,delivered
ORD004182,2024-08-14,2024-08-20,,,delivered
ORD004183,2024-08-11,2024-08-18,,,delivered
ORD004184,2024-11-07,2024-11-11,,,delivered
ORD004185,2024-03-14,2024-03-17,,,delivered
ORD004186,2024-12-01,2024-12-07,,,delivered
ORD004187,2024-12-28,2024-12-30,,,delivered
ORD004188,2024-11-29,2024-12-01,,,delivered
ORD004189,2024-12-26,2024-12-29,2025-01-16,2025-01-25,returned
ORD004190,2024-04-14,2024-04-17,,,delivered
ORD004191,2024-12-04,2024-12-11,,,delivered
ORD004192,2024-06-09,2024-06-11,,,delivered
ORD004193,2024-08-20,2024-08-24,,,delivered
ORD004194,2024-04-02,2024-04-09,2024-04-27,2024-05-11,returned
ORD004195,2024-12-13,2024-12-16,,,delivered
ORD004196,2024-11-30,2024-12-03,,,delivered
ORD004197,2024-07-26,2024-07-30,2024-08-03,2024-08-12,returned
ORD004198,2024-12-06,2024-12-11,,,delivered
ORD004199,2024-09-28,2024-10-04,,,delivered
ORD004200,2024-12-28,2025-01-04,2025-01-17,2025-01-23,returned
ORD004201,2024-08-01,2024-08-06,,,delivered
ORD004202,2024-10-01,2024-10-04,,,delivered
ORD004203,2024-12-04,2024-12-06,,,delivered
ORD004204,2024-02-16,2024-02-20,,,delivered
ORD004205,2024-12-17,2024-12-19,,,delivered
ORD004206,2024-10-13,2024-10-17,,,delivered
ORD004207,2024-07-24,2024-07-30,,,delivered
ORD004208,2024-08-07,2024-08-12,,,delivered
ORD004209,2024-09-04,2024-09-09,,,delivered
ORD004210,2024-10-17,2024-10-20,,,delivered
ORD004211,2024-04-10,2024-04-16,,,delivered
ORD004212,2024-11-21,2024-11-28,,,delivered
ORD004213,2024-06-30,2024-07-05,,,delivered
ORD004214,2024-10-16,2024-10-23,,,delivered
ORD004215,2024-10-26,2024-10-28,,,delivered
ORD004216,2024-12-17,2024-12-19,,,delivered
ORD004217,2024-12-19,2024-12-25,,,delivered
ORD004218,2024-10-22,2024-10-25,2024-10-30,2024-11-11,returned
ORD004219,2024-12-04,2024-12-11,,,delivered
ORD004220,2024-12-29,2025-01-03,,,delivered
ORD004221,2024-12-07,2024-12-14,2025-01-01,2025-01-06,returned
ORD004222,2024-12-29,2025-01-01,,,delivered
ORD004223,2024-07-27,2024-08-03,,,delivered
ORD004224,2024-12-10,2024-12-16,2025-01-01,2025-01-08,returned
ORD004225,2024-11-12,2024-11-16,,,delivered
ORD004226,2024-12-28,2025-01-01,,,delivered
ORD004227,2024-04-16,2024-04-21,,,delivered
ORD004228,2024-09-22,2024-09-26,,,delivered
ORD004229,2024-10-21,2024-10-23,,,delivered
ORD004230,2024-09-15,2024-09-17,,,delivered
ORD004231,2024-10-25,2024-10-31,2024-11-20,2024-12-02,returned
ORD004232,2024-12-22,2024-12-29,,,delivered
ORD004233,2024-12-06,2024-12-11,,,delivered
ORD004234,2024-08-11,2024-08-16,2024-08-29,2024-09-12,returned
ORD004235,2024-04-22,2024-04-29,2024-05-04,2024-05-17,returned
ORD004236,2024-12-30,2025-01-05,,,delivered
ORD004237,2024-07-10,2024-07-17,,,delivered
ORD004238,2024-08-12,2024-08-18,,,delivered
ORD004239,2024-09-26,2024-10-02,,,delivered
ORD004240,2024-12-22,2024-12-29,,,delivered
ORD004241,2024-06-20,2024-06-26,,,delivered
ORD004242,2024-09-28,2024-10-01,,,delivered
ORD004243,2024-12-08,2024-12-11,,,delivered
ORD004244,2024-11-14,2024-11-17,2024-12-08,2024-12-15,returned
ORD004245,2024-12-26,2024-12-31,,,delivered
ORD004246,2024-10-14,2024-10-19,2024-11-07,2024-11-19,returned
ORD004247,2024-10-26,2024-11-02,,,delivered
ORD004248,2024-10-29,2024-11-01,,,delivered
ORD004249,2024-02-22,2024-02-26,2024-03-11,2024-03-23,returned
ORD004250,2024-09-28,2024-10-02,,,delivered
ORD004251,2024-10-08,2024-10-12,,,delivered
ORD004252,2024-11-05,2024-11-12,,,delivered
ORD004253,2024-12-25,2024-12-30,2025-01-12,2025-01-20,returned
ORD004254,2024-11-03,2024-11-09,2024-11-16,2024-11-25,returned
ORD004255,2024-09-07,2024-09-12,,,delivered
ORD004256,2024-07-19,2024-07-22,2024-07-25,2024-08-07,returned
ORD004257,2024-10-08,2024-10-11,,,delivered
ORD004258,2024-09-16,2024-09-19,,,delivered
ORD004259,2024-02-09,2024-02-13,2024-03-01,2024-03-11,returned
ORD004260,2024-08-14,2024-08-18,,,delivered
ORD004261,2024-12-17,2024-12-20,,,delivered
ORD004262,2024-10-01,2024-10-06,2024-10-21,2024-10-30,returned
ORD004263,2024-12-30,2025-01-06,,,delivered
ORD004264,2024-11-11,2024-11-18,,,delivered
ORD004265,2024-11-18,2024-11-24,,,delivered
ORD004266,2024-10-27,2024-10-31,,,delivered
ORD004267,2024-08-07,2024-08-14,,,delivered
ORD004268,2024-08-29,2024-09-05,,,delivered
ORD004269,2024-10-18,2024-10-21,,,delivered
ORD004270,2024-06-05,2024-06-09,,,delivered
ORD004271,2024-10-02,2024-10-05,,,delivered
ORD004272,2024-09-29,2024-10-04,2024-10-20,2024-10-27,returned
ORD004273,2024-11-10,2024-11-17,2024-11-28,2024-12-10,returned
ORD004274,2024-11-19,2024-11-24,2024-11-27,2024-12-05,returned
ORD004275,2024-11-27,2024-11-30,,,delivered
ORD004276,2024-12-14,2024-12-20,,,delivered
ORD004277,2024-08-23,2024-08-28,,,delivered
ORD004278,2024-11-24,2024-11-26,,,delivered
ORD004279,2024-06-15,2024-06-18,,,delivered
ORD004280,2024-10-31,2024-11-04,,,delivered
ORD004281,2024-07-08,2024-07-15,,,delivered
ORD004282,2024-10-08,2024-10-15,,,delivered
ORD004283,2024-11-29,2024-12-03,,,delivered
ORD004284,2024-07-12,2024-07-19,,,delivered
ORD004285,2024-12-21,2024-12-28,,,delivered
ORD004286,2024-11-16,2024-11-19,,,delivered
ORD004287,2024-11-04,2024-11-10,,,delivered
ORD004288,2024-07-08,2024-07-14,,,delivered
ORD004289,2024-09-14,2024-09-20,,,delivered
ORD004290,2024-10-09,2024-10-16,,,delivered
ORD004291,2024-03-16,2024-03-19,,,delivered
ORD004292,2024-07-03,2024-07-06,,,delivered
ORD004293,2024-07-04,2024-07-10,,,delivered
ORD004294,2024-09-10,2024-09-17,,,delivered
ORD004295,2024-06-09,2024-06-15,,,delivered
ORD004296,2024-12-18,2024-12-23,,,delivered
ORD004297,2024-10-13,2024-10-19,,,delivered
ORD004298,2024-11-25,2024-12-01,,,delivered
ORD004299,2024-12-12,2024-12-17,,,delivered
ORD004300,2024-09-09,2024-09-15,,,delivered
ORD004301,2024-12-21,2024-12-24,,,delivered
ORD004302,2024-06-18,2024-06-24,,,delivered
ORD004303,2024-10-14,2024-10-19,,,delivered
ORD004304,2024-12-20,2024-12-26,,,delivered
ORD004305,2024-12-23,2024-12-28,,,delivered
ORD004306,2024-10-27,2024-10-29,2024-11-13,2024-11-23,returned
ORD004307,2024-12-01,2024-12-08,,,delivered
ORD004308,2024-12-09,2024-12-12,2024-12-25,2024-12-30,returned
ORD004309,2024-11-27,2024-12-04,,,delivered
ORD004310,2024-11-30,2024-12-07,,,delivered
ORD004311,2024-06-16,2024-06-22,,,delivered
ORD004312,2024-07-20,2024-07-25,,,delivered
ORD004313,2024-12-05,2024-12-10,,,delivered
ORD004314,2024-05-22,2024-05-29,,,delivered
ORD004315,2024-12-22,2024-12-26,,,delivered
ORD004316,2024-09-25,2024-09-27,,,delivered
ORD004317,2024-10-31,2024-11-06,,,delivered
ORD004318,2024-12-09,2024-12-11,2024-12-26,2025-01-08,returned
ORD004319,2024-10-25,2024-10-31,,,delivered
ORD004320,2024-10-14,2024-10-16,,,delivered
ORD004321,2024-08-07,2024-08-10,2024-08-19,2024-08-28,returned
ORD004322,2024-11-06,2024-11-12,,,delivered
ORD004323,2024-11-17,2024-11-24,,,delivered
ORD004324,2024-08-30,2024-09-01,,,delivered
ORD004325,2024-12-09,2024-12-14,,,delivered
ORD004326,2024-08-29,2024-09-01,,,delivered
ORD004327,2024-11-25,2024-11-28,,,delivered
ORD004328,2024-10-14,2024-10-21,2024-11-06,2024-11-13,returned
ORD004329,2024-10-03,2024-10-05,,,delivered
ORD004330,2024-12-16,2024-12-21,2025-01-05,2025-01-17,returned
ORD004331,2024-11-03,2024-11-10,2024-11-27,2024-12-10,returned
ORD004332,2024-09-24,2024-09-29,,,delivered
ORD004333,2024-09-15,2024-09-22,2024-10-02,2024-10-16,returned
ORD004334,2024-12-17,2024-12-19,,,delivered
ORD004335,2024-09-26,2024-09-28,,,delivered
ORD004336,2024-10-23,2024-10-25,,,delivered
ORD004337,2024-07-11,2024-07-18,2024-08-08,2024-08-20,returned
ORD004338,2024-12-30,2025-01-04,,,delivered
ORD004339,2024-12-02,2024-12-08,,,delivered
ORD004340,2024-11-21,2024-11-24,,,delivered
ORD004341,2024-07-20,2024-07-22,,,delivered
ORD004342,2024-08-31,2024-09-03,2024-09-21,2024-09-30,returned
ORD004343,2024-12-27,2025-01-03,2025-01-19,2025-01-26,returned
ORD004344,2024-11-24,2024-11-27,,,delivered
ORD004345,2024-11-28,2024-11-30,,,delivered
ORD004346,2024-04-02,2024-04-09,2024-04-19,2024-04-27,returned
ORD004347,2024-10-05,2024-10-09,,,delivered
ORD004348,2024-03-08,2024-03-15,,,delivered
ORD004349,2024-08-18,2024-08-23,,,delivered
ORD004350,2024-06-14,2024-06-19,,,delivered
ORD004351,2024-07-18,2024-07-20,2024-08-08,2024-08-21,returned
ORD004352,2024-12-09,2024-12-15,,,delivered
ORD004353,2024-12-18,2024-12-24,,,delivered
ORD004354,2024-09-19,2024-09-24,,,delivered
ORD004355,2024-12-03,2024-12-05,,,delivered
ORD004356,2024-09-03,2024-09-06,,,delivered
ORD004357,2024-09-21,2024-09-25,,,delivered
ORD004358,2024-09-28,2024-10-03,,,delivered
ORD004359,2024-09-25,2024-09-29,,,delivered
ORD004360,2024-06-10,2024-06-13,,,delivered
ORD004361,2024-10-09,2024-10-14,,,delivered
ORD004362,2024-10-29,2024-11-01,,,delivered
ORD004363,2024-07-04,2024-07-10,,,delivered
ORD004364,2024-08-10,2024-08-15,,,delivered
ORD004365,2024-07-17,2024-07-22,2024-08-10,2024-08-20,returned
ORD004366,2024-12-17,2024-12-19,,,delivered
ORD004367,2024-06-28,2024-07-01,,,delivered
ORD004368,2024-08-14,2024-08-21,2024-09-02,2024-09-10,returned
ORD004369,2024-12-26,2025-01-02,2025-01-16,2025-01-29,returned
ORD004370,2024-12-31,2025-01-02,,,delivered
ORD004371,2024-11-07,2024-11-13,,,delivered
ORD004372,2024-09-05,2024-09-11,,,delivered
ORD004373,2024-05-19,2024-05-24,,,delivered
ORD004374,2024-11-18,2024-11-25,,,delivered
ORD004375,2024-07-06,2024-07-09,,,delivered
ORD004376,2024-10-15,2024-10-19,,,delivered
ORD004377,2024-10-02,2024-10-06,,,delivered
ORD004378,2024-03-27,2024-03-29,,,delivered
ORD004379,2024-12-09,2024-12-11,2024-12-22,2025-01-05,returned
ORD004380,2024-09-02,2024-09-06,,,delivered
ORD004381,2024-08-11,2024-08-16,,,delivered
ORD004382,2024-09-09,2024-09-12,,,delivered
ORD004383,2024-12-09,2024-12-16,,,delivered
ORD004384,2024-09-17,2024-09-22,,,delivered
ORD004385,2024-10-10,2024-10-14,,,delivered
ORD004386,2024-09-11,2024-09-15,,,delivered
ORD004387,2024-12-22,2024-12-25,2025-01-09,2025-01-18,returned
ORD004388,2024-09-07,2024-09-13,,,delivered
ORD004389,2024-09-13,2024-09-15,,,delivered
ORD004390,2024-12-28,2024-12-30,,,delivered
ORD004391,2024-10-09,2024-10-14,,,delivered
ORD004392,2024-09-05,2024-09-11,,,delivered
ORD004393,2024-12-28,2025-01-04,,,delivered
ORD004394,2024-12-14,2024-12-19,,,delivered
ORD004395,2024-09-16,2024-09-19,2024-09-27,2024-10-04,returned
ORD004396,2024-12-23,2024-12-28,,,delivered
ORD004397,2024-08-11,2024-08-16,,,delivered
ORD004398,2024-12-31,2025-01-07,,,delivered
ORD004399,2024-04-30,2024-05-04,,,delivered
ORD004400,2024-08-06,2024-08-09,,,delivered
ORD004401,2024-07-16,2024-07-18,,,delivered
ORD004402,2024-11-21,2024-11-26,,,delivered
ORD004403,2024-10-10,2024-10-13,2024-10-30,2024-11-09,returned
ORD004404,2024-08-14,2024-08-16,,,delivered
ORD004405,2024-11-18,2024-11-23,,,delivered
ORD004406,2024-04-01,2024-04-06,2024-04-22,2024-05-06,returned
ORD004407,2024-06-29,2024-07-05,2024-07-09,2024-07-19,returned
ORD004408,2024-09-14,2024-09-18,,,delivered
ORD004409,2024-06-30,2024-07-03,,,delivered
ORD004410,2024-12-05,2024-12-10,,,delivered
ORD004411,2024-11-08,2024-11-14,,,delivered
ORD004412,2024-12-20,2024-12-22,2024-12-28,2025-01-08,returned
ORD004413,2024-11-28,2024-11-30,,,delivered
ORD004414,2024-11-03,2024-11-05,,,delivered
ORD004415,2024-09-03,2024-09-07,,,delivered
ORD004416,2024-10-05,2024-10-07,2024-10-10,2024-10-21,returned
ORD004417,2024-12-25,2024-12-31,,,delivered
ORD004418,2024-05-21,2024-05-23,,,delivered
ORD004419,2024-11-22,2024-11-26,2024-12-15,2024-12-25,returned
ORD004420,2024-05-26,2024-05-29,2024-06-19,2024-06-26,returned
ORD004421,2024-05-21,2024-05-25,2024-06-05,2024-06-15,returned
ORD004422,2024-12-11,2024-12-16,2024-12-29,2025-01-05,returned
ORD004423,2024-11-11,2024-11-14,,,delivered
ORD004424,2024-12-30,2025-01-01,,,delivered
ORD004425,2024-09-13,2024-09-20,2024-10-10,2024-10-24,returned
ORD004426,2024-11-25,2024-11-29,2024-12-04,2024-12-12,returned
ORD004427,2024-11-29,2024-12-05,,,delivered
ORD004428,2024-09-01,2024-09-05,2024-09-10,2024-09-22,returned
ORD004429,2024-10-09,2024-10-15,,,delivered
ORD004430,2024-11-21,2024-11-24,,,delivered
ORD004431,2024-08-31,2024-09-02,,,delivered
ORD004432,2024-12-03,2024-12-09,,,delivered
ORD004433,2024-07-31,2024-08-04,,,delivered
ORD004434,2024-09-14,2024-09-20,,,delivered
ORD004435,2024-11-18,2024-11-24,2024-11-28,2024-12-10,returned
ORD004436,2024-10-04,2024-10-08,,,delivered
ORD004437,2024-11-24,2024-12-01,,,delivered
ORD004438,2024-05-12,2024-05-17,,,delivered
ORD004439,2024-11-08,2024-11-12,,,delivered
ORD004440,2024-11-24,2024-11-26,2024-11-29,2024-12-10,returned
ORD004441,2024-11-04,2024-11-09,2024-11-15,2024-11-21,returned
ORD004442,2024-11-04,2024-11-10,,,delivered
ORD004443,2024-11-11,2024-11-15,2024-11-19,2024-12-02,returned
ORD004444,2024-09-26,2024-09-28,2024-10-03,2024-10-15,returned
ORD004445,2024-12-04,2024-12-06,,,delivered
ORD004446,2024-12-16,2024-12-21,2025-01-11,2025-01-25,returned
ORD004447,2024-10-28,2024-11-03,,,delivered
ORD004448,2024-11-22,2024-11-24,,,delivered
ORD004449,2024-11-16,2024-11-20,2024-11-27,2024-12-10,returned
ORD004450,2024-12-06,2024-12-12,,,delivered
ORD004451,2024-11-15,2024-11-21,,,delivered
ORD004452,2024-09-29,2024-10-05,,,delivered
ORD004453,2024-09-25,2024-09-28,,,delivered
ORD004454,2024-03-12,2024-03-18,,,delivered
ORD004455,2024-10-22,2024-10-24,,,delivered
ORD004456,2025-01-01,2025-01-04,,,delivered
ORD004457,2024-10-29,2024-11-02,,,delivered
ORD004458,2024-10-19,2024-10-23,,,delivered
ORD004459,2024-11-29,2024-12-01,,,delivered
ORD004460,2024-12-04,2024-12-08,2024-12-12,2024-12-22,returned
ORD004461,2024-08-11,2024-08-13,,,delivered
ORD004462,2024-12-31,2025-01-03,,,delivered
ORD004463,2024-05-12,2024-05-14,,,delivered
ORD004464,2024-10-30,2024-11-01,2024-11-08,2024-11-19,returned
ORD004465,2024-12-22,2024-12-26,2025-01-15,2025-01-25,returned
ORD004466,2024-08-13,2024-08-19,2024-09-09,2024-09-20,returned
ORD004467,2024-10-20,2024-10-24,,,delivered
ORD004468,2024-11-06,2024-11-12,,,delivered
ORD004469,2024-12-23,2024-12-29,,,delivered
ORD004470,2024-12-15,2024-12-19,2024-12-22,2025-01-05,returned
ORD004471,2024-10-18,2024-10-24,,,delivered
ORD004472,2024-04-26,2024-04-30,2024-05-12,2024-05-24,returned
ORD004473,2024-12-19,2024-12-25,2025-01-02,2025-01-14,returned
ORD004474,2024-09-27,2024-09-29,,,delivered
ORD004475,2024-09-25,2024-09-29,,,delivered
ORD004476,2024-11-30,2024-12-06,,,delivered
ORD004477,2024-08-07,2024-08-11,2024-08-30,2024-09-11,returned
ORD004478,2024-07-18,2024-07-22,,,delivered
ORD004479,2024-04-13,2024-04-18,,,delivered
ORD004480,2024-09-30,2024-10-03,,,delivered
ORD004481,2024-08-18,2024-08-25,,,delivered
ORD004482,2024-12-24,2024-12-28,2025-01-12,2025-01-17,returned
ORD004483,2024-05-07,2024-05-14,,,delivered
ORD004484,2024-09-05,2024-09-09,,,delivered
ORD004485,2024-12-26,2024-12-31,,,delivered
ORD004486,2024-10-18,2024-10-22,,,delivered
ORD004487,2024-08-05,2024-08-07,,,delivered
ORD004488,2024-12-30,2025-01-06,,,delivered
ORD004489,2024-08-02,2024-08-05,,,delivered
ORD004490,2024-10-20,2024-10-22,,,delivered
ORD004491,2024-07-22,2024-07-27,,,delivered
ORD004492,2024-09-23,2024-09-27,,,delivered
ORD004493,2024-12-02,2024-12-07,,,delivered
ORD004494,2024-09-19,2024-09-23,,,delivered
ORD004495,2024-05-12,2024-05-16,,,delivered
ORD004496,2024-11-30,2024-12-02,2024-12-21,2024-12-31,returned
ORD004497,2024-11-09,2024-11-13,,,delivered
ORD004498,2024-02-10,2024-02-15,,,delivered
ORD004499,2024-09-12,2024-09-16,,,delivered
ORD004500,2024-12-05,2024-12-11,,,delivered
ORD004501,2024-12-30,2025-01-02,2025-01-20,2025-02-03,returned
ORD004502,2024-06-02,2024-06-05,,,delivered
ORD004503,2024-10-04,2024-10-06,,,delivered
ORD004504,2024-12-03,2024-12-07,,,delivered
ORD004505,2024-12-18,2024-12-22,,,delivered
ORD004506,2024-10-21,2024-10-26,,,delivered
ORD004507,2024-11-08,2024-11-14,2024-12-05,2024-12-10,returned
ORD004508,2024-12-07,2024-12-10,,,delivered
ORD004509,2024-11-27,2024-11-30,,,delivered
ORD004510,2024-10-16,2024-10-23,,,delivered
ORD004511,2024-11-18,2024-11-25,,,delivered
ORD004512,2024-09-21,2024-09-23,,,delivered
ORD004513,2024-10-30,2024-11-01,2024-11-04,2024-11-11,returned
ORD004514,2024-05-20,2024-05-25,,,delivered
ORD004515,2024-09-28,2024-10-03,,,delivered
ORD004516,2024-08-26,2024-08-30,2024-09-07,2024-09-16,returned
ORD004517,2024-12-22,2024-12-29,,,delivered
ORD004518,2024-12-15,2024-12-18,,,delivered
ORD004519,2024-11-06,2024-11-08,,,delivered
ORD004520,2024-08-20,2024-08-27,,,delivered
ORD004521,2024-11-05,2024-11-07,,,delivered
ORD004522,2024-10-21,2024-10-26,,,delivered
ORD004523,2024-11-24,2024-11-29,,,delivered
ORD004524,2024-12-03,2024-12-06,,,delivered
ORD004525,2024-07-03,2024-07-08,,,delivered
ORD004526,2024-09-06,2024-09-09,2024-09-29,2024-10-05,returned
ORD004527,2024-12-26,2024-12-29,2025-01-01,2025-01-15,returned
ORD004528,2024-06-28,2024-07-01,,,delivered
ORD004529,2024-11-24,2024-11-28,,,delivered
ORD004530,2024-10-19,2024-10-22,,,delivered
ORD004531,2024-08-10,2024-08-15,,,delivered
ORD004532,2024-09-11,2024-09-13,2024-09-22,2024-10-01,returned
ORD004533,2024-04-25,2024-04-28,,,delivered
ORD004534,2024-06-20,2024-06-27,,,delivered
ORD004535,2024-07-29,2024-08-04,,,delivered
ORD004536,2024-04-01,2024-04-05,,,delivered
ORD004537,2024-08-28,2024-08-31,,,delivered
ORD004538,2024-06-24,2024-06-29,2024-07-12,2024-07-23,returned
ORD004539,2024-11-22,2024-11-27,,,delivered
ORD004540,2024-08-27,2024-09-02,,,delivered
ORD004541,2024-12-19,2024-12-26,,,delivered
ORD004542,2024-06-29,2024-07-03,,,delivered
ORD004543,2024-07-10,2024-07-12,,,delivered
ORD004544,2024-12-14,2024-12-16,,,delivered
ORD004545,2024-10-22,2024-10-26,,,delivered
ORD004546,2024-12-18,2024-12-24,2025-01-07,2025-01-15,returned
ORD004547,2024-10-28,2024-10-30,,,delivered
ORD004548,2024-08-20,2024-08-25,,,delivered
ORD004549,2024-12-27,2024-12-29,,,delivered
ORD004550,2024-10-31,2024-11-04,,,delivered
ORD004551,2024-12-19,2024-12-22,,,delivered
ORD004552,2024-11-06,2024-11-12,,,delivered
ORD004553,2024-12-22,2024-12-29,,,delivered
ORD004554,2024-02-23,2024-02-28,,,delivered
ORD004555,2024-11-08,2024-11-10,,,delivered
ORD004556,2024-10-19,2024-10-26,2024-10-30,2024-11-11,returned
ORD004557,2024-05-24,2024-05-30,2024-06-10,2024-06-24,returned
ORD004558,2024-12-24,2024-12-26,,,delivered
ORD004559,2024-12-14,2024-12-20,,,delivered
ORD004560,2024-08-02,2024-08-04,,,delivered
ORD004561,2024-05-19,2024-05-26,,,delivered
ORD004562,2024-11-28,2024-11-30,2024-12-12,2024-12-21,returned
ORD004563,2024-08-16,2024-08-21,,,delivered
ORD004564,2024-06-16,2024-06-22,,,delivered
ORD004565,2024-12-09,2024-12-15,,,delivered
ORD004566,2024-11-14,2024-11-18,,,delivered
ORD004567,2024-12-28,2025-01-02,,,delivered
ORD004568,2024-06-11,2024-06-13,,,delivered
ORD004569,2024-06-28,2024-07-03,,,delivered
ORD004570,2024-09-20,2024-09-25,,,delivered
ORD004571,2024-07-15,2024-07-20,,,delivered
ORD004572,2024-11-17,2024-11-22,2024-12-12,2024-12-25,returned
ORD004573,2024-10-11,2024-10-15,,,delivered
ORD004574,2024-11-18,2024-11-25,,,delivered
ORD004575,2024-05-26,2024-05-29,,,delivered
ORD004576,2024-08-20,2024-08-27,,,delivered
ORD004577,2024-07-19,2024-07-22,,,delivered
ORD004578,2024-12-03,2024-12-08,,,delivered
ORD004579,2024-12-10,2024-12-15,,,delivered
ORD004580,2024-11-19,2024-11-25,,,delivered
ORD004581,2024-09-09,2024-09-13,,,delivered
ORD004582,2024-11-08,2024-11-14,,,delivered
ORD004583,2024-12-01,2024-12-04,2024-12-14,2024-12-23,returned
ORD004584,2024-10-19,2024-10-22,,,delivered
ORD004585,2024-10-10,2024-10-16,,,delivered
ORD004586,2024-10-09,2024-10-14,,,delivered
ORD004587,2024-04-08,2024-04-11,,,delivered
ORD004588,2024-10-28,2024-11-02,,,delivered
ORD004589,2024-12-05,2024-12-11,,,delivered
ORD004590,2024-12-29,2025-01-04,,,delivered
ORD004591,2024-10-20,2024-10-22,,,delivered
ORD004592,2024-11-05,2024-11-12,,,delivered
ORD004593,2024-11-26,2024-11-28,,,delivered
ORD004594,2024-06-07,2024-06-12,,,delivered
ORD004595,2024-11-24,2024-11-30,,,delivered
ORD004596,2024-10-12,2024-10-15,,,delivered
ORD004597,2024-10-26,2024-10-29,,,delivered
ORD004598,2024-12-17,2024-12-21,,,delivered
ORD004599,2024-08-23,2024-08-25,,,delivered
ORD004600,2024-10-17,2024-10-21,2024-10-30,2024-11-07,returned
ORD004601,2024-12-22,2024-12-29,,,delivered
ORD004602,2024-08-03,2024-08-05,,,delivered
ORD004603,2024-10-03,2024-10-06,,,delivered
ORD004604,2024-05-28,2024-06-04,,,delivered
ORD004605,2024-05-15,2024-05-19,,,delivered
ORD004606,2024-09-28,2024-09-30,,,delivered
ORD004607,2024-08-12,2024-08-17,,,delivered
ORD004608,2024-12-20,2024-12-23,,,delivered
ORD004609,2024-12-01,2024-12-07,2024-12-19,2024-12-31,returned
ORD004610,2024-07-23,2024-07-27,2024-08-08,2024-08-20,returned
ORD004611,2024-10-29,2024-11-01,2024-11-18,2024-11-25,returned
ORD004612,2024-12-12,2024-12-15,,,delivered
ORD004613,2024-12-23,2024-12-29,,,delivered
ORD004614,2024-12-09,2024-12-11,2024-12-29,2025-01-09,returned
ORD004615,2024-12-19,2024-12-25,,,delivered
ORD004616,2024-04-26,2024-05-01,,,delivered
ORD004617,2024-02-07,2024-02-10,,,delivered
ORD004618,2024-03-13,2024-03-17,2024-04-05,2024-04-18,returned
ORD004619,2024-12-10,2024-12-17,,,delivered
ORD004620,2024-09-12,2024-09-16,,,delivered
ORD004621,2024-11-12,2024-11-15,,,delivered
ORD004622,2024-10-29,2024-11-01,,,delivered
ORD004623,2024-07-05,2024-07-12,,,delivered
ORD004624,2024-10-25,2024-11-01,2024-11-19,2024-11-28,returned
ORD004625,2024-07-06,2024-07-12,,,delivered
ORD004626,2024-07-03,2024-07-07,,,delivered
ORD004627,2024-07-30,2024-08-03,,,delivered
ORD004628,2024-09-20,2024-09-25,,,delivered
ORD004629,2024-10-28,2024-11-03,,,delivered
ORD004630,2024-11-20,2024-11-23,,,delivered
ORD004631,2024-09-16,2024-09-23,,,delivered
ORD004632,2024-09-21,2024-09-23,,,delivered
ORD004633,2024-11-23,2024-11-28,,,delivered
ORD004634,2024-11-01,2024-11-06,,,delivered
ORD004635,2024-12-08,2024-12-13,,,delivered
ORD004636,2024-11-16,2024-11-22,,,delivered
ORD004637,2024-10-23,2024-10-25,,,delivered
ORD004638,2024-11-06,2024-11-08,2024-11-27,2024-12-05,returned
ORD004639,2024-06-03,2024-06-07,2024-06-18,2024-06-25,returned
ORD004640,2024-09-26,2024-09-28,,,delivered
ORD004641,2024-12-07,2024-12-13,,,delivered
ORD004642,2024-11-28,2024-12-04,,,delivered
ORD004643,2024-12-06,2024-12-10,,,delivered
ORD004644,2024-10-16,2024-10-20,,,delivered
ORD004645,2024-05-18,2024-05-24,,,delivered
ORD004646,2024-08-23,2024-08-26,2024-09-07,2024-09-13,returned
ORD004647,2024-10-12,2024-10-15,,,delivered
ORD004648,2024-08-07,2024-08-12,2024-08-22,2024-08-31,returned
ORD004649,2024-06-13,2024-06-17,,,delivered
ORD004650,2024-10-03,2024-10-05,,,delivered
ORD004651,2024-10-06,2024-10-08,,,delivered
ORD004652,2024-11-12,2024-11-17,,,delivered
ORD004653,2024-06-04,2024-06-11,2024-06-26,2024-07-05,returned
ORD004654,2024-06-24,2024-06-26,,,delivered
ORD004655,2024-11-01,2024-11-05,,,delivered
ORD004656,2024-08-12,2024-08-15,,,delivered
ORD004657,2024-09-09,2024-09-14,,,delivered
ORD004658,2024-08-03,2024-08-07,,,delivered
ORD004659,2024-12-19,2024-12-21,,,delivered
ORD004660,2024-12-09,2024-12-13,,,delivered
ORD004661,2024-08-10,2024-08-16,,,delivered
ORD004662,2024-11-25,2024-11-29,,,delivered
ORD004663,2024-03-21,2024-03-28,2024-04-03,2024-04-14,returned
ORD004664,2024-11-03,2024-11-07,,,delivered
ORD004665,2024-03-08,2024-03-12,,,delivered
ORD004666,2024-08-06,2024-08-09,,,delivered
ORD004667,2024-06-28,2024-07-03,,,delivered
ORD004668,2024-05-15,2024-05-21,,,delivered
ORD004669,2024-02-27,2024-02-29,,,delivered
ORD004670,2024-03-18,2024-03-24,2024-03-29,2024-04-06,returned
ORD004671,2024-06-17,2024-06-19,,,delivered
ORD004672,2024-10-12,2024-10-17,2024-11-05,2024-11-11,returned
ORD004673,2024-11-07,2024-11-13,,,delivered
ORD004674,2024-12-26,2024-12-31,2025-01-06,2025-01-20,returned
ORD004675,2024-10-08,2024-10-13,,,delivered
ORD004676,2024-06-01,2024-06-03,,,delivered
ORD004677,2024-12-28,2025-01-01,,,delivered
ORD004678,2024-12-27,2024-12-29,,,delivered
ORD004679,2024-11-29,2024-12-05,,,delivered
ORD004680,2024-09-23,2024-09-25,,,delivered
ORD004681,2024-10-12,2024-10-18,,,delivered
ORD004682,2024-11-01,2024-11-08,,,delivered
ORD004683,2024-12-09,2024-12-13,2025-01-02,2025-01-10,returned
ORD004684,2024-12-24,2024-12-29,,,delivered
ORD004685,2024-11-17,2024-11-22,,,delivered
ORD004686,2024-10-15,2024-10-17,2024-11-03,2024-11-10,returned
ORD004687,2024-10-15,2024-10-20,2024-11-05,2024-11-11,returned
ORD004688,2024-05-19,2024-05-21,,,delivered
ORD004689,2024-10-09,2024-10-13,,,delivered
ORD004690,2024-08-22,2024-08-28,,,delivered
ORD004691,2024-11-05,2024-11-07,,,delivered
ORD004692,2024-12-20,2024-12-26,,,delivered
ORD004693,2024-05-29,2024-06-04,,,delivered
ORD004694,2024-10-23,2024-10-28,2024-11-05,2024-11-13,returned
ORD004695,2024-06-20,2024-06-22,,,delivered
ORD004696,2024-11-19,2024-11-25,2024-11-29,2024-12-11,returned
ORD004697,2024-12-06,2024-12-10,,,delivered
ORD004698,2024-10-30,2024-11-04,,,delivered
ORD004699,2024-02-09,2024-02-13,,,delivered
ORD004700,2024-05-19,2024-05-21,,,delivered
ORD004701,2024-09-17,2024-09-19,2024-09-22,2024-10-03,returned
ORD004702,2024-12-28,2024-12-30,,,delivered
ORD004703,2024-10-14,2024-10-18,,,delivered
ORD004704,2024-07-26,2024-08-02,,,delivered
ORD004705,2024-12-05,2024-12-12,,,delivered
ORD004706,2024-03-15,2024-03-21,,,delivered
ORD004707,2024-12-04,2024-12-10,,,delivered
ORD004708,2024-10-07,2024-10-13,2024-10-31,2024-11-08,returned
ORD004709,2024-07-08,2024-07-10,,,delivered
ORD004710,2024-12-27,2024-12-30,,,delivered
ORD004711,2024-11-12,2024-11-19,,,delivered
ORD004712,2025-01-01,2025-01-04,,,delivered
ORD004713,2024-10-16,2024-10-19,,,delivered
ORD004714,2024-11-19,2024-11-22,,,delivered
ORD004715,2024-11-12,2024-11-15,,,delivered
ORD004716,2024-08-11,2024-08-14,2024-08-30,2024-09-13,returned
ORD004717,2024-12-02,2024-12-04,,,delivered
ORD004718,2024-09-23,2024-09-26,,,delivered
ORD004719,2024-09-09,2024-09-16,,,delivered
ORD004720,2024-02-23,2024-02-25,,,delivered
ORD004721,2024-12-09,2024-12-15,,,delivered
ORD004722,2024-08-04,2024-08-08,,,delivered
ORD004723,2024-07-22,2024-07-25,2024-08-08,2024-08-16,returned
ORD004724,2024-12-20,2024-12-23,,,delivered
ORD004725,2024-12-17,2024-12-22,2025-01-05,2025-01-14,returned
ORD004726,2024-11-25,2024-11-28,2024-12-02,2024-12-12,returned
ORD004727,2024-09-02,2024-09-08,,,delivered
ORD004728,2024-06-09,2024-06-12,,,delivered
ORD004729,2024-09-04,2024-09-08,,,delivered
ORD004730,2024-11-09,2024-11-12,2024-11-26,2024-12-10,returned
ORD004731,2024-05-23,2024-05-28,2024-06-09,2024-06-16,returned
ORD004732,2024-11-19,2024-11-21,2024-12-06,2024-12-11,returned
ORD004733,2024-12-02,2024-12-04,2024-12-24,2025-01-07,returned
ORD004734,2024-11-08,2024-11-13,,,delivered
ORD004735,2024-12-24,2024-12-29,,,delivered
ORD004736,2024-12-12,2024-12-14,,,delivered
ORD004737,2024-11-23,2024-11-27,2024-12-02,2024-12-11,returned
ORD004738,2024-11-12,2024-11-19,,,delivered
ORD004739,2024-10-22,2024-10-24,,,delivered
ORD004740,2024-12-29,2025-01-02,,,delivered
ORD004741,2024-11-03,2024-11-05,,,delivered
ORD004742,2024-10-21,2024-10-27,,,delivered
ORD004743,2024-11-09,2024-11-16,,,delivered
ORD004744,2024-06-22,2024-06-27,,,delivered
ORD004745,2024-02-03,2024-02-08,2024-02-20,2024-02-25,returned
ORD004746,2024-08-04,2024-08-07,2024-08-21,2024-08-30,returned
ORD004747,2024-10-27,2024-11-01,,,delivered
ORD004748,2024-07-03,2024-07-05,2024-07-21,2024-07-28,returned
ORD004749,2024-12-01,2024-12-08,,,delivered
ORD004750,2024-12-10,2024-12-17,,,delivered
ORD004751,2024-07-28,2024-07-31,,,delivered
ORD004752,2024-09-19,2024-09-25,,,delivered
ORD004753,2024-08-05,2024-08-08,,,delivered
ORD004754,2024-07-03,2024-07-08,,,delivered
ORD004755,2024-10-28,2024-11-03,,,delivered
ORD004756,2024-09-27,2024-10-03,,,delivered
ORD004757,2024-10-24,2024-10-30,,,delivered
ORD004758,2024-12-20,2024-12-26,,,delivered
ORD004759,2024-11-10,2024-11-14,,,delivered
ORD004760,2024-10-26,2024-11-01,,,delivered
ORD004761,2024-12-07,2024-12-10,,,delivered
ORD004762,2024-12-19,2024-12-21,,,delivered
ORD004763,2024-12-07,2024-12-12,,,delivered
ORD004764,2024-11-21,2024-11-26,2024-12-09,2024-12-16,returned
ORD004765,2024-11-06,2024-11-10,2024-11-27,2024-12-09,returned
ORD004766,2024-11-15,2024-11-20,,,delivered
ORD004767,2024-04-10,2024-04-14,,,delivered
ORD004768,2024-12-25,2024-12-28,,,delivered
ORD004769,2024-09-23,2024-09-29,,,delivered
ORD004770,2024-09-13,2024-09-19,2024-10-02,2024-10-13,returned
ORD004771,2024-11-11,2024-11-17,2024-11-26,2024-12-07,returned
ORD004772,2024-06-20,2024-06-25,,,delivered
ORD004773,2024-07-08,2024-07-12,,,delivered
ORD004774,2024-12-17,2024-12-19,,,delivered
ORD004775,2024-10-19,2024-10-21,2024-10-24,2024-10-30,returned
ORD004776,2024-11-19,2024-11-22,2024-11-27,2024-12-05,returned
ORD004777,2024-07-29,2024-08-05,,,delivered
ORD004778,2024-12-02,2024-12-08,,,delivered
ORD004779,2024-06-17,2024-06-21,,,delivered
ORD004780,2024-11-07,2024-11-14,2024-11-25,2024-12-02,returned
ORD004781,2024-06-01,2024-06-05,,,delivered
ORD004782,2024-08-23,2024-08-30,,,delivered
ORD004783,2024-12-23,2024-12-26,,,delivered
ORD004784,2024-09-15,2024-09-19,,,delivered
ORD004785,2024-02-26,2024-03-01,,,delivered
ORD004786,2024-12-31,2025-01-04,,,delivered
ORD004787,2024-08-06,2024-08-12,,,delivered
ORD004788,2025-01-02,2025-01-09,,,delivered
ORD004789,2024-12-07,2024-12-10,,,delivered
ORD004790,2024-11-05,2024-11-10,,,delivered
ORD004791,2024-11-26,2024-11-29,2024-12-19,2024-12-26,returned
ORD004792,2024-04-04,2024-04-07,,,delivered
ORD004793,2024-04-13,2024-04-17,,,delivered
ORD004794,2024-04-28,2024-04-30,,,delivered
ORD004795,2024-11-17,2024-11-20,,,delivered
ORD004796,2024-11-13,2024-11-20,2024-11-30,2024-12-10,returned
ORD004797,2024-12-29,2024-12-31,,,delivered
ORD004798,2024-06-06,2024-06-08,,,delivered
ORD004799,2024-09-27,2024-09-30,2024-10-12,2024-10-23,returned
ORD004800,2024-12-26,2024-12-28,,,delivered
ORD004801,2024-10-09,2024-10-15,2024-11-05,2024-11-19,returned
ORD004802,2024-05-22,2024-05-29,2024-06-05,2024-06-14,returned
ORD004803,2024-09-12,2024-09-14,,,delivered
ORD004804,2024-08-21,2024-08-26,,,delivered
ORD004805,2024-10-07,2024-10-12,,,delivered
ORD004806,2024-09-17,2024-09-19,,,delivered
ORD004807,2024-09-25,2024-09-27,,,delivered
ORD004808,2024-07-07,2024-07-09,,,delivered
ORD004809,2024-11-12,2024-11-15,,,delivered
ORD004810,2024-09-25,2024-09-28,2024-10-06,2024-10-12,returned
ORD004811,2024-12-24,2024-12-27,,,delivered
ORD004812,2024-10-19,2024-10-25,,,delivered
ORD004813,2024-11-20,2024-11-24,,,delivered
ORD004814,2024-12-06,2024-12-09,,,delivered
ORD004815,2024-10-11,2024-10-16,,,delivered
ORD004816,2024-11-09,2024-11-15,,,delivered
ORD004817,2024-09-13,2024-09-16,,,delivered
ORD004818,2024-08-25,2024-08-28,2024-09-17,2024-09-27,returned
ORD004819,2024-11-19,2024-11-21,,,delivered
ORD004820,2024-12-08,2024-12-11,2024-12-19,2024-12-30,returned
ORD004821,2024-12-16,2024-12-23,,,delivered
ORD004822,2024-10-09,2024-10-14,,,delivered
ORD004823,2024-12-03,2024-12-10,,,delivered
ORD004824,2024-10-08,2024-10-10,,,delivered
ORD004825,2024-07-28,2024-08-01,,,delivered
ORD004826,2024-09-18,2024-09-21,,,delivered
ORD004827,2024-04-23,2024-04-25,,,delivered
ORD004828,2024-10-20,2024-10-27,,,delivered
ORD004829,2024-12-19,2024-12-23,,,delivered
ORD004830,2024-11-22,2024-11-24,,,delivered
ORD004831,2025-01-02,2025-01-07,,,delivered
ORD004832,2024-09-01,2024-09-07,2024-09-24,2024-10-06,returned
ORD004833,2024-07-24,2024-07-30,,,delivered
ORD004834,2024-11-02,2024-11-04,2024-11-10,2024-11-20,returned
ORD004835,2024-03-23,2024-03-25,2024-04-03,2024-04-10,returned
ORD004836,2024-11-12,2024-11-18,,,delivered
ORD004837,2024-10-12,2024-10-15,,,delivered
ORD004838,2024-11-11,2024-11-14,,,delivered
ORD004839,2024-11-29,2024-12-06,,,delivered
ORD004840,2024-11-17,2024-11-20,2024-12-03,2024-12-13,returned
ORD004841,2024-09-26,2024-10-01,,,delivered
ORD004842,2024-09-16,2024-09-23,,,delivered
ORD004843,2024-10-12,2024-10-15,,,delivered
ORD004844,2024-07-07,2024-07-14,,,delivered
ORD004845,2024-12-23,2024-12-30,,,delivered
ORD004846,2024-12-18,2024-12-25,,,delivered
ORD004847,2024-06-12,2024-06-14,2024-06-18,2024-06-28,returned
ORD004848,2024-09-24,2024-09-26,,,delivered
ORD004849,2024-11-16,2024-11-21,2024-12-01,2024-12-08,returned
ORD004850,2024-09-14,2024-09-21,2024-10-11,2024-10-17,returned
ORD004851,2024-06-09,2024-06-13,,,delivered
ORD004852,2024-09-05,2024-09-09,,,delivered
ORD004853,2024-03-31,2024-04-05,,,delivered
ORD004854,2024-06-03,2024-06-10,,,delivered
ORD004855,2024-08-15,2024-08-20,,,delivered
ORD004856,2024-12-05,2024-12-08,,,delivered
ORD004857,2024-06-13,2024-06-18,2024-06-21,2024-06-28,returned
ORD004858,2024-10-28,2024-11-01,,,delivered
ORD004859,2024-09-07,2024-09-11,,,delivered
ORD004860,2024-08-26,2024-09-02,,,delivered
ORD004861,2024-12-02,2024-12-05,,,delivered
ORD004862,2024-05-11,2024-05-17,,,delivered
ORD004863,2024-12-20,2024-12-26,,,delivered
ORD004864,2024-01-09,2024-01-14,,,delivered
ORD004865,2024-09-05,2024-09-11,,,delivered
ORD004866,2024-11-03,2024-11-09,2024-11-23,2024-11-28,returned
ORD004867,2024-12-19,2024-12-26,,,delivered
ORD004868,2024-12-28,2025-01-02,,,delivered
ORD004869,2024-09-20,2024-09-26,2024-10-11,2024-10-25,returned
ORD004870,2024-12-21,2024-12-27,,,delivered
ORD004871,2024-06-27,2024-06-30,,,delivered
ORD004872,2024-12-26,2025-01-01,,,delivered
ORD004873,2024-11-16,2024-11-22,2024-11-28,2024-12-12,returned
ORD004874,2024-08-20,2024-08-26,2024-09-12,2024-09-21,returned
ORD004875,2024-12-17,2024-12-19,,,delivered
ORD004876,2024-02-19,2024-02-22,,,delivered
ORD004877,2024-09-30,2024-10-02,,,delivered
ORD004878,2024-05-06,2024-05-13,,,delivered
ORD004879,2024-08-04,2024-08-06,,,delivered
ORD004880,2024-09-26,2024-09-29,,,delivered
ORD004881,2024-02-06,2024-02-08,,,delivered
ORD004882,2024-12-24,2024-12-28,,,delivered
ORD004883,2024-04-15,2024-04-20,2024-05-03,2024-05-16,returned
ORD004884,2024-03-03,2024-03-06,2024-03-23,2024-03-31,returned
ORD004885,2024-08-05,2024-08-08,,,delivered
ORD004886,2024-07-31,2024-08-03,,,delivered
ORD004887,2024-05-23,2024-05-25,,,delivered
ORD004888,2024-09-18,2024-09-24,2024-10-15,2024-10-29,returned
ORD004889,2024-08-04,2024-08-09,2024-08-25,2024-09-07,returned
ORD004890,2024-06-26,2024-07-02,,,delivered
ORD004891,2024-10-17,2024-10-23,,,delivered
ORD004892,2024-08-27,2024-08-31,,,delivered
ORD004893,2024-09-06,2024-09-08,,,delivered
ORD004894,2024-11-15,2024-11-20,,,delivered
ORD004895,2024-09-29,2024-10-01,,,delivered
ORD004896,2024-05-23,2024-05-30,,,delivered
ORD004897,2024-08-04,2024-08-11,,,delivered
ORD004898,2024-05-22,2024-05-26,2024-05-31,2024-06-09,returned
ORD004899,2024-11-06,2024-11-12,,,delivered
ORD004900,2024-03-22,2024-03-27,,,delivered
ORD004901,2024-09-30,2024-10-06,,,delivered
ORD004902,2024-11-21,2024-11-28,,,delivered
ORD004903,2024-12-20,2024-12-27,,,delivered
ORD004904,2024-10-18,2024-10-25,,,delivered
ORD004905,2024-11-30,2024-12-02,,,delivered
ORD004906,2024-10-22,2024-10-26,2024-11-09,2024-11-21,returned
ORD004907,2024-10-11,2024-10-13,2024-10-17,2024-10-25,returned
ORD004908,2024-12-28,2024-12-30,2025-01-06,2025-01-18,returned
ORD004909,2024-11-09,2024-11-15,,,delivered
ORD004910,2024-09-29,2024-10-01,,,delivered
ORD004911,2024-06-26,2024-07-03,,,delivered
ORD004912,2024-10-08,2024-10-14,,,delivered
ORD004913,2024-05-17,2024-05-23,,,delivered
ORD004914,2024-07-04,2024-07-10,,,delivered
ORD004915,2024-05-16,2024-05-22,,,delivered
ORD004916,2024-12-10,2024-12-14,,,delivered
ORD004917,2024-08-04,2024-08-08,,,delivered
ORD004918,2024-10-09,2024-10-13,,,delivered
ORD004919,2024-07-22,2024-07-25,,,delivered
ORD004920,2024-11-21,2024-11-25,2024-12-16,2024-12-25,returned
ORD004921,2024-12-14,2024-12-17,,,delivered
ORD004922,2024-09-28,2024-09-30,,,delivered
ORD004923,2024-03-04,2024-03-08,,,delivered
ORD004924,2024-05-12,2024-05-18,,,delivered
ORD004925,2024-12-19,2024-12-21,2025-01-06,2025-01-13,returned
ORD004926,2024-10-23,2024-10-25,2024-11-13,2024-11-19,returned
ORD004927,2024-08-26,2024-08-28,,,delivered
ORD004928,2024-12-22,2024-12-26,,,delivered
ORD004929,2024-12-20,2024-12-27,,,delivered
ORD004930,2024-10-23,2024-10-30,2024-11-20,2024-11-26,returned
ORD004931,2024-11-25,2024-11-27,,,delivered
ORD004932,2024-08-05,2024-08-12,,,delivered
ORD004933,2024-11-20,2024-11-24,,,delivered
ORD004934,2024-04-09,2024-04-13,2024-04-17,2024-04-30,returned
ORD004935,2024-10-07,2024-10-09,2024-10-14,2024-10-22,returned
ORD004936,2024-12-27,2024-12-31,,,delivered
ORD004937,2024-04-15,2024-04-22,,,delivered
ORD004938,2024-09-03,2024-09-10,,,delivered
ORD004939,2024-11-21,2024-11-27,,,delivered
ORD004940,2024-07-22,2024-07-27,,,delivered
ORD004941,2024-11-07,2024-11-12,2024-11-23,2024-11-29,returned
ORD004942,2024-09-26,2024-09-29,,,delivered
ORD004943,2024-01-27,2024-01-31,,,delivered
ORD004944,2024-12-19,2024-12-22,,,delivered
ORD004945,2024-10-19,2024-10-26,2024-11-06,2024-11-14,returned
ORD004946,2024-09-17,2024-09-23,,,delivered
ORD004947,2024-12-31,2025-01-03,,,delivered
ORD004948,2024-12-09,2024-12-13,2024-12-22,2025-01-05,returned
ORD004949,2024-05-25,2024-05-30,,,delivered
ORD004950,2024-09-07,2024-09-11,,,delivered
ORD004951,2024-07-11,2024-07-15,,,delivered
ORD004952,2024-08-16,2024-08-22,,,delivered
ORD004953,2024-06-23,2024-06-28,,,delivered
ORD004954,2024-12-18,2024-12-25,,,delivered
ORD004955,2024-10-15,2024-10-19,,,delivered
ORD004956,2024-10-15,2024-10-19,2024-10-29,2024-11-12,returned
ORD004957,2024-09-10,2024-09-17,,,delivered
ORD004958,2024-11-09,2024-11-14,2024-12-03,2024-12-13,returned
ORD004959,2024-07-11,2024-07-14,,,delivered
ORD004960,2024-11-22,2024-11-27,,,delivered
ORD004961,2024-10-29,2024-11-01,2024-11-04,2024-11-18,returned
ORD004962,2024-10-19,2024-10-25,,,delivered
ORD004963,2024-05-18,2024-05-24,2024-05-30,2024-06-06,returned
ORD004964,2024-09-06,2024-09-10,,,delivered
ORD004965,2024-06-21,2024-06-26,,,delivered
ORD004966,2024-12-11,2024-12-15,,,delivered
ORD004967,2024-12-25,2024-12-31,,,delivered
ORD004968,2024-11-22,2024-11-28,,,delivered
ORD004969,2024-08-30,2024-09-01,2024-09-09,2024-09-14,returned
ORD004970,2024-11-29,2024-12-04,,,delivered
ORD004971,2024-12-02,2024-12-09,,,delivered
ORD004972,2024-11-18,2024-11-24,2024-12-10,2024-12-18,returned
ORD004973,2024-12-06,2024-12-08,,,delivered
ORD004974,2024-10-10,2024-10-14,,,delivered
ORD004975,2024-11-25,2024-11-27,,,delivered
ORD004976,2024-08-05,2024-08-10,,,delivered
ORD004977,2024-11-02,2024-11-09,,,delivered
ORD004978,2024-05-07,2024-05-10,,,delivered
ORD004979,2024-09-27,2024-10-02,2024-10-06,2024-10-13,returned
ORD004980,2024-09-07,2024-09-11,,,delivered
ORD004981,2024-11-04,2024-11-07,,,delivered
ORD004982,2024-11-04,2024-11-10,,,delivered
ORD004983,2024-11-19,2024-11-21,2024-12-11,2024-12-22,returned
ORD004984,2024-12-11,2024-12-15,,,delivered
ORD004985,2024-12-30,2025-01-02,,,delivered
ORD004986,2024-11-12,2024-11-17,,,delivered
ORD004987,2024-11-16,2024-11-22,2024-12-09,2024-12-16,returned
ORD004988,2024-12-10,2024-12-13,,,delivered
ORD004989,2024-04-18,2024-04-20,,,delivered
ORD004990,2024-12-31,2025-01-03,,,delivered
ORD004991,2024-11-21,2024-11-28,,,delivered
ORD004992,2024-08-05,2024-08-09,,,delivered
ORD004993,2024-12-21,2024-12-24,2025-01-03,2025-01-08,returned
ORD004994,2024-10-03,2024-10-06,2024-10-14,2024-10-24,returned
ORD004995,2024-04-28,2024-05-04,,,delivered
ORD004996,2024-11-06,2024-11-10,,,delivered
ORD004997,2024-10-03,2024-10-07,,,delivered
ORD004998,2024-08-25,2024-08-28,,,delivered
ORD004999,2024-10-27,2024-10-29,,,delivered
ORD005000,2024-12-31,2025-01-04,,,delivered
ORD005001,2024-12-21,2024-12-27,2025-01-12,2025-01-25,returned
ORD005002,2024-04-03,2024-04-09,,,delivered
ORD005003,2024-10-19,2024-10-25,,,delivered
ORD005004,2024-09-04,2024-09-08,2024-09-16,2024-09-23,returned
ORD005005,2024-06-17,2024-06-24,,,delivered
ORD005006,2024-09-05,2024-09-08,2024-09-13,2024-09-23,returned
ORD005007,2024-12-01,2024-12-04,,,delivered
ORD005008,2024-11-22,2024-11-28,,,delivered
ORD005009,2024-06-22,2024-06-24,,,delivered
ORD005010,2024-11-15,2024-11-22,,,delivered
ORD005011,2024-12-19,2024-12-23,2025-01-13,2025-01-19,returned
ORD005012,2024-12-22,2024-12-24,,,delivered
ORD005013,2024-09-14,2024-09-19,,,delivered
ORD005014,2024-07-30,2024-08-03,,,delivered
ORD005015,2024-12-09,2024-12-16,,,delivered
ORD005016,2024-04-05,2024-04-10,,,delivered
ORD005017,2024-11-20,2024-11-22,,,delivered
ORD005018,2024-11-30,2024-12-05,,,delivered
ORD005019,2024-09-23,2024-09-28,,,delivered
ORD005020,2024-11-02,2024-11-05,,,delivered
ORD005021,2024-12-31,2025-01-02,,,delivered
ORD005022,2024-10-17,2024-10-21,,,delivered
ORD005023,2024-09-06,2024-09-09,2024-09-17,2024-09-30,returned
ORD005024,2024-05-07,2024-05-10,,,delivered
ORD005025,2024-12-11,2024-12-14,,,delivered
ORD005026,2024-08-31,2024-09-07,,,delivered
ORD005027,2024-12-08,2024-12-12,,,delivered
ORD005028,2024-10-14,2024-10-21,2024-11-03,2024-11-10,returned
ORD005029,2024-12-27,2025-01-02,,,delivered
ORD005030,2024-10-14,2024-10-20,2024-11-10,2024-11-18,returned
ORD005031,2024-06-26,2024-06-30,,,delivered
ORD005032,2024-06-06,2024-06-11,,,delivered
ORD005033,2024-07-02,2024-07-07,,,delivered
ORD005034,2024-12-15,2024-12-19,,,delivered
ORD005035,2024-12-24,2024-12-27,,,delivered
ORD005036,2024-12-25,2024-12-28,,,delivered
ORD005037,2024-09-08,2024-09-11,,,delivered
ORD005038,2024-10-06,2024-10-13,,,delivered
ORD005039,2024-12-19,2024-12-24,,,delivered
ORD005040,2024-12-24,2024-12-31,,,delivered
ORD005041,2024-10-03,2024-10-07,,,delivered
ORD005042,2024-11-04,2024-11-09,2024-11-21,2024-11-27,returned
ORD005043,2024-12-03,2024-12-06,,,delivered
ORD005044,2024-06-09,2024-06-16,,,delivered
ORD005045,2024-08-12,2024-08-14,,,delivered
ORD005046,2024-12-04,2024-12-08,,,delivered
ORD005047,2024-09-03,2024-09-06,2024-09-18,2024-09-27,returned
ORD005048,2024-06-22,2024-06-28,,,delivered
ORD005049,2024-10-26,2024-10-28,2024-11-14,2024-11-24,returned
ORD005050,2024-05-11,2024-05-13,,,delivered
ORD005051,2024-07-15,2024-07-18,,,delivered
ORD005052,2024-12-03,2024-12-08,,,delivered
ORD005053,2024-11-22,2024-11-24,,,delivered
ORD005054,2024-12-18,2024-12-25,,,delivered
ORD005055,2024-10-06,2024-10-12,2024-10-18,2024-10-27,returned
ORD005056,2024-11-02,2024-11-04,,,delivered
ORD005057,2024-09-25,2024-09-29,,,delivered
ORD005058,2024-12-14,2024-12-19,,,delivered
ORD005059,2024-11-20,2024-11-27,,,delivered
ORD005060,2024-12-24,2024-12-27,,,delivered
ORD005061,2025-01-01,2025-01-05,2025-01-13,2025-01-25,returned
ORD005062,2024-07-01,2024-07-08,,,delivered
ORD005063,2024-11-08,2024-11-11,,,delivered
ORD005064,2024-09-09,2024-09-13,,,delivered
ORD005065,2024-07-19,2024-07-23,,,delivered
ORD005066,2024-12-22,2024-12-25,,,delivered
ORD005067,2024-03-14,2024-03-19,2024-04-04,2024-04-17,returned
ORD005068,2024-08-15,2024-08-20,2024-09-05,2024-09-17,returned
ORD005069,2024-05-08,2024-05-12,,,delivered
ORD005070,2024-12-08,2024-12-13,,,delivered
ORD005071,2024-12-30,2025-01-02,,,delivered
ORD005072,2024-08-15,2024-08-21,,,delivered
ORD005073,2024-10-30,2024-11-04,2024-11-13,2024-11-18,returned
ORD005074,2024-09-10,2024-09-17,,,delivered
ORD005075,2024-08-07,2024-08-10,2024-08-20,2024-08-27,returned
ORD005076,2024-11-19,2024-11-25,,,delivered
ORD005077,2024-06-15,2024-06-22,,,delivered
ORD005078,2024-05-31,2024-06-06,,,delivered
ORD005079,2024-11-01,2024-11-03,,,delivered
ORD005080,2024-06-22,2024-06-24,2024-07-02,2024-07-13,returned
ORD005081,2024-10-08,2024-10-13,,,delivered
ORD005082,2024-12-06,2024-12-12,,,delivered
ORD005083,2024-12-15,2024-12-20,,,delivered
ORD005084,2024-09-14,2024-09-18,2024-09-30,2024-10-14,returned
ORD005085,2024-10-30,2024-11-05,,,delivered
ORD005086,2024-07-15,2024-07-17,2024-07-29,2024-08-10,returned
ORD005087,2024-10-26,2024-10-31,,,delivered
ORD005088,2024-06-27,2024-07-02,,,delivered
ORD005089,2024-11-24,2024-11-26,2024-12-05,2024-12-18,returned
ORD005090,2024-12-26,2025-01-01,,,delivered
ORD005091,2024-08-31,2024-09-07,,,delivered
ORD005092,2024-11-01,2024-11-06,2024-11-09,2024-11-20,returned
ORD005093,2024-09-23,2024-09-26,2024-10-04,2024-10-17,returned
ORD005094,2024-09-15,2024-09-21,,,delivered
ORD005095,2024-12-24,2024-12-31,,,delivered
ORD005096,2024-08-09,2024-08-11,,,delivered
ORD005097,2024-11-27,2024-11-29,,,delivered
ORD005098,2024-03-09,2024-03-15,,,delivered
ORD005099,2024-12-24,2024-12-29,2025-01-03,2025-01-13,returned
ORD005100,2024-11-08,2024-11-11,,,delivered
ORD005101,2024-12-06,2024-12-09,2024-12-17,2024-12-27,returned
ORD005102,2024-09-28,2024-10-04,,,delivered
ORD005103,2024-09-13,2024-09-15,,,delivered
ORD005104,2024-10-04,2024-10-10,,,delivered
ORD005105,2024-09-08,2024-09-10,,,delivered
ORD005106,2024-07-15,2024-07-21,,,delivered
ORD005107,2024-10-27,2024-10-30,,,delivered
ORD005108,2024-09-08,2024-09-15,,,delivered
ORD005109,2024-12-03,2024-12-07,,,delivered
ORD005110,2024-10-13,2024-10-20,2024-11-07,2024-11-13,returned
ORD005111,2024-12-16,2024-12-19,2024-12-23,2024-12-30,returned
ORD005112,2024-12-26,2024-12-29,,,delivered
ORD005113,2024-07-14,2024-07-21,,,delivered
ORD005114,2024-12-22,2024-12-25,,,delivered
ORD005115,2024-12-21,2024-12-28,,,delivered
ORD005116,2024-12-23,2024-12-30,2025-01-20,2025-01-30,returned
ORD005117,2024-09-10,2024-09-12,,,delivered
ORD005118,2024-11-13,2024-11-20,,,delivered
ORD005119,2024-07-31,2024-08-06,2024-08-13,2024-08-18,returned
ORD005120,2024-11-04,2024-11-07,,,delivered
ORD005121,2024-07-15,2024-07-18,,,delivered
ORD005122,2024-10-22,2024-10-25,,,delivered
ORD005123,2024-11-22,2024-11-26,,,delivered
ORD005124,2024-01-29,2024-02-04,,,delivered
ORD005125,2024-09-10,2024-09-13,,,delivered
ORD005126,2024-12-26,2025-01-01,2025-01-21,2025-02-04,returned
ORD005127,2024-09-28,2024-10-02,,,delivered
ORD005128,2024-11-06,2024-11-08,,,delivered
ORD005129,2024-10-13,2024-10-15,,,delivered
ORD005130,2024-09-21,2024-09-28,,,delivered
ORD005131,2024-12-23,2024-12-29,2025-01-16,2025-01-28,returned
ORD005132,2024-10-17,2024-10-23,,,delivered
ORD005133,2024-09-07,2024-09-12,2024-09-20,2024-10-02,returned
ORD005134,2024-07-29,2024-08-03,2024-08-18,2024-08-30,returned
ORD005135,2024-10-31,2024-11-03,,,delivered
ORD005136,2024-06-10,2024-06-15,,,delivered
ORD005137,2024-12-10,2024-12-17,,,delivered
ORD005138,2024-08-03,2024-08-10,,,delivered
ORD005139,2024-06-13,2024-06-16,,,delivered
ORD005140,2024-11-18,2024-11-24,2024-12-09,2024-12-20,returned
ORD005141,2024-09-30,2024-10-02,,,delivered
ORD005142,2024-06-26,2024-06-30,,,delivered
ORD005143,2024-07-16,2024-07-20,,,delivered
ORD005144,2024-07-29,2024-08-03,,,delivered
ORD005145,2024-10-17,2024-10-22,,,delivered
ORD005146,2024-09-02,2024-09-05,,,delivered
ORD005147,2024-07-24,2024-07-29,,,delivered
ORD005148,2024-10-01,2024-10-03,,,delivered
ORD005149,2024-09-21,2024-09-27,,,delivered
ORD005150,2024-12-01,2024-12-05,,,delivered
ORD005151,2024-12-18,2024-12-25,2025-01-14,2025-01-23,returned
ORD005152,2024-11-06,2024-11-12,,,delivered
ORD005153,2024-07-23,2024-07-25,,,delivered
ORD005154,2024-12-06,2024-12-12,2024-12-29,2025-01-05,returned
ORD005155,2024-11-15,2024-11-18,2024-12-09,2024-12-22,returned
ORD005156,2024-08-28,2024-08-30,,,delivered
ORD005157,2024-12-10,2024-12-12,,,delivered
ORD005158,2024-03-31,2024-04-06,2024-04-17,2024-04-25,returned
ORD005159,2024-12-16,2024-12-19,,,delivered
ORD005160,2024-11-30,2024-12-02,,,delivered
ORD005161,2024-07-24,2024-07-26,2024-08-16,2024-08-29,returned
ORD005162,2024-08-16,2024-08-18,2024-09-04,2024-09-18,returned
ORD005163,2024-11-29,2024-12-02,,,delivered
ORD005164,2024-11-12,2024-11-14,,,delivered
ORD005165,2024-10-31,2024-11-04,,,delivered
ORD005166,2024-10-08,2024-10-13,2024-10-24,2024-11-07,returned
ORD005167,2024-04-03,2024-04-05,,,delivered
ORD005168,2024-12-17,2024-12-21,,,delivered
ORD005169,2024-08-26,2024-08-29,,,delivered
ORD005170,2024-10-21,2024-10-23,,,delivered
ORD005171,2024-12-31,2025-01-03,2025-01-24,2025-02-06,returned
ORD005172,2024-09-06,2024-09-08,,,delivered
ORD005173,2024-10-13,2024-10-20,,,delivered
ORD005174,2024-04-08,2024-04-12,,,delivered
ORD005175,2024-08-16,2024-08-20,,,delivered
ORD005176,2024-11-17,2024-11-22,,,delivered
ORD005177,2024-08-06,2024-08-13,,,delivered
ORD005178,2024-11-27,2024-12-03,,,delivered
ORD005179,2024-08-23,2024-08-30,,,delivered
ORD005180,2024-11-21,2024-11-24,2024-12-05,2024-12-10,returned
ORD005181,2024-10-08,2024-10-15,,,delivered
ORD005182,2024-11-24,2024-11-28,2024-12-04,2024-12-15,returned
ORD005183,2024-11-28,2024-12-01,,,delivered
ORD005184,2024-09-18,2024-09-24,2024-09-30,2024-10-08,returned
ORD005185,2024-11-04,2024-11-06,,,delivered
ORD005186,2024-07-03,2024-07-07,,,delivered
ORD005187,2024-12-23,2024-12-30,,,delivered
ORD005188,2024-09-20,2024-09-24,2024-09-29,2024-10-04,returned
ORD005189,2024-01-15,2024-01-20,,,delivered
ORD005190,2024-11-26,2024-11-29,,,delivered
ORD005191,2024-12-10,2024-12-15,,,delivered
ORD005192,2024-12-29,2025-01-02,,,delivered
ORD005193,2024-11-27,2024-12-01,,,delivered
ORD005194,2024-06-14,2024-06-21,,,delivered
ORD005195,2024-07-16,2024-07-19,,,delivered
ORD005196,2024-12-28,2025-01-03,,,delivered
ORD005197,2024-06-08,2024-06-14,2024-06-28,2024-07-04,returned
ORD005198,2024-11-14,2024-11-17,,,delivered
ORD005199,2024-09-04,2024-09-09,,,delivered
ORD005200,2024-10-25,2024-10-27,,,delivered
