order_id,customer_id,order_date,channel,category,country,gross_revenue,discount,net_revenue,returned,status
ORD000001,CUST03725,2024-09-23,google,tops,NL,45.18,0.0,45.18,False,completed
ORD000002,CUST01502,2024-06-05,google,bottoms,US,60.76,0.0,60.76,False,completed
ORD000003,CUST02642,2024-09-23,meta,outerwear,DE,173.77,0.0,173.77,False,completed
ORD000004,CUST01494,2024-05-31,referral,accessories,CA,30.52,0.0,30.52,False,completed
ORD000005,CUST00379,2024-10-25,organic,outerwear,FR,100.81,0.0,15.12,True,returned
ORD000006,CUST01046,2024-12-02,tiktok,tops,GB,41.1,0.0,41.1,False,completed
ORD000007,CUST00762,2024-11-02,email,bottoms,FR,60.66,0.0,9.1,True,returned
ORD000008,CUST03571,2024-03-31,tiktok,outerwear,US,150.97,0.0,150.97,False,completed
ORD000009,CUST03551,2024-09-26,tiktok,tops,US,52.93,5.43,47.5,False,completed
ORD000010,CUST00801,2024-06-11,email,tops,US,39.65,0.0,39.65,False,completed
ORD000011,CUST00733,2024-12-16,meta,tops,US,52.65,0.0,52.65,False,completed
ORD000012,CUST00626,2024-08-19,meta,footwear,GB,89.69,0.0,13.45,True,returned
ORD000013,CUST03139,2024-04-23,meta,bottoms,GB,53.08,6.38,46.7,False,completed
ORD000014,CUST00199,2024-10-11,organic,tops,US,40.76,0.0,40.76,False,completed
ORD000015,CUST03418,2024-12-02,email,outerwear,US,122.81,0.0,122.81,False,completed
ORD000016,CUST00718,2024-07-09,organic,outerwear,FR,111.56,0.0,111.56,False,completed
ORD000017,CUST00174,2024-11-09,meta,footwear,GB,81.79,0.0,12.27,True,returned
ORD000018,CUST02007,2024-09-21,email,accessories,DE,43.41,0.0,43.41,False,completed
ORD000019,CUST03641,2024-10-09,meta,bottoms,GB,85.66,0.0,85.66,False,completed
ORD000020,CUST02366,2024-12-20,meta,accessories,US,39.35,0.0,5.9,True,returned
ORD000021,CUST00684,2024-11-26,organic,accessories,GB,31.53,0.0,4.73,True,returned
ORD000022,CUST00301,2024-12-23,tiktok,footwear,GB,132.62,0.0,19.89,True,returned
ORD000023,CUST01568,2024-08-09,meta,tops,GB,36.86,0.0,36.86,False,completed
ORD000024,CUST00883,2024-11-11,meta,accessories,US,49.01,0.0,49.01,False,completed
ORD000025,CUST03108,2024-12-26,tiktok,tops,GB,64.58,15.18,49.4,False,completed
ORD000026,CUST03702,2024-12-16,google,tops,GB,50.37,0.0,50.37,False,completed
ORD000027,CUST01522,2024-05-01,meta,bottoms,FR,73.62,0.0,11.04,True,returned
ORD000028,CUST03675,2024-10-08,google,tops,US,37.91,0.0,37.91,False,completed
ORD000029,CUST01584,2024-11-15,organic,accessories,GB,30.19,0.0,30.19,False,completed
ORD000030,CUST03364,2024-12-04,google,outerwear,FR,99.89,0.0,99.89,False,completed
ORD000031,CUST03471,2024-12-03,meta,tops,NL,47.93,0.0,47.93,False,completed
ORD000032,CUST00046,2024-06-19,meta,tops,US,61.6,8.18,1.06,True,returned
ORD000033,CUST02135,2024-08-28,meta,tops,US,50.52,0.0,50.52,False,completed
ORD000034,CUST02547,2024-10-28,google,tops,NL,37.83,0.0,37.83,False,completed
ORD000035,CUST00506,2024-12-11,referral,bottoms,CA,77.35,0.0,77.35,False,completed
ORD000036,CUST00149,2024-12-22,meta,accessories,GB,48.4,11.87,36.53,False,completed
ORD000037,CUST03379,2024-09-01,tiktok,bottoms,GB,89.14,0.0,89.14,False,completed
ORD000038,CUST00590,2024-02-29,meta,accessories,DE,33.5,4.46,29.04,False,completed
ORD000039,CUST00181,2024-06-05,organic,tops,GB,40.79,0.0,40.79,False,completed
ORD000040,CUST00794,2024-09-02,email,accessories,GB,52.73,0.0,52.73,False,completed
ORD000041,CUST02328,2024-07-22,meta,footwear,GB,87.16,9.21,77.95,False,completed
ORD000042,CUST02979,2024-11-16,tiktok,accessories,NL,34.13,6.86,27.27,False,completed
ORD000043,CUST00468,2024-09-04,organic,outerwear,DE,173.92,0.0,173.92,False,completed
ORD000044,CUST02982,2024-10-16,google,accessories,DE,54.76,0.0,54.76,False,completed
ORD000045,CUST02288,2024-12-04,tiktok,accessories,US,50.8,0.0,50.8,False,completed
ORD000046,CUST02158,2024-08-11,meta,outerwear,GB,176.19,0.0,176.19,False,completed
ORD000047,CUST03303,2024-12-27,meta,accessories,US,34.87,4.91,29.96,False,completed
ORD000048,CUST02085,2024-09-08,google,bottoms,GB,89.66,0.0,89.66,False,completed
ORD000049,CUST02424,2024-10-29,organic,accessories,GB,35.21,0.0,35.21,False,completed
ORD000050,CUST02274,2024-10-02,meta,accessories,US,34.13,0.0,34.13,False,completed
ORD000051,CUST00628,2024-10-15,tiktok,outerwear,US,144.56,26.74,117.82,False,completed
ORD000052,CUST01226,2024-11-26,organic,tops,GB,58.43,0.0,58.43,False,completed
ORD000053,CUST02716,2024-08-15,meta,accessories,GB,53.93,8.89,-0.8,True,returned
ORD000054,CUST01697,2024-09-06,email,footwear,US,96.03,0.0,96.03,False,completed
ORD000055,CUST01262,2024-08-21,meta,bottoms,DE,103.89,13.72,90.17,False,completed
ORD000056,CUST01762,2024-10-18,meta,tops,US,57.98,8.64,0.06,True,returned
ORD000057,CUST01544,2024-12-24,meta,tops,GB,38.96,7.05,31.91,False,completed
ORD000058,CUST02018,2024-05-24,google,footwear,DE,129.14,0.0,129.14,False,completed
ORD000059,CUST00623,2024-10-12,email,tops,NL,42.39,0.0,42.39,False,completed
ORD000060,CUST03456,2024-06-07,tiktok,outerwear,US,184.14,0.0,184.14,False,completed
ORD000061,CUST00359,2024-06-05,meta,tops,GB,47.15,0.0,7.07,True,returned
ORD000062,CUST00338,2024-03-22,organic,outerwear,US,174.86,0.0,174.86,False,completed
ORD000063,CUST00697,2024-11-03,google,accessories,GB,41.73,0.0,41.73,False,completed
ORD000064,CUST01194,2024-12-25,meta,tops,DE,58.06,0.0,8.71,True,returned
ORD000065,CUST03492,2024-08-14,tiktok,tops,GB,63.94,0.0,63.94,False,completed
ORD000066,CUST00917,2024-11-18,meta,tops,CA,50.16,8.57,41.59,False,completed
ORD000067,CUST01854,2024-12-02,google,footwear,US,94.06,0.0,94.06,False,completed
ORD000068,CUST03337,2024-09-17,email,bottoms,GB,100.39,0.0,100.39,False,completed
ORD000069,CUST03470,2024-09-12,google,outerwear,NL,116.21,0.0,116.21,False,completed
ORD000070,CUST02881,2024-04-29,organic,tops,US,38.11,0.0,38.11,False,completed
ORD000071,CUST00605,2024-02-17,referral,footwear,US,81.08,0.0,81.08,False,completed
ORD000072,CUST01158,2024-11-22,email,outerwear,US,151.61,0.0,151.61,False,completed
ORD000073,CUST01784,2024-11-25,referral,tops,US,59.2,0.0,59.2,False,completed
ORD000074,CUST02262,2024-11-07,tiktok,footwear,US,87.1,10.76,76.34,False,completed
ORD000075,CUST00785,2024-06-19,google,tops,FR,37.13,0.0,37.13,False,completed
ORD000076,CUST01033,2024-10-27,meta,tops,DE,53.91,11.13,42.78,False,completed
ORD000077,CUST01326,2024-10-04,meta,tops,GB,47.77,7.03,40.74,False,completed
ORD000078,CUST03750,2024-12-03,organic,accessories,US,33.15,0.0,33.15,False,completed
ORD000079,CUST00673,2024-04-10,google,bottoms,GB,77.32,0.0,77.32,False,completed
ORD000080,CUST00607,2024-09-27,organic,accessories,GB,34.72,0.0,34.72,False,completed
ORD000081,CUST01139,2024-09-23,meta,outerwear,GB,136.12,0.0,136.12,False,completed
ORD000082,CUST02914,2024-12-08,meta,accessories,GB,38.44,0.0,5.77,True,returned
ORD000083,CUST03377,2024-12-22,referral,tops,GB,41.32,0.0,41.32,False,completed
ORD000084,CUST03514,2024-11-16,organic,bottoms,GB,98.26,0.0,98.26,False,completed
ORD000085,CUST02509,2024-12-04,meta,tops,GB,63.71,15.58,48.13,False,completed
ORD000086,CUST02421,2024-09-20,meta,tops,FR,71.88,7.38,64.5,False,completed
ORD000087,CUST02414,2024-11-03,google,footwear,US,76.52,0.0,76.52,False,completed
ORD000088,CUST01710,2024-08-14,meta,footwear,US,115.83,21.85,-4.48,True,returned
ORD000089,CUST01841,2024-09-26,organic,bottoms,US,85.91,0.0,12.89,True,returned
ORD000090,CUST00940,2024-12-19,tiktok,tops,GB,45.55,11.06,34.49,False,completed
ORD000091,CUST01841,2024-09-21,organic,bottoms,US,74.36,0.0,74.36,False,completed
ORD000092,CUST03287,2024-12-01,referral,tops,AU,65.32,0.0,65.32,False,completed
ORD000093,CUST01708,2024-09-23,meta,bottoms,GB,101.54,0.0,101.54,False,completed
ORD000094,CUST01255,2024-12-18,tiktok,outerwear,FR,100.91,20.1,80.81,False,completed
ORD000095,CUST01178,2024-07-18,meta,accessories,GB,53.92,0.0,53.92,False,completed
ORD000096,CUST00726,2024-12-20,email,outerwear,GB,97.36,0.0,97.36,False,completed
ORD000097,CUST01347,2024-10-30,google,tops,US,53.28,0.0,7.99,True,returned
ORD000098,CUST03070,2024-08-19,google,tops,GB,46.52,0.0,46.52,False,completed
ORD000099,CUST00663,2024-08-29,google,tops,GB,41.9,0.0,6.29,True,returned
ORD000100,CUST01183,2024-10-11,google,footwear,US,121.79,0.0,121.79,False,completed
ORD000101,CUST00313,2024-10-22,meta,accessories,GB,51.88,11.25,-3.47,True,returned
ORD000102,CUST03254,2024-07-03,meta,footwear,GB,80.16,17.23,62.93,False,completed
ORD000103,CUST03193,2024-11-19,google,bottoms,US,58.35,0.0,58.35,False,completed
ORD000104,CUST01140,2024-12-06,google,tops,DE,64.4,0.0,64.4,False,completed
ORD000105,CUST01589,2024-12-27,google,tops,AU,70.02,0.0,70.02,False,completed
ORD000106,CUST03732,2024-10-10,google,accessories,GB,50.21,0.0,7.53,True,returned
ORD000107,CUST00260,2024-05-28,tiktok,tops,US,41.77,0.0,41.77,False,completed
ORD000108,CUST01961,2024-12-21,meta,bottoms,FR,69.69,0.0,69.69,False,completed
ORD000109,CUST00425,2024-12-11,meta,accessories,GB,39.27,0.0,5.89,True,returned
ORD000110,CUST01981,2024-12-20,meta,outerwear,GB,102.42,20.34,82.08,False,completed
ORD000111,CUST03740,2024-12-29,tiktok,bottoms,NL,92.08,0.0,92.08,False,completed
ORD000112,CUST00816,2024-02-09,meta,tops,US,42.77,8.54,34.23,False,completed
ORD000113,CUST01526,2024-11-14,tiktok,bottoms,NL,95.55,0.0,95.55,False,completed
ORD000114,CUST00350,2024-07-07,google,accessories,GB,44.65,0.0,44.65,False,completed
ORD000115,CUST00478,2024-11-12,google,tops,US,53.8,0.0,53.8,False,completed
ORD000116,CUST02974,2024-12-24,google,bottoms,FR,84.5,0.0,12.67,True,returned
ORD000117,CUST03422,2024-12-09,email,tops,NL,55.33,0.0,55.33,False,completed
ORD000118,CUST00160,2024-08-14,google,tops,US,46.81,0.0,46.81,False,completed
ORD000119,CUST00561,2024-08-21,email,accessories,DE,55.98,0.0,55.98,False,completed
ORD000120,CUST03481,2024-06-16,tiktok,footwear,NL,142.21,0.0,142.21,False,completed
ORD000121,CUST03026,2024-11-22,meta,bottoms,GB,53.36,6.08,1.92,True,returned
ORD000122,CUST00563,2024-10-01,organic,outerwear,US,177.75,0.0,177.75,False,completed
ORD000123,CUST00390,2024-12-30,organic,tops,FR,48.02,0.0,48.02,False,completed
ORD000124,CUST00749,2024-12-26,google,tops,US,64.81,0.0,64.81,False,completed
ORD000125,CUST01133,2024-11-26,organic,accessories,US,43.41,0.0,43.41,False,completed
ORD000126,CUST03520,2024-03-04,organic,accessories,GB,43.37,0.0,43.37,False,completed
ORD000127,CUST02829,2024-09-02,referral,tops,FR,55.89,0.0,55.89,False,completed
ORD000128,CUST03668,2024-10-23,organic,accessories,US,29.14,0.0,29.14,False,completed
ORD000129,CUST01722,2024-09-16,tiktok,outerwear,FR,121.83,29.53,-11.26,True,returned
ORD000130,CUST02410,2024-01-28,google,tops,US,53.17,0.0,53.17,False,completed
ORD000131,CUST01480,2024-09-09,google,bottoms,DE,65.74,0.0,65.74,False,completed
ORD000132,CUST02299,2024-12-21,google,accessories,CA,30.3,0.0,30.3,False,completed
ORD000133,CUST02657,2024-12-22,google,outerwear,NL,105.97,0.0,105.97,False,completed
ORD000134,CUST01927,2024-09-22,meta,outerwear,US,108.16,0.0,108.16,False,completed
ORD000135,CUST02796,2024-08-29,google,tops,AU,50.68,0.0,50.68,False,completed
ORD000136,CUST03585,2024-10-17,meta,outerwear,GB,166.07,0.0,166.07,False,completed
ORD000137,CUST00975,2024-07-23,tiktok,bottoms,GB,83.89,0.0,83.89,False,completed
ORD000138,CUST01199,2024-09-10,meta,tops,DE,71.05,0.0,71.05,False,completed
ORD000139,CUST01104,2024-06-10,tiktok,outerwear,GB,181.4,34.61,146.79,False,completed
ORD000140,CUST00006,2024-12-29,google,tops,FR,57.27,0.0,57.27,False,completed
ORD000141,CUST02832,2024-04-07,meta,outerwear,DE,174.19,0.0,174.19,False,completed
ORD000142,CUST01020,2024-06-08,google,outerwear,GB,118.16,0.0,118.16,False,completed
ORD000143,CUST00191,2024-09-06,google,outerwear,US,108.76,0.0,108.76,False,completed
ORD000144,CUST00462,2024-12-15,google,tops,CA,43.57,0.0,6.54,True,returned
ORD000145,CUST02852,2024-11-10,meta,bottoms,DE,69.75,13.75,56.0,False,completed
ORD000146,CUST00505,2024-12-28,google,bottoms,DE,102.82,0.0,102.82,False,completed
ORD000147,CUST02126,2024-12-09,meta,tops,FR,59.87,9.48,50.39,False,completed
ORD000148,CUST00771,2024-12-30,meta,outerwear,FR,186.89,0.0,28.03,True,returned
ORD000149,CUST01122,2024-11-25,google,tops,US,36.11,0.0,36.11,False,completed
ORD000150,CUST00252,2024-10-01,google,outerwear,GB,146.33,0.0,146.33,False,completed
ORD000151,CUST00453,2024-12-30,organic,tops,US,46.2,0.0,46.2,False,completed
ORD000152,CUST03151,2024-10-06,google,bottoms,DE,91.66,0.0,13.75,True,returned
ORD000153,CUST01862,2024-09-16,google,bottoms,US,63.66,0.0,63.66,False,completed
ORD000154,CUST03539,2024-12-04,tiktok,accessories,GB,54.98,0.0,54.98,False,completed
ORD000155,CUST01795,2024-12-29,meta,tops,GB,64.12,15.9,48.22,False,completed
ORD000156,CUST02260,2024-11-17,organic,outerwear,US,109.89,0.0,109.89,False,completed
ORD000157,CUST01519,2024-12-16,meta,tops,CA,39.56,0.0,39.56,False,completed
ORD000158,CUST01271,2024-12-02,tiktok,tops,US,56.42,8.04,48.38,False,completed
ORD000159,CUST03317,2024-09-22,organic,accessories,US,46.72,0.0,46.72,False,completed
ORD000160,CUST02514,2024-10-09,google,accessories,CA,42.84,0.0,42.84,False,completed
ORD000161,CUST02036,2024-12-17,meta,tops,GB,70.51,0.0,70.51,False,completed
ORD000162,CUST02269,2024-10-09,tiktok,outerwear,US,96.14,14.03,0.39,True,returned
ORD000163,CUST03131,2024-10-04,google,tops,US,64.97,0.0,64.97,False,completed
ORD000164,CUST02576,2024-06-17,meta,outerwear,GB,188.22,29.55,158.67,False,completed
ORD000165,CUST02559,2024-08-20,organic,accessories,GB,37.09,0.0,37.09,False,completed
ORD000166,CUST01462,2024-08-13,organic,accessories,AU,42.91,0.0,42.91,False,completed
ORD000167,CUST01765,2024-11-09,organic,tops,GB,38.75,0.0,38.75,False,completed
ORD000168,CUST00562,2024-10-19,google,bottoms,GB,54.28,0.0,54.28,False,completed
ORD000169,CUST02192,2024-12-20,tiktok,tops,GB,60.51,7.28,53.23,False,completed
ORD000170,CUST03023,2024-08-10,google,tops,DE,39.49,0.0,39.49,False,completed
ORD000171,CUST03761,2024-10-28,tiktok,bottoms,US,103.55,0.0,103.55,False,completed
ORD000172,CUST03659,2024-08-04,organic,tops,US,69.25,0.0,69.25,False,completed
ORD000173,CUST00384,2024-12-21,meta,tops,US,57.54,0.0,57.54,False,completed
ORD000174,CUST00988,2024-10-09,meta,bottoms,FR,66.41,0.0,9.96,True,returned
ORD000175,CUST02985,2024-05-10,google,footwear,AU,107.25,0.0,107.25,False,completed
ORD000176,CUST03260,2024-07-25,organic,accessories,US,30.8,0.0,30.8,False,completed
ORD000177,CUST00940,2024-12-18,tiktok,tops,GB,51.38,8.62,42.76,False,completed
ORD000178,CUST02851,2024-05-01,email,tops,GB,39.51,0.0,39.51,False,completed
ORD000179,CUST00088,2024-12-12,meta,tops,GB,42.19,0.0,6.33,True,returned
ORD000180,CUST03001,2024-08-05,meta,tops,NL,43.53,0.0,6.53,True,returned
ORD000181,CUST02711,2024-07-05,google,tops,US,40.84,0.0,6.13,True,returned
ORD000182,CUST03737,2024-12-03,tiktok,tops,AU,58.58,11.89,46.69,False,completed
ORD000183,CUST00631,2024-07-13,meta,accessories,FR,32.45,3.42,29.03,False,completed
ORD000184,CUST00718,2024-11-07,organic,tops,FR,63.52,0.0,63.52,False,completed
ORD000185,CUST00630,2024-10-17,organic,tops,US,44.25,0.0,44.25,False,completed
ORD000186,CUST01091,2024-11-28,organic,bottoms,US,80.86,0.0,80.86,False,completed
ORD000187,CUST03691,2024-11-18,organic,accessories,GB,53.68,0.0,53.68,False,completed
ORD000188,CUST03631,2024-07-01,google,tops,GB,71.9,0.0,71.9,False,completed
ORD000189,CUST02324,2024-10-13,tiktok,footwear,GB,102.59,0.0,102.59,False,completed
ORD000190,CUST01144,2024-09-13,meta,tops,NL,43.71,0.0,43.71,False,completed
ORD000191,CUST00083,2024-06-04,tiktok,bottoms,AU,71.53,0.0,71.53,False,completed
ORD000192,CUST03583,2024-10-29,meta,tops,GB,61.0,12.51,48.49,False,completed
ORD000193,CUST03511,2024-10-10,meta,outerwear,GB,133.88,0.0,133.88,False,completed
ORD000194,CUST03346,2024-05-26,google,tops,GB,42.47,0.0,42.47,False,completed
ORD000195,CUST03273,2024-07-26,meta,tops,CA,37.83,0.0,37.83,False,completed
ORD000196,CUST00304,2024-08-30,tiktok,bottoms,GB,56.35,7.84,48.51,False,completed
ORD000197,CUST02249,2024-10-25,meta,accessories,US,29.23,0.0,29.23,False,completed
ORD000198,CUST00573,2024-12-13,tiktok,accessories,GB,47.57,7.91,-0.77,True,returned
ORD000199,CUST01730,2024-12-28,google,tops,US,63.37,0.0,63.37,False,completed
ORD000200,CUST02791,2024-10-01,google,footwear,FR,96.31,0.0,14.45,True,returned
ORD000201,CUST00048,2024-11-24,email,tops,AU,59.94,0.0,8.99,True,returned
ORD000202,CUST03317,2024-12-24,organic,tops,US,47.61,0.0,47.61,False,completed
ORD000203,CUST03310,2024-11-30,meta,outerwear,GB,103.93,0.0,15.59,True,returned
ORD000204,CUST00403,2024-12-07,google,accessories,FR,43.09,0.0,43.09,False,completed
ORD000205,CUST03226,2024-09-24,meta,outerwear,US,154.07,0.0,154.07,False,completed
ORD000206,CUST01282,2024-09-20,referral,outerwear,GB,172.29,0.0,172.29,False,completed
ORD000207,CUST01188,2024-10-28,tiktok,tops,US,39.06,0.0,39.06,False,completed
ORD000208,CUST02361,2024-11-23,email,bottoms,CA,77.54,0.0,77.54,False,completed
ORD000209,CUST00314,2024-07-13,meta,tops,US,63.48,0.0,63.48,False,completed
ORD000210,CUST01287,2024-09-03,organic,bottoms,GB,78.37,0.0,78.37,False,completed
ORD000211,CUST00181,2024-09-28,organic,tops,GB,59.83,0.0,59.83,False,completed
ORD000212,CUST01548,2024-12-06,google,outerwear,FR,104.51,0.0,104.51,False,completed
ORD000213,CUST01127,2024-10-15,google,tops,FR,49.6,0.0,7.44,True,returned
ORD000214,CUST01692,2024-09-18,meta,accessories,NL,42.33,4.54,37.79,False,completed
ORD000215,CUST01271,2024-11-09,tiktok,accessories,US,38.51,0.0,5.78,True,returned
ORD000216,CUST02561,2024-11-14,organic,tops,US,43.48,0.0,43.48,False,completed
ORD000217,CUST03507,2024-12-26,meta,outerwear,NL,155.34,30.08,125.26,False,completed
ORD000218,CUST02607,2024-10-16,meta,tops,DE,38.32,4.54,1.21,True,returned
ORD000219,CUST01605,2024-11-05,email,accessories,US,31.48,0.0,31.48,False,completed
ORD000220,CUST02168,2024-06-09,meta,tops,US,62.4,0.0,62.4,False,completed
ORD000221,CUST02243,2024-11-22,google,bottoms,DE,100.41,0.0,100.41,False,completed
ORD000222,CUST01549,2024-11-18,google,accessories,FR,42.79,0.0,6.42,True,returned
ORD000223,CUST01097,2024-05-23,google,tops,GB,38.36,0.0,38.36,False,completed
ORD000224,CUST02536,2024-10-04,google,tops,NL,42.15,0.0,42.15,False,completed
ORD000225,CUST02743,2024-12-23,google,outerwear,DE,135.13,0.0,135.13,False,completed
ORD000226,CUST00995,2024-10-03,organic,accessories,US,31.65,0.0,31.65,False,completed
ORD000227,CUST03462,2024-08-26,google,bottoms,US,57.41,0.0,57.41,False,completed
ORD000228,CUST01032,2024-02-16,tiktok,bottoms,GB,54.12,0.0,54.12,False,completed
ORD000229,CUST02588,2024-10-24,meta,tops,DE,70.06,16.19,53.87,False,completed
ORD000230,CUST00765,2024-10-13,meta,accessories,DE,48.19,0.0,48.19,False,completed
ORD000231,CUST00766,2024-06-03,meta,tops,CA,67.16,0.0,67.16,False,completed
ORD000232,CUST01925,2024-06-27,meta,bottoms,US,93.19,0.0,93.19,False,completed
ORD000233,CUST03338,2024-09-05,tiktok,bottoms,US,99.74,0.0,99.74,False,completed
ORD000234,CUST01509,2024-08-02,google,outerwear,DE,144.09,0.0,144.09,False,completed
ORD000235,CUST01129,2024-12-01,meta,outerwear,NL,108.89,0.0,108.89,False,completed
ORD000236,CUST02760,2024-11-20,meta,tops,NL,60.73,0.0,9.11,True,returned
ORD000237,CUST00979,2024-07-30,meta,footwear,GB,87.04,19.52,67.52,False,completed
ORD000238,CUST01056,2024-11-06,google,bottoms,US,88.86,0.0,88.86,False,completed
ORD000239,CUST00909,2024-10-17,organic,accessories,DE,30.52,0.0,30.52,False,completed
ORD000240,CUST01863,2024-11-12,google,bottoms,GB,97.69,0.0,14.65,True,returned
ORD000241,CUST00198,2024-11-27,organic,footwear,GB,89.36,0.0,89.36,False,completed
ORD000242,CUST02781,2024-07-06,meta,bottoms,US,59.0,0.0,59.0,False,completed
ORD000243,CUST00161,2024-12-12,organic,bottoms,FR,53.81,0.0,8.07,True,returned
ORD000244,CUST00344,2024-11-24,meta,accessories,GB,41.91,0.0,41.91,False,completed
ORD000245,CUST00391,2024-09-20,tiktok,footwear,NL,133.8,0.0,133.8,False,completed
ORD000246,CUST02149,2024-03-10,organic,tops,US,42.65,0.0,42.65,False,completed
ORD000247,CUST03321,2024-11-30,meta,outerwear,GB,128.12,0.0,128.12,False,completed
ORD000248,CUST03431,2024-11-15,google,bottoms,DE,52.68,0.0,52.68,False,completed
ORD000249,CUST01368,2024-11-23,organic,outerwear,US,143.75,0.0,143.75,False,completed
ORD000250,CUST03372,2024-11-04,meta,tops,DE,62.09,11.99,50.1,False,completed
ORD000251,CUST00876,2024-12-04,organic,bottoms,GB,93.19,0.0,93.19,False,completed
ORD000252,CUST00238,2024-02-28,google,bottoms,CA,55.69,0.0,8.35,True,returned
ORD000253,CUST02155,2024-09-19,tiktok,tops,US,46.52,0.0,46.52,False,completed
ORD000254,CUST01405,2024-10-17,meta,outerwear,US,168.63,35.15,133.48,False,completed
ORD000255,CUST00884,2024-11-09,meta,outerwear,NL,110.2,16.6,-0.07,True,returned
ORD000256,CUST00315,2024-09-29,google,tops,AU,37.31,0.0,37.31,False,completed
ORD000257,CUST02994,2024-09-20,meta,tops,US,55.3,8.57,46.73,False,completed
ORD000258,CUST00088,2024-10-09,meta,tops,GB,69.68,0.0,69.68,False,completed
ORD000259,CUST03047,2024-08-27,google,bottoms,US,56.99,0.0,56.99,False,completed
ORD000260,CUST01748,2024-12-29,organic,accessories,GB,54.29,0.0,54.29,False,completed
ORD000261,CUST03584,2024-06-01,tiktok,bottoms,DE,62.57,0.0,62.57,False,completed
ORD000262,CUST00363,2024-05-19,meta,bottoms,DE,87.62,0.0,13.14,True,returned
ORD000263,CUST00872,2024-02-27,tiktok,footwear,NL,127.27,13.72,113.55,False,completed
ORD000264,CUST01761,2024-12-17,google,outerwear,GB,137.88,0.0,20.68,True,returned
ORD000265,CUST02566,2024-12-29,organic,bottoms,GB,91.68,0.0,91.68,False,completed
ORD000266,CUST00585,2024-11-19,meta,tops,AU,54.88,0.0,8.23,True,returned
ORD000267,CUST00166,2024-06-18,organic,tops,AU,68.27,0.0,10.24,True,returned
ORD000268,CUST02162,2024-10-25,google,accessories,GB,37.59,0.0,37.59,False,completed
ORD000269,CUST03535,2024-12-09,meta,outerwear,US,146.75,28.88,117.87,False,completed
ORD000270,CUST02518,2024-12-09,meta,tops,US,39.69,0.0,39.69,False,completed
ORD000271,CUST00074,2024-12-23,email,accessories,NL,42.21,0.0,42.21,False,completed
ORD000272,CUST02380,2024-11-18,meta,tops,US,46.42,0.0,46.42,False,completed
ORD000273,CUST02928,2024-10-22,meta,footwear,US,113.97,0.0,17.1,True,returned
ORD000274,CUST02893,2024-12-09,email,outerwear,CA,156.09,0.0,156.09,False,completed
ORD000275,CUST02346,2024-10-29,organic,accessories,AU,46.39,0.0,46.39,False,completed
ORD000276,CUST02629,2024-12-06,meta,tops,US,54.8,0.0,8.22,True,returned
ORD000277,CUST02373,2024-07-10,meta,outerwear,GB,150.6,0.0,22.59,True,returned
ORD000278,CUST01206,2024-07-10,google,accessories,FR,52.85,0.0,52.85,False,completed
ORD000279,CUST03246,2024-12-12,google,tops,AU,42.3,0.0,42.3,False,completed
ORD000280,CUST00758,2024-12-17,organic,accessories,AU,50.94,0.0,50.94,False,completed
ORD000281,CUST00579,2024-12-28,meta,footwear,GB,101.1,0.0,101.1,False,completed
ORD000282,CUST01671,2024-05-28,google,footwear,NL,106.05,0.0,106.05,False,completed
ORD000283,CUST00483,2024-12-04,google,accessories,FR,55.23,0.0,8.28,True,returned
ORD000284,CUST01811,2024-11-25,tiktok,outerwear,GB,125.71,0.0,125.71,False,completed
ORD000285,CUST02130,2024-12-17,organic,tops,US,60.13,0.0,60.13,False,completed
ORD000286,CUST01482,2024-12-30,meta,tops,GB,70.2,0.0,10.53,True,returned
ORD000287,CUST03101,2024-09-07,tiktok,accessories,US,55.47,0.0,55.47,False,completed
ORD000288,CUST01670,2024-12-21,meta,outerwear,GB,190.23,0.0,190.23,False,completed
ORD000289,CUST01779,2024-10-29,google,tops,AU,64.97,0.0,64.97,False,completed
ORD000290,CUST01664,2024-10-25,google,accessories,DE,43.25,0.0,43.25,False,completed
ORD000291,CUST02708,2024-08-27,organic,tops,FR,55.82,0.0,55.82,False,completed
ORD000292,CUST01412,2024-11-14,meta,outerwear,AU,184.65,0.0,27.7,True,returned
ORD000293,CUST03313,2024-10-23,referral,tops,GB,65.9,0.0,65.9,False,completed
ORD000294,CUST03140,2024-10-28,meta,accessories,US,36.78,0.0,36.78,False,completed
ORD000295,CUST00493,2024-10-11,google,accessories,CA,49.76,0.0,49.76,False,completed
ORD000296,CUST00611,2024-11-19,meta,outerwear,US,170.22,39.98,130.24,False,completed
ORD000297,CUST03501,2024-04-27,referral,accessories,DE,32.6,0.0,32.6,False,completed
ORD000298,CUST00005,2024-10-05,tiktok,outerwear,US,145.33,0.0,145.33,False,completed
ORD000299,CUST01595,2024-10-02,tiktok,footwear,NL,80.41,10.48,69.93,False,completed
ORD000300,CUST00333,2024-11-05,meta,tops,DE,58.03,0.0,58.03,False,completed
ORD000301,CUST00105,2024-08-28,google,footwear,DE,99.01,0.0,14.85,True,returned
ORD000302,CUST02656,2024-11-18,email,tops,DE,58.68,0.0,58.68,False,completed
ORD000303,CUST03022,2024-09-01,meta,tops,US,50.68,0.0,7.6,True,returned
ORD000304,CUST00803,2024-12-15,organic,outerwear,FR,138.56,0.0,138.56,False,completed
ORD000305,CUST00589,2024-09-22,google,outerwear,GB,117.17,0.0,117.17,False,completed
ORD000306,CUST00069,2024-12-14,meta,bottoms,AU,83.14,20.07,63.07,False,completed
ORD000307,CUST03627,2024-05-22,meta,outerwear,US,169.24,20.41,148.83,False,completed
ORD000308,CUST00080,2024-10-03,organic,outerwear,GB,143.24,0.0,143.24,False,completed
ORD000309,CUST01943,2024-12-15,tiktok,footwear,US,142.7,0.0,142.7,False,completed
ORD000310,CUST00274,2024-10-14,meta,tops,GB,69.72,17.12,52.6,False,completed
ORD000311,CUST00813,2024-04-09,meta,bottoms,GB,56.64,0.0,8.5,True,returned
ORD000312,CUST01466,2024-12-27,email,footwear,AU,86.59,0.0,86.59,False,completed
ORD000313,CUST01644,2024-03-18,meta,bottoms,US,100.21,24.99,75.22,False,completed
ORD000314,CUST03718,2024-05-31,tiktok,outerwear,FR,103.55,13.75,1.78,True,returned
ORD000315,CUST01729,2024-10-27,meta,accessories,FR,55.43,0.0,55.43,False,completed
ORD000316,CUST02237,2024-12-18,meta,footwear,AU,99.07,23.15,-8.29,True,returned
ORD000317,CUST02234,2024-06-01,meta,bottoms,FR,82.81,15.47,67.34,False,completed
ORD000318,CUST00196,2024-02-25,google,accessories,DE,36.23,0.0,5.43,True,returned
ORD000319,CUST03349,2024-02-22,tiktok,bottoms,US,66.81,0.0,10.02,True,returned
ORD000320,CUST02794,2024-09-19,google,accessories,US,39.15,0.0,39.15,False,completed
ORD000321,CUST03800,2024-07-13,meta,footwear,US,125.35,0.0,125.35,False,completed
ORD000322,CUST03749,2024-08-03,meta,tops,GB,66.02,0.0,66.02,False,completed
ORD000323,CUST03663,2024-12-27,google,outerwear,GB,175.42,0.0,26.31,True,returned
ORD000324,CUST00793,2024-04-22,meta,bottoms,US,102.63,0.0,15.39,True,returned
ORD000325,CUST03009,2024-12-17,meta,bottoms,DE,90.02,14.75,75.27,False,completed
ORD000326,CUST03385,2024-11-30,organic,accessories,US,43.1,0.0,43.1,False,completed
ORD000327,CUST03474,2024-11-29,google,tops,US,60.54,0.0,60.54,False,completed
ORD000328,CUST00120,2024-08-06,organic,tops,GB,63.01,0.0,63.01,False,completed
ORD000329,CUST00094,2024-09-11,referral,accessories,FR,44.48,0.0,44.48,False,completed
ORD000330,CUST01756,2024-11-17,tiktok,outerwear,AU,191.47,0.0,191.47,False,completed
ORD000331,CUST01650,2024-12-01,meta,tops,GB,50.58,11.07,39.51,False,completed
ORD000332,CUST01496,2024-04-02,tiktok,bottoms,DE,59.47,7.94,51.53,False,completed
ORD000333,CUST01431,2024-10-19,meta,outerwear,DE,104.27,0.0,104.27,False,completed
ORD000334,CUST01500,2024-10-17,email,accessories,NL,43.09,0.0,43.09,False,completed
ORD000335,CUST00430,2024-12-09,meta,tops,AU,56.5,0.0,56.5,False,completed
ORD000336,CUST03155,2024-08-21,organic,tops,GB,56.54,0.0,56.54,False,completed
ORD000337,CUST01630,2024-12-13,tiktok,accessories,NL,54.74,0.0,54.74,False,completed
ORD000338,CUST02793,2024-09-16,tiktok,tops,US,58.44,0.0,58.44,False,completed
ORD000339,CUST03556,2024-03-10,meta,footwear,AU,81.13,0.0,81.13,False,completed
ORD000340,CUST03271,2024-11-21,meta,footwear,NL,121.81,0.0,18.27,True,returned
ORD000341,CUST01775,2024-11-27,organic,outerwear,GB,162.38,0.0,162.38,False,completed
ORD000342,CUST01196,2024-11-04,google,tops,GB,67.77,0.0,67.77,False,completed
ORD000343,CUST03013,2024-10-17,tiktok,bottoms,GB,84.73,14.22,70.51,False,completed
ORD000344,CUST02236,2024-10-13,google,bottoms,GB,94.13,0.0,94.13,False,completed
ORD000345,CUST02848,2024-09-20,meta,bottoms,FR,70.56,0.0,10.58,True,returned
ORD000346,CUST01646,2024-09-06,meta,bottoms,US,62.19,0.0,62.19,False,completed
ORD000347,CUST00108,2024-12-28,google,outerwear,FR,122.39,0.0,122.39,False,completed
ORD000348,CUST02516,2024-08-12,organic,outerwear,FR,159.71,0.0,159.71,False,completed
ORD000349,CUST02501,2024-11-17,referral,bottoms,US,80.18,0.0,80.18,False,completed
ORD000350,CUST02354,2024-09-20,referral,bottoms,DE,89.36,0.0,89.36,False,completed
ORD000351,CUST03417,2024-04-30,google,bottoms,CA,81.99,0.0,81.99,False,completed
ORD000352,CUST03072,2024-02-01,meta,accessories,US,42.9,8.43,34.47,False,completed
ORD000353,CUST02795,2024-11-26,meta,accessories,DE,38.32,0.0,38.32,False,completed
ORD000354,CUST02718,2024-10-12,organic,accessories,AU,38.92,0.0,38.92,False,completed
ORD000355,CUST01360,2024-10-18,tiktok,outerwear,GB,98.94,17.93,-3.09,True,returned
ORD000356,CUST03189,2024-10-20,organic,accessories,US,35.51,0.0,35.51,False,completed
ORD000357,CUST02145,2024-11-02,meta,bottoms,GB,72.49,0.0,10.87,True,returned
ORD000358,CUST02505,2024-10-27,tiktok,tops,GB,44.88,0.0,44.88,False,completed
ORD000359,CUST03029,2024-12-11,organic,accessories,GB,50.11,0.0,50.11,False,completed
ORD000360,CUST00911,2024-11-20,organic,bottoms,US,98.88,0.0,98.88,False,completed
ORD000361,CUST00423,2024-09-29,meta,bottoms,US,65.56,0.0,65.56,False,completed
ORD000362,CUST00765,2024-12-03,meta,accessories,DE,48.23,11.66,36.57,False,completed
ORD000363,CUST01594,2024-07-26,google,footwear,GB,84.37,0.0,84.37,False,completed
ORD000364,CUST00908,2024-11-02,google,tops,DE,55.07,0.0,55.07,False,completed
ORD000365,CUST01516,2024-10-02,email,tops,US,71.69,0.0,71.69,False,completed
ORD000366,CUST02294,2024-11-17,meta,bottoms,US,71.02,0.0,71.02,False,completed
ORD000367,CUST01077,2024-07-20,google,footwear,US,112.23,0.0,16.83,True,returned
ORD000368,CUST01313,2024-12-25,organic,bottoms,GB,87.37,0.0,87.37,False,completed
ORD000369,CUST00919,2024-10-22,organic,tops,US,58.61,0.0,58.61,False,completed
ORD000370,CUST02767,2024-09-06,referral,accessories,US,30.09,0.0,30.09,False,completed
ORD000371,CUST03744,2024-12-02,email,outerwear,US,111.82,0.0,111.82,False,completed
ORD000372,CUST03413,2024-10-07,organic,bottoms,GB,64.27,0.0,64.27,False,completed
ORD000373,CUST00353,2024-12-07,google,bottoms,CA,72.52,0.0,10.88,True,returned
ORD000374,CUST01203,2024-10-28,google,tops,CA,65.79,0.0,65.79,False,completed
ORD000375,CUST00888,2024-06-26,meta,bottoms,GB,98.08,0.0,98.08,False,completed
ORD000376,CUST03465,2024-08-23,organic,tops,FR,64.76,0.0,64.76,False,completed
ORD000377,CUST01300,2024-05-27,meta,tops,US,58.35,13.4,44.95,False,completed
ORD000378,CUST03287,2024-07-20,referral,tops,AU,63.71,0.0,63.71,False,completed
ORD000379,CUST03180,2024-11-17,meta,tops,DE,49.79,0.0,49.79,False,completed
ORD000380,CUST02852,2024-12-29,meta,bottoms,DE,55.13,9.47,45.66,False,completed
ORD000381,CUST01113,2024-10-03,google,tops,DE,66.41,0.0,66.41,False,completed
ORD000382,CUST03509,2024-12-29,meta,bottoms,US,60.47,13.39,-4.32,True,returned
ORD000383,CUST03316,2024-08-31,tiktok,bottoms,US,101.69,0.0,101.69,False,completed
ORD000384,CUST01702,2024-12-21,google,accessories,US,43.09,0.0,43.09,False,completed
ORD000385,CUST03534,2024-03-19,tiktok,tops,GB,61.42,0.0,61.42,False,completed
ORD000386,CUST03659,2024-11-01,organic,tops,US,58.76,0.0,58.76,False,completed
ORD000387,CUST01729,2024-11-08,meta,accessories,FR,36.89,0.0,36.89,False,completed
ORD000388,CUST00729,2024-10-16,meta,tops,GB,70.49,0.0,70.49,False,completed
ORD000389,CUST03328,2024-11-13,organic,footwear,US,73.83,0.0,73.83,False,completed
ORD000390,CUST00026,2024-06-04,meta,tops,CA,64.86,12.78,52.08,False,completed
ORD000391,CUST00951,2024-02-13,organic,footwear,US,81.44,0.0,81.44,False,completed
ORD000392,CUST03618,2024-09-28,meta,accessories,US,52.32,7.9,-0.05,True,returned
ORD000393,CUST00139,2024-07-23,email,tops,GB,58.79,0.0,58.79,False,completed
ORD000394,CUST00747,2024-05-20,tiktok,tops,US,46.24,0.0,46.24,False,completed
ORD000395,CUST01581,2024-12-24,meta,outerwear,GB,164.81,0.0,24.72,True,returned
ORD000396,CUST02828,2024-05-17,email,bottoms,GB,98.74,0.0,98.74,False,completed
ORD000397,CUST02947,2024-09-16,meta,outerwear,GB,110.37,19.57,-3.01,True,returned
ORD000398,CUST03026,2024-11-09,meta,footwear,GB,92.73,12.31,80.42,False,completed
ORD000399,CUST03333,2024-03-12,tiktok,outerwear,US,173.54,39.12,-13.09,True,returned
ORD000400,CUST00518,2024-11-22,meta,outerwear,DE,180.35,0.0,180.35,False,completed
ORD000401,CUST02557,2024-04-28,meta,tops,CA,62.58,0.0,62.58,False,completed
ORD000402,CUST01702,2024-05-29,google,bottoms,US,62.61,0.0,62.61,False,completed
ORD000403,CUST01414,2024-03-17,meta,bottoms,FR,91.88,0.0,91.88,False,completed
ORD000404,CUST02725,2024-07-16,organic,tops,US,42.5,0.0,42.5,False,completed
ORD000405,CUST01902,2024-11-17,google,tops,GB,71.04,0.0,71.04,False,completed
ORD000406,CUST01089,2024-10-20,google,tops,FR,41.57,0.0,41.57,False,completed
ORD000407,CUST00134,2024-06-28,meta,tops,US,39.25,0.0,39.25,False,completed
ORD000408,CUST03039,2024-07-30,google,bottoms,GB,86.2,0.0,86.2,False,completed
ORD000409,CUST00419,2024-11-10,referral,tops,GB,67.29,0.0,67.29,False,completed
ORD000410,CUST00496,2024-11-01,google,tops,US,52.46,0.0,52.46,False,completed
ORD000411,CUST01815,2024-12-24,tiktok,outerwear,US,116.86,0.0,116.86,False,completed
ORD000412,CUST00763,2024-03-10,meta,bottoms,US,60.97,0.0,60.97,False,completed
ORD000413,CUST02519,2024-04-27,meta,outerwear,DE,180.63,0.0,180.63,False,completed
ORD000414,CUST03275,2024-06-24,google,outerwear,GB,152.18,0.0,152.18,False,completed
ORD000415,CUST00968,2024-12-30,tiktok,outerwear,US,118.7,0.0,17.81,True,returned
ORD000416,CUST02878,2024-09-09,tiktok,accessories,DE,51.96,12.52,39.44,False,completed
ORD000417,CUST01093,2024-08-22,meta,tops,US,62.09,0.0,62.09,False,completed
ORD000418,CUST02020,2024-05-07,organic,tops,US,50.15,0.0,50.15,False,completed
ORD000419,CUST00081,2024-09-30,meta,bottoms,AU,97.0,0.0,97.0,False,completed
ORD000420,CUST02041,2024-12-28,meta,outerwear,NL,107.18,0.0,107.18,False,completed
ORD000421,CUST03474,2024-12-12,google,bottoms,US,61.71,0.0,61.71,False,completed
ORD000422,CUST00287,2024-11-16,meta,tops,CA,44.87,0.0,44.87,False,completed
ORD000423,CUST02159,2024-12-26,tiktok,outerwear,GB,116.57,0.0,116.57,False,completed
ORD000424,CUST00567,2024-10-13,organic,footwear,GB,140.1,0.0,140.1,False,completed
ORD000425,CUST00536,2024-04-02,organic,tops,US,60.31,0.0,60.31,False,completed
ORD000426,CUST00552,2024-08-22,meta,bottoms,GB,93.11,0.0,93.11,False,completed
ORD000427,CUST00710,2024-09-18,meta,accessories,GB,35.43,0.0,35.43,False,completed
ORD000428,CUST02810,2024-07-29,meta,bottoms,GB,78.31,10.3,68.01,False,completed
ORD000429,CUST03031,2024-12-25,meta,outerwear,GB,131.73,25.77,105.96,False,completed
ORD000430,CUST01616,2024-06-23,organic,accessories,GB,53.83,0.0,53.83,False,completed
ORD000431,CUST03333,2024-10-29,tiktok,tops,US,36.62,5.79,30.83,False,completed
ORD000432,CUST00336,2024-11-30,google,accessories,US,44.07,0.0,6.61,True,returned
ORD000433,CUST00273,2024-09-07,meta,accessories,AU,32.56,0.0,4.88,True,returned
ORD000434,CUST03681,2024-12-28,tiktok,tops,GB,64.04,15.31,48.73,False,completed
ORD000435,CUST02404,2024-12-30,tiktok,bottoms,NL,53.25,0.0,53.25,False,completed
ORD000436,CUST02678,2024-12-24,meta,bottoms,NL,54.95,0.0,54.95,False,completed
ORD000437,CUST02362,2024-09-16,organic,footwear,AU,77.95,0.0,77.95,False,completed
ORD000438,CUST02048,2024-07-13,google,outerwear,US,107.06,0.0,107.06,False,completed
ORD000439,CUST02594,2024-04-11,google,outerwear,US,107.09,0.0,107.09,False,completed
ORD000440,CUST03551,2024-11-20,tiktok,bottoms,US,91.14,19.66,-5.99,True,returned
ORD000441,CUST02759,2024-02-15,organic,tops,GB,49.77,0.0,49.77,False,completed
ORD000442,CUST03741,2024-08-15,meta,tops,US,58.23,8.82,-0.09,True,returned
ORD000443,CUST03042,2024-11-16,meta,accessories,US,54.11,0.0,8.12,True,returned
ORD000444,CUST02989,2024-05-27,google,tops,GB,56.59,0.0,56.59,False,completed
ORD000445,CUST01382,2024-05-29,meta,bottoms,GB,86.34,0.0,86.34,False,completed
ORD000446,CUST03323,2024-08-31,google,accessories,GB,30.9,0.0,30.9,False,completed
ORD000447,CUST01156,2024-05-28,meta,tops,AU,46.24,0.0,46.24,False,completed
ORD000448,CUST02562,2024-09-04,email,tops,US,48.14,0.0,7.22,True,returned
ORD000449,CUST02724,2024-10-31,google,footwear,US,82.81,0.0,82.81,False,completed
ORD000450,CUST00528,2024-05-28,tiktok,accessories,GB,44.56,10.92,33.64,False,completed
ORD000451,CUST02956,2024-10-03,tiktok,accessories,US,29.85,0.0,29.85,False,completed
ORD000452,CUST03299,2024-11-06,email,outerwear,US,150.61,0.0,150.61,False,completed
ORD000453,CUST03192,2024-12-11,meta,outerwear,US,175.06,29.42,145.64,False,completed
ORD000454,CUST00582,2024-07-24,organic,tops,US,69.67,0.0,69.67,False,completed
ORD000455,CUST02211,2024-11-12,tiktok,bottoms,GB,91.65,0.0,13.75,True,returned
ORD000456,CUST01063,2024-03-08,meta,accessories,GB,49.8,0.0,7.47,True,returned
ORD000457,CUST00221,2024-07-19,meta,tops,AU,58.11,0.0,58.11,False,completed
ORD000458,CUST01139,2024-08-26,meta,tops,GB,58.3,0.0,58.3,False,completed
ORD000459,CUST00350,2024-10-30,google,bottoms,GB,82.72,0.0,82.72,False,completed
ORD000460,CUST00533,2024-08-31,meta,accessories,FR,42.87,6.34,36.53,False,completed
ORD000461,CUST03540,2024-03-10,organic,accessories,FR,47.16,0.0,47.16,False,completed
ORD000462,CUST00909,2024-11-14,organic,tops,DE,38.11,0.0,5.72,True,returned
ORD000463,CUST01488,2024-12-19,tiktok,footwear,GB,112.64,0.0,112.64,False,completed
ORD000464,CUST01734,2024-08-31,meta,outerwear,US,131.61,0.0,131.61,False,completed
ORD000465,CUST01426,2024-08-12,google,tops,US,66.37,0.0,66.37,False,completed
ORD000466,CUST01030,2024-11-07,organic,accessories,CA,31.83,0.0,31.83,False,completed
ORD000467,CUST01892,2024-11-03,meta,tops,GB,37.59,8.18,-2.54,True,returned
ORD000468,CUST00503,2024-04-19,meta,tops,NL,65.02,8.74,56.28,False,completed
ORD000469,CUST01841,2024-10-22,organic,tops,US,69.96,0.0,69.96,False,completed
ORD000470,CUST01736,2024-12-13,organic,tops,GB,36.47,0.0,36.47,False,completed
ORD000471,CUST02977,2024-12-04,google,bottoms,GB,57.58,0.0,57.58,False,completed
ORD000472,CUST03558,2024-07-26,meta,footwear,GB,122.71,13.05,109.66,False,completed
ORD000473,CUST01856,2024-10-12,tiktok,tops,US,52.63,5.64,46.99,False,completed
ORD000474,CUST03565,2024-10-03,meta,bottoms,AU,79.6,17.52,-5.58,True,returned
ORD000475,CUST00717,2024-03-25,meta,outerwear,AU,98.38,17.68,80.7,False,completed
ORD000476,CUST02164,2024-12-11,meta,bottoms,GB,74.15,7.75,66.4,False,completed
ORD000477,CUST00494,2024-11-20,meta,tops,NL,43.16,0.0,43.16,False,completed
ORD000478,CUST00821,2024-11-26,meta,tops,DE,65.16,0.0,65.16,False,completed
ORD000479,CUST03434,2024-11-21,google,accessories,GB,40.23,0.0,40.23,False,completed
ORD000480,CUST01447,2024-12-26,referral,tops,US,44.66,0.0,44.66,False,completed
ORD000481,CUST03497,2024-08-14,google,tops,US,38.07,0.0,38.07,False,completed
ORD000482,CUST01700,2024-08-23,organic,tops,CA,70.74,0.0,70.74,False,completed
ORD000483,CUST00103,2024-10-30,meta,tops,CA,40.19,0.0,40.19,False,completed
ORD000484,CUST01915,2024-04-18,tiktok,footwear,DE,74.69,10.11,64.58,False,completed
ORD000485,CUST03147,2024-11-14,tiktok,accessories,GB,43.76,0.0,43.76,False,completed
ORD000486,CUST02853,2024-07-06,meta,outerwear,US,126.24,0.0,126.24,False,completed
ORD000487,CUST01298,2024-11-04,google,tops,US,57.98,0.0,57.98,False,completed
ORD000488,CUST03309,2024-09-09,organic,tops,US,65.88,0.0,65.88,False,completed
ORD000489,CUST03738,2024-12-19,organic,accessories,US,42.82,0.0,42.82,False,completed
ORD000490,CUST00917,2024-11-10,meta,tops,CA,52.68,8.54,44.14,False,completed
ORD000491,CUST02470,2024-11-10,google,outerwear,GB,105.8,0.0,105.8,False,completed
ORD000492,CUST00408,2024-03-14,meta,tops,GB,46.32,0.0,6.95,True,returned
ORD000493,CUST01091,2024-08-30,organic,tops,US,42.27,0.0,42.27,False,completed
ORD000494,CUST00750,2024-11-16,meta,outerwear,US,188.84,0.0,188.84,False,completed
ORD000495,CUST02388,2024-11-05,meta,footwear,US,143.69,29.7,113.99,False,completed
ORD000496,CUST03732,2024-05-25,google,tops,GB,51.51,0.0,51.51,False,completed
ORD000497,CUST02705,2024-03-10,meta,tops,FR,52.82,0.0,52.82,False,completed
ORD000498,CUST02215,2024-08-08,tiktok,tops,CA,50.79,0.0,50.79,False,completed
ORD000499,CUST02701,2024-02-22,referral,outerwear,US,159.4,0.0,159.4,False,completed
ORD000500,CUST03481,2024-12-23,tiktok,footwear,NL,139.95,28.36,111.59,False,completed
ORD000501,CUST03076,2024-12-19,tiktok,outerwear,AU,180.96,22.08,158.88,False,completed
ORD000502,CUST00459,2024-03-23,organic,footwear,US,141.3,0.0,141.3,False,completed
ORD000503,CUST02202,2024-09-12,email,outerwear,GB,188.6,0.0,188.6,False,completed
ORD000504,CUST02082,2024-03-01,organic,accessories,CA,51.84,0.0,51.84,False,completed
ORD000505,CUST01635,2024-09-14,meta,bottoms,NL,59.19,0.0,59.19,False,completed
ORD000506,CUST03606,2024-08-22,organic,bottoms,US,90.35,0.0,90.35,False,completed
ORD000507,CUST01804,2024-09-30,meta,bottoms,US,100.49,10.44,90.05,False,completed
ORD000508,CUST02213,2024-04-26,meta,bottoms,US,68.65,0.0,68.65,False,completed
ORD000509,CUST00737,2024-06-29,meta,bottoms,GB,56.43,11.13,45.3,False,completed
ORD000510,CUST00345,2024-09-20,meta,bottoms,FR,77.98,9.73,68.25,False,completed
ORD000511,CUST02747,2024-06-26,tiktok,outerwear,AU,144.45,0.0,144.45,False,completed
ORD000512,CUST02370,2024-12-04,organic,footwear,GB,106.35,0.0,106.35,False,completed
ORD000513,CUST01095,2024-07-14,tiktok,outerwear,US,118.02,0.0,17.7,True,returned
ORD000514,CUST00363,2024-12-20,meta,bottoms,DE,70.44,0.0,10.57,True,returned
ORD000515,CUST02631,2024-04-12,tiktok,tops,AU,46.23,0.0,46.23,False,completed
ORD000516,CUST02287,2024-05-23,meta,bottoms,FR,71.62,0.0,10.74,True,returned
ORD000517,CUST02380,2024-12-23,meta,accessories,US,46.44,9.1,37.34,False,completed
ORD000518,CUST03625,2024-11-23,meta,footwear,FR,122.54,0.0,18.38,True,returned
ORD000519,CUST01572,2024-08-16,meta,tops,GB,45.53,7.65,37.88,False,completed
ORD000520,CUST01280,2024-02-28,tiktok,tops,CA,36.42,4.42,32.0,False,completed
ORD000521,CUST01457,2024-11-07,organic,accessories,GB,39.39,0.0,39.39,False,completed
ORD000522,CUST00513,2024-01-15,meta,bottoms,US,81.84,14.75,67.09,False,completed
ORD000523,CUST02182,2024-12-03,organic,bottoms,US,83.93,0.0,83.93,False,completed
ORD000524,CUST00564,2024-08-04,organic,bottoms,GB,59.87,0.0,59.87,False,completed
ORD000525,CUST02160,2024-12-18,organic,outerwear,DE,102.54,0.0,15.38,True,returned
ORD000526,CUST03413,2024-02-01,organic,tops,GB,38.66,0.0,38.66,False,completed
ORD000527,CUST00463,2024-12-05,meta,bottoms,US,91.29,0.0,91.29,False,completed
ORD000528,CUST03362,2024-11-02,google,outerwear,GB,106.36,0.0,106.36,False,completed
ORD000529,CUST02948,2024-10-23,meta,accessories,GB,37.57,5.19,32.38,False,completed
ORD000530,CUST02279,2024-12-16,meta,tops,US,47.97,5.99,41.98,False,completed
ORD000531,CUST03713,2024-05-03,meta,accessories,GB,41.88,0.0,6.28,True,returned
ORD000532,CUST01757,2024-07-24,tiktok,outerwear,FR,179.81,39.23,140.58,False,completed
ORD000533,CUST01706,2024-08-31,google,accessories,GB,41.16,0.0,41.16,False,completed
ORD000534,CUST03673,2024-07-02,meta,accessories,US,31.55,0.0,4.73,True,returned
ORD000535,CUST03085,2024-06-29,google,bottoms,US,101.73,0.0,101.73,False,completed
ORD000536,CUST03549,2024-06-23,tiktok,bottoms,US,80.66,11.34,0.76,True,returned
ORD000537,CUST02118,2024-09-25,organic,accessories,GB,51.51,0.0,51.51,False,completed
ORD000538,CUST03765,2024-08-12,organic,outerwear,FR,186.93,0.0,186.93,False,completed
ORD000539,CUST02526,2024-12-25,organic,bottoms,CA,93.85,0.0,93.85,False,completed
ORD000540,CUST02383,2024-11-29,google,outerwear,US,148.76,0.0,148.76,False,completed
ORD000541,CUST02076,2024-10-18,organic,outerwear,DE,162.11,0.0,162.11,False,completed
ORD000542,CUST01341,2024-11-26,meta,outerwear,CA,189.97,22.53,167.44,False,completed
ORD000543,CUST00553,2024-11-09,google,outerwear,DE,113.34,0.0,113.34,False,completed
ORD000544,CUST03200,2024-12-01,google,footwear,CA,89.74,0.0,89.74,False,completed
ORD000545,CUST03642,2024-12-21,email,tops,GB,40.08,0.0,40.08,False,completed
ORD000546,CUST01731,2024-11-12,google,outerwear,GB,117.8,0.0,117.8,False,completed
ORD000547,CUST03084,2024-12-30,google,outerwear,US,133.91,0.0,133.91,False,completed
ORD000548,CUST01019,2024-11-20,google,footwear,US,118.63,0.0,17.79,True,returned
ORD000549,CUST02373,2024-05-22,meta,bottoms,GB,83.17,8.63,74.54,False,completed
ORD000550,CUST02688,2024-10-28,google,outerwear,US,173.47,0.0,173.47,False,completed
ORD000551,CUST02378,2024-08-30,tiktok,tops,DE,46.56,10.7,35.86,False,completed
ORD000552,CUST03218,2024-10-24,tiktok,outerwear,GB,137.41,22.72,114.69,False,completed
ORD000553,CUST00663,2024-03-22,google,accessories,GB,54.08,0.0,54.08,False,completed
ORD000554,CUST03544,2024-11-05,meta,bottoms,US,75.04,12.58,62.46,False,completed
ORD000555,CUST01264,2024-11-26,organic,bottoms,GB,63.48,0.0,63.48,False,completed
ORD000556,CUST03299,2024-12-15,email,tops,US,40.71,0.0,40.71,False,completed
ORD000557,CUST01514,2024-05-13,organic,accessories,GB,52.52,0.0,52.52,False,completed
ORD000558,CUST03500,2024-10-22,meta,tops,GB,51.07,8.14,42.93,False,completed
ORD000559,CUST01369,2024-10-08,google,tops,GB,37.93,0.0,37.93,False,completed
ORD000560,CUST02766,2024-08-20,meta,tops,DE,42.72,10.44,-4.03,True,returned
ORD000561,CUST03270,2024-12-20,meta,bottoms,US,97.83,0.0,97.83,False,completed
ORD000562,CUST01644,2024-03-28,meta,accessories,US,45.17,5.72,39.45,False,completed
ORD000563,CUST02905,2024-04-21,organic,tops,DE,68.79,0.0,68.79,False,completed
ORD000564,CUST03340,2024-07-03,google,bottoms,GB,78.89,0.0,78.89,False,completed
ORD000565,CUST00246,2024-05-07,organic,accessories,GB,55.42,0.0,8.31,True,returned
ORD000566,CUST01944,2024-12-30,meta,bottoms,DE,72.6,0.0,72.6,False,completed
ORD000567,CUST00524,2024-07-12,google,accessories,US,32.84,0.0,32.84,False,completed
ORD000568,CUST01468,2024-06-25,meta,footwear,GB,136.6,16.42,120.18,False,completed
ORD000569,CUST02943,2024-07-14,tiktok,accessories,FR,51.88,6.33,45.55,False,completed
ORD000570,CUST00455,2024-06-27,google,tops,DE,55.04,0.0,55.04,False,completed
ORD000571,CUST03112,2024-09-27,meta,bottoms,GB,74.36,0.0,74.36,False,completed
ORD000572,CUST03549,2024-11-07,tiktok,bottoms,US,75.98,0.0,75.98,False,completed
ORD000573,CUST00692,2024-09-07,organic,footwear,GB,140.26,0.0,140.26,False,completed
ORD000574,CUST00524,2024-06-13,google,outerwear,US,162.69,0.0,162.69,False,completed
ORD000575,CUST01329,2024-09-05,organic,bottoms,FR,91.13,0.0,91.13,False,completed
ORD000576,CUST00194,2024-10-26,meta,outerwear,GB,137.21,27.14,-6.56,True,returned
ORD000577,CUST01387,2024-07-02,google,accessories,US,51.67,0.0,7.75,True,returned
ORD000578,CUST00574,2024-09-08,meta,tops,GB,61.67,0.0,61.67,False,completed
ORD000579,CUST02519,2024-11-27,meta,outerwear,DE,189.81,0.0,189.81,False,completed
ORD000580,CUST03341,2024-05-05,organic,bottoms,DE,98.86,0.0,98.86,False,completed
ORD000581,CUST00845,2024-04-25,meta,outerwear,US,157.93,19.81,138.12,False,completed
ORD000582,CUST00785,2024-12-25,google,outerwear,FR,132.43,0.0,132.43,False,completed
ORD000583,CUST00299,2024-12-18,google,bottoms,DE,52.66,0.0,52.66,False,completed
ORD000584,CUST03282,2024-09-11,meta,outerwear,FR,133.15,19.88,0.09,True,returned
ORD000585,CUST02603,2024-10-02,google,tops,GB,57.92,0.0,57.92,False,completed
ORD000586,CUST00941,2024-09-18,tiktok,outerwear,GB,144.29,0.0,21.64,True,returned
ORD000587,CUST00940,2024-11-01,tiktok,accessories,GB,52.67,0.0,7.9,True,returned
ORD000588,CUST03536,2024-07-17,tiktok,bottoms,GB,89.19,0.0,89.19,False,completed
ORD000589,CUST01174,2024-10-02,meta,footwear,CA,132.66,18.32,114.34,False,completed
ORD000590,CUST03756,2024-12-26,google,footwear,GB,90.84,0.0,90.84,False,completed
ORD000591,CUST03383,2024-12-12,google,tops,NL,55.26,0.0,55.26,False,completed
ORD000592,CUST00271,2024-12-19,tiktok,outerwear,GB,116.87,0.0,116.87,False,completed
ORD000593,CUST00064,2024-11-05,meta,outerwear,GB,168.54,0.0,168.54,False,completed
ORD000594,CUST00987,2024-12-27,meta,outerwear,US,110.12,0.0,110.12,False,completed
ORD000595,CUST02708,2024-08-23,organic,accessories,FR,48.59,0.0,48.59,False,completed
ORD000596,CUST02327,2024-11-08,meta,footwear,US,109.99,0.0,109.99,False,completed
ORD000597,CUST03131,2024-11-25,google,outerwear,US,125.38,0.0,125.38,False,completed
ORD000598,CUST01972,2024-10-25,email,outerwear,US,176.4,0.0,176.4,False,completed
ORD000599,CUST03440,2024-07-11,referral,outerwear,US,120.36,0.0,120.36,False,completed
ORD000600,CUST03319,2024-06-28,meta,accessories,DE,55.62,0.0,55.62,False,completed
ORD000601,CUST02911,2024-10-26,meta,tops,US,40.76,0.0,6.11,True,returned
ORD000602,CUST00928,2024-10-19,tiktok,bottoms,US,79.12,0.0,79.12,False,completed
ORD000603,CUST00619,2024-03-17,meta,footwear,US,119.49,26.59,92.9,False,completed
ORD000604,CUST03611,2024-12-15,meta,tops,NL,42.21,0.0,42.21,False,completed
ORD000605,CUST02916,2024-11-19,google,outerwear,GB,116.36,0.0,116.36,False,completed
ORD000606,CUST00184,2024-12-15,email,tops,US,42.66,0.0,42.66,False,completed
ORD000607,CUST00009,2024-02-15,meta,tops,GB,54.79,5.85,48.94,False,completed
ORD000608,CUST00123,2024-11-23,tiktok,accessories,US,44.71,0.0,44.71,False,completed
ORD000609,CUST02772,2024-11-21,organic,outerwear,US,107.68,0.0,107.68,False,completed
ORD000610,CUST03350,2024-10-07,meta,tops,CA,49.81,10.39,-2.92,True,returned
ORD000611,CUST03678,2024-08-18,meta,tops,NL,47.5,0.0,7.12,True,returned
ORD000612,CUST02416,2024-09-17,google,accessories,US,50.01,0.0,50.01,False,completed
ORD000613,CUST03208,2024-11-23,tiktok,outerwear,GB,114.72,0.0,114.72,False,completed
ORD000614,CUST02412,2024-08-22,meta,accessories,US,50.12,10.82,-3.3,True,returned
ORD000615,CUST00070,2024-11-08,google,accessories,US,39.32,0.0,39.32,False,completed
ORD000616,CUST01516,2024-11-06,email,footwear,US,140.58,0.0,140.58,False,completed
ORD000617,CUST01793,2024-12-09,tiktok,tops,NL,36.7,9.02,27.68,False,completed
ORD000618,CUST02738,2024-12-02,meta,bottoms,AU,56.79,0.0,8.52,True,returned
ORD000619,CUST03753,2024-09-11,meta,tops,DE,39.12,0.0,5.87,True,returned
ORD000620,CUST00921,2024-10-19,google,tops,US,52.09,0.0,52.09,False,completed
ORD000621,CUST01634,2024-12-28,meta,tops,US,58.27,0.0,8.74,True,returned
ORD000622,CUST01505,2024-12-12,email,accessories,AU,40.04,0.0,40.04,False,completed
ORD000623,CUST01206,2024-10-21,google,tops,FR,55.23,0.0,55.23,False,completed
ORD000624,CUST02548,2024-12-04,meta,tops,FR,57.85,0.0,57.85,False,completed
ORD000625,CUST02212,2024-09-26,tiktok,outerwear,NL,145.92,26.17,119.75,False,completed
ORD000626,CUST02794,2024-12-08,google,outerwear,US,171.03,0.0,25.65,True,returned
ORD000627,CUST00126,2024-06-12,google,accessories,NL,40.01,0.0,40.01,False,completed
ORD000628,CUST03457,2024-02-27,tiktok,outerwear,GB,182.09,0.0,27.31,True,returned
ORD000629,CUST00519,2024-03-17,tiktok,footwear,US,81.55,0.0,81.55,False,completed
ORD000630,CUST01469,2024-12-09,google,accessories,CA,45.67,0.0,45.67,False,completed
ORD000631,CUST03404,2024-06-17,referral,bottoms,FR,67.74,0.0,10.16,True,returned
ORD000632,CUST03502,2024-09-07,google,accessories,FR,55.45,0.0,55.45,False,completed
ORD000633,CUST00571,2024-02-03,meta,accessories,GB,38.11,0.0,38.11,False,completed
ORD000634,CUST00483,2024-12-05,google,bottoms,FR,67.12,0.0,10.07,True,returned
ORD000635,CUST03064,2024-11-05,email,bottoms,US,72.03,0.0,72.03,False,completed
ORD000636,CUST00306,2024-07-23,google,bottoms,GB,93.46,0.0,93.46,False,completed
ORD000637,CUST00593,2024-09-14,meta,tops,GB,61.66,8.63,53.03,False,completed
ORD000638,CUST00667,2024-09-22,google,outerwear,DE,141.84,0.0,141.84,False,completed
ORD000639,CUST00305,2024-12-18,tiktok,tops,AU,61.46,0.0,61.46,False,completed
ORD000640,CUST02954,2024-11-17,google,bottoms,GB,99.64,0.0,14.95,True,returned
ORD000641,CUST02268,2024-10-25,meta,outerwear,US,131.79,21.78,110.01,False,completed
ORD000642,CUST02072,2024-06-29,organic,tops,GB,56.81,0.0,56.81,False,completed
ORD000643,CUST03563,2024-05-26,referral,bottoms,DE,52.0,0.0,52.0,False,completed
ORD000644,CUST03008,2024-10-09,email,tops,CA,50.37,0.0,50.37,False,completed
ORD000645,CUST03681,2024-12-02,tiktok,bottoms,GB,101.43,12.21,89.22,False,completed
ORD000646,CUST03472,2024-09-26,meta,footwear,GB,108.22,0.0,108.22,False,completed
ORD000647,CUST03635,2024-10-06,organic,tops,US,39.2,0.0,39.2,False,completed
ORD000648,CUST03738,2024-12-25,organic,tops,US,60.8,0.0,60.8,False,completed
ORD000649,CUST00985,2024-04-07,google,tops,FR,51.11,0.0,51.11,False,completed
ORD000650,CUST02222,2024-12-24,meta,footwear,FR,127.61,27.81,-8.67,True,returned
ORD000651,CUST02304,2024-06-28,organic,tops,GB,56.68,0.0,56.68,False,completed
ORD000652,CUST02501,2024-09-09,referral,accessories,US,52.81,0.0,52.81,False,completed
ORD000653,CUST03344,2024-09-21,google,bottoms,US,74.22,0.0,74.22,False,completed
ORD000654,CUST00179,2024-12-26,google,bottoms,FR,101.24,0.0,101.24,False,completed
ORD000655,CUST01805,2024-06-15,email,accessories,AU,31.81,0.0,4.77,True,returned
ORD000656,CUST01894,2024-07-06,tiktok,accessories,GB,44.62,7.7,36.92,False,completed
ORD000657,CUST03712,2024-12-05,email,accessories,GB,46.3,0.0,46.3,False,completed
ORD000658,CUST02352,2024-10-05,meta,outerwear,GB,127.41,0.0,19.11,True,returned
ORD000659,CUST00577,2024-12-16,organic,bottoms,NL,73.49,0.0,73.49,False,completed
ORD000660,CUST00874,2024-09-25,organic,bottoms,AU,82.95,0.0,82.95,False,completed
ORD000661,CUST01935,2024-12-16,referral,tops,GB,66.11,0.0,66.11,False,completed
ORD000662,CUST02558,2024-12-08,organic,footwear,GB,142.37,0.0,142.37,False,completed
ORD000663,CUST01274,2024-12-25,meta,tops,CA,68.46,9.49,58.97,False,completed
ORD000664,CUST00186,2024-08-02,google,bottoms,GB,81.2,0.0,81.2,False,completed
ORD000665,CUST00909,2024-10-25,organic,tops,DE,68.13,0.0,68.13,False,completed
ORD000666,CUST03612,2024-09-03,meta,bottoms,US,79.25,18.28,60.97,False,completed
ORD000667,CUST00621,2024-11-08,google,bottoms,GB,73.09,0.0,73.09,False,completed
ORD000668,CUST02236,2024-09-29,google,tops,GB,51.45,0.0,51.45,False,completed
ORD000669,CUST02245,2024-04-01,tiktok,footwear,AU,143.74,0.0,143.74,False,completed
ORD000670,CUST02062,2024-08-25,meta,bottoms,GB,102.32,24.37,77.95,False,completed
ORD000671,CUST03268,2024-12-27,meta,outerwear,GB,177.58,19.02,158.56,False,completed
ORD000672,CUST01369,2024-06-16,google,bottoms,GB,75.11,0.0,75.11,False,completed
ORD000673,CUST00206,2024-11-06,meta,bottoms,GB,84.23,13.44,70.79,False,completed
ORD000674,CUST00844,2024-08-10,google,outerwear,AU,96.93,0.0,14.54,True,returned
ORD000675,CUST01366,2024-12-18,tiktok,bottoms,GB,54.21,5.65,48.56,False,completed
ORD000676,CUST02458,2024-09-08,meta,accessories,US,30.79,6.68,-2.06,True,returned
ORD000677,CUST01589,2024-10-19,google,outerwear,AU,161.92,0.0,161.92,False,completed
ORD000678,CUST03300,2024-12-02,meta,outerwear,GB,138.74,0.0,138.74,False,completed
ORD000679,CUST00726,2024-11-14,email,outerwear,GB,134.99,0.0,134.99,False,completed
ORD000680,CUST03766,2024-07-04,meta,bottoms,DE,99.84,0.0,14.98,True,returned
ORD000681,CUST02796,2024-04-22,google,footwear,AU,136.29,0.0,136.29,False,completed
ORD000682,CUST00747,2024-09-29,tiktok,footwear,US,128.52,31.4,97.12,False,completed
ORD000683,CUST00044,2024-08-03,referral,accessories,US,49.27,0.0,49.27,False,completed
ORD000684,CUST00208,2024-10-30,organic,bottoms,US,69.54,0.0,69.54,False,completed
ORD000685,CUST00750,2024-11-29,meta,footwear,US,119.14,23.24,95.9,False,completed
ORD000686,CUST02530,2024-08-05,meta,tops,US,46.17,0.0,46.17,False,completed
ORD000687,CUST03134,2024-06-22,google,outerwear,GB,177.07,0.0,177.07,False,completed
ORD000688,CUST02256,2024-06-16,organic,footwear,GB,123.0,0.0,123.0,False,completed
ORD000689,CUST01500,2024-12-17,email,tops,NL,44.3,0.0,44.3,False,completed
ORD000690,CUST00270,2024-01-24,meta,tops,GB,50.14,0.0,50.14,False,completed
ORD000691,CUST01246,2024-11-11,google,outerwear,US,115.51,0.0,115.51,False,completed
ORD000692,CUST00486,2024-02-28,organic,tops,GB,40.54,0.0,6.08,True,returned
ORD000693,CUST00879,2024-12-04,meta,tops,FR,58.02,6.43,51.59,False,completed
ORD000694,CUST01229,2024-12-17,meta,outerwear,CA,105.0,0.0,15.75,True,returned
ORD000695,CUST03607,2024-12-19,meta,outerwear,GB,112.73,23.96,88.77,False,completed
ORD000696,CUST03725,2024-09-13,google,outerwear,NL,128.68,0.0,19.3,True,returned
ORD000697,CUST01589,2024-10-16,google,tops,AU,50.67,0.0,50.67,False,completed
ORD000698,CUST02366,2024-03-22,meta,outerwear,US,134.19,0.0,134.19,False,completed
ORD000699,CUST03377,2024-09-27,referral,tops,GB,49.93,0.0,49.93,False,completed
ORD000700,CUST01077,2024-03-09,google,accessories,US,53.07,0.0,53.07,False,completed
ORD000701,CUST02052,2024-07-16,meta,outerwear,GB,108.03,13.94,94.09,False,completed
ORD000702,CUST03475,2024-09-25,referral,bottoms,GB,88.34,0.0,88.34,False,completed
ORD000703,CUST03531,2024-10-26,meta,tops,US,50.13,0.0,50.13,False,completed
ORD000704,CUST03468,2024-11-09,meta,bottoms,GB,52.42,5.33,2.53,True,returned
ORD000705,CUST02021,2024-05-28,google,footwear,DE,94.54,0.0,14.18,True,returned
ORD000706,CUST01603,2024-07-05,google,tops,GB,52.54,0.0,52.54,False,completed
ORD000707,CUST02385,2024-10-04,meta,outerwear,FR,159.5,0.0,159.5,False,completed
ORD000708,CUST00897,2024-09-17,tiktok,bottoms,US,96.51,0.0,14.48,True,returned
ORD000709,CUST00131,2024-12-19,tiktok,tops,FR,68.22,0.0,68.22,False,completed
ORD000710,CUST01459,2024-09-30,meta,tops,CA,63.51,0.0,63.51,False,completed
ORD000711,CUST02091,2024-09-19,meta,tops,FR,41.45,6.59,34.86,False,completed
ORD000712,CUST00901,2024-11-21,organic,outerwear,FR,96.62,0.0,96.62,False,completed
ORD000713,CUST01371,2024-08-27,organic,bottoms,GB,97.58,0.0,97.58,False,completed
ORD000714,CUST03236,2024-12-05,meta,bottoms,CA,96.57,18.25,78.32,False,completed
ORD000715,CUST02432,2024-12-25,google,bottoms,DE,60.71,0.0,9.11,True,returned
ORD000716,CUST03454,2024-08-27,meta,bottoms,NL,93.81,19.15,-5.08,True,returned
ORD000717,CUST01875,2024-10-23,meta,bottoms,GB,61.7,0.0,9.26,True,returned
ORD000718,CUST03646,2024-07-21,meta,outerwear,GB,108.1,23.8,84.3,False,completed
ORD000719,CUST03449,2024-11-28,google,tops,GB,63.07,0.0,9.46,True,returned
ORD000720,CUST00775,2024-09-29,meta,outerwear,NL,112.15,0.0,112.15,False,completed
ORD000721,CUST02705,2024-03-22,meta,tops,FR,68.65,12.76,55.89,False,completed
ORD000722,CUST02003,2024-09-21,email,outerwear,US,150.29,0.0,150.29,False,completed
ORD000723,CUST03166,2024-08-29,tiktok,bottoms,US,62.99,0.0,62.99,False,completed
ORD000724,CUST00335,2024-10-17,google,outerwear,GB,126.04,0.0,126.04,False,completed
ORD000725,CUST02828,2024-08-21,email,tops,GB,60.87,0.0,60.87,False,completed
ORD000726,CUST02117,2024-03-31,google,outerwear,GB,168.04,0.0,168.04,False,completed
ORD000727,CUST03757,2024-07-02,google,bottoms,GB,91.81,0.0,91.81,False,completed
ORD000728,CUST03515,2024-10-25,email,tops,NL,71.25,0.0,71.25,False,completed
ORD000729,CUST00634,2024-11-06,tiktok,footwear,US,106.53,0.0,15.98,True,returned
ORD000730,CUST01359,2024-11-26,organic,accessories,US,46.41,0.0,46.41,False,completed
ORD000731,CUST00566,2024-08-03,meta,outerwear,GB,141.77,18.72,2.55,True,returned
ORD000732,CUST01207,2024-11-23,meta,tops,GB,69.36,16.77,52.59,False,completed
ORD000733,CUST00243,2024-07-04,tiktok,tops,US,46.03,0.0,46.03,False,completed
ORD000734,CUST02995,2024-04-25,email,footwear,AU,133.94,0.0,133.94,False,completed
ORD000735,CUST00271,2024-12-08,tiktok,footwear,GB,140.87,0.0,140.87,False,completed
ORD000736,CUST02872,2024-01-13,tiktok,outerwear,CA,166.63,32.51,134.12,False,completed
ORD000737,CUST00208,2024-11-18,organic,footwear,US,122.1,0.0,122.1,False,completed
ORD000738,CUST00538,2024-08-30,google,outerwear,FR,143.81,0.0,143.81,False,completed
ORD000739,CUST00521,2024-10-06,meta,tops,CA,61.84,0.0,9.28,True,returned
ORD000740,CUST00536,2024-08-18,organic,tops,US,48.08,0.0,7.21,True,returned
ORD000741,CUST01039,2024-12-09,meta,tops,US,60.56,13.26,47.3,False,completed
ORD000742,CUST00946,2024-10-25,meta,bottoms,GB,70.5,12.73,57.77,False,completed
ORD000743,CUST00541,2024-12-25,referral,tops,NL,36.83,0.0,36.83,False,completed
ORD000744,CUST02451,2024-02-04,email,bottoms,GB,97.94,0.0,97.94,False,completed
ORD000745,CUST03041,2024-07-17,meta,bottoms,US,71.66,0.0,71.66,False,completed
ORD000746,CUST00652,2024-11-11,google,outerwear,US,146.97,0.0,22.05,True,returned
ORD000747,CUST03217,2024-07-01,organic,tops,GB,66.32,0.0,66.32,False,completed
ORD000748,CUST03364,2024-10-19,google,tops,FR,49.94,0.0,49.94,False,completed
ORD000749,CUST02325,2024-08-21,tiktok,accessories,FR,33.68,0.0,5.05,True,returned
ORD000750,CUST02053,2024-05-22,google,bottoms,US,80.97,0.0,80.97,False,completed
ORD000751,CUST03446,2024-06-28,email,accessories,GB,53.41,0.0,53.41,False,completed
ORD000752,CUST03085,2024-06-28,google,bottoms,US,88.42,0.0,88.42,False,completed
ORD000753,CUST00345,2024-12-09,meta,bottoms,FR,72.47,10.37,62.1,False,completed
ORD000754,CUST03126,2024-07-01,meta,bottoms,GB,53.88,6.97,46.91,False,completed
ORD000755,CUST01255,2024-11-16,tiktok,accessories,FR,48.08,6.99,41.09,False,completed
ORD000756,CUST02477,2024-07-10,referral,tops,DE,42.83,0.0,42.83,False,completed
ORD000757,CUST01579,2024-08-09,meta,bottoms,NL,95.37,0.0,14.31,True,returned
ORD000758,CUST01048,2024-07-15,organic,accessories,GB,46.63,0.0,46.63,False,completed
ORD000759,CUST03027,2024-09-01,meta,footwear,DE,111.95,0.0,111.95,False,completed
ORD000760,CUST00416,2024-11-19,meta,accessories,GB,45.81,0.0,45.81,False,completed
ORD000761,CUST02020,2024-09-30,organic,footwear,US,116.47,0.0,116.47,False,completed
ORD000762,CUST01670,2024-10-10,meta,outerwear,GB,165.54,0.0,165.54,False,completed
ORD000763,CUST02696,2024-11-16,meta,outerwear,NL,132.51,0.0,19.88,True,returned
ORD000764,CUST03298,2024-10-29,meta,accessories,DE,48.16,8.15,40.01,False,completed
ORD000765,CUST00765,2024-09-28,meta,outerwear,DE,131.01,31.75,-12.1,True,returned
ORD000766,CUST03340,2024-04-10,google,accessories,GB,34.74,0.0,5.21,True,returned
ORD000767,CUST03418,2024-12-02,email,accessories,US,42.81,0.0,42.81,False,completed
ORD000768,CUST01532,2024-08-20,tiktok,bottoms,US,76.28,0.0,76.28,False,completed
ORD000769,CUST02309,2024-11-08,google,tops,DE,47.91,0.0,47.91,False,completed
ORD000770,CUST02404,2024-12-16,tiktok,accessories,NL,50.33,0.0,50.33,False,completed
ORD000771,CUST03693,2024-12-30,meta,outerwear,GB,186.91,29.08,157.83,False,completed
ORD000772,CUST01935,2024-09-11,referral,bottoms,GB,100.42,0.0,100.42,False,completed
ORD000773,CUST02060,2024-11-02,tiktok,footwear,US,76.58,8.57,2.92,True,returned
ORD000774,CUST01406,2024-09-27,google,bottoms,GB,79.85,0.0,79.85,False,completed
ORD000775,CUST02346,2024-10-12,organic,footwear,AU,139.45,0.0,139.45,False,completed
ORD000776,CUST01255,2024-10-28,tiktok,tops,FR,48.3,0.0,48.3,False,completed
ORD000777,CUST01324,2024-08-04,meta,outerwear,CA,134.12,30.58,103.54,False,completed
ORD000778,CUST00982,2024-02-12,organic,bottoms,GB,103.0,0.0,103.0,False,completed
ORD000779,CUST01508,2024-12-17,meta,outerwear,DE,190.78,45.78,-17.16,True,returned
ORD000780,CUST01172,2024-08-21,tiktok,footwear,FR,140.66,0.0,140.66,False,completed
ORD000781,CUST01016,2024-11-04,google,footwear,DE,130.79,0.0,130.79,False,completed
ORD000782,CUST01298,2024-11-17,google,tops,US,65.15,0.0,65.15,False,completed
ORD000783,CUST01691,2024-07-21,tiktok,outerwear,FR,139.96,0.0,20.99,True,returned
ORD000784,CUST03702,2024-09-25,google,tops,GB,59.24,0.0,59.24,False,completed
ORD000785,CUST02031,2024-12-01,meta,accessories,US,53.75,8.34,-0.28,True,returned
ORD000786,CUST02249,2024-11-24,meta,tops,US,69.57,10.74,-0.3,True,returned
ORD000787,CUST02695,2024-10-29,meta,outerwear,GB,112.92,0.0,112.92,False,completed
ORD000788,CUST01887,2024-08-02,google,tops,AU,60.49,0.0,60.49,False,completed
ORD000789,CUST02041,2024-11-03,meta,tops,NL,42.98,0.0,42.98,False,completed
ORD000790,CUST03342,2024-06-21,meta,outerwear,GB,135.45,0.0,135.45,False,completed
ORD000791,CUST00605,2024-04-02,referral,footwear,US,105.32,0.0,105.32,False,completed
ORD000792,CUST01762,2024-11-19,meta,outerwear,US,135.05,19.15,1.11,True,returned
ORD000793,CUST00254,2024-10-29,organic,accessories,GB,53.9,0.0,53.9,False,completed
ORD000794,CUST01463,2024-08-14,tiktok,accessories,US,54.11,0.0,8.12,True,returned
ORD000795,CUST01506,2024-08-18,meta,outerwear,GB,159.2,19.55,4.33,True,returned
ORD000796,CUST03508,2024-12-09,tiktok,tops,CA,40.61,8.1,32.51,False,completed
ORD000797,CUST00799,2024-09-24,referral,bottoms,US,83.42,0.0,83.42,False,completed
ORD000798,CUST02350,2024-10-12,google,accessories,DE,34.09,0.0,34.09,False,completed
ORD000799,CUST03302,2024-07-06,meta,bottoms,US,60.55,9.49,-0.41,True,returned
ORD000800,CUST01417,2024-11-14,organic,outerwear,GB,145.74,0.0,145.74,False,completed
ORD000801,CUST03713,2024-10-21,meta,tops,GB,59.22,0.0,59.22,False,completed
ORD000802,CUST01986,2024-11-20,meta,tops,FR,40.6,0.0,40.6,False,completed
ORD000803,CUST03389,2024-12-01,meta,outerwear,FR,183.32,37.39,-9.89,True,returned
ORD000804,CUST03337,2024-10-03,email,tops,GB,58.17,0.0,58.17,False,completed
ORD000805,CUST02472,2024-11-28,meta,tops,US,46.34,0.0,46.34,False,completed
ORD000806,CUST03393,2024-06-01,meta,accessories,US,34.31,6.04,-0.89,True,returned
ORD000807,CUST00143,2024-11-22,meta,bottoms,US,99.18,0.0,99.18,False,completed
ORD000808,CUST02095,2024-07-14,meta,bottoms,GB,77.89,0.0,77.89,False,completed
ORD000809,CUST03306,2024-07-10,referral,accessories,GB,33.6,0.0,5.04,True,returned
ORD000810,CUST00058,2024-07-28,tiktok,tops,US,50.27,0.0,50.27,False,completed
ORD000811,CUST03374,2024-08-28,meta,accessories,US,43.63,0.0,43.63,False,completed
ORD000812,CUST02893,2024-09-06,email,footwear,CA,107.5,0.0,107.5,False,completed
ORD000813,CUST02582,2024-11-20,email,footwear,US,126.87,0.0,126.87,False,completed
ORD000814,CUST01058,2024-08-19,meta,bottoms,DE,68.86,9.05,59.81,False,completed
ORD000815,CUST00888,2024-06-18,meta,tops,GB,41.81,4.85,36.96,False,completed
ORD000816,CUST02489,2024-10-30,meta,tops,NL,41.54,0.0,41.54,False,completed
ORD000817,CUST03034,2024-12-22,google,tops,GB,65.36,0.0,65.36,False,completed
ORD000818,CUST02586,2024-04-17,meta,tops,US,70.5,15.73,54.77,False,completed
ORD000819,CUST02532,2024-06-22,meta,tops,DE,59.62,13.98,45.64,False,completed
ORD000820,CUST03238,2024-11-22,tiktok,bottoms,US,93.53,0.0,14.03,True,returned
ORD000821,CUST02178,2024-02-14,meta,tops,US,60.61,8.21,52.4,False,completed
ORD000822,CUST01989,2024-10-11,google,bottoms,US,96.55,0.0,96.55,False,completed
ORD000823,CUST03163,2024-09-10,meta,outerwear,GB,127.1,0.0,19.06,True,returned
ORD000824,CUST00901,2024-12-15,organic,tops,FR,59.8,0.0,59.8,False,completed
ORD000825,CUST01175,2024-11-07,organic,bottoms,GB,81.69,0.0,81.69,False,completed
ORD000826,CUST02691,2024-07-03,meta,bottoms,US,68.32,0.0,10.25,True,returned
ORD000827,CUST01481,2024-11-22,tiktok,tops,FR,38.62,0.0,5.79,True,returned
ORD000828,CUST00276,2024-06-09,email,tops,GB,71.18,0.0,71.18,False,completed
ORD000829,CUST00318,2024-12-11,email,accessories,FR,46.85,0.0,46.85,False,completed
ORD000830,CUST01113,2024-05-22,google,outerwear,DE,160.37,0.0,160.37,False,completed
ORD000831,CUST01540,2024-11-05,google,footwear,AU,114.55,0.0,114.55,False,completed
ORD000832,CUST02035,2024-12-13,meta,accessories,FR,29.69,0.0,29.69,False,completed
ORD000833,CUST00075,2024-08-14,tiktok,tops,US,71.15,16.37,54.78,False,completed
ORD000834,CUST02033,2024-05-14,meta,tops,GB,59.82,7.79,1.18,True,returned
ORD000835,CUST00998,2024-12-29,tiktok,outerwear,AU,182.97,0.0,182.97,False,completed
ORD000836,CUST02321,2024-12-18,meta,bottoms,NL,53.89,0.0,53.89,False,completed
ORD000837,CUST00304,2024-08-16,tiktok,bottoms,GB,98.45,0.0,98.45,False,completed
ORD000838,CUST03156,2024-11-07,organic,tops,FR,59.47,0.0,59.47,False,completed
ORD000839,CUST00116,2024-09-26,google,footwear,DE,122.07,0.0,122.07,False,completed
ORD000840,CUST02191,2024-12-27,meta,bottoms,GB,80.32,0.0,80.32,False,completed
ORD000841,CUST00852,2024-12-28,meta,outerwear,AU,150.88,0.0,150.88,False,completed
ORD000842,CUST00832,2024-03-03,meta,outerwear,DE,156.48,16.37,140.11,False,completed
ORD000843,CUST02100,2024-12-03,tiktok,outerwear,GB,151.51,18.44,133.07,False,completed
ORD000844,CUST00650,2024-07-27,email,outerwear,GB,129.79,0.0,19.47,True,returned
ORD000845,CUST01430,2024-12-22,meta,accessories,US,35.62,0.0,5.34,True,returned
ORD000846,CUST03275,2024-06-08,google,bottoms,GB,88.97,0.0,13.35,True,returned
ORD000847,CUST01724,2024-10-25,google,bottoms,US,67.92,0.0,67.92,False,completed
ORD000848,CUST03124,2024-09-17,meta,bottoms,US,67.48,0.0,67.48,False,completed
ORD000849,CUST01268,2024-03-14,tiktok,bottoms,US,62.47,15.53,46.94,False,completed
ORD000850,CUST01053,2024-12-03,google,bottoms,US,53.2,0.0,53.2,False,completed
ORD000851,CUST01290,2024-09-30,tiktok,bottoms,GB,53.96,0.0,53.96,False,completed
ORD000852,CUST02315,2024-11-06,meta,outerwear,NL,188.44,36.79,151.65,False,completed
ORD000853,CUST02663,2024-05-30,google,tops,US,61.05,0.0,61.05,False,completed
ORD000854,CUST00844,2024-06-20,google,outerwear,AU,152.98,0.0,152.98,False,completed
ORD000855,CUST00735,2024-09-24,meta,bottoms,DE,60.4,7.91,1.15,True,returned
ORD000856,CUST01228,2024-06-14,organic,footwear,GB,133.44,0.0,133.44,False,completed
ORD000857,CUST03753,2024-10-10,meta,outerwear,DE,149.72,23.81,125.91,False,completed
ORD000858,CUST03779,2024-08-07,google,bottoms,GB,74.6,0.0,74.6,False,completed
ORD000859,CUST01354,2024-12-18,meta,tops,US,68.44,0.0,68.44,False,completed
ORD000860,CUST01260,2024-12-24,tiktok,tops,US,38.63,0.0,38.63,False,completed
ORD000861,CUST01621,2024-11-30,meta,footwear,GB,114.41,23.55,90.86,False,completed
ORD000862,CUST03514,2024-11-13,organic,tops,GB,52.23,0.0,52.23,False,completed
ORD000863,CUST03609,2024-09-04,google,accessories,NL,35.39,0.0,35.39,False,completed
ORD000864,CUST02769,2024-12-08,meta,outerwear,GB,112.45,0.0,16.87,True,returned
ORD000865,CUST02051,2024-11-22,google,tops,US,62.03,0.0,62.03,False,completed
ORD000866,CUST00896,2024-12-03,meta,outerwear,US,147.19,0.0,147.19,False,completed
ORD000867,CUST03515,2024-11-05,email,tops,NL,41.68,0.0,41.68,False,completed
ORD000868,CUST03663,2024-12-24,google,outerwear,GB,108.39,0.0,108.39,False,completed
ORD000869,CUST00472,2024-11-21,google,accessories,GB,41.41,0.0,41.41,False,completed
ORD000870,CUST03489,2024-12-23,meta,bottoms,US,66.93,10.07,56.86,False,completed
ORD000871,CUST03279,2024-12-10,organic,tops,DE,64.0,0.0,9.6,True,returned
ORD000872,CUST00042,2024-04-28,google,bottoms,US,81.47,0.0,81.47,False,completed
ORD000873,CUST01563,2024-09-06,email,tops,US,57.99,0.0,57.99,False,completed
ORD000874,CUST03371,2024-10-22,google,tops,GB,62.54,0.0,62.54,False,completed
ORD000875,CUST00559,2024-07-23,meta,tops,GB,67.1,10.3,56.8,False,completed
ORD000876,CUST02896,2024-12-07,google,bottoms,GB,69.2,0.0,69.2,False,completed
ORD000877,CUST02776,2024-12-22,meta,footwear,US,111.99,0.0,111.99,False,completed
ORD000878,CUST03780,2024-11-21,meta,outerwear,GB,186.66,27.02,0.98,True,returned
ORD000879,CUST01063,2024-11-04,meta,bottoms,GB,72.17,13.08,-2.25,True,returned
ORD000880,CUST01520,2024-11-15,meta,accessories,US,36.31,0.0,5.45,True,returned
ORD000881,CUST00646,2024-12-23,meta,outerwear,FR,99.21,14.28,0.6,True,returned
ORD000882,CUST01086,2024-12-09,tiktok,tops,US,39.88,0.0,39.88,False,completed
ORD000883,CUST02926,2024-10-27,tiktok,bottoms,GB,90.56,0.0,90.56,False,completed
ORD000884,CUST03201,2024-12-14,meta,bottoms,AU,53.46,0.0,53.46,False,completed
ORD000885,CUST02668,2024-07-15,meta,outerwear,US,182.13,38.79,143.34,False,completed
ORD000886,CUST00206,2024-09-20,meta,accessories,GB,46.31,0.0,46.31,False,completed
ORD000887,CUST01795,2024-12-29,meta,tops,GB,52.77,6.92,1.0,True,returned
ORD000888,CUST01305,2024-04-26,meta,tops,FR,55.32,5.92,49.4,False,completed
ORD000889,CUST00664,2024-12-28,referral,outerwear,GB,186.65,0.0,186.65,False,completed
ORD000890,CUST01386,2024-07-02,google,bottoms,GB,69.51,0.0,69.51,False,completed
ORD000891,CUST03778,2024-10-24,meta,tops,CA,43.24,9.47,33.77,False,completed
ORD000892,CUST00039,2024-09-03,email,tops,GB,47.89,0.0,47.89,False,completed
ORD000893,CUST00442,2024-05-12,organic,tops,FR,36.36,0.0,5.45,True,returned
ORD000894,CUST00809,2024-06-15,meta,bottoms,GB,74.93,17.62,57.31,False,completed
ORD000895,CUST03209,2024-12-07,meta,bottoms,GB,94.42,20.43,73.99,False,completed
ORD000896,CUST02498,2024-09-18,meta,bottoms,GB,94.32,0.0,14.15,True,returned
ORD000897,CUST00711,2024-05-07,meta,outerwear,GB,116.22,0.0,17.43,True,returned
ORD000898,CUST03729,2024-09-27,google,outerwear,US,149.39,0.0,149.39,False,completed
ORD000899,CUST01998,2024-07-21,organic,tops,GB,43.8,0.0,43.8,False,completed
ORD000900,CUST03246,2024-07-24,google,tops,AU,55.45,0.0,55.45,False,completed
ORD000901,CUST03275,2024-10-01,google,accessories,GB,50.32,0.0,50.32,False,completed
ORD000902,CUST00068,2024-03-02,google,bottoms,DE,60.48,0.0,60.48,False,completed
ORD000903,CUST03265,2024-04-24,organic,tops,GB,67.72,0.0,10.16,True,returned
ORD000904,CUST03336,2024-12-05,meta,bottoms,CA,95.23,0.0,95.23,False,completed
ORD000905,CUST02989,2024-04-13,google,accessories,GB,41.34,0.0,41.34,False,completed
ORD000906,CUST02029,2024-11-07,meta,accessories,GB,39.59,0.0,39.59,False,completed
ORD000907,CUST03532,2024-10-04,meta,footwear,US,75.6,0.0,75.6,False,completed
ORD000908,CUST02199,2024-10-26,tiktok,tops,GB,60.39,13.94,46.45,False,completed
ORD000909,CUST00263,2024-10-28,meta,tops,NL,57.56,0.0,57.56,False,completed
ORD000910,CUST02819,2024-09-29,meta,bottoms,GB,91.43,16.1,-2.39,True,returned
ORD000911,CUST03029,2024-10-31,organic,footwear,GB,106.95,0.0,106.95,False,completed
ORD000912,CUST01849,2024-09-25,tiktok,accessories,US,30.79,0.0,4.62,True,returned
ORD000913,CUST00489,2024-12-20,tiktok,bottoms,GB,78.7,16.0,62.7,False,completed
ORD000914,CUST01704,2024-12-10,meta,footwear,GB,116.22,0.0,116.22,False,completed
ORD000915,CUST03682,2024-03-12,referral,bottoms,US,54.57,0.0,54.57,False,completed
ORD000916,CUST01194,2024-09-21,meta,accessories,DE,54.11,10.18,43.93,False,completed
ORD000917,CUST02538,2024-09-20,email,tops,US,48.78,0.0,48.78,False,completed
ORD000918,CUST03012,2024-11-24,google,tops,AU,39.67,0.0,39.67,False,completed
ORD000919,CUST03709,2024-08-05,google,footwear,US,125.89,0.0,125.89,False,completed
ORD000920,CUST02284,2024-08-01,meta,tops,FR,36.77,4.3,32.47,False,completed
ORD000921,CUST00722,2024-12-17,meta,outerwear,AU,161.77,0.0,24.27,True,returned
ORD000922,CUST01567,2024-11-13,tiktok,footwear,GB,125.28,0.0,18.79,True,returned
ORD000923,CUST00801,2024-07-30,email,footwear,US,93.2,0.0,93.2,False,completed
ORD000924,CUST03707,2024-04-01,tiktok,bottoms,GB,95.71,0.0,95.71,False,completed
ORD000925,CUST03779,2024-08-26,google,tops,GB,52.73,0.0,52.73,False,completed
ORD000926,CUST00043,2024-10-08,organic,outerwear,DE,132.24,0.0,132.24,False,completed
ORD000927,CUST01431,2024-07-11,meta,outerwear,DE,180.0,0.0,27.0,True,returned
ORD000928,CUST02036,2024-12-04,meta,outerwear,GB,182.76,0.0,182.76,False,completed
ORD000929,CUST00857,2024-08-03,meta,footwear,US,115.04,14.7,100.34,False,completed
ORD000930,CUST03774,2024-09-20,meta,bottoms,FR,93.33,11.48,2.52,True,returned
ORD000931,CUST01714,2024-05-19,organic,accessories,FR,37.78,0.0,5.67,True,returned
ORD000932,CUST03316,2024-11-07,tiktok,tops,US,59.55,0.0,59.55,False,completed
ORD000933,CUST00619,2024-09-20,meta,tops,US,38.57,0.0,38.57,False,completed
ORD000934,CUST03149,2024-11-25,meta,tops,DE,41.46,0.0,41.46,False,completed
ORD000935,CUST02872,2024-08-22,tiktok,bottoms,CA,74.67,0.0,74.67,False,completed
ORD000936,CUST00632,2024-10-01,meta,tops,NL,58.41,0.0,8.76,True,returned
ORD000937,CUST00737,2024-05-03,meta,bottoms,GB,55.95,0.0,55.95,False,completed
ORD000938,CUST00111,2024-11-17,meta,outerwear,US,128.61,0.0,19.29,True,returned
ORD000939,CUST00914,2024-11-28,meta,bottoms,GB,96.27,0.0,14.44,True,returned
ORD000940,CUST03489,2024-08-31,meta,outerwear,US,111.08,25.28,85.8,False,completed
ORD000941,CUST00387,2024-08-04,referral,accessories,US,38.42,0.0,38.42,False,completed
ORD000942,CUST02715,2024-10-13,organic,outerwear,GB,147.68,0.0,147.68,False,completed
ORD000943,CUST02226,2024-09-13,google,bottoms,GB,103.55,0.0,103.55,False,completed
ORD000944,CUST00035,2024-11-27,tiktok,accessories,US,31.07,0.0,31.07,False,completed
ORD000945,CUST00240,2024-12-15,tiktok,bottoms,US,67.89,0.0,10.18,True,returned
ORD000946,CUST00004,2024-04-16,google,accessories,GB,32.97,0.0,32.97,False,completed
ORD000947,CUST03751,2024-12-22,email,bottoms,US,79.27,0.0,79.27,False,completed
ORD000948,CUST01285,2024-08-26,meta,bottoms,US,90.31,21.84,68.47,False,completed
ORD000949,CUST01636,2024-12-04,organic,bottoms,NL,90.76,0.0,90.76,False,completed
ORD000950,CUST02967,2024-04-14,tiktok,tops,US,59.71,14.3,-5.34,True,returned
ORD000951,CUST03313,2024-08-30,referral,tops,GB,42.96,0.0,6.44,True,returned
ORD000952,CUST02827,2024-03-28,referral,tops,US,41.87,0.0,41.87,False,completed
ORD000953,CUST00889,2024-12-03,meta,tops,GB,53.48,0.0,53.48,False,completed
ORD000954,CUST03165,2024-12-26,meta,outerwear,NL,106.74,0.0,106.74,False,completed
ORD000955,CUST00629,2024-12-03,meta,accessories,GB,44.47,0.0,44.47,False,completed
ORD000956,CUST02357,2024-10-14,google,bottoms,US,85.89,0.0,85.89,False,completed
ORD000957,CUST00816,2024-03-07,meta,outerwear,US,97.91,15.81,-1.12,True,returned
ORD000958,CUST03021,2024-10-26,google,outerwear,GB,101.99,0.0,101.99,False,completed
ORD000959,CUST00806,2024-12-18,organic,tops,NL,48.12,0.0,48.12,False,completed
ORD000960,CUST00773,2024-05-08,meta,tops,AU,58.75,8.03,50.72,False,completed
ORD000961,CUST02169,2024-12-29,google,tops,CA,61.55,0.0,61.55,False,completed
ORD000962,CUST02266,2024-12-30,meta,tops,US,51.05,11.07,39.98,False,completed
ORD000963,CUST03143,2024-10-28,email,tops,NL,52.24,0.0,52.24,False,completed
ORD000964,CUST01771,2024-07-03,tiktok,accessories,AU,49.18,0.0,49.18,False,completed
ORD000965,CUST00727,2024-10-21,google,footwear,US,86.89,0.0,86.89,False,completed
ORD000966,CUST02497,2024-12-22,meta,bottoms,GB,93.06,16.06,77.0,False,completed
ORD000967,CUST03687,2024-04-27,google,bottoms,DE,85.02,0.0,85.02,False,completed
ORD000968,CUST02222,2024-12-20,meta,accessories,FR,51.16,5.92,45.24,False,completed
ORD000969,CUST01778,2024-10-25,meta,bottoms,GB,92.4,11.39,2.47,True,returned
ORD000970,CUST02072,2024-07-10,organic,tops,GB,44.12,0.0,44.12,False,completed
ORD000971,CUST00407,2024-10-02,meta,bottoms,GB,78.42,10.04,68.38,False,completed
ORD000972,CUST03020,2024-09-22,meta,outerwear,GB,102.08,0.0,102.08,False,completed
ORD000973,CUST03131,2024-12-03,google,footwear,US,73.42,0.0,73.42,False,completed
ORD000974,CUST01976,2024-08-11,organic,bottoms,US,85.83,0.0,85.83,False,completed
ORD000975,CUST02577,2024-12-27,organic,bottoms,FR,82.26,0.0,12.34,True,returned
ORD000976,CUST03682,2024-09-09,referral,bottoms,US,96.53,0.0,96.53,False,completed
ORD000977,CUST01014,2024-09-12,organic,outerwear,AU,140.84,0.0,140.84,False,completed
ORD000978,CUST01679,2024-03-25,meta,bottoms,US,78.16,0.0,11.72,True,returned
ORD000979,CUST01717,2024-10-27,google,accessories,GB,46.01,0.0,46.01,False,completed
ORD000980,CUST01225,2024-09-04,tiktok,outerwear,GB,113.11,0.0,113.11,False,completed
ORD000981,CUST03367,2024-12-30,meta,tops,GB,50.07,0.0,50.07,False,completed
ORD000982,CUST01636,2024-10-23,organic,bottoms,NL,60.88,0.0,60.88,False,completed
ORD000983,CUST02355,2024-09-10,google,tops,GB,52.14,0.0,52.14,False,completed
ORD000984,CUST02078,2024-12-28,meta,accessories,US,32.55,0.0,32.55,False,completed
ORD000985,CUST02750,2024-08-17,meta,outerwear,AU,96.87,11.67,85.2,False,completed
ORD000986,CUST03530,2024-12-07,tiktok,tops,FR,45.65,0.0,45.65,False,completed
ORD000987,CUST01688,2024-06-20,organic,outerwear,FR,191.71,0.0,28.76,True,returned
ORD000988,CUST01794,2024-11-29,google,outerwear,NL,142.51,0.0,142.51,False,completed
ORD000989,CUST02267,2024-12-17,meta,bottoms,US,87.67,0.0,87.67,False,completed
ORD000990,CUST02809,2024-09-26,tiktok,bottoms,US,55.91,0.0,55.91,False,completed
ORD000991,CUST03285,2024-09-13,meta,accessories,GB,31.15,5.26,25.89,False,completed
ORD000992,CUST02581,2024-07-02,email,tops,US,62.39,0.0,62.39,False,completed
ORD000993,CUST02185,2024-11-17,tiktok,footwear,DE,93.09,13.36,79.73,False,completed
ORD000994,CUST00041,2024-12-22,tiktok,outerwear,NL,159.64,16.2,143.44,False,completed
ORD000995,CUST00701,2024-11-16,google,accessories,GB,55.62,0.0,55.62,False,completed
ORD000996,CUST00572,2024-11-30,referral,tops,US,50.41,0.0,50.41,False,completed
ORD000997,CUST03694,2024-04-05,organic,tops,DE,55.6,0.0,55.6,False,completed
ORD000998,CUST03415,2024-04-09,meta,bottoms,GB,57.43,0.0,8.61,True,returned
ORD000999,CUST02211,2024-12-22,tiktok,outerwear,GB,179.99,26.24,153.75,False,completed
ORD001000,CUST03338,2024-09-10,tiktok,outerwear,US,155.41,35.46,119.95,False,completed
ORD001001,CUST00435,2024-12-27,meta,bottoms,GB,103.18,25.18,-9.7,True,returned
ORD001002,CUST03229,2024-12-02,tiktok,footwear,FR,75.4,0.0,11.31,True,returned
ORD001003,CUST02950,2024-10-22,organic,accessories,DE,39.29,0.0,39.29,False,completed
ORD001004,CUST03562,2024-11-29,tiktok,outerwear,AU,157.92,0.0,23.69,True,returned
ORD001005,CUST01465,2024-11-28,meta,tops,GB,56.09,9.3,46.79,False,completed
ORD001006,CUST02218,2024-12-22,meta,accessories,US,55.73,0.0,55.73,False,completed
ORD001007,CUST02059,2024-12-16,meta,footwear,GB,137.68,0.0,137.68,False,completed
ORD001008,CUST00664,2024-10-11,referral,accessories,GB,50.5,0.0,7.58,True,returned
ORD001009,CUST02585,2024-12-27,google,tops,NL,49.41,0.0,49.41,False,completed
ORD001010,CUST00195,2024-05-29,meta,tops,US,46.64,8.87,37.77,False,completed
ORD001011,CUST00178,2024-08-29,meta,bottoms,GB,86.59,0.0,86.59,False,completed
ORD001012,CUST01642,2024-07-18,tiktok,tops,GB,69.84,0.0,69.84,False,completed
ORD001013,CUST00517,2024-09-30,meta,bottoms,GB,69.9,0.0,69.9,False,completed
ORD001014,CUST00561,2024-09-12,email,footwear,DE,127.3,0.0,127.3,False,completed
ORD001015,CUST03503,2024-05-08,google,tops,US,36.28,0.0,36.28,False,completed
ORD001016,CUST02602,2024-10-23,referral,outerwear,CA,138.2,0.0,20.73,True,returned
ORD001017,CUST02044,2024-12-10,meta,bottoms,GB,72.22,0.0,72.22,False,completed
ORD001018,CUST01334,2024-11-03,meta,outerwear,US,153.68,34.36,119.32,False,completed
ORD001019,CUST00950,2024-11-05,google,tops,GB,36.22,0.0,36.22,False,completed
ORD001020,CUST00562,2024-10-24,google,bottoms,GB,70.08,0.0,10.51,True,returned
ORD001021,CUST02874,2024-06-07,meta,tops,DE,44.97,5.11,1.64,True,returned
ORD001022,CUST03560,2024-05-15,organic,footwear,GB,128.1,0.0,128.1,False,completed
ORD001023,CUST03190,2024-11-28,organic,tops,GB,70.92,0.0,70.92,False,completed
ORD001024,CUST01744,2024-12-05,google,bottoms,DE,80.37,0.0,80.37,False,completed
ORD001025,CUST01420,2024-08-04,meta,bottoms,GB,87.11,16.35,70.76,False,completed
ORD001026,CUST01251,2024-08-31,meta,outerwear,GB,129.24,20.8,108.44,False,completed
ORD001027,CUST02058,2024-10-17,meta,bottoms,CA,83.98,19.94,64.04,False,completed
ORD001028,CUST02168,2024-06-26,meta,bottoms,US,83.16,0.0,12.47,True,returned
ORD001029,CUST01103,2024-12-19,google,tops,FR,49.18,0.0,49.18,False,completed
ORD001030,CUST03164,2024-03-05,meta,tops,US,67.46,0.0,67.46,False,completed
ORD001031,CUST01212,2024-08-21,meta,accessories,US,51.63,0.0,7.74,True,returned
ORD001032,CUST02877,2024-12-06,tiktok,footwear,US,105.08,0.0,105.08,False,completed
ORD001033,CUST02471,2024-09-21,tiktok,tops,US,44.33,5.73,38.6,False,completed
ORD001034,CUST02171,2024-11-01,email,bottoms,FR,97.44,0.0,14.62,True,returned
ORD001035,CUST00824,2024-11-02,meta,accessories,DE,42.59,10.24,32.35,False,completed
ORD001036,CUST02102,2024-07-06,organic,bottoms,GB,98.26,0.0,98.26,False,completed
ORD001037,CUST02281,2024-02-04,google,bottoms,GB,61.05,0.0,61.05,False,completed
ORD001038,CUST00805,2024-03-05,meta,tops,DE,55.97,0.0,8.4,True,returned
ORD001039,CUST01284,2024-09-07,google,tops,US,60.89,0.0,60.89,False,completed
ORD001040,CUST03407,2024-12-16,tiktok,tops,DE,47.79,0.0,47.79,False,completed
ORD001041,CUST03213,2024-12-08,meta,tops,GB,54.43,11.04,43.39,False,completed
ORD001042,CUST00771,2024-09-09,meta,tops,FR,49.73,0.0,7.46,True,returned
ORD001043,CUST03041,2024-09-14,meta,footwear,US,114.66,0.0,114.66,False,completed
ORD001044,CUST01272,2024-10-20,tiktok,tops,AU,50.26,0.0,50.26,False,completed
ORD001045,CUST03640,2024-11-21,meta,outerwear,GB,137.28,26.28,111.0,False,completed
ORD001046,CUST02356,2024-10-21,meta,accessories,AU,47.31,0.0,7.1,True,returned
ORD001047,CUST02270,2024-10-12,meta,bottoms,AU,82.03,19.66,62.37,False,completed
ORD001048,CUST02904,2024-10-27,meta,tops,DE,61.35,10.94,50.41,False,completed
ORD001049,CUST03706,2024-05-04,meta,tops,US,46.61,0.0,6.99,True,returned
ORD001050,CUST03181,2024-12-09,meta,tops,GB,63.04,0.0,63.04,False,completed
ORD001051,CUST02967,2024-08-19,tiktok,outerwear,US,138.05,0.0,138.05,False,completed
ORD001052,CUST03375,2024-11-29,google,bottoms,GB,88.92,0.0,88.92,False,completed
ORD001053,CUST02130,2024-09-15,organic,footwear,US,125.42,0.0,125.42,False,completed
ORD001054,CUST00211,2024-10-21,meta,tops,GB,51.88,0.0,51.88,False,completed
ORD001055,CUST02496,2024-10-13,meta,accessories,FR,51.68,0.0,51.68,False,completed
ORD001056,CUST01226,2024-12-18,organic,bottoms,GB,85.24,0.0,85.24,False,completed
ORD001057,CUST01851,2024-06-05,organic,bottoms,DE,100.16,0.0,100.16,False,completed
ORD001058,CUST02168,2024-10-02,meta,footwear,US,90.91,12.72,78.19,False,completed
ORD001059,CUST03793,2024-12-01,google,bottoms,GB,91.55,0.0,91.55,False,completed
ORD001060,CUST01603,2024-11-14,google,tops,GB,42.56,0.0,42.56,False,completed
ORD001061,CUST00122,2024-08-04,google,bottoms,US,69.77,0.0,69.77,False,completed
ORD001062,CUST02197,2024-02-21,organic,accessories,US,44.19,0.0,44.19,False,completed
ORD001063,CUST02014,2024-11-23,meta,bottoms,GB,66.31,0.0,66.31,False,completed
ORD001064,CUST03636,2024-06-11,meta,outerwear,US,155.25,0.0,155.25,False,completed
ORD001065,CUST02950,2024-07-27,organic,accessories,DE,40.47,0.0,40.47,False,completed
ORD001066,CUST01518,2024-08-09,meta,tops,GB,67.01,0.0,67.01,False,completed
ORD001067,CUST00906,2024-11-28,meta,tops,GB,65.85,0.0,65.85,False,completed
ORD001068,CUST03076,2024-06-11,tiktok,accessories,AU,41.01,0.0,41.01,False,completed
ORD001069,CUST02740,2024-10-17,meta,tops,GB,60.24,0.0,9.04,True,returned
ORD001070,CUST00500,2024-12-23,email,tops,DE,57.04,0.0,8.56,True,returned
ORD001071,CUST03513,2024-09-24,google,tops,US,56.65,0.0,56.65,False,completed
ORD001072,CUST00551,2024-09-20,organic,accessories,US,37.79,0.0,37.79,False,completed
ORD001073,CUST01748,2024-11-24,organic,outerwear,GB,162.25,0.0,162.25,False,completed
ORD001074,CUST02192,2024-04-17,tiktok,accessories,GB,48.08,11.15,-3.94,True,returned
ORD001075,CUST01227,2024-11-17,meta,outerwear,US,115.83,23.7,-6.33,True,returned
ORD001076,CUST03224,2024-12-20,tiktok,bottoms,DE,71.71,0.0,71.71,False,completed
ORD001077,CUST00324,2024-11-18,email,outerwear,US,144.93,0.0,144.93,False,completed
ORD001078,CUST02328,2024-07-18,meta,tops,GB,44.71,0.0,44.71,False,completed
ORD001079,CUST02567,2024-10-30,email,bottoms,GB,102.72,0.0,102.72,False,completed
ORD001080,CUST03448,2024-08-23,referral,tops,FR,58.78,0.0,58.78,False,completed
ORD001081,CUST02727,2024-12-02,meta,tops,GB,48.04,9.02,39.02,False,completed
ORD001082,CUST02327,2024-08-07,meta,bottoms,US,93.07,12.74,1.22,True,returned
ORD001083,CUST02781,2024-12-15,meta,tops,US,40.82,7.06,33.76,False,completed
ORD001084,CUST01872,2024-09-04,organic,accessories,GB,43.25,0.0,43.25,False,completed
ORD001085,CUST03137,2024-11-21,tiktok,bottoms,US,52.24,9.31,42.93,False,completed
ORD001086,CUST01548,2024-12-29,google,tops,FR,38.47,0.0,38.47,False,completed
ORD001087,CUST01689,2024-04-15,meta,tops,FR,39.77,0.0,39.77,False,completed
ORD001088,CUST01325,2024-09-18,meta,accessories,US,37.37,0.0,37.37,False,completed
ORD001089,CUST01228,2024-08-21,organic,accessories,GB,29.2,0.0,29.2,False,completed
ORD001090,CUST00510,2024-09-17,google,tops,US,56.17,0.0,8.43,True,returned
ORD001091,CUST02009,2024-09-06,meta,tops,AU,41.14,9.88,31.26,False,completed
ORD001092,CUST02086,2024-08-11,tiktok,tops,DE,45.33,9.67,35.66,False,completed
ORD001093,CUST00942,2024-12-27,meta,bottoms,GB,62.99,13.83,-4.38,True,returned
ORD001094,CUST01714,2024-10-27,organic,bottoms,FR,88.15,0.0,88.15,False,completed
ORD001095,CUST02701,2024-10-04,referral,outerwear,US,162.44,0.0,24.37,True,returned
ORD001096,CUST00712,2024-08-21,tiktok,bottoms,DE,91.7,0.0,91.7,False,completed
ORD001097,CUST01861,2024-11-24,tiktok,tops,US,47.52,9.79,37.73,False,completed
ORD001098,CUST03405,2024-12-30,meta,accessories,US,43.05,7.48,35.57,False,completed
ORD001099,CUST01858,2024-09-10,google,accessories,US,28.6,0.0,28.6,False,completed
ORD001100,CUST03302,2024-07-19,meta,accessories,US,49.21,0.0,49.21,False,completed
ORD001101,CUST03178,2024-09-15,meta,tops,US,70.1,0.0,70.1,False,completed
ORD001102,CUST03692,2024-08-10,tiktok,bottoms,CA,62.69,0.0,62.69,False,completed
ORD001103,CUST01472,2024-12-28,google,bottoms,US,90.08,0.0,90.08,False,completed
ORD001104,CUST01164,2024-12-08,meta,bottoms,AU,52.72,5.34,2.57,True,returned
ORD001105,CUST00052,2024-10-04,meta,footwear,US,139.83,0.0,139.83,False,completed
ORD001106,CUST02609,2024-10-24,tiktok,footwear,DE,85.41,11.93,0.88,True,returned
ORD001107,CUST00684,2024-05-30,organic,footwear,GB,76.88,0.0,76.88,False,completed
ORD001108,CUST03533,2024-08-25,meta,accessories,US,45.11,7.64,37.47,False,completed
ORD001109,CUST00030,2024-09-23,organic,accessories,GB,29.86,0.0,4.48,True,returned
ORD001110,CUST02827,2024-09-12,referral,outerwear,US,176.53,0.0,176.53,False,completed
ORD001111,CUST02315,2024-10-16,meta,tops,NL,49.36,0.0,49.36,False,completed
ORD001112,CUST02635,2024-11-21,organic,tops,DE,53.38,0.0,53.38,False,completed
ORD001113,CUST00405,2024-12-18,organic,footwear,US,82.38,0.0,82.38,False,completed
ORD001114,CUST01908,2024-02-26,google,outerwear,US,166.6,0.0,166.6,False,completed
ORD001115,CUST03050,2024-06-15,referral,footwear,AU,134.32,0.0,134.32,False,completed
ORD001116,CUST00839,2024-07-21,google,tops,US,38.81,0.0,38.81,False,completed
ORD001117,CUST01223,2024-04-23,meta,tops,GB,36.5,0.0,36.5,False,completed
ORD001118,CUST02759,2024-04-04,organic,tops,GB,39.59,0.0,39.59,False,completed
ORD001119,CUST02548,2024-11-17,meta,tops,FR,47.0,7.39,39.61,False,completed
ORD001120,CUST00206,2024-11-22,meta,tops,GB,55.66,0.0,55.66,False,completed
ORD001121,CUST00230,2024-08-31,organic,accessories,US,28.89,0.0,28.89,False,completed
ORD001122,CUST03246,2024-08-13,google,bottoms,AU,93.73,0.0,93.73,False,completed
ORD001123,CUST00288,2024-09-04,organic,bottoms,US,73.28,0.0,73.28,False,completed
ORD001124,CUST00128,2024-10-20,organic,bottoms,US,76.74,0.0,76.74,False,completed
ORD001125,CUST00246,2024-06-11,organic,bottoms,GB,59.1,0.0,59.1,False,completed
ORD001126,CUST02307,2024-03-15,organic,tops,DE,52.61,0.0,52.61,False,completed
ORD001127,CUST00367,2024-10-23,tiktok,accessories,NL,28.97,3.37,25.6,False,completed
ORD001128,CUST02215,2024-10-28,tiktok,outerwear,CA,167.35,26.52,140.83,False,completed
ORD001129,CUST00584,2024-05-06,tiktok,tops,US,64.95,0.0,64.95,False,completed
ORD001130,CUST02908,2024-12-04,organic,tops,DE,50.67,0.0,50.67,False,completed
ORD001131,CUST02032,2024-10-23,meta,outerwear,DE,148.53,33.44,115.09,False,completed
ORD001132,CUST01863,2024-07-30,google,bottoms,GB,73.17,0.0,73.17,False,completed
ORD001133,CUST00593,2024-12-29,meta,tops,GB,46.86,0.0,46.86,False,completed
ORD001134,CUST00540,2024-09-16,meta,bottoms,US,56.83,7.23,49.6,False,completed
ORD001135,CUST03733,2024-12-11,organic,tops,GB,38.96,0.0,38.96,False,completed
ORD001136,CUST03744,2024-12-20,email,outerwear,US,152.0,0.0,152.0,False,completed
ORD001137,CUST03373,2024-12-17,meta,accessories,DE,41.28,0.0,6.19,True,returned
ORD001138,CUST00853,2024-11-15,organic,tops,DE,59.1,0.0,59.1,False,completed
ORD001139,CUST00387,2024-08-24,referral,footwear,US,105.86,0.0,15.88,True,returned
ORD001140,CUST01908,2024-10-07,google,accessories,US,48.17,0.0,7.23,True,returned
ORD001141,CUST02774,2024-05-05,organic,tops,US,48.42,0.0,48.42,False,completed
ORD001142,CUST02394,2024-11-24,google,bottoms,GB,71.88,0.0,10.78,True,returned
ORD001143,CUST00436,2024-12-28,meta,outerwear,FR,126.69,0.0,126.69,False,completed
ORD001144,CUST03448,2024-04-13,referral,tops,FR,51.48,0.0,51.48,False,completed
ORD001145,CUST03103,2024-12-25,email,tops,CA,57.84,0.0,57.84,False,completed
ORD001146,CUST01695,2024-09-02,google,bottoms,GB,74.25,0.0,74.25,False,completed
ORD001147,CUST02105,2024-11-13,meta,tops,DE,52.69,0.0,52.69,False,completed
ORD001148,CUST02049,2024-08-31,meta,tops,DE,52.42,0.0,7.86,True,returned
ORD001149,CUST01796,2024-12-18,google,footwear,DE,142.32,0.0,21.35,True,returned
ORD001150,CUST00134,2024-08-31,meta,tops,US,66.47,7.08,2.89,True,returned
ORD001151,CUST01654,2024-12-03,organic,outerwear,GB,169.35,0.0,169.35,False,completed
ORD001152,CUST03148,2024-06-22,google,bottoms,CA,102.02,0.0,102.02,False,completed
ORD001153,CUST03415,2024-03-18,meta,accessories,GB,55.43,9.18,-0.87,True,returned
ORD001154,CUST01840,2024-03-26,organic,bottoms,DE,58.1,0.0,58.1,False,completed
ORD001155,CUST02162,2024-10-11,google,bottoms,GB,74.45,0.0,74.45,False,completed
ORD001156,CUST03505,2024-09-20,meta,tops,GB,71.92,0.0,10.79,True,returned
ORD001157,CUST02812,2024-12-19,organic,tops,GB,36.52,0.0,36.52,False,completed
ORD001158,CUST00007,2024-11-10,organic,accessories,DE,28.06,0.0,4.21,True,returned
ORD001159,CUST02247,2024-12-03,tiktok,bottoms,GB,93.25,0.0,93.25,False,completed
ORD001160,CUST01858,2024-08-30,google,outerwear,US,154.77,0.0,23.22,True,returned
ORD001161,CUST02135,2024-11-14,meta,accessories,US,43.91,7.07,-0.48,True,returned
ORD001162,CUST00011,2024-07-31,meta,outerwear,NL,178.16,0.0,26.72,True,returned
ORD001163,CUST03037,2024-11-28,google,tops,US,44.46,0.0,44.46,False,completed
ORD001164,CUST00826,2024-09-04,tiktok,outerwear,NL,151.87,0.0,151.87,False,completed
ORD001165,CUST02977,2024-10-24,google,outerwear,GB,155.31,0.0,155.31,False,completed
ORD001166,CUST02220,2024-12-14,meta,bottoms,DE,103.43,0.0,103.43,False,completed
ORD001167,CUST03550,2024-12-26,organic,bottoms,DE,76.96,0.0,76.96,False,completed
ORD001168,CUST01004,2024-11-26,google,tops,GB,69.17,0.0,69.17,False,completed
ORD001169,CUST02415,2024-12-21,tiktok,tops,GB,43.89,0.0,43.89,False,completed
ORD001170,CUST02962,2024-08-06,google,footwear,US,77.94,0.0,11.69,True,returned
ORD001171,CUST03615,2024-06-25,meta,bottoms,AU,86.43,12.0,74.43,False,completed
ORD001172,CUST02054,2024-06-23,google,accessories,US,54.96,0.0,54.96,False,completed
ORD001173,CUST00075,2024-08-01,tiktok,outerwear,US,173.27,22.61,150.66,False,completed
ORD001174,CUST03124,2024-07-02,meta,tops,US,50.8,9.46,41.34,False,completed
ORD001175,CUST02447,2024-08-04,meta,tops,GB,68.06,11.31,-1.1,True,returned
ORD001176,CUST02934,2024-05-12,organic,tops,NL,55.82,0.0,55.82,False,completed
ORD001177,CUST02638,2024-11-27,organic,tops,CA,41.01,0.0,41.01,False,completed
ORD001178,CUST03729,2024-08-31,google,outerwear,US,110.61,0.0,16.59,True,returned
ORD001179,CUST00912,2024-10-06,organic,bottoms,US,99.97,0.0,99.97,False,completed
ORD001180,CUST00005,2024-10-19,tiktok,footwear,US,100.16,23.35,-8.33,True,returned
ORD001181,CUST02036,2024-12-04,meta,outerwear,GB,182.86,0.0,182.86,False,completed
ORD001182,CUST01469,2024-10-19,google,bottoms,CA,60.31,0.0,60.31,False,completed
ORD001183,CUST01411,2024-11-13,organic,tops,DE,46.61,0.0,46.61,False,completed
ORD001184,CUST00388,2024-12-06,email,footwear,AU,111.72,0.0,111.72,False,completed
ORD001185,CUST02249,2024-10-23,meta,outerwear,US,186.07,0.0,186.07,False,completed
ORD001186,CUST01341,2024-11-26,meta,outerwear,CA,123.54,28.72,94.82,False,completed
ORD001187,CUST00250,2024-09-27,google,outerwear,GB,117.03,0.0,117.03,False,completed
ORD001188,CUST01673,2024-07-22,meta,tops,US,40.6,4.59,1.5,True,returned
ORD001189,CUST00368,2024-10-11,tiktok,tops,US,68.55,0.0,68.55,False,completed
ORD001190,CUST02569,2024-12-07,meta,tops,US,39.22,0.0,5.88,True,returned
ORD001191,CUST02181,2024-11-25,meta,bottoms,US,77.88,0.0,77.88,False,completed
ORD001192,CUST00920,2024-12-14,organic,accessories,FR,48.45,0.0,48.45,False,completed
ORD001193,CUST01060,2024-11-06,google,bottoms,GB,54.39,0.0,54.39,False,completed
ORD001194,CUST02684,2024-08-11,organic,accessories,US,55.4,0.0,55.4,False,completed
ORD001195,CUST00897,2024-12-07,tiktok,tops,US,65.71,0.0,9.86,True,returned
ORD001196,CUST01364,2024-08-09,google,tops,DE,53.97,0.0,53.97,False,completed
ORD001197,CUST02564,2024-08-15,meta,footwear,DE,94.26,14.37,79.89,False,completed
ORD001198,CUST01728,2024-10-09,meta,bottoms,US,73.31,0.0,11.0,True,returned
ORD001199,CUST03101,2024-09-23,tiktok,outerwear,US,108.12,0.0,108.12,False,completed
ORD001200,CUST01615,2024-09-05,organic,footwear,US,108.68,0.0,108.68,False,completed
ORD001201,CUST02882,2024-12-02,tiktok,footwear,US,139.1,0.0,139.1,False,completed
ORD001202,CUST03506,2024-02-23,email,tops,AU,38.76,0.0,38.76,False,completed
ORD001203,CUST03602,2024-12-12,meta,accessories,GB,39.45,0.0,39.45,False,completed
ORD001204,CUST03459,2024-11-12,tiktok,accessories,DE,36.22,4.49,31.73,False,completed
ORD001205,CUST00247,2024-09-04,meta,bottoms,US,53.9,9.52,44.38,False,completed
ORD001206,CUST02051,2024-12-16,google,footwear,US,142.1,0.0,21.31,True,returned
ORD001207,CUST01283,2024-12-09,organic,tops,NL,43.54,0.0,6.53,True,returned
ORD001208,CUST02974,2024-08-13,google,accessories,FR,49.11,0.0,49.11,False,completed
ORD001209,CUST00453,2024-08-10,organic,tops,US,64.46,0.0,64.46,False,completed
ORD001210,CUST01036,2024-12-24,google,outerwear,NL,130.2,0.0,130.2,False,completed
ORD001211,CUST02355,2024-09-25,google,tops,GB,50.39,0.0,50.39,False,completed
ORD001212,CUST03282,2024-10-22,meta,outerwear,FR,104.44,0.0,15.67,True,returned
ORD001213,CUST02509,2024-11-22,meta,accessories,GB,43.31,5.95,0.55,True,returned
ORD001214,CUST03511,2024-12-03,meta,bottoms,GB,67.95,0.0,67.95,False,completed
ORD001215,CUST01178,2024-12-14,meta,accessories,GB,42.08,7.47,-1.16,True,returned
ORD001216,CUST02404,2024-08-25,tiktok,bottoms,NL,103.64,0.0,103.64,False,completed
ORD001217,CUST00075,2024-09-01,tiktok,accessories,US,50.86,6.31,44.55,False,completed
ORD001218,CUST03597,2024-11-02,email,bottoms,NL,86.14,0.0,86.14,False,completed
ORD001219,CUST03286,2024-11-13,google,tops,GB,67.07,0.0,10.06,True,returned
ORD001220,CUST01645,2024-08-23,google,bottoms,FR,90.69,0.0,90.69,False,completed
ORD001221,CUST00018,2024-09-10,tiktok,bottoms,GB,57.22,0.0,57.22,False,completed
ORD001222,CUST01578,2024-04-15,meta,footwear,US,86.59,0.0,12.99,True,returned
ORD001223,CUST00431,2024-10-24,organic,bottoms,US,95.06,0.0,95.06,False,completed
ORD001224,CUST03738,2024-12-02,organic,tops,US,65.07,0.0,9.76,True,returned
ORD001225,CUST00055,2024-06-26,meta,tops,US,69.72,14.82,54.9,False,completed
ORD001226,CUST02034,2024-09-19,tiktok,outerwear,GB,140.8,30.57,110.23,False,completed
ORD001227,CUST00430,2024-11-17,meta,accessories,AU,52.75,0.0,7.91,True,returned
ORD001228,CUST01454,2024-12-15,organic,outerwear,AU,189.87,0.0,189.87,False,completed
ORD001229,CUST02957,2024-08-07,organic,tops,GB,56.95,0.0,56.95,False,completed
ORD001230,CUST02606,2024-08-13,organic,accessories,GB,37.2,0.0,37.2,False,completed
ORD001231,CUST00039,2024-12-08,email,tops,GB,43.42,0.0,43.42,False,completed
ORD001232,CUST00916,2024-07-05,meta,bottoms,DE,88.72,0.0,13.31,True,returned
ORD001233,CUST02287,2024-09-18,meta,outerwear,FR,176.36,21.28,155.08,False,completed
ORD001234,CUST01917,2024-12-27,organic,accessories,GB,48.02,0.0,48.02,False,completed
ORD001235,CUST01702,2024-03-30,google,bottoms,US,80.73,0.0,80.73,False,completed
ORD001236,CUST03192,2024-11-11,meta,bottoms,US,95.41,18.07,-3.76,True,returned
ORD001237,CUST03106,2024-11-07,organic,outerwear,US,132.88,0.0,132.88,False,completed
ORD001238,CUST03174,2024-10-01,meta,bottoms,US,77.23,17.9,59.33,False,completed
ORD001239,CUST02293,2024-04-08,tiktok,accessories,US,28.2,0.0,28.2,False,completed
ORD001240,CUST02760,2024-12-30,meta,bottoms,NL,70.3,0.0,70.3,False,completed
ORD001241,CUST00061,2024-03-28,meta,outerwear,GB,160.24,0.0,24.04,True,returned
ORD001242,CUST00553,2024-08-02,google,accessories,DE,54.99,0.0,54.99,False,completed
ORD001243,CUST03377,2024-10-09,referral,bottoms,GB,53.98,0.0,53.98,False,completed
ORD001244,CUST02468,2024-11-08,organic,accessories,DE,43.44,0.0,43.44,False,completed
ORD001245,CUST01064,2024-10-04,google,outerwear,GB,97.91,0.0,97.91,False,completed
ORD001246,CUST02795,2024-12-02,meta,bottoms,DE,74.72,17.0,57.72,False,completed
ORD001247,CUST03746,2024-10-29,google,outerwear,US,186.2,0.0,186.2,False,completed
ORD001248,CUST00367,2024-11-18,tiktok,tops,NL,40.16,4.89,35.27,False,completed
ORD001249,CUST00298,2024-06-26,tiktok,bottoms,GB,52.5,12.66,-4.78,True,returned
ORD001250,CUST03332,2024-11-26,google,bottoms,DE,65.42,0.0,65.42,False,completed
ORD001251,CUST01156,2024-06-11,meta,outerwear,AU,162.7,0.0,162.7,False,completed
ORD001252,CUST02368,2024-11-07,tiktok,tops,GB,66.79,6.78,60.01,False,completed
ORD001253,CUST03740,2024-11-27,tiktok,outerwear,NL,153.67,0.0,153.67,False,completed
ORD001254,CUST01296,2024-08-02,google,tops,GB,39.63,0.0,39.63,False,completed
ORD001255,CUST01545,2024-10-02,email,outerwear,US,169.31,0.0,169.31,False,completed
ORD001256,CUST01590,2024-08-27,google,bottoms,GB,93.3,0.0,93.3,False,completed
ORD001257,CUST03555,2024-11-06,organic,accessories,FR,34.51,0.0,34.51,False,completed
ORD001258,CUST00383,2024-04-21,meta,bottoms,GB,94.65,16.54,78.11,False,completed
ORD001259,CUST01064,2024-07-02,google,bottoms,GB,94.65,0.0,94.65,False,completed
ORD001260,CUST01739,2024-09-10,meta,bottoms,DE,64.83,0.0,64.83,False,completed
ORD001261,CUST03746,2024-09-10,google,tops,US,63.74,0.0,63.74,False,completed
ORD001262,CUST03718,2024-10-06,tiktok,bottoms,FR,57.12,10.53,46.59,False,completed
ORD001263,CUST02076,2024-06-30,organic,bottoms,DE,65.5,0.0,65.5,False,completed
ORD001264,CUST02620,2024-07-02,organic,accessories,US,50.74,0.0,50.74,False,completed
ORD001265,CUST00931,2024-10-19,meta,bottoms,DE,59.98,12.64,47.34,False,completed
ORD001266,CUST01515,2024-12-08,tiktok,tops,GB,63.83,7.0,56.83,False,completed
ORD001267,CUST00417,2024-05-09,google,bottoms,DE,55.18,0.0,55.18,False,completed
ORD001268,CUST00502,2024-07-12,meta,bottoms,DE,65.71,0.0,65.71,False,completed
ORD001269,CUST02627,2024-07-31,organic,bottoms,GB,89.58,0.0,89.58,False,completed
ORD001270,CUST01994,2024-11-29,meta,bottoms,CA,63.87,10.62,-1.04,True,returned
ORD001271,CUST03365,2024-05-30,organic,accessories,GB,42.09,0.0,42.09,False,completed
ORD001272,CUST01881,2024-12-07,meta,bottoms,US,60.42,12.86,-3.8,True,returned
ORD001273,CUST02807,2024-12-21,meta,bottoms,AU,59.67,0.0,59.67,False,completed
ORD001274,CUST03416,2024-12-13,meta,footwear,GB,104.31,17.4,86.91,False,completed
ORD001275,CUST03656,2024-07-11,meta,outerwear,GB,109.81,0.0,109.81,False,completed
ORD001276,CUST02894,2024-03-23,google,footwear,FR,86.99,0.0,86.99,False,completed
ORD001277,CUST03772,2024-11-17,tiktok,bottoms,US,87.96,20.58,67.38,False,completed
ORD001278,CUST01767,2024-12-24,meta,bottoms,GB,76.71,0.0,11.51,True,returned
ORD001279,CUST02843,2024-01-18,tiktok,accessories,AU,42.48,0.0,42.48,False,completed
ORD001280,CUST02423,2024-10-17,tiktok,tops,US,60.98,0.0,60.98,False,completed
ORD001281,CUST01064,2024-05-05,google,bottoms,GB,53.32,0.0,53.32,False,completed
ORD001282,CUST03418,2024-10-20,email,bottoms,US,82.04,0.0,82.04,False,completed
ORD001283,CUST03707,2024-07-30,tiktok,outerwear,GB,139.14,0.0,139.14,False,completed
ORD001284,CUST01288,2024-09-15,email,outerwear,DE,166.84,0.0,166.84,False,completed
ORD001285,CUST00237,2024-10-18,tiktok,bottoms,US,82.96,0.0,82.96,False,completed
ORD001286,CUST01411,2024-10-24,organic,tops,DE,66.62,0.0,66.62,False,completed
ORD001287,CUST03534,2024-01-24,tiktok,tops,GB,64.13,0.0,64.13,False,completed
ORD001288,CUST01954,2024-10-23,google,accessories,CA,48.99,0.0,7.35,True,returned
ORD001289,CUST02985,2024-07-27,google,tops,AU,61.42,0.0,61.42,False,completed
ORD001290,CUST02636,2024-06-29,organic,bottoms,US,57.53,0.0,8.63,True,returned
ORD001291,CUST01904,2024-09-18,meta,outerwear,US,143.05,0.0,143.05,False,completed
ORD001292,CUST00437,2024-10-31,google,tops,US,64.06,0.0,64.06,False,completed
ORD001293,CUST03617,2024-12-29,meta,bottoms,US,67.03,12.27,54.76,False,completed
ORD001294,CUST00133,2024-08-24,meta,tops,GB,39.73,0.0,39.73,False,completed
ORD001295,CUST00850,2024-12-28,google,accessories,GB,33.02,0.0,4.95,True,returned
ORD001296,CUST00739,2024-10-07,tiktok,footwear,DE,142.84,35.64,107.2,False,completed
ORD001297,CUST03648,2024-10-31,meta,tops,CA,50.31,8.22,42.09,False,completed
ORD001298,CUST00104,2024-08-26,referral,bottoms,GB,97.94,0.0,97.94,False,completed
ORD001299,CUST03775,2024-04-08,organic,accessories,GB,30.25,0.0,30.25,False,completed
ORD001300,CUST01826,2024-08-20,meta,accessories,GB,47.19,6.12,41.07,False,completed
ORD001301,CUST00757,2024-12-18,google,accessories,GB,33.14,0.0,33.14,False,completed
ORD001302,CUST01544,2024-09-08,meta,tops,GB,40.07,5.68,34.39,False,completed
ORD001303,CUST01817,2024-09-16,tiktok,footwear,NL,137.94,25.44,-4.75,True,returned
ORD001304,CUST03037,2024-11-06,google,accessories,US,37.1,0.0,5.57,True,returned
ORD001305,CUST03609,2024-10-05,google,outerwear,NL,154.82,0.0,154.82,False,completed
ORD001306,CUST01332,2024-08-11,referral,outerwear,US,117.02,0.0,117.02,False,completed
ORD001307,CUST00522,2024-10-31,email,outerwear,GB,191.17,0.0,191.17,False,completed
ORD001308,CUST02216,2024-08-05,email,tops,AU,56.61,0.0,56.61,False,completed
ORD001309,CUST00911,2024-12-05,organic,outerwear,US,124.65,0.0,124.65,False,completed
ORD001310,CUST03347,2024-12-07,meta,tops,CA,65.9,0.0,65.9,False,completed
ORD001311,CUST02646,2024-08-20,tiktok,accessories,NL,40.7,0.0,6.11,True,returned
ORD001312,CUST01458,2024-09-04,tiktok,outerwear,NL,121.42,0.0,121.42,False,completed
ORD001313,CUST00096,2024-12-20,tiktok,outerwear,DE,144.54,14.51,130.03,False,completed
ORD001314,CUST03065,2024-12-10,email,footwear,US,126.25,0.0,126.25,False,completed
ORD001315,CUST00089,2024-08-31,meta,tops,US,36.37,8.87,27.5,False,completed
ORD001316,CUST03459,2024-10-24,tiktok,outerwear,DE,111.93,0.0,111.93,False,completed
ORD001317,CUST03182,2024-08-09,google,accessories,US,34.67,0.0,5.2,True,returned
ORD001318,CUST01062,2024-12-04,meta,outerwear,DE,99.32,0.0,14.9,True,returned
ORD001319,CUST01428,2024-05-20,meta,tops,US,42.24,4.65,37.59,False,completed
ORD001320,CUST00631,2024-11-11,meta,footwear,FR,129.99,0.0,129.99,False,completed
ORD001321,CUST00465,2024-11-09,organic,accessories,US,34.33,0.0,34.33,False,completed
ORD001322,CUST01346,2024-12-20,tiktok,accessories,US,34.33,0.0,34.33,False,completed
ORD001323,CUST02271,2024-09-30,organic,tops,GB,64.2,0.0,64.2,False,completed
ORD001324,CUST03093,2024-10-05,meta,tops,DE,41.84,5.21,36.63,False,completed
ORD001325,CUST01748,2024-11-28,organic,tops,GB,55.35,0.0,55.35,False,completed
ORD001326,CUST03059,2024-12-24,meta,bottoms,GB,85.55,0.0,12.83,True,returned
ORD001327,CUST03231,2024-10-01,meta,accessories,US,30.53,6.63,23.9,False,completed
ORD001328,CUST03078,2024-11-26,organic,bottoms,FR,97.48,0.0,97.48,False,completed
ORD001329,CUST00549,2024-08-04,meta,tops,GB,44.74,7.7,37.04,False,completed
ORD001330,CUST01266,2024-11-15,meta,bottoms,GB,60.32,11.42,48.9,False,completed
ORD001331,CUST03552,2024-08-11,meta,outerwear,GB,150.37,37.28,113.09,False,completed
ORD001332,CUST00401,2024-07-14,meta,tops,GB,52.07,8.12,43.95,False,completed
ORD001333,CUST02960,2024-09-16,tiktok,tops,FR,51.25,0.0,51.25,False,completed
ORD001334,CUST00620,2024-10-26,meta,accessories,US,45.63,10.7,34.93,False,completed
ORD001335,CUST00582,2024-04-18,organic,accessories,US,39.92,0.0,39.92,False,completed
ORD001336,CUST03140,2024-11-05,meta,tops,US,56.56,0.0,8.48,True,returned
ORD001337,CUST02184,2024-08-25,meta,bottoms,US,59.15,6.85,2.02,True,returned
ORD001338,CUST01450,2024-11-08,google,tops,US,47.95,0.0,7.19,True,returned
ORD001339,CUST00386,2024-09-23,meta,tops,US,63.79,0.0,9.57,True,returned
ORD001340,CUST01227,2024-11-20,meta,outerwear,US,100.74,0.0,100.74,False,completed
ORD001341,CUST02422,2024-12-07,meta,outerwear,GB,121.05,24.68,96.37,False,completed
ORD001342,CUST01030,2024-08-31,organic,tops,CA,39.36,0.0,39.36,False,completed
ORD001343,CUST02901,2024-12-27,meta,tops,GB,64.72,0.0,64.72,False,completed
ORD001344,CUST03241,2024-11-12,google,outerwear,GB,166.65,0.0,166.65,False,completed
ORD001345,CUST01240,2024-11-02,meta,bottoms,GB,54.16,10.08,44.08,False,completed
ORD001346,CUST00856,2024-09-09,tiktok,accessories,NL,44.49,5.08,39.41,False,completed
ORD001347,CUST03575,2024-09-02,meta,footwear,GB,83.95,0.0,83.95,False,completed
ORD001348,CUST01188,2024-11-25,tiktok,tops,US,67.8,0.0,67.8,False,completed
ORD001349,CUST03213,2024-10-10,meta,outerwear,GB,146.92,0.0,146.92,False,completed
ORD001350,CUST03174,2024-11-09,meta,outerwear,US,164.22,20.66,143.56,False,completed
ORD001351,CUST03030,2024-12-10,tiktok,tops,GB,53.36,0.0,53.36,False,completed
ORD001352,CUST01485,2024-08-18,meta,footwear,DE,134.08,20.91,113.17,False,completed
ORD001353,CUST03219,2024-08-24,meta,bottoms,FR,80.88,0.0,12.13,True,returned
ORD001354,CUST00036,2024-07-05,organic,bottoms,US,70.34,0.0,70.34,False,completed
ORD001355,CUST02604,2024-07-23,meta,tops,GB,67.79,10.96,-0.79,True,returned
ORD001356,CUST02413,2024-12-26,organic,tops,US,42.49,0.0,6.37,True,returned
ORD001357,CUST03487,2024-10-30,meta,accessories,FR,34.88,6.49,-1.26,True,returned
ORD001358,CUST02434,2024-03-15,google,accessories,FR,44.95,0.0,44.95,False,completed
ORD001359,CUST01616,2024-08-05,organic,accessories,GB,40.41,0.0,40.41,False,completed
ORD001360,CUST01633,2024-03-20,google,tops,GB,65.92,0.0,65.92,False,completed
ORD001361,CUST03438,2024-04-03,email,footwear,GB,98.01,0.0,98.01,False,completed
ORD001362,CUST00274,2024-11-24,meta,accessories,GB,46.12,5.13,1.79,True,returned
ORD001363,CUST03021,2024-10-10,google,outerwear,GB,119.58,0.0,119.58,False,completed
ORD001364,CUST02207,2024-12-05,organic,tops,FR,41.77,0.0,41.77,False,completed
ORD001365,CUST00384,2024-08-03,meta,footwear,US,88.0,0.0,88.0,False,completed
ORD001366,CUST01720,2024-11-19,meta,footwear,DE,82.34,13.17,69.17,False,completed
ORD001367,CUST01640,2024-11-16,google,footwear,NL,125.88,0.0,125.88,False,completed
ORD001368,CUST00225,2024-09-26,google,footwear,US,134.66,0.0,134.66,False,completed
ORD001369,CUST00895,2024-11-14,meta,bottoms,US,100.85,0.0,15.13,True,returned
ORD001370,CUST00935,2024-11-15,referral,tops,DE,45.77,0.0,45.77,False,completed
ORD001371,CUST03384,2024-11-27,meta,outerwear,FR,178.31,41.03,137.28,False,completed
ORD001372,CUST00812,2024-12-28,meta,bottoms,US,52.65,0.0,52.65,False,completed
ORD001373,CUST01160,2024-06-29,tiktok,footwear,US,93.58,0.0,93.58,False,completed
ORD001374,CUST01594,2024-08-30,google,tops,GB,65.42,0.0,9.81,True,returned
ORD001375,CUST03068,2024-10-25,tiktok,bottoms,US,76.12,11.75,64.37,False,completed
ORD001376,CUST01722,2024-09-04,tiktok,bottoms,FR,88.01,0.0,88.01,False,completed
ORD001377,CUST00738,2024-11-13,meta,accessories,GB,52.64,0.0,52.64,False,completed
ORD001378,CUST03516,2024-11-22,meta,tops,AU,55.82,12.67,-4.3,True,returned
ORD001379,CUST02539,2024-10-29,meta,outerwear,GB,112.55,14.1,98.45,False,completed
ORD001380,CUST02296,2024-11-19,google,bottoms,FR,65.86,0.0,65.86,False,completed
ORD001381,CUST03149,2024-12-04,meta,tops,DE,45.67,5.91,39.76,False,completed
ORD001382,CUST03375,2024-11-09,google,outerwear,GB,139.07,0.0,139.07,False,completed
ORD001383,CUST00045,2024-08-21,google,bottoms,GB,67.26,0.0,67.26,False,completed
ORD001384,CUST03053,2024-10-01,referral,bottoms,NL,91.58,0.0,91.58,False,completed
ORD001385,CUST02326,2024-06-27,organic,tops,GB,52.83,0.0,52.83,False,completed
ORD001386,CUST01778,2024-12-24,meta,tops,GB,59.5,8.97,50.53,False,completed
ORD001387,CUST02052,2024-08-12,meta,outerwear,GB,126.04,14.33,111.71,False,completed
ORD001388,CUST02975,2024-08-19,google,tops,GB,64.09,0.0,64.09,False,completed
ORD001389,CUST03422,2024-11-12,email,outerwear,NL,117.16,0.0,117.16,False,completed
ORD001390,CUST01073,2024-09-24,organic,bottoms,US,67.85,0.0,67.85,False,completed
ORD001391,CUST02602,2024-07-23,referral,outerwear,CA,124.19,0.0,124.19,False,completed
ORD001392,CUST03714,2024-11-12,meta,tops,AU,52.45,9.51,42.94,False,completed
ORD001393,CUST01849,2024-11-18,tiktok,accessories,US,35.18,0.0,35.18,False,completed
ORD001394,CUST02783,2024-10-28,google,accessories,NL,39.32,0.0,39.32,False,completed
ORD001395,CUST03692,2024-12-27,tiktok,tops,CA,59.73,9.31,50.42,False,completed
ORD001396,CUST02120,2024-10-26,meta,outerwear,GB,99.22,0.0,14.88,True,returned
ORD001397,CUST03787,2024-08-21,google,outerwear,US,106.56,0.0,106.56,False,completed
ORD001398,CUST01262,2024-09-28,meta,tops,DE,52.36,0.0,52.36,False,completed
ORD001399,CUST00084,2024-07-28,email,footwear,AU,98.16,0.0,98.16,False,completed
ORD001400,CUST01755,2024-09-23,organic,bottoms,GB,53.9,0.0,53.9,False,completed
ORD001401,CUST01820,2024-11-13,meta,footwear,US,114.63,19.77,-2.58,True,returned
ORD001402,CUST01803,2024-11-21,tiktok,tops,FR,65.43,0.0,65.43,False,completed
ORD001403,CUST03706,2024-02-29,meta,bottoms,US,59.05,13.77,45.28,False,completed
ORD001404,CUST01948,2024-09-11,meta,outerwear,US,170.51,0.0,170.51,False,completed
ORD001405,CUST01852,2024-08-20,meta,outerwear,GB,137.37,0.0,20.61,True,returned
ORD001406,CUST02770,2024-09-22,google,accessories,US,29.31,0.0,29.31,False,completed
ORD001407,CUST00841,2024-12-12,organic,bottoms,GB,67.84,0.0,67.84,False,completed
ORD001408,CUST02853,2024-10-10,meta,outerwear,US,179.37,0.0,179.37,False,completed
ORD001409,CUST01638,2024-09-12,tiktok,outerwear,US,126.23,13.04,113.19,False,completed
ORD001410,CUST02748,2024-09-20,email,bottoms,US,59.18,0.0,59.18,False,completed
ORD001411,CUST02845,2024-08-06,meta,tops,US,59.32,0.0,59.32,False,completed
ORD001412,CUST03133,2024-03-31,email,bottoms,GB,72.88,0.0,72.88,False,completed
ORD001413,CUST00122,2024-09-12,google,bottoms,US,61.71,0.0,9.26,True,returned
ORD001414,CUST00286,2024-11-23,tiktok,accessories,CA,44.18,0.0,44.18,False,completed
ORD001415,CUST00061,2024-07-25,meta,tops,GB,65.15,0.0,65.15,False,completed
ORD001416,CUST02085,2024-12-21,google,outerwear,GB,160.6,0.0,160.6,False,completed
ORD001417,CUST02198,2024-11-05,email,bottoms,GB,81.22,0.0,81.22,False,completed
ORD001418,CUST01323,2024-07-20,google,accessories,US,34.53,0.0,5.18,True,returned
ORD001419,CUST03021,2024-09-25,google,bottoms,GB,94.76,0.0,94.76,False,completed
ORD001420,CUST01075,2024-09-01,organic,bottoms,US,67.18,0.0,10.08,True,returned
ORD001421,CUST02941,2024-12-28,meta,bottoms,GB,101.59,0.0,15.24,True,returned
ORD001422,CUST02764,2024-10-10,meta,footwear,GB,93.78,0.0,93.78,False,completed
ORD001423,CUST00079,2024-09-15,referral,tops,FR,63.9,0.0,63.9,False,completed
ORD001424,CUST01715,2024-12-02,organic,tops,US,49.69,0.0,49.69,False,completed
ORD001425,CUST02527,2024-11-03,referral,accessories,GB,40.3,0.0,6.05,True,returned
ORD001426,CUST01059,2024-12-25,organic,bottoms,CA,101.85,0.0,101.85,False,completed
ORD001427,CUST02300,2024-11-01,tiktok,outerwear,GB,122.68,0.0,122.68,False,completed
ORD001428,CUST02857,2024-09-20,google,accessories,US,47.42,0.0,47.42,False,completed
ORD001429,CUST00309,2024-08-27,tiktok,outerwear,US,106.72,0.0,106.72,False,completed
ORD001430,CUST00023,2024-08-20,tiktok,outerwear,US,187.57,21.96,165.61,False,completed
ORD001431,CUST03617,2024-12-23,meta,outerwear,US,168.54,26.45,142.09,False,completed
ORD001432,CUST03486,2024-09-05,referral,accessories,AU,44.27,0.0,44.27,False,completed
ORD001433,CUST00582,2024-12-19,organic,bottoms,US,69.09,0.0,69.09,False,completed
ORD001434,CUST01839,2024-12-14,meta,tops,GB,53.13,0.0,53.13,False,completed
ORD001435,CUST01689,2024-11-16,meta,tops,FR,52.07,10.12,-2.31,True,returned
ORD001436,CUST00129,2024-12-13,email,outerwear,US,179.15,0.0,179.15,False,completed
ORD001437,CUST01861,2024-07-29,tiktok,bottoms,US,79.49,10.02,69.47,False,completed
ORD001438,CUST03565,2024-10-05,meta,accessories,AU,51.59,0.0,51.59,False,completed
ORD001439,CUST02706,2024-12-16,google,tops,GB,41.3,0.0,41.3,False,completed
ORD001440,CUST02374,2024-10-21,tiktok,footwear,NL,85.24,0.0,85.24,False,completed
ORD001441,CUST00364,2024-05-29,referral,bottoms,DE,52.11,0.0,52.11,False,completed
ORD001442,CUST02808,2024-10-07,google,outerwear,GB,180.92,0.0,180.92,False,completed
ORD001443,CUST00452,2024-10-12,meta,accessories,US,39.37,0.0,5.91,True,returned
ORD001444,CUST02173,2024-12-02,tiktok,accessories,GB,34.72,7.42,-2.21,True,returned
ORD001445,CUST00718,2024-11-07,organic,tops,FR,68.45,0.0,68.45,False,completed
ORD001446,CUST01104,2024-05-29,tiktok,bottoms,GB,82.93,11.44,71.49,False,completed
ORD001447,CUST02138,2024-10-21,organic,accessories,US,30.27,0.0,4.54,True,returned
ORD001448,CUST03058,2024-07-10,organic,accessories,GB,54.05,0.0,54.05,False,completed
ORD001449,CUST00665,2024-12-30,meta,accessories,GB,34.02,0.0,34.02,False,completed
ORD001450,CUST03794,2024-10-15,meta,footwear,AU,105.01,24.83,-9.08,True,returned
ORD001451,CUST02335,2024-10-28,meta,bottoms,GB,94.45,14.78,79.67,False,completed
ORD001452,CUST03118,2024-11-28,google,tops,CA,69.06,0.0,69.06,False,completed
ORD001453,CUST01538,2024-06-26,meta,tops,GB,63.53,9.73,53.8,False,completed
ORD001454,CUST02861,2024-12-09,meta,bottoms,DE,78.06,0.0,11.71,True,returned
ORD001455,CUST01801,2024-12-11,google,accessories,US,35.79,0.0,5.37,True,returned
ORD001456,CUST00996,2024-09-18,meta,accessories,GB,35.62,0.0,35.62,False,completed
ORD001457,CUST00602,2024-05-15,meta,bottoms,AU,89.28,0.0,89.28,False,completed
ORD001458,CUST02121,2024-09-10,meta,tops,GB,61.64,0.0,61.64,False,completed
ORD001459,CUST00521,2024-10-30,meta,bottoms,CA,71.82,0.0,71.82,False,completed
ORD001460,CUST02560,2024-12-20,referral,bottoms,US,82.44,0.0,82.44,False,completed
ORD001461,CUST02382,2024-10-15,google,outerwear,GB,142.52,0.0,142.52,False,completed
ORD001462,CUST03636,2024-08-09,meta,tops,US,37.82,0.0,5.67,True,returned
ORD001463,CUST01585,2024-09-26,meta,tops,FR,50.79,8.26,42.53,False,completed
ORD001464,CUST00298,2024-12-30,tiktok,bottoms,GB,100.43,23.49,76.94,False,completed
ORD001465,CUST01545,2024-10-28,email,footwear,US,137.43,0.0,137.43,False,completed
ORD001466,CUST02693,2024-07-16,google,outerwear,GB,166.77,0.0,166.77,False,completed
ORD001467,CUST03007,2024-12-14,meta,tops,US,47.54,0.0,47.54,False,completed
ORD001468,CUST01638,2024-12-24,tiktok,bottoms,US,88.93,21.12,67.81,False,completed
ORD001469,CUST01777,2024-11-09,tiktok,bottoms,GB,64.85,15.7,49.15,False,completed
ORD001470,CUST03308,2024-11-01,meta,accessories,AU,50.77,9.1,-1.48,True,returned
ORD001471,CUST00777,2024-12-25,google,outerwear,GB,110.86,0.0,16.63,True,returned
ORD001472,CUST00041,2024-03-01,tiktok,tops,NL,38.39,0.0,38.39,False,completed
ORD001473,CUST02697,2024-11-05,meta,footwear,US,82.57,0.0,82.57,False,completed
ORD001474,CUST00276,2024-11-20,email,bottoms,GB,85.91,0.0,85.91,False,completed
ORD001475,CUST00139,2024-12-06,email,tops,GB,69.69,0.0,69.69,False,completed
ORD001476,CUST01231,2024-05-02,google,tops,FR,54.6,0.0,54.6,False,completed
ORD001477,CUST01317,2024-10-10,tiktok,footwear,GB,132.74,25.48,107.26,False,completed
ORD001478,CUST01781,2024-09-06,google,accessories,US,38.74,0.0,38.74,False,completed
ORD001479,CUST03220,2024-12-11,google,footwear,GB,81.75,0.0,81.75,False,completed
ORD001480,CUST01350,2024-12-11,email,footwear,GB,118.73,0.0,17.81,True,returned
ORD001481,CUST00749,2024-12-10,google,bottoms,US,64.07,0.0,64.07,False,completed
ORD001482,CUST01985,2024-09-22,meta,bottoms,FR,101.01,0.0,15.15,True,returned
ORD001483,CUST02289,2024-12-06,organic,tops,AU,69.76,0.0,69.76,False,completed
ORD001484,CUST03389,2024-12-23,meta,bottoms,FR,102.58,0.0,102.58,False,completed
ORD001485,CUST03512,2024-07-21,meta,bottoms,GB,58.85,0.0,8.83,True,returned
ORD001486,CUST01493,2024-11-22,tiktok,outerwear,US,96.27,23.15,73.12,False,completed
ORD001487,CUST01764,2024-10-13,meta,footwear,GB,83.01,0.0,83.01,False,completed
ORD001488,CUST02630,2024-10-12,meta,accessories,US,28.19,0.0,4.23,True,returned
ORD001489,CUST02011,2024-11-07,meta,tops,CA,41.88,5.41,0.87,True,returned
ORD001490,CUST02706,2024-09-17,google,bottoms,GB,73.04,0.0,10.96,True,returned
ORD001491,CUST02033,2024-10-14,meta,bottoms,GB,85.4,0.0,12.81,True,returned
ORD001492,CUST01433,2024-10-09,organic,tops,FR,39.1,0.0,39.1,False,completed
ORD001493,CUST02717,2024-09-11,email,footwear,US,82.56,0.0,82.56,False,completed
ORD001494,CUST02548,2024-12-21,meta,accessories,FR,44.73,7.72,-1.01,True,returned
ORD001495,CUST00861,2024-07-27,referral,tops,US,46.74,0.0,46.74,False,completed
ORD001496,CUST01204,2024-10-16,google,tops,US,52.15,0.0,52.15,False,completed
ORD001497,CUST00001,2024-10-27,meta,bottoms,DE,53.33,0.0,53.33,False,completed
ORD001498,CUST03548,2024-02-20,google,accessories,DE,36.83,0.0,5.52,True,returned
ORD001499,CUST03625,2024-09-26,meta,outerwear,FR,141.16,0.0,141.16,False,completed
ORD001500,CUST02492,2024-06-28,meta,accessories,DE,45.64,0.0,45.64,False,completed
ORD001501,CUST03496,2024-11-15,meta,tops,US,61.02,11.03,49.99,False,completed
ORD001502,CUST01422,2024-02-08,google,tops,GB,49.81,0.0,49.81,False,completed
ORD001503,CUST00152,2024-12-24,meta,accessories,GB,43.63,6.63,37.0,False,completed
ORD001504,CUST03040,2024-07-15,meta,outerwear,NL,173.55,0.0,173.55,False,completed
ORD001505,CUST01068,2024-07-31,organic,outerwear,GB,155.44,0.0,155.44,False,completed
ORD001506,CUST01020,2024-12-07,google,outerwear,GB,184.5,0.0,27.68,True,returned
ORD001507,CUST02015,2024-12-21,email,tops,US,46.26,0.0,46.26,False,completed
ORD001508,CUST03655,2024-06-15,tiktok,outerwear,GB,126.62,0.0,126.62,False,completed
ORD001509,CUST00076,2024-11-19,google,tops,US,69.23,0.0,69.23,False,completed
ORD001510,CUST00613,2024-08-24,meta,tops,US,55.43,0.0,55.43,False,completed
ORD001511,CUST01613,2024-11-27,tiktok,tops,DE,69.83,10.88,58.95,False,completed
ORD001512,CUST03362,2024-12-05,google,outerwear,GB,161.71,0.0,161.71,False,completed
ORD001513,CUST02841,2024-08-17,meta,outerwear,US,147.28,18.21,3.88,True,returned
ORD001514,CUST02859,2024-08-13,meta,tops,FR,68.45,13.01,-2.74,True,returned
ORD001515,CUST03552,2024-07-29,meta,outerwear,GB,128.88,30.92,97.96,False,completed
ORD001516,CUST02478,2024-11-25,meta,tops,CA,66.6,0.0,66.6,False,completed
ORD001517,CUST00219,2024-12-08,meta,accessories,US,40.1,0.0,6.02,True,returned
ORD001518,CUST02479,2024-08-25,tiktok,bottoms,DE,102.38,20.67,81.71,False,completed
ORD001519,CUST00482,2024-10-27,organic,outerwear,US,104.9,0.0,104.9,False,completed
ORD001520,CUST03369,2024-12-26,meta,outerwear,GB,189.99,24.69,165.3,False,completed
ORD001521,CUST03507,2024-12-04,meta,accessories,NL,38.6,0.0,5.79,True,returned
ORD001522,CUST02268,2024-10-22,meta,outerwear,US,128.92,25.62,103.3,False,completed
ORD001523,CUST00457,2024-12-16,meta,outerwear,AU,99.11,0.0,99.11,False,completed
ORD001524,CUST02754,2024-11-15,organic,tops,GB,47.29,0.0,47.29,False,completed
ORD001525,CUST01927,2024-12-20,meta,tops,US,53.19,0.0,7.98,True,returned
ORD001526,CUST01214,2024-12-10,meta,outerwear,GB,188.02,0.0,28.2,True,returned
ORD001527,CUST03653,2024-10-27,meta,accessories,GB,53.72,11.42,42.3,False,completed
ORD001528,CUST01185,2024-12-03,tiktok,outerwear,AU,175.0,0.0,175.0,False,completed
ORD001529,CUST02362,2024-08-19,organic,bottoms,AU,93.22,0.0,93.22,False,completed
ORD001530,CUST01672,2024-03-10,meta,accessories,US,33.03,0.0,33.03,False,completed
ORD001531,CUST01540,2024-07-13,google,bottoms,AU,102.76,0.0,15.41,True,returned
ORD001532,CUST01575,2024-07-09,meta,outerwear,DE,124.92,0.0,18.74,True,returned
ORD001533,CUST02276,2024-11-28,organic,tops,US,68.65,0.0,68.65,False,completed
ORD001534,CUST00199,2024-08-18,organic,footwear,US,75.73,0.0,75.73,False,completed
ORD001535,CUST01623,2024-10-27,meta,tops,US,65.85,11.83,54.02,False,completed
ORD001536,CUST02626,2024-08-27,organic,outerwear,US,137.18,0.0,137.18,False,completed
ORD001537,CUST02556,2024-11-18,google,outerwear,GB,97.05,0.0,97.05,False,completed
ORD001538,CUST00180,2024-10-31,meta,tops,US,41.94,4.38,37.56,False,completed
ORD001539,CUST01495,2024-11-27,google,tops,CA,45.44,0.0,45.44,False,completed
ORD001540,CUST00820,2024-12-25,tiktok,footwear,US,126.5,0.0,126.5,False,completed
ORD001541,CUST01502,2024-05-25,google,accessories,US,44.09,0.0,44.09,False,completed
ORD001542,CUST01608,2024-08-13,tiktok,tops,GB,61.8,15.14,46.66,False,completed
ORD001543,CUST01429,2024-10-31,google,footwear,GB,119.63,0.0,119.63,False,completed
ORD001544,CUST01120,2024-12-11,organic,outerwear,US,109.16,0.0,109.16,False,completed
ORD001545,CUST03061,2024-08-05,google,footwear,GB,92.27,0.0,92.27,False,completed
ORD001546,CUST01350,2024-07-10,email,bottoms,GB,58.47,0.0,8.77,True,returned
ORD001547,CUST02299,2024-02-24,google,outerwear,CA,153.14,0.0,153.14,False,completed
ORD001548,CUST01436,2024-10-05,meta,tops,US,67.91,0.0,67.91,False,completed
ORD001549,CUST01631,2024-08-07,meta,tops,GB,42.04,4.98,37.06,False,completed
ORD001550,CUST02526,2024-10-21,organic,tops,CA,61.18,0.0,61.18,False,completed
ORD001551,CUST00962,2024-12-19,tiktok,tops,AU,51.12,0.0,7.67,True,returned
ORD001552,CUST00125,2024-12-11,google,tops,GB,52.16,0.0,52.16,False,completed
ORD001553,CUST03104,2024-10-29,meta,footwear,GB,101.24,25.22,-10.03,True,returned
ORD001554,CUST01500,2024-12-03,email,bottoms,NL,55.69,0.0,55.69,False,completed
ORD001555,CUST02789,2024-08-02,google,tops,GB,44.29,0.0,44.29,False,completed
ORD001556,CUST00370,2024-12-04,google,bottoms,GB,56.88,0.0,56.88,False,completed
ORD001557,CUST01421,2024-11-29,google,bottoms,GB,55.22,0.0,8.28,True,returned
ORD001558,CUST01048,2024-08-17,organic,tops,GB,44.83,0.0,44.83,False,completed
ORD001559,CUST01812,2024-10-21,email,tops,FR,61.55,0.0,61.55,False,completed
ORD001560,CUST02998,2024-12-24,meta,bottoms,US,57.05,0.0,57.05,False,completed
ORD001561,CUST03760,2024-12-09,tiktok,outerwear,FR,126.65,0.0,126.65,False,completed
ORD001562,CUST03012,2024-03-04,google,accessories,AU,54.11,0.0,54.11,False,completed
ORD001563,CUST02178,2024-06-26,meta,bottoms,US,90.67,0.0,13.6,True,returned
ORD001564,CUST02379,2024-05-14,meta,bottoms,GB,72.19,16.76,-5.93,True,returned
ORD001565,CUST02923,2024-12-25,organic,bottoms,GB,84.61,0.0,84.61,False,completed
ORD001566,CUST01622,2024-12-16,email,footwear,US,98.95,0.0,98.95,False,completed
ORD001567,CUST03163,2024-09-23,meta,footwear,GB,143.56,0.0,143.56,False,completed
ORD001568,CUST03283,2024-10-21,organic,tops,GB,45.55,0.0,45.55,False,completed
ORD001569,CUST03301,2024-09-22,meta,outerwear,FR,111.74,15.23,96.51,False,completed
ORD001570,CUST00777,2024-04-28,google,outerwear,GB,153.96,0.0,153.96,False,completed
ORD001571,CUST03221,2024-09-21,google,tops,AU,71.94,0.0,71.94,False,completed
ORD001572,CUST01062,2024-05-23,meta,tops,DE,56.18,7.0,1.43,True,returned
ORD001573,CUST01618,2024-12-14,meta,accessories,GB,40.89,0.0,40.89,False,completed
ORD001574,CUST00766,2024-05-20,meta,tops,CA,53.04,0.0,7.96,True,returned
ORD001575,CUST00654,2024-04-13,organic,outerwear,GB,179.28,0.0,179.28,False,completed
ORD001576,CUST00192,2024-07-19,email,tops,GB,42.56,0.0,42.56,False,completed
ORD001577,CUST01030,2024-12-17,organic,footwear,CA,76.7,0.0,76.7,False,completed
ORD001578,CUST00934,2024-08-01,organic,bottoms,GB,67.25,0.0,67.25,False,completed
ORD001579,CUST01217,2024-12-18,meta,outerwear,GB,154.05,0.0,154.05,False,completed
ORD001580,CUST00038,2024-12-26,organic,outerwear,GB,127.81,0.0,127.81,False,completed
ORD001581,CUST00345,2024-10-23,meta,accessories,FR,47.32,11.23,-4.13,True,returned
ORD001582,CUST01813,2024-08-24,tiktok,bottoms,US,87.87,21.43,66.44,False,completed
ORD001583,CUST00510,2024-09-15,google,tops,US,65.96,0.0,65.96,False,completed
ORD001584,CUST01008,2024-06-10,organic,outerwear,GB,113.69,0.0,113.69,False,completed
ORD001585,CUST02562,2024-11-21,email,accessories,US,53.58,0.0,53.58,False,completed
ORD001586,CUST01915,2024-08-29,tiktok,tops,DE,69.81,0.0,69.81,False,completed
ORD001587,CUST02867,2024-02-28,meta,footwear,US,100.93,0.0,15.14,True,returned
ORD001588,CUST03791,2024-09-08,organic,tops,US,56.11,0.0,8.42,True,returned
ORD001589,CUST01551,2024-05-18,meta,bottoms,DE,68.29,0.0,68.29,False,completed
ORD001590,CUST00555,2024-11-27,meta,tops,AU,62.21,0.0,9.33,True,returned
ORD001591,CUST02901,2024-11-06,meta,outerwear,GB,108.7,21.44,87.26,False,completed
ORD001592,CUST01780,2024-10-08,google,accessories,DE,38.27,0.0,38.27,False,completed
ORD001593,CUST01858,2024-11-09,google,tops,US,56.49,0.0,8.47,True,returned
ORD001594,CUST03793,2024-12-11,google,accessories,GB,28.39,0.0,4.26,True,returned
ORD001595,CUST02895,2024-08-23,meta,tops,NL,54.3,0.0,54.3,False,completed
ORD001596,CUST03252,2024-12-29,google,footwear,DE,135.58,0.0,135.58,False,completed
ORD001597,CUST01687,2024-07-10,tiktok,tops,FR,52.12,0.0,52.12,False,completed
ORD001598,CUST02402,2024-04-24,organic,tops,GB,69.31,0.0,69.31,False,completed
ORD001599,CUST02864,2024-12-26,google,outerwear,US,167.86,0.0,167.86,False,completed
ORD001600,CUST02901,2024-11-04,meta,accessories,GB,44.75,0.0,6.71,True,returned
ORD001601,CUST02893,2024-11-26,email,bottoms,CA,82.64,0.0,82.64,False,completed
ORD001602,CUST01291,2024-12-12,organic,bottoms,NL,97.07,0.0,97.07,False,completed
ORD001603,CUST03279,2024-12-18,organic,tops,DE,65.65,0.0,65.65,False,completed
ORD001604,CUST01788,2024-12-13,google,tops,GB,40.74,0.0,40.74,False,completed
ORD001605,CUST02419,2024-09-20,meta,accessories,GB,30.84,0.0,4.63,True,returned
ORD001606,CUST02400,2024-12-13,tiktok,accessories,US,30.09,5.79,24.3,False,completed
ORD001607,CUST02304,2024-10-15,organic,tops,GB,36.59,0.0,36.59,False,completed
ORD001608,CUST00748,2024-11-21,google,bottoms,US,90.55,0.0,90.55,False,completed
ORD001609,CUST03587,2024-07-25,google,tops,US,42.95,0.0,42.95,False,completed
ORD001610,CUST02176,2024-10-08,tiktok,footwear,AU,139.61,0.0,139.61,False,completed
ORD001611,CUST02610,2024-10-31,organic,bottoms,US,89.19,0.0,89.19,False,completed
ORD001612,CUST02852,2024-12-26,meta,tops,DE,54.48,13.34,41.14,False,completed
ORD001613,CUST00840,2024-11-12,meta,bottoms,NL,80.39,14.63,65.76,False,completed
ORD001614,CUST03473,2024-05-01,organic,tops,GB,54.8,0.0,54.8,False,completed
ORD001615,CUST00316,2024-12-29,google,tops,GB,62.04,0.0,62.04,False,completed
ORD001616,CUST01516,2024-11-29,email,bottoms,US,90.87,0.0,90.87,False,completed
ORD001617,CUST02198,2024-11-16,email,bottoms,GB,91.16,0.0,91.16,False,completed
ORD001618,CUST01755,2024-12-12,organic,outerwear,GB,150.47,0.0,150.47,False,completed
ORD001619,CUST00790,2024-12-03,meta,footwear,NL,133.65,17.4,116.25,False,completed
ORD001620,CUST03294,2024-06-04,organic,tops,GB,55.55,0.0,55.55,False,completed
ORD001621,CUST00577,2024-12-01,organic,tops,NL,50.43,0.0,7.56,True,returned
ORD001622,CUST01715,2024-11-20,organic,bottoms,US,68.57,0.0,68.57,False,completed
ORD001623,CUST02075,2024-10-15,email,footwear,GB,95.8,0.0,95.8,False,completed
ORD001624,CUST02142,2024-11-09,google,bottoms,GB,91.08,0.0,91.08,False,completed
ORD001625,CUST02022,2024-06-10,google,tops,DE,70.78,0.0,70.78,False,completed
ORD001626,CUST01766,2024-09-27,referral,tops,US,37.88,0.0,37.88,False,completed
ORD001627,CUST01383,2024-10-04,tiktok,accessories,US,39.62,8.02,31.6,False,completed
ORD001628,CUST01464,2024-10-09,meta,bottoms,US,70.35,16.45,53.9,False,completed
ORD001629,CUST03530,2024-08-10,tiktok,tops,FR,63.71,0.0,63.71,False,completed
ORD001630,CUST01213,2024-06-03,meta,tops,DE,66.53,0.0,9.98,True,returned
ORD001631,CUST03737,2024-09-20,tiktok,footwear,AU,73.22,0.0,73.22,False,completed
ORD001632,CUST03362,2024-11-28,google,accessories,GB,48.45,0.0,48.45,False,completed
ORD001633,CUST01005,2024-06-16,meta,tops,GB,67.75,0.0,10.16,True,returned
ORD001634,CUST00631,2024-09-09,meta,bottoms,FR,73.38,0.0,11.01,True,returned
ORD001635,CUST01364,2024-11-14,google,tops,DE,58.01,0.0,58.01,False,completed
ORD001636,CUST00125,2024-12-27,google,accessories,GB,35.78,0.0,5.37,True,returned
ORD001637,CUST01103,2024-12-30,google,tops,FR,63.73,0.0,63.73,False,completed
ORD001638,CUST03374,2024-12-04,meta,outerwear,US,179.33,0.0,179.33,False,completed
ORD001639,CUST03595,2024-10-19,organic,tops,US,45.82,0.0,45.82,False,completed
ORD001640,CUST02275,2024-07-29,referral,tops,DE,49.05,0.0,49.05,False,completed
ORD001641,CUST02158,2024-06-17,meta,tops,GB,68.92,14.85,54.07,False,completed
ORD001642,CUST03080,2024-12-27,google,tops,US,54.34,0.0,54.34,False,completed
ORD001643,CUST02348,2024-10-12,meta,bottoms,DE,85.24,8.76,4.03,True,returned
ORD001644,CUST01380,2024-08-28,meta,accessories,GB,49.32,0.0,7.4,True,returned
ORD001645,CUST01771,2024-05-01,tiktok,tops,AU,58.21,0.0,58.21,False,completed
ORD001646,CUST03313,2024-08-10,referral,accessories,GB,55.14,0.0,55.14,False,completed
ORD001647,CUST02173,2024-12-25,tiktok,footwear,GB,82.07,0.0,82.07,False,completed
ORD001648,CUST03568,2024-04-04,google,bottoms,GB,95.91,0.0,95.91,False,completed
ORD001649,CUST00932,2024-04-29,tiktok,outerwear,US,138.24,22.88,115.36,False,completed
ORD001650,CUST01486,2024-12-07,organic,bottoms,GB,101.33,0.0,101.33,False,completed
ORD001651,CUST00274,2024-12-01,meta,accessories,GB,48.66,0.0,48.66,False,completed
ORD001652,CUST02956,2024-08-21,tiktok,tops,US,54.03,10.32,43.71,False,completed
ORD001653,CUST03223,2024-12-08,google,bottoms,CA,72.61,0.0,72.61,False,completed
ORD001654,CUST01133,2024-11-06,organic,outerwear,US,111.28,0.0,111.28,False,completed
ORD001655,CUST00901,2024-11-24,organic,footwear,FR,102.91,0.0,102.91,False,completed
ORD001656,CUST01477,2024-11-27,google,bottoms,DE,84.38,0.0,84.38,False,completed
ORD001657,CUST01882,2024-11-29,meta,accessories,AU,36.19,8.95,27.24,False,completed
ORD001658,CUST00789,2024-10-06,referral,tops,GB,50.5,0.0,50.5,False,completed
ORD001659,CUST00876,2024-12-29,organic,footwear,GB,137.86,0.0,20.68,True,returned
ORD001660,CUST00378,2024-12-29,meta,bottoms,DE,98.46,0.0,98.46,False,completed
ORD001661,CUST02051,2024-08-09,google,tops,US,41.28,0.0,41.28,False,completed
ORD001662,CUST01482,2024-10-30,meta,outerwear,GB,135.77,0.0,135.77,False,completed
ORD001663,CUST01722,2024-09-27,tiktok,tops,FR,52.57,0.0,7.89,True,returned
ORD001664,CUST00488,2024-11-30,tiktok,outerwear,US,186.8,23.48,4.54,True,returned
ORD001665,CUST01932,2024-12-01,meta,accessories,FR,29.59,0.0,29.59,False,completed
ORD001666,CUST01755,2024-11-17,organic,accessories,GB,52.44,0.0,52.44,False,completed
ORD001667,CUST02572,2024-11-29,email,tops,US,67.99,0.0,67.99,False,completed
ORD001668,CUST01909,2024-12-13,meta,outerwear,GB,163.51,0.0,24.53,True,returned
ORD001669,CUST01724,2024-10-13,google,bottoms,US,62.53,0.0,62.53,False,completed
ORD001670,CUST03353,2024-12-22,organic,bottoms,AU,87.65,0.0,87.65,False,completed
ORD001671,CUST03068,2024-10-27,tiktok,bottoms,US,55.45,10.56,44.89,False,completed
ORD001672,CUST02285,2024-12-24,email,bottoms,GB,78.52,0.0,78.52,False,completed
ORD001673,CUST02918,2024-10-04,meta,tops,US,65.76,11.62,-1.76,True,returned
ORD001674,CUST01684,2024-05-25,tiktok,bottoms,GB,96.78,0.0,96.78,False,completed
ORD001675,CUST01633,2024-04-19,google,tops,GB,57.37,0.0,57.37,False,completed
ORD001676,CUST00739,2024-06-13,tiktok,footwear,DE,128.62,0.0,128.62,False,completed
ORD001677,CUST01367,2024-09-20,meta,bottoms,US,93.98,0.0,14.1,True,returned
ORD001678,CUST02651,2024-11-07,organic,bottoms,DE,72.12,0.0,72.12,False,completed
ORD001679,CUST03123,2024-10-27,referral,bottoms,US,58.96,0.0,58.96,False,completed
ORD001680,CUST02658,2024-11-26,meta,tops,US,50.46,0.0,50.46,False,completed
ORD001681,CUST02442,2024-03-06,meta,accessories,GB,29.32,6.36,22.96,False,completed
ORD001682,CUST02415,2024-07-29,tiktok,bottoms,GB,83.55,17.21,66.34,False,completed
ORD001683,CUST02715,2024-12-15,organic,outerwear,GB,154.32,0.0,154.32,False,completed
ORD001684,CUST00190,2024-05-07,referral,outerwear,GB,100.25,0.0,100.25,False,completed
ORD001685,CUST01886,2024-07-24,organic,outerwear,US,178.78,0.0,178.78,False,completed
ORD001686,CUST03544,2024-10-09,meta,footwear,US,85.75,18.87,66.88,False,completed
ORD001687,CUST01812,2024-06-14,email,outerwear,FR,169.53,0.0,169.53,False,completed
ORD001688,CUST02696,2024-09-03,meta,tops,NL,47.85,0.0,47.85,False,completed
ORD001689,CUST03145,2024-10-12,google,bottoms,GB,99.06,0.0,99.06,False,completed
ORD001690,CUST02637,2024-07-28,tiktok,bottoms,US,84.13,0.0,84.13,False,completed
ORD001691,CUST02116,2024-09-11,meta,outerwear,US,122.9,21.68,-3.25,True,returned
ORD001692,CUST00858,2024-08-02,google,footwear,US,94.42,0.0,94.42,False,completed
ORD001693,CUST01980,2024-08-07,meta,outerwear,GB,163.35,0.0,163.35,False,completed
ORD001694,CUST02655,2024-07-16,google,accessories,GB,33.56,0.0,33.56,False,completed
ORD001695,CUST01819,2024-07-23,meta,bottoms,GB,91.0,0.0,91.0,False,completed
ORD001696,CUST02465,2024-03-25,meta,outerwear,CA,151.95,0.0,151.95,False,completed
ORD001697,CUST02531,2024-11-04,google,bottoms,US,97.43,0.0,97.43,False,completed
ORD001698,CUST02617,2024-12-29,meta,bottoms,GB,92.45,13.29,0.58,True,returned
ORD001699,CUST01688,2024-07-09,organic,outerwear,FR,124.17,0.0,124.17,False,completed
ORD001700,CUST00950,2024-09-23,google,outerwear,GB,137.02,0.0,137.02,False,completed
ORD001701,CUST00089,2024-08-11,meta,bottoms,US,100.76,0.0,100.76,False,completed
ORD001702,CUST03107,2024-10-27,google,bottoms,GB,62.83,0.0,9.42,True,returned
ORD001703,CUST02386,2024-10-07,tiktok,bottoms,FR,88.73,0.0,13.31,True,returned
ORD001704,CUST02742,2024-07-31,google,outerwear,GB,118.42,0.0,118.42,False,completed
ORD001705,CUST02292,2024-12-11,referral,outerwear,DE,164.22,0.0,164.22,False,completed
ORD001706,CUST03400,2024-03-31,organic,bottoms,CA,71.15,0.0,71.15,False,completed
ORD001707,CUST01247,2024-11-30,tiktok,tops,GB,65.58,10.26,55.32,False,completed
ORD001708,CUST03017,2024-09-29,meta,tops,DE,48.49,0.0,48.49,False,completed
ORD001709,CUST02389,2024-08-30,email,accessories,US,28.67,0.0,28.67,False,completed
ORD001710,CUST00850,2024-11-03,google,tops,GB,49.83,0.0,49.83,False,completed
ORD001711,CUST01043,2024-10-25,organic,tops,NL,40.4,0.0,40.4,False,completed
ORD001712,CUST02345,2024-09-13,tiktok,bottoms,GB,85.82,0.0,85.82,False,completed
ORD001713,CUST03035,2024-12-17,tiktok,tops,AU,38.29,4.76,0.98,True,returned
ORD001714,CUST00679,2024-08-15,google,bottoms,US,56.89,0.0,56.89,False,completed
ORD001715,CUST00295,2024-11-25,meta,accessories,GB,36.03,7.73,28.3,False,completed
ORD001716,CUST03432,2024-11-15,google,outerwear,GB,133.11,0.0,133.11,False,completed
ORD001717,CUST02889,2024-12-01,google,tops,GB,56.25,0.0,56.25,False,completed
ORD001718,CUST03322,2024-10-16,meta,tops,US,62.49,0.0,9.37,True,returned
ORD001719,CUST03521,2024-09-23,meta,bottoms,US,67.01,8.72,58.29,False,completed
ORD001720,CUST00118,2024-10-11,meta,bottoms,US,96.34,0.0,96.34,False,completed
ORD001721,CUST00122,2024-10-14,google,outerwear,US,152.17,0.0,152.17,False,completed
ORD001722,CUST00767,2024-08-01,referral,outerwear,CA,114.11,0.0,114.11,False,completed
ORD001723,CUST01883,2024-03-21,meta,outerwear,US,132.25,14.77,117.48,False,completed
ORD001724,CUST00572,2024-11-16,referral,outerwear,US,183.87,0.0,183.87,False,completed
ORD001725,CUST03324,2024-12-23,meta,tops,DE,64.56,13.22,51.34,False,completed
ORD001726,CUST00902,2024-11-04,meta,outerwear,GB,148.24,0.0,22.24,True,returned
ORD001727,CUST02971,2024-08-11,meta,footwear,DE,111.87,0.0,111.87,False,completed
ORD001728,CUST02529,2024-04-28,meta,tops,US,67.11,13.11,54.0,False,completed
ORD001729,CUST01131,2024-11-10,meta,tops,US,46.58,10.09,36.49,False,completed
ORD001730,CUST01436,2024-07-07,meta,bottoms,US,96.28,14.06,82.22,False,completed
ORD001731,CUST03558,2024-11-07,meta,accessories,GB,31.08,0.0,31.08,False,completed
ORD001732,CUST00526,2024-09-10,meta,tops,US,56.43,13.3,43.13,False,completed
ORD001733,CUST01563,2024-12-21,email,outerwear,US,130.18,0.0,130.18,False,completed
ORD001734,CUST02619,2024-08-12,meta,bottoms,GB,74.81,8.52,66.29,False,completed
ORD001735,CUST02490,2024-02-22,google,tops,CA,69.38,0.0,69.38,False,completed
ORD001736,CUST03766,2024-11-03,meta,bottoms,DE,102.59,11.24,91.35,False,completed
ORD001737,CUST02958,2024-11-03,meta,accessories,GB,49.89,10.1,-2.62,True,returned
ORD001738,CUST03585,2024-12-09,meta,bottoms,GB,59.32,0.0,59.32,False,completed
ORD001739,CUST02346,2024-06-06,organic,bottoms,AU,91.26,0.0,91.26,False,completed
ORD001740,CUST00271,2024-11-06,tiktok,footwear,GB,91.87,0.0,91.87,False,completed
ORD001741,CUST01532,2024-11-12,tiktok,tops,US,65.86,9.16,0.72,True,returned
ORD001742,CUST03202,2024-11-02,meta,bottoms,GB,78.89,8.64,70.25,False,completed
ORD001743,CUST03584,2024-05-14,tiktok,tops,DE,56.99,11.26,45.73,False,completed
ORD001744,CUST01741,2024-02-20,google,bottoms,AU,54.69,0.0,54.69,False,completed
ORD001745,CUST01532,2024-11-19,tiktok,tops,US,39.6,0.0,39.6,False,completed
ORD001746,CUST00997,2024-07-10,organic,bottoms,GB,82.28,0.0,82.28,False,completed
ORD001747,CUST00266,2024-07-15,email,tops,NL,53.33,0.0,53.33,False,completed
ORD001748,CUST02586,2024-03-17,meta,footwear,US,73.06,12.3,60.76,False,completed
ORD001749,CUST00186,2024-10-31,google,outerwear,GB,156.56,0.0,156.56,False,completed
ORD001750,CUST01234,2024-05-28,google,bottoms,GB,75.62,0.0,11.34,True,returned
ORD001751,CUST02631,2024-08-06,tiktok,outerwear,AU,96.22,0.0,96.22,False,completed
ORD001752,CUST02690,2024-11-26,meta,tops,DE,65.11,0.0,9.77,True,returned
ORD001753,CUST00735,2024-11-29,meta,outerwear,DE,97.17,10.51,4.07,True,returned
ORD001754,CUST02058,2024-11-26,meta,accessories,CA,55.35,11.31,44.04,False,completed
ORD001755,CUST02766,2024-07-12,meta,footwear,DE,81.94,11.75,0.54,True,returned
ORD001756,CUST00629,2024-07-01,meta,bottoms,GB,76.98,11.39,0.16,True,returned
ORD001757,CUST02412,2024-11-27,meta,tops,US,39.44,5.42,34.02,False,completed
ORD001758,CUST03477,2024-12-18,email,bottoms,US,58.69,0.0,58.69,False,completed
ORD001759,CUST01139,2024-08-22,meta,tops,GB,47.5,0.0,47.5,False,completed
ORD001760,CUST00755,2024-12-29,organic,tops,US,49.41,0.0,49.41,False,completed
ORD001761,CUST00113,2024-10-03,email,footwear,DE,125.22,0.0,125.22,False,completed
ORD001762,CUST03483,2024-10-06,google,tops,GB,43.48,0.0,43.48,False,completed
ORD001763,CUST00857,2024-08-15,meta,outerwear,US,114.47,20.32,94.15,False,completed
ORD001764,CUST00479,2024-07-29,email,tops,GB,62.39,0.0,62.39,False,completed
ORD001765,CUST03410,2024-09-13,google,outerwear,GB,127.99,0.0,127.99,False,completed
ORD001766,CUST00761,2024-10-04,meta,bottoms,CA,92.17,20.18,-6.35,True,returned
ORD001767,CUST00710,2024-11-01,meta,outerwear,GB,137.28,14.85,5.74,True,returned
ORD001768,CUST03319,2024-10-10,meta,tops,DE,63.01,0.0,63.01,False,completed
ORD001769,CUST03707,2024-06-27,tiktok,tops,GB,56.62,10.94,45.68,False,completed
ORD001770,CUST03402,2024-09-30,meta,bottoms,CA,95.41,0.0,14.31,True,returned
ORD001771,CUST01572,2024-06-22,meta,bottoms,GB,69.29,14.87,54.42,False,completed
ORD001772,CUST01598,2024-12-06,google,bottoms,US,64.81,0.0,64.81,False,completed
ORD001773,CUST00249,2024-12-26,tiktok,footwear,US,101.99,0.0,15.3,True,returned
ORD001774,CUST01514,2024-04-28,organic,tops,GB,66.56,0.0,66.56,False,completed
ORD001775,CUST00653,2024-11-04,tiktok,accessories,GB,49.77,0.0,49.77,False,completed
ORD001776,CUST01614,2024-09-16,tiktok,outerwear,FR,160.02,0.0,160.02,False,completed
ORD001777,CUST02863,2024-10-25,tiktok,tops,US,58.82,0.0,58.82,False,completed
ORD001778,CUST01389,2024-11-28,tiktok,tops,US,46.43,0.0,46.43,False,completed
ORD001779,CUST01591,2024-11-13,organic,footwear,US,82.85,0.0,82.85,False,completed
ORD001780,CUST01945,2024-10-11,meta,tops,DE,52.48,0.0,52.48,False,completed
ORD001781,CUST00805,2024-12-16,meta,outerwear,DE,185.4,36.88,148.52,False,completed
ORD001782,CUST01683,2024-09-23,organic,bottoms,AU,90.95,0.0,90.95,False,completed
ORD001783,CUST02367,2024-06-18,meta,bottoms,US,57.27,10.58,46.69,False,completed
ORD001784,CUST02418,2024-07-27,organic,outerwear,GB,168.2,0.0,168.2,False,completed
ORD001785,CUST03225,2024-12-18,meta,tops,US,39.46,0.0,39.46,False,completed
ORD001786,CUST02049,2024-03-12,meta,tops,DE,68.29,11.56,56.73,False,completed
ORD001787,CUST00120,2024-07-01,organic,tops,GB,65.03,0.0,65.03,False,completed
ORD001788,CUST01555,2024-08-13,meta,bottoms,GB,60.63,6.93,53.7,False,completed
ORD001789,CUST02197,2024-09-02,organic,bottoms,US,77.06,0.0,77.06,False,completed
ORD001790,CUST02915,2024-07-12,organic,outerwear,US,109.43,0.0,109.43,False,completed
ORD001791,CUST02351,2024-08-21,google,tops,CA,71.25,0.0,71.25,False,completed
ORD001792,CUST01632,2024-09-18,meta,outerwear,GB,124.59,18.5,106.09,False,completed
ORD001793,CUST01139,2024-09-11,meta,outerwear,GB,191.18,39.26,151.92,False,completed
ORD001794,CUST01411,2024-12-11,organic,bottoms,DE,99.69,0.0,99.69,False,completed
ORD001795,CUST00446,2024-10-17,organic,tops,AU,69.51,0.0,69.51,False,completed
ORD001796,CUST02412,2024-12-22,meta,accessories,US,28.32,0.0,28.32,False,completed
ORD001797,CUST02072,2024-06-11,organic,footwear,GB,79.91,0.0,79.91,False,completed
ORD001798,CUST02878,2024-11-02,tiktok,outerwear,DE,150.45,37.38,-14.81,True,returned
ORD001799,CUST00105,2024-11-06,google,outerwear,DE,148.87,0.0,148.87,False,completed
ORD001800,CUST00904,2024-07-19,meta,tops,GB,70.41,15.21,-4.65,True,returned
ORD001801,CUST00113,2024-10-07,email,bottoms,DE,89.36,0.0,89.36,False,completed
ORD001802,CUST01115,2024-12-27,meta,tops,US,63.16,15.53,-6.06,True,returned
ORD001803,CUST00883,2024-11-15,meta,footwear,US,102.19,0.0,102.19,False,completed
ORD001804,CUST02809,2024-09-22,tiktok,bottoms,US,57.22,0.0,8.58,True,returned
ORD001805,CUST03266,2024-12-20,tiktok,tops,DE,62.22,0.0,62.22,False,completed
ORD001806,CUST02022,2024-09-15,google,tops,DE,38.66,0.0,38.66,False,completed
ORD001807,CUST02230,2024-03-06,meta,tops,US,36.38,0.0,5.46,True,returned
ORD001808,CUST02418,2024-05-29,organic,accessories,GB,29.33,0.0,29.33,False,completed
ORD001809,CUST03683,2024-09-11,meta,accessories,NL,29.08,0.0,29.08,False,completed
ORD001810,CUST01709,2024-12-07,meta,footwear,US,101.1,24.74,76.36,False,completed
ORD001811,CUST03589,2024-10-01,meta,tops,AU,41.2,0.0,41.2,False,completed
ORD001812,CUST01057,2024-09-13,meta,accessories,US,54.17,6.68,1.45,True,returned
ORD001813,CUST00246,2024-07-25,organic,bottoms,GB,55.88,0.0,8.38,True,returned
ORD001814,CUST01959,2024-12-02,meta,footwear,GB,78.92,0.0,78.92,False,completed
ORD001815,CUST00409,2024-12-01,google,footwear,GB,99.52,0.0,14.93,True,returned
ORD001816,CUST03225,2024-10-10,meta,tops,US,61.27,0.0,9.19,True,returned
ORD001817,CUST00833,2024-07-31,google,accessories,US,30.74,0.0,30.74,False,completed
ORD001818,CUST03794,2024-12-21,meta,accessories,AU,55.9,0.0,8.38,True,returned
ORD001819,CUST03554,2024-09-28,meta,tops,FR,69.58,0.0,69.58,False,completed
ORD001820,CUST01186,2024-09-12,meta,tops,US,66.25,0.0,66.25,False,completed
ORD001821,CUST01299,2024-08-08,meta,footwear,US,139.24,0.0,20.89,True,returned
ORD001822,CUST00873,2024-06-25,meta,bottoms,FR,78.52,12.9,65.62,False,completed
ORD001823,CUST02479,2024-02-18,tiktok,tops,DE,64.39,0.0,9.66,True,returned
ORD001824,CUST02046,2024-08-22,meta,outerwear,FR,106.68,19.91,86.77,False,completed
ORD001825,CUST01173,2024-11-24,meta,tops,US,41.46,0.0,41.46,False,completed
ORD001826,CUST00312,2024-11-02,meta,tops,US,48.08,9.59,38.49,False,completed
ORD001827,CUST02712,2024-08-24,meta,bottoms,NL,73.14,9.15,1.82,True,returned
ORD001828,CUST01324,2024-05-20,meta,accessories,CA,41.91,5.06,36.85,False,completed
ORD001829,CUST01489,2024-05-21,meta,bottoms,GB,94.05,0.0,94.05,False,completed
ORD001830,CUST02224,2024-10-24,meta,outerwear,GB,122.49,0.0,122.49,False,completed
ORD001831,CUST01745,2024-10-08,google,outerwear,FR,144.64,0.0,144.64,False,completed
ORD001832,CUST02449,2024-04-03,organic,footwear,GB,74.21,0.0,74.21,False,completed
ORD001833,CUST02576,2024-10-11,meta,outerwear,GB,137.54,0.0,137.54,False,completed
ORD001834,CUST01647,2024-10-29,tiktok,bottoms,GB,92.47,22.99,69.48,False,completed
ORD001835,CUST01837,2024-09-19,google,outerwear,CA,139.75,0.0,139.75,False,completed
ORD001836,CUST00546,2024-11-19,organic,bottoms,GB,53.35,0.0,53.35,False,completed
ORD001837,CUST00033,2024-11-22,organic,tops,GB,37.54,0.0,37.54,False,completed
ORD001838,CUST02679,2024-06-21,meta,tops,GB,44.01,8.68,35.33,False,completed
ORD001839,CUST01725,2024-11-09,meta,tops,US,64.35,0.0,64.35,False,completed
ORD001840,CUST00421,2024-12-18,meta,tops,US,70.86,12.84,58.02,False,completed
ORD001841,CUST00242,2024-10-18,meta,footwear,US,129.9,15.73,3.75,True,returned
ORD001842,CUST01933,2024-12-06,meta,tops,GB,54.05,11.83,-3.72,True,returned
ORD001843,CUST00661,2024-11-01,tiktok,tops,FR,55.88,0.0,8.38,True,returned
ORD001844,CUST01163,2024-07-25,organic,bottoms,US,76.49,0.0,76.49,False,completed
ORD001845,CUST02155,2024-08-13,tiktok,bottoms,US,83.51,11.77,71.74,False,completed
ORD001846,CUST00160,2024-12-13,google,accessories,US,35.5,0.0,35.5,False,completed
ORD001847,CUST00475,2024-09-17,email,bottoms,FR,92.65,0.0,92.65,False,completed
ORD001848,CUST01009,2024-06-22,tiktok,outerwear,DE,175.3,25.91,149.39,False,completed
ORD001849,CUST03194,2024-11-18,organic,footwear,FR,83.86,0.0,83.86,False,completed
ORD001850,CUST02426,2024-09-25,organic,footwear,FR,72.55,0.0,72.55,False,completed
ORD001851,CUST01185,2024-11-07,tiktok,outerwear,AU,185.86,0.0,185.86,False,completed
ORD001852,CUST00168,2024-12-03,tiktok,accessories,US,42.68,0.0,6.4,True,returned
ORD001853,CUST00071,2024-09-26,google,tops,US,46.8,0.0,46.8,False,completed
ORD001854,CUST03728,2024-12-20,meta,footwear,GB,89.47,19.13,-5.71,True,returned
ORD001855,CUST03223,2024-12-19,google,bottoms,CA,99.13,0.0,99.13,False,completed
ORD001856,CUST01076,2024-09-10,meta,bottoms,AU,73.32,0.0,73.32,False,completed
ORD001857,CUST02576,2024-03-03,meta,outerwear,GB,112.83,0.0,112.83,False,completed
ORD001858,CUST03795,2024-10-28,organic,tops,GB,49.88,0.0,49.88,False,completed
ORD001859,CUST02039,2024-12-16,google,outerwear,GB,188.93,0.0,188.93,False,completed
ORD001860,CUST00932,2024-09-19,tiktok,outerwear,US,170.22,38.06,132.16,False,completed
ORD001861,CUST02542,2024-10-14,organic,tops,US,69.04,0.0,69.04,False,completed
ORD001862,CUST02952,2024-09-08,meta,outerwear,US,97.32,0.0,97.32,False,completed
ORD001863,CUST01411,2024-12-27,organic,bottoms,DE,71.35,0.0,71.35,False,completed
ORD001864,CUST02859,2024-04-12,meta,bottoms,FR,66.47,0.0,66.47,False,completed
ORD001865,CUST03417,2024-08-20,google,outerwear,CA,137.27,0.0,137.27,False,completed
ORD001866,CUST02825,2024-12-13,referral,bottoms,US,59.97,0.0,59.97,False,completed
ORD001867,CUST02226,2024-09-15,google,tops,GB,38.4,0.0,5.76,True,returned
ORD001868,CUST01359,2024-12-06,organic,bottoms,US,64.14,0.0,64.14,False,completed
ORD001869,CUST01521,2024-09-06,tiktok,accessories,GB,30.32,3.46,26.86,False,completed
ORD001870,CUST00913,2024-09-21,organic,outerwear,US,102.63,0.0,102.63,False,completed
ORD001871,CUST02261,2024-06-17,email,tops,DE,43.92,0.0,6.59,True,returned
ORD001872,CUST01149,2024-10-26,tiktok,bottoms,FR,72.72,0.0,72.72,False,completed
ORD001873,CUST03478,2024-07-13,tiktok,tops,GB,46.85,0.0,46.85,False,completed
ORD001874,CUST03725,2024-08-07,google,bottoms,NL,97.57,0.0,14.64,True,returned
ORD001875,CUST01156,2024-12-08,meta,tops,AU,62.78,9.12,53.66,False,completed
ORD001876,CUST00020,2024-09-28,meta,tops,FR,52.36,7.84,0.01,True,returned
ORD001877,CUST01011,2024-12-26,tiktok,accessories,NL,44.81,7.56,37.25,False,completed
ORD001878,CUST03465,2024-09-16,organic,footwear,FR,99.66,0.0,99.66,False,completed
ORD001879,CUST02307,2024-08-05,organic,tops,DE,45.99,0.0,45.99,False,completed
ORD001880,CUST00252,2024-11-05,google,footwear,GB,87.33,0.0,87.33,False,completed
ORD001881,CUST02542,2024-09-03,organic,outerwear,US,123.95,0.0,123.95,False,completed
ORD001882,CUST00911,2024-11-10,organic,bottoms,US,79.97,0.0,79.97,False,completed
ORD001883,CUST02152,2024-07-28,google,tops,GB,46.06,0.0,46.06,False,completed
ORD001884,CUST00573,2024-11-24,tiktok,bottoms,GB,61.56,0.0,61.56,False,completed
ORD001885,CUST00372,2024-10-09,organic,tops,AU,53.47,0.0,53.47,False,completed
ORD001886,CUST02459,2024-09-25,organic,accessories,GB,28.74,0.0,4.31,True,returned
ORD001887,CUST01901,2024-12-12,meta,footwear,DE,84.73,0.0,12.71,True,returned
ORD001888,CUST02419,2024-09-05,meta,accessories,GB,38.71,0.0,5.81,True,returned
ORD001889,CUST03417,2024-03-12,google,bottoms,CA,103.28,0.0,103.28,False,completed
ORD001890,CUST03079,2024-03-15,meta,footwear,US,80.72,8.62,3.49,True,returned
ORD001891,CUST02178,2024-11-22,meta,footwear,US,97.8,11.18,3.49,True,returned
ORD001892,CUST02397,2024-07-04,meta,tops,NL,44.62,5.97,0.72,True,returned
ORD001893,CUST02475,2024-10-30,google,tops,AU,38.22,0.0,5.73,True,returned
ORD001894,CUST00089,2024-09-03,meta,outerwear,US,158.21,20.19,138.02,False,completed
ORD001895,CUST01395,2024-12-12,tiktok,outerwear,US,160.99,33.97,127.02,False,completed
ORD001896,CUST01450,2024-10-03,google,bottoms,US,89.81,0.0,89.81,False,completed
ORD001897,CUST02547,2024-12-14,google,accessories,NL,34.35,0.0,34.35,False,completed
ORD001898,CUST03194,2024-11-08,organic,outerwear,FR,189.83,0.0,189.83,False,completed
ORD001899,CUST00960,2024-03-13,google,footwear,US,118.86,0.0,118.86,False,completed
ORD001900,CUST03753,2024-11-29,meta,bottoms,DE,55.92,11.75,44.17,False,completed
ORD001901,CUST03432,2024-11-12,google,bottoms,GB,92.68,0.0,13.9,True,returned
ORD001902,CUST01212,2024-12-24,meta,bottoms,US,87.24,9.77,77.47,False,completed
ORD001903,CUST01849,2024-12-16,tiktok,bottoms,US,73.88,9.35,64.53,False,completed
ORD001904,CUST01929,2024-12-08,tiktok,accessories,NL,39.71,0.0,5.96,True,returned
ORD001905,CUST00656,2024-11-03,meta,tops,GB,61.21,0.0,61.21,False,completed
ORD001906,CUST01667,2024-12-23,tiktok,tops,US,61.97,6.84,2.46,True,returned
ORD001907,CUST00467,2024-10-28,meta,bottoms,GB,80.45,15.64,64.81,False,completed
ORD001908,CUST01958,2024-11-21,meta,bottoms,US,69.44,12.01,-1.59,True,returned
ORD001909,CUST02209,2024-10-31,meta,outerwear,US,102.87,0.0,15.43,True,returned
ORD001910,CUST02117,2024-12-18,google,tops,GB,54.45,0.0,54.45,False,completed
ORD001911,CUST03734,2024-12-24,google,tops,GB,46.3,0.0,46.3,False,completed
ORD001912,CUST01277,2024-11-25,tiktok,tops,US,37.04,0.0,37.04,False,completed
ORD001913,CUST01379,2024-11-14,meta,footwear,GB,113.03,0.0,113.03,False,completed
ORD001914,CUST00609,2024-12-25,meta,tops,GB,61.1,9.27,-0.11,True,returned
ORD001915,CUST02699,2024-12-19,tiktok,bottoms,US,71.77,12.33,59.44,False,completed
ORD001916,CUST02193,2024-10-23,meta,tops,AU,59.73,0.0,8.96,True,returned
ORD001917,CUST01691,2024-09-07,tiktok,outerwear,FR,180.71,32.27,148.44,False,completed
ORD001918,CUST00169,2024-07-28,organic,tops,GB,45.89,0.0,45.89,False,completed
ORD001919,CUST03337,2024-09-12,email,accessories,GB,32.58,0.0,32.58,False,completed
ORD001920,CUST01200,2024-10-05,meta,bottoms,US,97.02,0.0,97.02,False,completed
ORD001921,CUST01511,2024-06-09,meta,accessories,GB,41.66,6.32,35.34,False,completed
ORD001922,CUST03309,2024-04-30,organic,bottoms,US,95.39,0.0,95.39,False,completed
ORD001923,CUST01287,2024-09-05,organic,outerwear,GB,189.83,0.0,189.83,False,completed
ORD001924,CUST01808,2024-08-05,google,tops,US,51.33,0.0,51.33,False,completed
ORD001925,CUST03335,2024-12-06,organic,tops,US,49.23,0.0,49.23,False,completed
ORD001926,CUST01257,2024-07-18,meta,outerwear,DE,126.23,0.0,126.23,False,completed
ORD001927,CUST02325,2024-10-26,tiktok,bottoms,FR,79.76,17.77,61.99,False,completed
ORD001928,CUST00223,2024-12-27,email,bottoms,GB,58.57,0.0,58.57,False,completed
ORD001929,CUST01712,2024-11-28,referral,tops,GB,70.01,0.0,70.01,False,completed
ORD001930,CUST02877,2024-02-06,tiktok,outerwear,US,152.09,0.0,22.81,True,returned
ORD001931,CUST01104,2024-04-28,tiktok,tops,GB,56.72,0.0,56.72,False,completed
ORD001932,CUST02691,2024-07-06,meta,footwear,US,85.4,14.86,70.54,False,completed
ORD001933,CUST02254,2024-12-24,email,footwear,DE,122.34,0.0,122.34,False,completed
ORD001934,CUST00026,2024-09-08,meta,footwear,CA,142.02,0.0,142.02,False,completed
ORD001935,CUST03594,2024-08-03,google,bottoms,AU,96.93,0.0,96.93,False,completed
ORD001936,CUST02685,2024-11-16,meta,bottoms,DE,62.59,0.0,62.59,False,completed
ORD001937,CUST00384,2024-09-12,meta,bottoms,US,87.39,0.0,87.39,False,completed
ORD001938,CUST00590,2024-10-31,meta,tops,DE,52.01,5.64,46.37,False,completed
ORD001939,CUST02325,2024-12-19,tiktok,outerwear,FR,126.4,20.23,106.17,False,completed
ORD001940,CUST02990,2024-07-11,meta,tops,FR,43.1,0.0,43.1,False,completed
ORD001941,CUST03477,2024-12-30,email,accessories,US,50.62,0.0,50.62,False,completed
ORD001942,CUST00018,2024-08-16,tiktok,tops,GB,40.98,9.15,31.83,False,completed
ORD001943,CUST03445,2024-02-17,tiktok,accessories,US,48.16,0.0,48.16,False,completed
ORD001944,CUST01100,2024-10-18,tiktok,bottoms,FR,65.16,0.0,65.16,False,completed
ORD001945,CUST00839,2024-08-01,google,bottoms,US,75.47,0.0,75.47,False,completed
ORD001946,CUST00094,2024-09-17,referral,tops,FR,71.18,0.0,71.18,False,completed
ORD001947,CUST01661,2024-10-14,google,outerwear,US,157.26,0.0,157.26,False,completed
ORD001948,CUST01562,2024-08-26,tiktok,accessories,US,45.92,0.0,45.92,False,completed
ORD001949,CUST03649,2024-10-01,google,accessories,US,44.78,0.0,6.72,True,returned
ORD001950,CUST01518,2024-09-18,meta,tops,GB,61.75,0.0,9.26,True,returned
ORD001951,CUST00597,2024-10-30,referral,outerwear,US,169.31,0.0,169.31,False,completed
ORD001952,CUST02310,2024-09-16,meta,bottoms,FR,94.89,0.0,94.89,False,completed
ORD001953,CUST00318,2024-09-14,email,accessories,FR,36.17,0.0,36.17,False,completed
ORD001954,CUST01414,2024-09-30,meta,outerwear,FR,181.88,0.0,181.88,False,completed
ORD001955,CUST00200,2024-09-06,meta,footwear,GB,124.83,0.0,124.83,False,completed
ORD001956,CUST03012,2024-02-15,google,tops,AU,58.97,0.0,8.85,True,returned
ORD001957,CUST00252,2024-11-11,google,tops,GB,48.55,0.0,48.55,False,completed
ORD001958,CUST02085,2024-09-16,google,tops,GB,43.69,0.0,43.69,False,completed
ORD001959,CUST02140,2024-07-18,referral,tops,US,59.25,0.0,59.25,False,completed
ORD001960,CUST01877,2024-08-29,tiktok,bottoms,CA,54.6,0.0,8.19,True,returned
ORD001961,CUST00423,2024-10-23,meta,bottoms,US,68.52,15.49,-5.21,True,returned
ORD001962,CUST01847,2024-12-14,tiktok,tops,US,39.28,9.16,30.12,False,completed
ORD001963,CUST03238,2024-10-28,tiktok,tops,US,68.31,0.0,68.31,False,completed
ORD001964,CUST02881,2024-05-18,organic,bottoms,US,57.35,0.0,57.35,False,completed
ORD001965,CUST01499,2024-09-22,google,footwear,US,102.55,0.0,102.55,False,completed
ORD001966,CUST01731,2024-07-24,google,tops,GB,56.57,0.0,56.57,False,completed
ORD001967,CUST01579,2024-12-05,meta,bottoms,NL,90.26,0.0,90.26,False,completed
ORD001968,CUST00655,2024-11-27,meta,tops,FR,67.31,0.0,67.31,False,completed
ORD001969,CUST01364,2024-12-30,google,footwear,DE,86.93,0.0,86.93,False,completed
ORD001970,CUST01461,2024-12-03,referral,bottoms,GB,82.58,0.0,82.58,False,completed
ORD001971,CUST01802,2024-11-08,google,tops,DE,49.31,0.0,49.31,False,completed
ORD001972,CUST00981,2024-10-29,tiktok,outerwear,DE,152.95,18.95,134.0,False,completed
ORD001973,CUST01640,2024-11-19,google,tops,NL,68.6,0.0,68.6,False,completed
ORD001974,CUST01373,2024-11-25,tiktok,tops,GB,60.53,9.91,50.62,False,completed
ORD001975,CUST02245,2024-07-13,tiktok,outerwear,AU,115.97,0.0,115.97,False,completed
ORD001976,CUST00027,2024-04-03,organic,accessories,AU,37.55,0.0,37.55,False,completed
ORD001977,CUST03383,2024-11-28,google,tops,NL,63.14,0.0,63.14,False,completed
ORD001978,CUST02295,2024-10-23,tiktok,tops,FR,38.51,0.0,38.51,False,completed
ORD001979,CUST00251,2024-10-16,meta,bottoms,FR,97.49,11.31,86.18,False,completed
ORD001980,CUST00978,2024-07-16,google,accessories,DE,41.08,0.0,41.08,False,completed
ORD001981,CUST03749,2024-05-25,meta,bottoms,GB,81.34,0.0,81.34,False,completed
ORD001982,CUST03451,2024-09-22,google,outerwear,AU,169.49,0.0,169.49,False,completed
ORD001983,CUST03544,2024-09-28,meta,footwear,US,129.12,0.0,129.12,False,completed
ORD001984,CUST03096,2024-06-28,referral,tops,DE,63.36,0.0,63.36,False,completed
ORD001985,CUST01307,2024-08-01,meta,outerwear,GB,142.15,14.24,127.91,False,completed
ORD001986,CUST02469,2024-06-20,google,tops,US,68.67,0.0,68.67,False,completed
ORD001987,CUST00197,2024-06-16,meta,outerwear,GB,122.75,0.0,18.41,True,returned
ORD001988,CUST02003,2024-11-02,email,accessories,US,55.0,0.0,55.0,False,completed
ORD001989,CUST02698,2024-11-03,meta,accessories,US,47.37,0.0,47.37,False,completed
ORD001990,CUST03103,2024-12-21,email,accessories,CA,49.94,0.0,49.94,False,completed
ORD001991,CUST00493,2024-12-14,google,outerwear,CA,141.57,0.0,141.57,False,completed
ORD001992,CUST02908,2024-11-02,organic,bottoms,DE,92.14,0.0,92.14,False,completed
ORD001993,CUST01865,2024-12-11,meta,tops,US,57.86,13.2,44.66,False,completed
ORD001994,CUST00798,2024-07-07,tiktok,accessories,FR,28.45,3.53,24.92,False,completed
ORD001995,CUST03376,2024-11-30,organic,tops,GB,40.98,0.0,40.98,False,completed
ORD001996,CUST02795,2024-12-05,meta,bottoms,DE,92.58,0.0,92.58,False,completed
ORD001997,CUST00747,2024-05-31,tiktok,accessories,US,44.22,8.56,35.66,False,completed
ORD001998,CUST00055,2024-10-01,meta,tops,US,60.96,6.55,54.41,False,completed
ORD001999,CUST00468,2024-10-23,organic,bottoms,DE,85.31,0.0,85.31,False,completed
ORD002000,CUST03719,2024-06-15,meta,tops,GB,61.28,13.75,-4.56,True,returned
ORD002001,CUST00621,2024-11-08,google,tops,GB,54.14,0.0,8.12,True,returned
ORD002002,CUST01429,2024-11-13,google,outerwear,GB,116.06,0.0,116.06,False,completed
ORD002003,CUST01920,2024-09-18,meta,outerwear,GB,178.9,26.44,152.46,False,completed
ORD002004,CUST02080,2024-07-30,organic,outerwear,US,130.38,0.0,130.38,False,completed
ORD002005,CUST02459,2024-10-05,organic,tops,GB,56.54,0.0,56.54,False,completed
ORD002006,CUST00374,2024-10-06,meta,bottoms,GB,102.46,0.0,102.46,False,completed
ORD002007,CUST02596,2024-06-29,google,accessories,US,47.01,0.0,47.01,False,completed
ORD002008,CUST00639,2024-11-15,organic,accessories,FR,30.57,0.0,30.57,False,completed
ORD002009,CUST02027,2024-08-08,organic,accessories,US,39.41,0.0,39.41,False,completed
ORD002010,CUST03190,2024-11-04,organic,tops,GB,50.14,0.0,50.14,False,completed
ORD002011,CUST03516,2024-12-16,meta,footwear,AU,143.17,14.37,128.8,False,completed
ORD002012,CUST03322,2024-05-08,meta,outerwear,US,166.53,26.42,140.11,False,completed
ORD002013,CUST00204,2024-05-18,google,bottoms,US,90.81,0.0,90.81,False,completed
ORD002014,CUST01310,2024-09-15,meta,outerwear,GB,149.71,18.19,131.52,False,completed
ORD002015,CUST03594,2024-07-30,google,bottoms,AU,85.89,0.0,85.89,False,completed
ORD002016,CUST03601,2024-08-02,organic,footwear,US,95.06,0.0,95.06,False,completed
ORD002017,CUST02685,2024-12-28,meta,tops,DE,57.54,0.0,57.54,False,completed
ORD002018,CUST03326,2024-01-27,organic,tops,GB,38.1,0.0,38.1,False,completed
ORD002019,CUST02414,2024-03-25,google,bottoms,US,82.95,0.0,82.95,False,completed
ORD002020,CUST02266,2024-12-18,meta,bottoms,US,89.81,20.08,69.73,False,completed
ORD002021,CUST00184,2024-10-13,email,bottoms,US,103.08,0.0,103.08,False,completed
ORD002022,CUST02864,2024-11-28,google,tops,US,55.58,0.0,55.58,False,completed
ORD002023,CUST03097,2024-11-24,email,outerwear,NL,100.85,0.0,100.85,False,completed
ORD002024,CUST00203,2024-09-28,meta,outerwear,DE,156.8,33.8,123.0,False,completed
ORD002025,CUST01614,2024-07-27,tiktok,bottoms,FR,85.42,0.0,85.42,False,completed
ORD002026,CUST00575,2024-08-21,tiktok,outerwear,GB,137.19,0.0,20.58,True,returned
ORD002027,CUST03544,2024-12-16,meta,bottoms,US,75.86,12.8,63.06,False,completed
ORD002028,CUST00016,2024-07-16,meta,footwear,GB,87.86,0.0,87.86,False,completed
ORD002029,CUST00362,2024-05-04,meta,footwear,AU,121.02,0.0,121.02,False,completed
ORD002030,CUST03038,2024-06-23,meta,tops,CA,58.06,9.71,48.35,False,completed
ORD002031,CUST02064,2024-10-24,meta,footwear,US,78.82,11.53,67.29,False,completed
ORD002032,CUST02734,2024-07-08,meta,outerwear,US,141.54,0.0,141.54,False,completed
ORD002033,CUST02653,2024-09-28,meta,accessories,CA,30.91,6.29,24.62,False,completed
ORD002034,CUST00403,2024-12-14,google,bottoms,FR,72.7,0.0,72.7,False,completed
ORD002035,CUST02696,2024-11-03,meta,bottoms,NL,101.83,18.5,83.33,False,completed
ORD002036,CUST03712,2024-11-21,email,outerwear,GB,98.36,0.0,98.36,False,completed
ORD002037,CUST01625,2024-12-13,meta,accessories,GB,45.92,8.67,37.25,False,completed
ORD002038,CUST00754,2024-09-09,meta,bottoms,US,75.08,0.0,75.08,False,completed
ORD002039,CUST02335,2024-12-15,meta,outerwear,GB,138.96,0.0,138.96,False,completed
ORD002040,CUST03347,2024-11-17,meta,tops,CA,55.81,0.0,55.81,False,completed
ORD002041,CUST02926,2024-10-19,tiktok,footwear,GB,72.05,0.0,72.05,False,completed
ORD002042,CUST03312,2024-06-21,organic,outerwear,GB,106.19,0.0,106.19,False,completed
ORD002043,CUST02550,2024-11-06,tiktok,bottoms,FR,59.92,0.0,59.92,False,completed
ORD002044,CUST02032,2024-11-18,meta,tops,DE,55.77,0.0,8.37,True,returned
ORD002045,CUST03040,2024-10-11,meta,tops,NL,37.06,0.0,5.56,True,returned
ORD002046,CUST01192,2024-10-29,google,accessories,CA,31.06,0.0,31.06,False,completed
ORD002047,CUST01588,2024-10-20,google,bottoms,US,82.3,0.0,82.3,False,completed
ORD002048,CUST03371,2024-11-02,google,outerwear,GB,187.1,0.0,187.1,False,completed
ORD002049,CUST01624,2024-09-13,google,accessories,DE,42.96,0.0,42.96,False,completed
ORD002050,CUST02656,2024-11-02,email,accessories,DE,36.63,0.0,36.63,False,completed
ORD002051,CUST00230,2024-12-06,organic,bottoms,US,54.27,0.0,54.27,False,completed
ORD002052,CUST00753,2024-06-19,email,tops,AU,61.34,0.0,61.34,False,completed
ORD002053,CUST01832,2024-12-25,organic,bottoms,GB,76.08,0.0,11.41,True,returned
ORD002054,CUST00955,2024-12-12,meta,tops,FR,41.09,8.62,-2.46,True,returned
ORD002055,CUST00615,2024-11-05,meta,outerwear,GB,102.13,0.0,102.13,False,completed
ORD002056,CUST00148,2024-10-26,organic,tops,AU,56.58,0.0,56.58,False,completed
ORD002057,CUST01645,2024-12-20,google,outerwear,FR,129.08,0.0,129.08,False,completed
ORD002058,CUST00664,2024-09-05,referral,accessories,GB,39.43,0.0,39.43,False,completed
ORD002059,CUST00488,2024-06-15,tiktok,bottoms,US,98.09,0.0,14.71,True,returned
ORD002060,CUST02618,2024-09-21,google,tops,US,40.9,0.0,40.9,False,completed
ORD002061,CUST00708,2024-12-07,email,outerwear,AU,136.65,0.0,136.65,False,completed
ORD002062,CUST03297,2024-12-16,organic,bottoms,GB,64.44,0.0,64.44,False,completed
ORD002063,CUST03010,2024-09-17,meta,tops,US,36.9,0.0,36.9,False,completed
ORD002064,CUST03203,2024-10-05,meta,accessories,NL,49.35,0.0,7.4,True,returned
ORD002065,CUST02448,2024-10-09,tiktok,footwear,US,120.84,25.14,95.7,False,completed
ORD002066,CUST02224,2024-09-14,meta,accessories,GB,38.13,0.0,5.72,True,returned
ORD002067,CUST00897,2024-09-24,tiktok,bottoms,US,55.41,10.1,45.31,False,completed
ORD002068,CUST02198,2024-12-24,email,accessories,GB,37.91,0.0,37.91,False,completed
ORD002069,CUST00814,2024-09-15,meta,outerwear,US,121.7,25.7,-7.44,True,returned
ORD002070,CUST00937,2024-10-30,google,footwear,US,97.43,0.0,97.43,False,completed
ORD002071,CUST01758,2024-12-14,email,tops,US,50.99,0.0,50.99,False,completed
ORD002072,CUST01779,2024-11-18,google,accessories,AU,42.49,0.0,42.49,False,completed
ORD002073,CUST00121,2024-12-18,referral,accessories,US,41.24,0.0,41.24,False,completed
ORD002074,CUST00019,2024-10-28,referral,footwear,US,92.93,0.0,92.93,False,completed
ORD002075,CUST03621,2024-10-18,google,bottoms,NL,93.82,0.0,93.82,False,completed
ORD002076,CUST02691,2024-12-30,meta,outerwear,US,124.87,0.0,124.87,False,completed
ORD002077,CUST02446,2024-12-28,google,bottoms,US,79.85,0.0,79.85,False,completed
ORD002078,CUST03126,2024-07-21,meta,bottoms,GB,55.1,6.96,48.14,False,completed
ORD002079,CUST01103,2024-12-12,google,bottoms,FR,90.11,0.0,13.52,True,returned
ORD002080,CUST01876,2024-08-04,tiktok,tops,AU,69.04,0.0,69.04,False,completed
ORD002081,CUST02324,2024-09-10,tiktok,outerwear,GB,138.9,0.0,138.9,False,completed
ORD002082,CUST00582,2024-11-24,organic,bottoms,US,85.02,0.0,85.02,False,completed
ORD002083,CUST02732,2024-12-26,tiktok,footwear,DE,72.34,11.81,60.53,False,completed
ORD002084,CUST01373,2024-11-25,tiktok,footwear,GB,79.92,16.35,-4.36,True,returned
ORD002085,CUST00020,2024-11-19,meta,footwear,FR,73.67,0.0,11.05,True,returned
ORD002086,CUST01277,2024-11-26,tiktok,bottoms,US,98.01,0.0,14.7,True,returned
ORD002087,CUST01085,2024-11-10,referral,outerwear,GB,160.54,0.0,160.54,False,completed
ORD002088,CUST00917,2024-11-30,meta,bottoms,CA,96.64,21.22,75.42,False,completed
ORD002089,CUST02970,2024-09-14,organic,tops,US,44.6,0.0,44.6,False,completed
ORD002090,CUST00120,2024-07-12,organic,footwear,GB,84.01,0.0,84.01,False,completed
ORD002091,CUST03625,2024-11-09,meta,accessories,FR,32.17,0.0,32.17,False,completed
ORD002092,CUST03712,2024-05-18,email,accessories,GB,37.63,0.0,37.63,False,completed
ORD002093,CUST02145,2024-10-22,meta,bottoms,GB,79.48,0.0,79.48,False,completed
ORD002094,CUST01428,2024-06-28,meta,bottoms,US,56.17,5.96,50.21,False,completed
ORD002095,CUST02473,2024-12-26,meta,tops,US,44.36,0.0,6.65,True,returned
ORD002096,CUST03695,2024-08-04,google,bottoms,GB,70.59,0.0,70.59,False,completed
ORD002097,CUST00901,2024-12-22,organic,outerwear,FR,184.69,0.0,184.69,False,completed
ORD002098,CUST01942,2024-09-15,tiktok,bottoms,US,57.6,7.92,49.68,False,completed
ORD002099,CUST00392,2024-06-02,meta,accessories,GB,46.7,7.63,39.07,False,completed
ORD002100,CUST02957,2024-11-14,organic,accessories,GB,32.67,0.0,32.67,False,completed
ORD002101,CUST03617,2024-07-11,meta,tops,US,51.28,0.0,51.28,False,completed
ORD002102,CUST02094,2024-11-29,google,outerwear,US,133.66,0.0,20.05,True,returned
ORD002103,CUST02546,2024-06-06,email,bottoms,US,64.17,0.0,64.17,False,completed
ORD002104,CUST01768,2024-11-25,organic,tops,DE,66.39,0.0,66.39,False,completed
ORD002105,CUST02449,2024-05-18,organic,footwear,GB,103.38,0.0,103.38,False,completed
ORD002106,CUST00243,2024-07-27,tiktok,bottoms,US,89.04,0.0,89.04,False,completed
ORD002107,CUST02212,2024-06-05,tiktok,footwear,NL,81.0,0.0,81.0,False,completed
ORD002108,CUST01806,2024-04-06,email,outerwear,NL,105.6,0.0,105.6,False,completed
ORD002109,CUST03116,2024-12-07,tiktok,tops,GB,44.25,0.0,44.25,False,completed
ORD002110,CUST02174,2024-08-31,email,bottoms,US,69.9,0.0,69.9,False,completed
ORD002111,CUST02694,2024-09-09,meta,outerwear,GB,101.49,0.0,101.49,False,completed
ORD002112,CUST01642,2024-06-18,tiktok,bottoms,GB,96.67,20.14,-5.64,True,returned
ORD002113,CUST00439,2024-10-28,tiktok,tops,US,52.97,9.0,43.97,False,completed
ORD002114,CUST02484,2024-10-27,google,tops,GB,61.86,0.0,61.86,False,completed
ORD002115,CUST00100,2024-07-15,meta,outerwear,GB,114.63,0.0,17.19,True,returned
ORD002116,CUST00832,2024-09-26,meta,tops,DE,51.69,11.34,40.35,False,completed
ORD002117,CUST03632,2024-09-24,tiktok,outerwear,US,178.15,0.0,178.15,False,completed
ORD002118,CUST01982,2024-10-13,meta,outerwear,US,106.29,19.95,-4.01,True,returned
ORD002119,CUST02758,2024-11-12,tiktok,outerwear,US,133.42,14.63,118.79,False,completed
ORD002120,CUST01852,2024-04-27,meta,accessories,GB,42.26,8.12,34.14,False,completed
ORD002121,CUST03046,2024-08-10,meta,outerwear,GB,142.96,16.4,126.56,False,completed
ORD002122,CUST02253,2024-10-31,google,bottoms,GB,98.79,0.0,98.79,False,completed
ORD002123,CUST01814,2024-12-08,meta,outerwear,GB,137.77,0.0,137.77,False,completed
ORD002124,CUST01471,2024-11-15,tiktok,outerwear,NL,161.51,23.23,138.28,False,completed
ORD002125,CUST03484,2024-10-28,email,outerwear,GB,176.69,0.0,176.69,False,completed
ORD002126,CUST03537,2024-10-25,meta,tops,GB,45.87,0.0,6.88,True,returned
ORD002127,CUST00728,2024-04-26,tiktok,tops,FR,59.26,0.0,59.26,False,completed
ORD002128,CUST02296,2024-12-15,google,outerwear,FR,99.28,0.0,99.28,False,completed
ORD002129,CUST01269,2024-11-18,google,bottoms,GB,54.88,0.0,54.88,False,completed
ORD002130,CUST02061,2024-12-15,google,bottoms,CA,72.62,0.0,72.62,False,completed
ORD002131,CUST03192,2024-04-04,meta,tops,US,57.77,9.31,48.46,False,completed
ORD002132,CUST02826,2024-11-07,tiktok,outerwear,FR,124.57,0.0,18.69,True,returned
ORD002133,CUST00599,2024-04-24,tiktok,accessories,DE,43.17,5.89,0.59,True,returned
ORD002134,CUST02251,2024-11-03,google,tops,GB,42.21,0.0,6.33,True,returned
ORD002135,CUST03074,2024-08-29,meta,tops,FR,44.8,6.57,38.23,False,completed
ORD002136,CUST00610,2024-05-13,tiktok,tops,US,55.28,7.49,47.79,False,completed
ORD002137,CUST00130,2024-12-28,organic,outerwear,US,114.91,0.0,114.91,False,completed
ORD002138,CUST03611,2024-12-25,meta,bottoms,NL,58.32,9.47,48.85,False,completed
ORD002139,CUST00038,2024-11-29,organic,bottoms,GB,87.19,0.0,87.19,False,completed
ORD002140,CUST02657,2024-12-29,google,bottoms,NL,64.77,0.0,64.77,False,completed
ORD002141,CUST00052,2024-08-04,meta,outerwear,US,152.88,0.0,22.93,True,returned
ORD002142,CUST01975,2024-06-26,organic,tops,GB,36.83,0.0,36.83,False,completed
ORD002143,CUST01053,2024-10-02,google,outerwear,US,170.93,0.0,170.93,False,completed
ORD002144,CUST03741,2024-06-09,meta,bottoms,US,74.55,16.34,-5.16,True,returned
ORD002145,CUST03255,2024-12-19,meta,accessories,GB,36.98,0.0,5.55,True,returned
ORD002146,CUST02168,2024-10-30,meta,tops,US,39.96,0.0,39.96,False,completed
ORD002147,CUST02549,2024-05-12,tiktok,accessories,US,36.51,6.97,29.54,False,completed
ORD002148,CUST00581,2024-12-06,organic,bottoms,US,69.6,0.0,69.6,False,completed
ORD002149,CUST02458,2024-09-25,meta,bottoms,US,77.92,15.79,-4.1,True,returned
ORD002150,CUST00477,2024-10-09,meta,accessories,GB,42.03,6.89,35.14,False,completed
ORD002151,CUST02395,2024-07-26,meta,bottoms,GB,58.99,0.0,58.99,False,completed
ORD002152,CUST03784,2024-12-22,google,bottoms,GB,100.88,0.0,100.88,False,completed
ORD002153,CUST02026,2024-10-15,tiktok,bottoms,DE,62.17,0.0,62.17,False,completed
ORD002154,CUST03062,2024-09-25,tiktok,accessories,DE,29.3,5.81,23.49,False,completed
ORD002155,CUST02939,2024-11-04,meta,footwear,GB,120.04,26.18,93.86,False,completed
ORD002156,CUST03629,2024-06-13,meta,tops,FR,51.27,12.44,38.83,False,completed
ORD002157,CUST00453,2024-07-25,organic,accessories,US,39.65,0.0,39.65,False,completed
ORD002158,CUST01222,2024-10-20,google,outerwear,GB,105.82,0.0,105.82,False,completed
ORD002159,CUST02095,2024-07-30,meta,tops,GB,50.28,11.72,38.56,False,completed
ORD002160,CUST01703,2024-11-17,meta,bottoms,GB,95.77,23.61,72.16,False,completed
ORD002161,CUST01588,2024-12-10,google,bottoms,US,77.12,0.0,11.57,True,returned
ORD002162,CUST01546,2024-11-21,tiktok,outerwear,GB,188.28,25.04,3.2,True,returned
ORD002163,CUST02798,2024-11-22,meta,footwear,US,88.4,0.0,88.4,False,completed
ORD002164,CUST00323,2024-11-20,meta,bottoms,US,102.73,24.99,77.74,False,completed
ORD002165,CUST02433,2024-07-06,meta,outerwear,US,112.1,21.27,90.83,False,completed
ORD002166,CUST01148,2024-07-18,meta,tops,GB,45.51,0.0,45.51,False,completed
ORD002167,CUST00595,2024-06-29,email,tops,US,52.26,0.0,52.26,False,completed
ORD002168,CUST00643,2024-09-22,meta,bottoms,CA,78.97,0.0,11.85,True,returned
ORD002169,CUST01829,2024-12-13,meta,accessories,GB,54.49,0.0,54.49,False,completed
ORD002170,CUST01968,2024-10-06,meta,outerwear,US,146.48,0.0,146.48,False,completed
ORD002171,CUST02133,2024-11-30,organic,tops,FR,56.76,0.0,56.76,False,completed
ORD002172,CUST02383,2024-12-20,google,bottoms,US,83.21,0.0,83.21,False,completed
ORD002173,CUST03557,2024-09-16,google,tops,US,40.47,0.0,40.47,False,completed
ORD002174,CUST03497,2024-07-19,google,accessories,US,55.66,0.0,55.66,False,completed
ORD002175,CUST03022,2024-06-05,meta,outerwear,US,147.32,0.0,22.1,True,returned
ORD002176,CUST00039,2024-10-31,email,tops,GB,43.61,0.0,43.61,False,completed
ORD002177,CUST03499,2024-11-12,meta,bottoms,US,64.65,7.38,57.27,False,completed
ORD002178,CUST02443,2024-11-28,google,footwear,FR,98.39,0.0,98.39,False,completed
ORD002179,CUST03351,2024-07-28,google,outerwear,DE,168.32,0.0,25.25,True,returned
ORD002180,CUST02445,2024-12-11,tiktok,outerwear,GB,116.92,0.0,116.92,False,completed
ORD002181,CUST00364,2024-12-08,referral,accessories,DE,33.92,0.0,33.92,False,completed
ORD002182,CUST02911,2024-11-28,meta,outerwear,US,181.16,0.0,27.17,True,returned
ORD002183,CUST00683,2024-05-13,organic,tops,GB,43.46,0.0,43.46,False,completed
ORD002184,CUST02047,2024-06-09,tiktok,bottoms,DE,77.68,0.0,11.65,True,returned
ORD002185,CUST00704,2024-11-13,meta,bottoms,DE,93.73,11.07,82.66,False,completed
ORD002186,CUST03431,2024-09-08,google,tops,DE,58.1,0.0,58.1,False,completed
ORD002187,CUST01097,2024-09-30,google,tops,GB,66.52,0.0,66.52,False,completed
ORD002188,CUST02467,2024-12-14,tiktok,tops,US,53.14,7.67,0.3,True,returned
ORD002189,CUST02114,2024-10-18,meta,bottoms,FR,69.77,0.0,69.77,False,completed
ORD002190,CUST03554,2024-10-20,meta,outerwear,FR,184.04,0.0,184.04,False,completed
ORD002191,CUST00628,2024-11-21,tiktok,accessories,US,55.98,0.0,8.4,True,returned
ORD002192,CUST00596,2024-12-24,meta,bottoms,DE,101.98,14.36,87.62,False,completed
ORD002193,CUST03415,2024-08-22,meta,outerwear,GB,113.69,0.0,113.69,False,completed
ORD002194,CUST02578,2024-08-16,meta,accessories,US,52.29,0.0,52.29,False,completed
ORD002195,CUST00436,2024-11-20,meta,outerwear,FR,134.96,0.0,20.24,True,returned
ORD002196,CUST01619,2024-07-22,google,outerwear,DE,121.07,0.0,121.07,False,completed
ORD002197,CUST03379,2024-07-30,tiktok,outerwear,GB,149.27,23.65,125.62,False,completed
ORD002198,CUST03179,2024-11-24,tiktok,outerwear,FR,96.83,0.0,96.83,False,completed
ORD002199,CUST01639,2024-12-08,referral,outerwear,US,128.42,0.0,128.42,False,completed
ORD002200,CUST00189,2024-11-06,meta,outerwear,US,162.79,0.0,24.42,True,returned
ORD002201,CUST02373,2024-09-08,meta,bottoms,GB,84.74,21.0,63.74,False,completed
ORD002202,CUST02504,2024-12-23,organic,accessories,DE,47.67,0.0,47.67,False,completed
ORD002203,CUST02606,2024-12-11,organic,accessories,GB,37.2,0.0,37.2,False,completed
ORD002204,CUST03792,2024-06-10,meta,bottoms,US,78.43,19.17,-7.41,True,returned
ORD002205,CUST01928,2024-08-24,google,footwear,DE,104.6,0.0,104.6,False,completed
ORD002206,CUST00558,2024-05-19,meta,bottoms,GB,63.77,15.18,-5.61,True,returned
ORD002207,CUST01252,2024-10-23,meta,outerwear,GB,158.05,0.0,158.05,False,completed
ORD002208,CUST00386,2024-12-30,meta,accessories,US,51.51,0.0,7.73,True,returned
ORD002209,CUST01687,2024-09-16,tiktok,tops,FR,44.45,0.0,44.45,False,completed
ORD002210,CUST00386,2024-07-18,meta,outerwear,US,125.76,30.91,-12.05,True,returned
ORD002211,CUST03575,2024-12-03,meta,tops,GB,60.1,8.53,51.57,False,completed
ORD002212,CUST03312,2024-12-07,organic,bottoms,GB,88.28,0.0,88.28,False,completed
ORD002213,CUST01685,2024-08-10,meta,outerwear,DE,186.05,0.0,27.91,True,returned
ORD002214,CUST01745,2024-06-04,google,footwear,FR,101.99,0.0,101.99,False,completed
ORD002215,CUST02510,2024-12-19,tiktok,tops,CA,47.12,0.0,47.12,False,completed
ORD002216,CUST02540,2024-12-28,tiktok,tops,GB,42.93,8.39,-1.95,True,returned
ORD002217,CUST01230,2024-10-02,organic,footwear,US,121.28,0.0,121.28,False,completed
ORD002218,CUST02084,2024-05-14,google,bottoms,FR,55.96,0.0,55.96,False,completed
ORD002219,CUST03195,2024-08-29,organic,tops,US,43.19,0.0,43.19,False,completed
ORD002220,CUST02526,2024-07-24,organic,tops,CA,56.8,0.0,56.8,False,completed
ORD002221,CUST00145,2024-10-05,tiktok,footwear,GB,89.41,16.76,72.65,False,completed
ORD002222,CUST01735,2024-12-20,meta,tops,FR,42.04,6.62,35.42,False,completed
ORD002223,CUST02330,2024-11-22,meta,tops,AU,38.36,0.0,38.36,False,completed
ORD002224,CUST00786,2024-10-10,meta,outerwear,AU,176.23,0.0,176.23,False,completed
ORD002225,CUST01252,2024-10-23,meta,tops,GB,58.71,9.61,-0.8,True,returned
ORD002226,CUST00728,2024-11-08,tiktok,outerwear,FR,121.94,0.0,18.29,True,returned
ORD002227,CUST02763,2024-12-09,referral,bottoms,NL,63.96,0.0,63.96,False,completed
ORD002228,CUST00855,2024-11-01,meta,bottoms,US,100.83,23.73,77.1,False,completed
ORD002229,CUST01043,2024-08-18,organic,bottoms,NL,92.35,0.0,92.35,False,completed
ORD002230,CUST01180,2024-07-27,tiktok,tops,GB,62.19,0.0,9.33,True,returned
ORD002231,CUST00548,2024-12-12,meta,bottoms,GB,53.08,11.94,-3.98,True,returned
ORD002232,CUST02366,2024-07-29,meta,tops,US,63.33,0.0,63.33,False,completed
ORD002233,CUST02143,2024-12-01,meta,outerwear,US,131.83,0.0,19.77,True,returned
ORD002234,CUST01965,2024-12-22,meta,accessories,US,34.96,0.0,34.96,False,completed
ORD002235,CUST03579,2024-11-27,email,tops,GB,43.54,0.0,43.54,False,completed
ORD002236,CUST03439,2024-12-05,meta,bottoms,GB,54.33,0.0,54.33,False,completed
ORD002237,CUST02143,2024-08-06,meta,tops,US,63.43,7.64,55.79,False,completed
ORD002238,CUST02084,2024-08-29,google,tops,FR,45.89,0.0,45.89,False,completed
ORD002239,CUST02989,2024-10-28,google,outerwear,GB,160.03,0.0,160.03,False,completed
ORD002240,CUST01777,2024-12-19,tiktok,bottoms,GB,80.02,0.0,80.02,False,completed
ORD002241,CUST01674,2024-09-09,organic,bottoms,US,96.37,0.0,96.37,False,completed
ORD002242,CUST03573,2024-11-19,meta,outerwear,US,104.16,11.7,3.92,True,returned
ORD002243,CUST00108,2024-10-21,google,tops,FR,54.85,0.0,54.85,False,completed
ORD002244,CUST02933,2024-12-12,google,tops,AU,50.12,0.0,50.12,False,completed
ORD002245,CUST01716,2024-11-01,google,outerwear,US,96.0,0.0,96.0,False,completed
ORD002246,CUST02224,2024-12-14,meta,bottoms,GB,101.07,20.15,80.92,False,completed
ORD002247,CUST01069,2024-10-22,google,accessories,US,47.13,0.0,47.13,False,completed
ORD002248,CUST02844,2024-09-06,tiktok,footwear,US,98.49,0.0,98.49,False,completed
ORD002249,CUST02358,2024-08-31,meta,bottoms,DE,97.91,20.94,76.97,False,completed
ORD002250,CUST00069,2024-10-13,meta,accessories,AU,39.44,0.0,39.44,False,completed
ORD002251,CUST00940,2024-12-01,tiktok,bottoms,GB,54.37,0.0,54.37,False,completed
ORD002252,CUST01083,2024-07-31,meta,accessories,DE,40.17,0.0,40.17,False,completed
ORD002253,CUST02408,2024-11-06,organic,accessories,NL,50.44,0.0,50.44,False,completed
ORD002254,CUST00137,2024-07-20,email,bottoms,US,102.98,0.0,102.98,False,completed
ORD002255,CUST00986,2024-09-07,meta,bottoms,GB,88.7,0.0,88.7,False,completed
ORD002256,CUST03095,2024-11-14,meta,accessories,US,36.42,5.89,30.53,False,completed
ORD002257,CUST03097,2024-11-28,email,bottoms,NL,66.95,0.0,66.95,False,completed
ORD002258,CUST03067,2024-11-06,meta,accessories,GB,52.31,9.25,43.06,False,completed
ORD002259,CUST00905,2024-05-20,tiktok,outerwear,GB,104.12,0.0,104.12,False,completed
ORD002260,CUST00579,2024-11-25,meta,bottoms,GB,71.62,0.0,71.62,False,completed
ORD002261,CUST02501,2024-12-09,referral,tops,US,63.33,0.0,63.33,False,completed
ORD002262,CUST02064,2024-12-18,meta,bottoms,US,99.14,0.0,99.14,False,completed
ORD002263,CUST01435,2024-12-17,organic,accessories,DE,29.37,0.0,29.37,False,completed
ORD002264,CUST01342,2024-10-05,google,tops,NL,70.03,0.0,70.03,False,completed
ORD002265,CUST00884,2024-09-02,meta,bottoms,NL,66.63,11.75,54.88,False,completed
ORD002266,CUST02449,2024-06-03,organic,outerwear,GB,165.0,0.0,165.0,False,completed
ORD002267,CUST02201,2024-02-24,meta,outerwear,DE,110.45,18.03,-1.46,True,returned
ORD002268,CUST01953,2024-12-19,meta,accessories,US,53.26,6.32,46.94,False,completed
ORD002269,CUST01829,2024-08-26,meta,tops,GB,48.86,9.83,39.03,False,completed
ORD002270,CUST03647,2024-12-06,meta,bottoms,US,101.05,10.73,90.32,False,completed
ORD002271,CUST02516,2024-11-15,organic,footwear,FR,115.59,0.0,115.59,False,completed
ORD002272,CUST01086,2024-12-28,tiktok,bottoms,US,92.22,13.19,79.03,False,completed
ORD002273,CUST00981,2024-11-01,tiktok,accessories,DE,47.96,6.16,1.03,True,returned
ORD002274,CUST03072,2024-07-14,meta,accessories,US,52.59,0.0,52.59,False,completed
ORD002275,CUST03212,2024-06-30,email,bottoms,US,76.22,0.0,76.22,False,completed
ORD002276,CUST01153,2024-05-26,meta,tops,US,41.41,0.0,41.41,False,completed
ORD002277,CUST01914,2024-11-08,meta,tops,GB,57.48,6.4,51.08,False,completed
ORD002278,CUST03090,2024-10-06,google,accessories,DE,46.25,0.0,46.25,False,completed
ORD002279,CUST02548,2024-12-13,meta,tops,FR,37.16,0.0,37.16,False,completed
ORD002280,CUST01138,2024-11-01,meta,accessories,DE,38.43,0.0,38.43,False,completed
ORD002281,CUST00992,2024-12-27,google,tops,NL,45.48,0.0,45.48,False,completed
ORD002282,CUST03279,2024-11-16,organic,outerwear,DE,136.58,0.0,136.58,False,completed
ORD002283,CUST00739,2024-07-16,tiktok,accessories,DE,31.64,0.0,31.64,False,completed
ORD002284,CUST02586,2024-10-28,meta,footwear,US,120.32,0.0,18.05,True,returned
ORD002285,CUST01066,2024-12-24,meta,tops,US,71.98,15.14,56.84,False,completed
ORD002286,CUST03338,2024-06-11,tiktok,outerwear,US,168.33,18.82,149.51,False,completed
ORD002287,CUST02824,2024-12-27,meta,outerwear,US,166.62,0.0,166.62,False,completed
ORD002288,CUST00356,2024-10-07,meta,tops,AU,67.92,0.0,67.92,False,completed
ORD002289,CUST01835,2024-11-14,google,footwear,GB,100.93,0.0,15.14,True,returned
ORD002290,CUST02991,2024-11-13,google,bottoms,GB,74.1,0.0,11.12,True,returned
ORD002291,CUST02634,2024-10-16,tiktok,bottoms,GB,86.78,0.0,86.78,False,completed
ORD002292,CUST02391,2024-11-06,tiktok,bottoms,GB,85.85,19.99,65.86,False,completed
ORD002293,CUST02901,2024-12-07,meta,tops,GB,49.42,12.19,-4.78,True,returned
ORD002294,CUST02401,2024-08-25,tiktok,tops,GB,59.11,0.0,8.87,True,returned
ORD002295,CUST02873,2024-09-01,organic,outerwear,NL,96.35,0.0,96.35,False,completed
ORD002296,CUST02886,2024-05-07,meta,bottoms,NL,99.23,22.4,76.83,False,completed
ORD002297,CUST02787,2024-07-03,google,outerwear,FR,136.54,0.0,136.54,False,completed
ORD002298,CUST00275,2024-10-23,meta,tops,US,38.42,0.0,38.42,False,completed
ORD002299,CUST01541,2024-01-19,meta,bottoms,GB,67.99,12.82,55.17,False,completed
ORD002300,CUST00370,2024-11-17,google,bottoms,GB,90.51,0.0,90.51,False,completed
ORD002301,CUST01070,2024-10-04,google,tops,GB,46.89,0.0,7.03,True,returned
ORD002302,CUST00770,2024-08-29,referral,outerwear,GB,123.07,0.0,18.46,True,returned
ORD002303,CUST03675,2024-10-21,google,footwear,US,88.27,0.0,88.27,False,completed
ORD002304,CUST02643,2024-12-03,email,accessories,CA,55.78,0.0,55.78,False,completed
ORD002305,CUST03063,2024-12-03,meta,bottoms,US,100.13,0.0,100.13,False,completed
ORD002306,CUST00392,2024-06-27,meta,tops,GB,43.33,0.0,43.33,False,completed
ORD002307,CUST00770,2024-06-28,referral,tops,GB,54.51,0.0,54.51,False,completed
ORD002308,CUST03690,2024-09-30,meta,accessories,GB,42.97,8.31,-1.86,True,returned
ORD002309,CUST02160,2024-12-27,organic,bottoms,DE,60.72,0.0,60.72,False,completed
ORD002310,CUST02255,2024-10-22,referral,bottoms,GB,84.38,0.0,84.38,False,completed
ORD002311,CUST03314,2024-12-22,organic,bottoms,AU,98.08,0.0,98.08,False,completed
ORD002312,CUST00312,2024-10-20,meta,footwear,US,111.89,19.9,91.99,False,completed
ORD002313,CUST03634,2024-09-04,google,bottoms,GB,69.95,0.0,69.95,False,completed
ORD002314,CUST00882,2024-10-31,meta,tops,GB,66.74,14.3,52.44,False,completed
ORD002315,CUST02343,2024-11-14,google,bottoms,GB,89.26,0.0,13.39,True,returned
ORD002316,CUST00228,2024-07-04,tiktok,footwear,AU,76.68,10.65,66.03,False,completed
ORD002317,CUST02882,2024-10-21,tiktok,bottoms,US,60.16,0.0,60.16,False,completed
ORD002318,CUST02353,2024-11-17,google,outerwear,US,119.25,0.0,119.25,False,completed
ORD002319,CUST00214,2024-12-16,meta,outerwear,GB,105.75,18.06,-2.2,True,returned
ORD002320,CUST00792,2024-10-06,google,tops,DE,39.14,0.0,39.14,False,completed
ORD002321,CUST00361,2024-04-11,meta,tops,US,47.96,10.9,37.06,False,completed
ORD002322,CUST00258,2024-10-24,tiktok,tops,AU,42.83,7.17,35.66,False,completed
ORD002323,CUST02183,2024-10-26,meta,outerwear,AU,105.58,0.0,15.84,True,returned
ORD002324,CUST03033,2024-09-15,tiktok,bottoms,GB,80.55,13.57,66.98,False,completed
ORD002325,CUST03037,2024-12-19,google,outerwear,US,118.79,0.0,118.79,False,completed
ORD002326,CUST01334,2024-10-20,meta,tops,US,56.1,0.0,56.1,False,completed
ORD002327,CUST00403,2024-11-08,google,bottoms,FR,83.92,0.0,83.92,False,completed
ORD002328,CUST01094,2024-11-18,meta,tops,FR,51.01,0.0,51.01,False,completed
ORD002329,CUST03758,2024-12-24,organic,accessories,US,28.64,0.0,28.64,False,completed
ORD002330,CUST03759,2024-09-13,meta,footwear,US,99.4,23.29,76.11,False,completed
ORD002331,CUST03639,2024-12-14,meta,outerwear,GB,157.1,34.56,-11.0,True,returned
ORD002332,CUST00506,2024-06-08,referral,bottoms,CA,73.7,0.0,73.7,False,completed
ORD002333,CUST00516,2024-11-24,meta,outerwear,GB,156.75,0.0,156.75,False,completed
ORD002334,CUST01648,2024-05-21,google,outerwear,US,132.58,0.0,132.58,False,completed
ORD002335,CUST03192,2024-08-12,meta,footwear,US,74.19,13.79,-2.66,True,returned
ORD002336,CUST02902,2024-05-20,google,outerwear,DE,97.07,0.0,97.07,False,completed
ORD002337,CUST00570,2024-11-10,meta,accessories,NL,45.73,0.0,45.73,False,completed
ORD002338,CUST02017,2024-05-20,referral,accessories,CA,43.44,0.0,43.44,False,completed
ORD002339,CUST02882,2024-10-27,tiktok,tops,US,37.1,0.0,37.1,False,completed
ORD002340,CUST03740,2024-12-04,tiktok,outerwear,NL,155.11,19.96,135.15,False,completed
ORD002341,CUST01897,2024-09-13,organic,tops,DE,48.59,0.0,48.59,False,completed
ORD002342,CUST00763,2024-12-02,meta,accessories,US,37.27,0.0,37.27,False,completed
ORD002343,CUST03289,2024-05-08,google,outerwear,AU,110.15,0.0,110.15,False,completed
ORD002344,CUST02114,2024-10-31,meta,tops,FR,49.68,10.86,-3.41,True,returned
ORD002345,CUST03407,2024-09-14,tiktok,tops,DE,51.07,8.76,42.31,False,completed
ORD002346,CUST01848,2024-11-03,tiktok,outerwear,GB,154.27,0.0,154.27,False,completed
ORD002347,CUST00096,2024-12-01,tiktok,accessories,DE,45.77,0.0,45.77,False,completed
ORD002348,CUST01354,2024-11-17,meta,bottoms,US,87.77,13.9,-0.73,True,returned
ORD002349,CUST02569,2024-11-23,meta,bottoms,US,59.0,0.0,59.0,False,completed
ORD002350,CUST02084,2024-09-20,google,bottoms,FR,97.76,0.0,97.76,False,completed
ORD002351,CUST02856,2024-11-24,tiktok,outerwear,AU,118.81,0.0,17.82,True,returned
ORD002352,CUST00215,2024-10-06,organic,outerwear,GB,180.96,0.0,180.96,False,completed
ORD002353,CUST02424,2024-10-02,organic,accessories,GB,55.78,0.0,55.78,False,completed
ORD002354,CUST03556,2024-05-18,meta,outerwear,AU,96.88,0.0,14.53,True,returned
ORD002355,CUST01135,2024-11-29,meta,accessories,US,53.27,0.0,7.99,True,returned
ORD002356,CUST00064,2024-05-23,meta,bottoms,GB,62.78,0.0,9.42,True,returned
ORD002357,CUST01051,2024-09-11,tiktok,outerwear,FR,191.07,23.94,167.13,False,completed
ORD002358,CUST02942,2024-08-16,meta,tops,AU,38.64,6.53,32.11,False,completed
ORD002359,CUST02308,2024-12-22,google,tops,GB,49.02,0.0,49.02,False,completed
ORD002360,CUST00525,2024-12-27,meta,tops,GB,48.9,0.0,7.34,True,returned
ORD002361,CUST01943,2024-11-28,tiktok,outerwear,US,174.73,34.71,140.02,False,completed
ORD002362,CUST01614,2024-09-27,tiktok,tops,FR,56.04,0.0,56.04,False,completed
ORD002363,CUST01655,2024-10-25,meta,bottoms,US,92.05,18.72,73.33,False,completed
ORD002364,CUST00612,2024-11-01,meta,accessories,US,38.29,0.0,38.29,False,completed
ORD002365,CUST02718,2024-08-06,organic,accessories,AU,32.45,0.0,32.45,False,completed
ORD002366,CUST02937,2024-10-25,meta,footwear,US,126.73,17.34,1.67,True,returned
ORD002367,CUST00859,2024-03-03,email,bottoms,US,78.52,0.0,78.52,False,completed
ORD002368,CUST02193,2024-10-30,meta,outerwear,AU,175.85,30.65,145.2,False,completed
ORD002369,CUST00076,2024-09-22,google,footwear,US,92.06,0.0,92.06,False,completed
ORD002370,CUST00897,2024-11-07,tiktok,footwear,US,124.85,0.0,124.85,False,completed
ORD002371,CUST01946,2024-09-13,google,tops,GB,44.32,0.0,44.32,False,completed
ORD002372,CUST00333,2024-08-23,meta,bottoms,DE,69.92,13.58,56.34,False,completed
ORD002373,CUST03784,2024-12-28,google,outerwear,GB,142.9,0.0,142.9,False,completed
ORD002374,CUST01874,2024-11-10,meta,tops,US,60.69,10.86,49.83,False,completed
ORD002375,CUST02802,2024-12-26,meta,footwear,US,83.27,0.0,83.27,False,completed
ORD002376,CUST03437,2024-12-28,tiktok,tops,GB,58.22,7.78,50.44,False,completed
ORD002377,CUST02512,2024-11-16,organic,bottoms,US,68.55,0.0,68.55,False,completed
ORD002378,CUST03190,2024-11-28,organic,bottoms,GB,98.11,0.0,98.11,False,completed
ORD002379,CUST01805,2024-12-17,email,outerwear,AU,118.81,0.0,118.81,False,completed
ORD002380,CUST03742,2024-11-03,meta,outerwear,GB,115.83,0.0,115.83,False,completed
ORD002381,CUST00250,2024-05-12,google,bottoms,GB,61.97,0.0,9.3,True,returned
ORD002382,CUST03108,2024-12-21,tiktok,bottoms,GB,76.72,10.9,65.82,False,completed
ORD002383,CUST00518,2024-12-23,meta,tops,DE,55.49,11.07,44.42,False,completed
ORD002384,CUST00686,2024-12-23,tiktok,bottoms,US,80.77,0.0,80.77,False,completed
ORD002385,CUST01041,2024-06-27,google,outerwear,GB,100.73,0.0,15.11,True,returned
ORD002386,CUST02596,2024-08-14,google,footwear,US,91.77,0.0,91.77,False,completed
ORD002387,CUST00806,2024-09-22,organic,outerwear,NL,102.91,0.0,102.91,False,completed
ORD002388,CUST03566,2024-08-12,tiktok,bottoms,US,64.58,0.0,64.58,False,completed
ORD002389,CUST01640,2024-12-23,google,tops,NL,48.45,0.0,48.45,False,completed
ORD002390,CUST01708,2024-09-23,meta,bottoms,GB,82.46,19.26,63.2,False,completed
ORD002391,CUST01985,2024-07-22,meta,footwear,FR,131.38,0.0,131.38,False,completed
ORD002392,CUST02031,2024-06-30,meta,tops,US,47.98,0.0,7.2,True,returned
ORD002393,CUST03493,2024-07-30,meta,outerwear,GB,102.04,18.33,83.71,False,completed
ORD002394,CUST01430,2024-12-07,meta,bottoms,US,84.58,0.0,84.58,False,completed
ORD002395,CUST01493,2024-11-03,tiktok,tops,US,39.08,5.79,33.29,False,completed
ORD002396,CUST03630,2024-12-23,google,outerwear,GB,159.01,0.0,159.01,False,completed
ORD002397,CUST03527,2024-07-24,email,outerwear,GB,139.58,0.0,139.58,False,completed
ORD002398,CUST02249,2024-10-25,meta,tops,US,41.71,10.07,-3.81,True,returned
ORD002399,CUST01519,2024-10-29,meta,bottoms,CA,78.62,13.12,-1.33,True,returned
ORD002400,CUST02497,2024-11-07,meta,accessories,GB,51.27,11.14,40.13,False,completed
ORD002401,CUST02305,2024-10-21,google,outerwear,US,105.61,0.0,105.61,False,completed
ORD002402,CUST01869,2024-08-19,tiktok,bottoms,US,55.56,0.0,55.56,False,completed
ORD002403,CUST01225,2024-07-17,tiktok,accessories,GB,44.91,5.17,1.57,True,returned
ORD002404,CUST03759,2024-08-03,meta,outerwear,US,113.07,0.0,113.07,False,completed
ORD002405,CUST02120,2024-11-09,meta,outerwear,GB,159.64,26.37,133.27,False,completed
ORD002406,CUST01554,2024-12-22,organic,bottoms,GB,98.69,0.0,98.69,False,completed
ORD002407,CUST01482,2024-10-28,meta,bottoms,GB,83.86,0.0,83.86,False,completed
ORD002408,CUST02616,2024-10-11,meta,tops,US,63.57,0.0,63.57,False,completed
ORD002409,CUST00418,2024-11-28,google,accessories,US,50.42,0.0,50.42,False,completed
ORD002410,CUST00577,2024-10-22,organic,accessories,NL,35.44,0.0,35.44,False,completed
ORD002411,CUST03677,2024-06-08,tiktok,bottoms,US,101.22,11.83,89.39,False,completed
ORD002412,CUST00863,2024-06-21,meta,outerwear,US,140.8,0.0,140.8,False,completed
ORD002413,CUST00450,2024-11-28,email,footwear,GB,118.33,0.0,118.33,False,completed
ORD002414,CUST03518,2024-08-03,google,accessories,GB,45.21,0.0,45.21,False,completed
ORD002415,CUST02717,2024-08-21,email,accessories,US,46.46,0.0,46.46,False,completed
ORD002416,CUST01982,2024-10-15,meta,tops,US,69.93,0.0,69.93,False,completed
ORD002417,CUST01644,2024-05-13,meta,tops,US,48.33,0.0,48.33,False,completed
ORD002418,CUST01999,2024-05-17,meta,tops,US,55.22,7.29,47.93,False,completed
ORD002419,CUST02725,2024-05-21,organic,tops,US,66.99,0.0,66.99,False,completed
ORD002420,CUST01528,2024-10-17,meta,outerwear,DE,176.06,0.0,176.06,False,completed
ORD002421,CUST03428,2024-07-25,organic,bottoms,GB,83.09,0.0,83.09,False,completed
ORD002422,CUST01484,2024-12-23,meta,tops,CA,50.72,0.0,7.61,True,returned
ORD002423,CUST03728,2024-11-15,meta,accessories,GB,35.35,0.0,35.35,False,completed
ORD002424,CUST01682,2024-03-12,google,tops,GB,62.7,0.0,62.7,False,completed
ORD002425,CUST02614,2024-10-12,organic,bottoms,US,67.63,0.0,67.63,False,completed
ORD002426,CUST01031,2024-07-18,tiktok,accessories,US,55.92,0.0,55.92,False,completed
ORD002427,CUST01043,2024-12-30,organic,footwear,NL,120.2,0.0,120.2,False,completed
ORD002428,CUST03316,2024-12-12,tiktok,tops,US,46.47,0.0,46.47,False,completed
ORD002429,CUST02343,2024-12-09,google,footwear,GB,109.31,0.0,109.31,False,completed
ORD002430,CUST01161,2024-09-19,meta,outerwear,FR,134.63,25.75,-5.56,True,returned
ORD002431,CUST01591,2024-08-29,organic,tops,US,52.56,0.0,52.56,False,completed
ORD002432,CUST00128,2024-12-22,organic,accessories,US,49.22,0.0,49.22,False,completed
ORD002433,CUST00145,2024-06-29,tiktok,bottoms,GB,93.11,16.89,76.22,False,completed
ORD002434,CUST02871,2024-12-12,meta,tops,AU,55.04,12.97,42.07,False,completed
ORD002435,CUST00640,2024-04-06,tiktok,outerwear,GB,131.06,23.91,107.15,False,completed
ORD002436,CUST03242,2024-12-25,meta,bottoms,GB,72.89,0.0,10.93,True,returned
ORD002437,CUST03239,2024-12-16,meta,bottoms,US,64.49,0.0,64.49,False,completed
ORD002438,CUST02881,2024-09-20,organic,outerwear,US,100.37,0.0,15.06,True,returned
ORD002439,CUST00525,2024-10-05,meta,bottoms,GB,63.15,0.0,63.15,False,completed
ORD002440,CUST00945,2024-10-06,google,accessories,GB,49.09,0.0,49.09,False,completed
ORD002441,CUST00305,2024-12-10,tiktok,tops,AU,57.73,10.04,47.69,False,completed
ORD002442,CUST01269,2024-11-09,google,tops,GB,50.59,0.0,50.59,False,completed
ORD002443,CUST00922,2024-09-02,meta,bottoms,GB,92.14,20.55,71.59,False,completed
ORD002444,CUST00257,2024-12-21,tiktok,tops,GB,70.68,0.0,10.6,True,returned
ORD002445,CUST03651,2024-08-30,meta,outerwear,GB,183.76,28.41,155.35,False,completed
ORD002446,CUST02576,2024-06-30,meta,accessories,GB,43.7,0.0,6.55,True,returned
ORD002447,CUST02104,2024-08-04,tiktok,footwear,CA,96.67,0.0,96.67,False,completed
ORD002448,CUST00972,2024-12-03,meta,bottoms,US,82.75,0.0,12.41,True,returned
ORD002449,CUST00280,2024-10-08,meta,accessories,US,52.19,9.79,42.4,False,completed
ORD002450,CUST00363,2024-06-27,meta,outerwear,DE,187.86,26.22,161.64,False,completed
ORD002451,CUST02694,2024-07-22,meta,bottoms,GB,60.27,0.0,60.27,False,completed
ORD002452,CUST02399,2024-12-25,google,accessories,AU,43.3,0.0,43.3,False,completed
ORD002453,CUST00602,2024-08-06,meta,accessories,AU,52.22,0.0,52.22,False,completed
ORD002454,CUST01305,2024-09-26,meta,footwear,FR,117.3,0.0,17.59,True,returned
ORD002455,CUST02868,2024-09-21,google,tops,AU,60.71,0.0,60.71,False,completed
ORD002456,CUST01174,2024-04-15,meta,tops,CA,39.51,0.0,39.51,False,completed
ORD002457,CUST03482,2024-08-30,tiktok,tops,US,49.75,0.0,49.75,False,completed
ORD002458,CUST00075,2024-11-06,tiktok,bottoms,US,55.01,0.0,55.01,False,completed
ORD002459,CUST02212,2024-05-19,tiktok,outerwear,NL,116.77,0.0,116.77,False,completed
ORD002460,CUST02102,2024-04-29,organic,accessories,GB,43.04,0.0,43.04,False,completed
ORD002461,CUST03531,2024-12-18,meta,footwear,US,90.73,21.95,68.78,False,completed
ORD002462,CUST01070,2024-11-13,google,bottoms,GB,62.31,0.0,62.31,False,completed
ORD002463,CUST00245,2024-04-11,tiktok,tops,NL,51.94,0.0,51.94,False,completed
ORD002464,CUST00047,2024-03-18,meta,tops,US,53.34,0.0,53.34,False,completed
ORD002465,CUST01920,2024-10-16,meta,tops,GB,56.63,0.0,56.63,False,completed
ORD002466,CUST01980,2024-10-21,meta,tops,GB,55.56,11.73,43.83,False,completed
ORD002467,CUST01529,2024-07-04,google,bottoms,AU,86.02,0.0,86.02,False,completed
ORD002468,CUST00270,2024-09-09,meta,bottoms,GB,101.84,18.52,83.32,False,completed
ORD002469,CUST03464,2024-08-31,meta,bottoms,AU,54.56,0.0,8.18,True,returned
ORD002470,CUST03334,2024-12-20,tiktok,tops,US,44.14,10.01,34.13,False,completed
ORD002471,CUST02681,2024-11-17,google,accessories,GB,35.19,0.0,35.19,False,completed
ORD002472,CUST01223,2024-04-10,meta,outerwear,GB,104.0,0.0,15.6,True,returned
ORD002473,CUST02805,2024-12-04,tiktok,tops,FR,60.54,0.0,60.54,False,completed
ORD002474,CUST03261,2024-12-09,organic,tops,GB,56.32,0.0,56.32,False,completed
ORD002475,CUST01993,2024-11-01,referral,tops,US,40.7,0.0,40.7,False,completed
ORD002476,CUST00469,2024-12-07,google,bottoms,AU,54.76,0.0,54.76,False,completed
ORD002477,CUST03021,2024-12-05,google,outerwear,GB,105.58,0.0,105.58,False,completed
ORD002478,CUST02232,2024-08-03,tiktok,outerwear,GB,140.6,16.55,4.54,True,returned
ORD002479,CUST01361,2024-12-25,organic,tops,US,57.54,0.0,57.54,False,completed
ORD002480,CUST01631,2024-12-10,meta,tops,GB,67.49,6.78,60.71,False,completed
ORD002481,CUST00714,2024-08-10,tiktok,bottoms,GB,90.22,0.0,90.22,False,completed
ORD002482,CUST02090,2024-11-05,meta,bottoms,AU,66.37,0.0,9.96,True,returned
ORD002483,CUST02472,2024-10-22,meta,tops,US,71.77,0.0,71.77,False,completed
ORD002484,CUST03390,2024-11-03,meta,tops,DE,66.21,10.22,55.99,False,completed
ORD002485,CUST00981,2024-12-29,tiktok,accessories,DE,51.84,7.16,44.68,False,completed
ORD002486,CUST02351,2024-08-23,google,accessories,CA,47.77,0.0,7.17,True,returned
ORD002487,CUST03589,2024-10-25,meta,outerwear,AU,125.21,0.0,125.21,False,completed
ORD002488,CUST00617,2024-11-28,meta,tops,GB,39.12,0.0,39.12,False,completed
ORD002489,CUST02601,2024-12-15,google,outerwear,US,97.15,0.0,97.15,False,completed
ORD002490,CUST03310,2024-12-24,meta,accessories,GB,40.71,0.0,40.71,False,completed
ORD002491,CUST03511,2024-11-16,meta,outerwear,GB,114.46,0.0,114.46,False,completed
ORD002492,CUST03718,2024-04-20,tiktok,accessories,FR,36.5,0.0,5.48,True,returned
ORD002493,CUST02862,2024-10-15,meta,tops,US,39.36,0.0,39.36,False,completed
ORD002494,CUST00950,2024-12-14,google,outerwear,GB,152.7,0.0,152.7,False,completed
ORD002495,CUST01836,2024-11-14,meta,outerwear,AU,107.07,0.0,107.07,False,completed
ORD002496,CUST01654,2024-11-22,organic,bottoms,GB,86.7,0.0,86.7,False,completed
ORD002497,CUST00039,2024-10-22,email,tops,GB,47.17,0.0,47.17,False,completed
ORD002498,CUST02688,2024-12-04,google,outerwear,US,152.36,0.0,152.36,False,completed
ORD002499,CUST02771,2024-11-21,meta,outerwear,GB,118.39,0.0,17.76,True,returned
ORD002500,CUST03115,2024-08-03,meta,tops,US,44.13,0.0,6.62,True,returned
ORD002501,CUST03066,2024-10-11,organic,bottoms,DE,91.26,0.0,91.26,False,completed
ORD002502,CUST01082,2024-08-04,organic,tops,GB,36.01,0.0,36.01,False,completed
ORD002503,CUST03674,2024-12-07,organic,accessories,GB,44.43,0.0,44.43,False,completed
ORD002504,CUST01798,2024-10-13,google,accessories,US,43.16,0.0,43.16,False,completed
ORD002505,CUST01586,2024-08-15,referral,accessories,AU,51.66,0.0,51.66,False,completed
ORD002506,CUST00211,2024-12-14,meta,outerwear,GB,177.48,33.18,144.3,False,completed
ORD002507,CUST03645,2024-10-05,organic,accessories,AU,39.58,0.0,39.58,False,completed
ORD002508,CUST00441,2024-09-15,meta,bottoms,US,103.65,17.35,86.3,False,completed
ORD002509,CUST01188,2024-11-09,tiktok,bottoms,US,75.99,0.0,75.99,False,completed
ORD002510,CUST00622,2024-03-09,meta,bottoms,US,81.98,19.8,-7.5,True,returned
ORD002511,CUST02787,2024-04-10,google,accessories,FR,44.24,0.0,44.24,False,completed
ORD002512,CUST01057,2024-11-24,meta,bottoms,US,96.63,15.95,80.68,False,completed
ORD002513,CUST02964,2024-12-16,meta,outerwear,US,113.47,0.0,113.47,False,completed
ORD002514,CUST03535,2024-10-15,meta,tops,US,54.7,0.0,54.7,False,completed
ORD002515,CUST01952,2024-09-30,email,outerwear,US,178.78,0.0,178.78,False,completed
ORD002516,CUST03647,2024-12-22,meta,bottoms,US,71.48,0.0,10.72,True,returned
ORD002517,CUST02333,2024-10-14,google,accessories,AU,39.38,0.0,39.38,False,completed
ORD002518,CUST02036,2024-12-14,meta,outerwear,GB,180.42,0.0,180.42,False,completed
ORD002519,CUST00286,2024-09-22,tiktok,tops,CA,51.76,6.19,45.57,False,completed
ORD002520,CUST02446,2024-12-01,google,tops,US,59.78,0.0,8.97,True,returned
ORD002521,CUST02211,2024-10-04,tiktok,tops,GB,41.9,0.0,6.29,True,returned
ORD002522,CUST00991,2024-07-22,meta,accessories,DE,34.04,4.83,29.21,False,completed
ORD002523,CUST00093,2024-11-14,tiktok,accessories,NL,52.91,0.0,52.91,False,completed
ORD002524,CUST01548,2024-12-17,google,footwear,FR,90.62,0.0,90.62,False,completed
ORD002525,CUST03757,2024-04-02,google,bottoms,GB,69.88,0.0,10.48,True,returned
ORD002526,CUST01397,2024-06-22,tiktok,bottoms,DE,72.37,0.0,72.37,False,completed
ORD002527,CUST00371,2024-04-23,meta,bottoms,AU,64.61,14.07,50.54,False,completed
ORD002528,CUST03529,2024-07-23,google,tops,US,67.89,0.0,67.89,False,completed
ORD002529,CUST01177,2024-12-21,google,bottoms,GB,101.25,0.0,101.25,False,completed
ORD002530,CUST00477,2024-08-27,meta,outerwear,GB,169.41,21.18,148.23,False,completed
ORD002531,CUST01434,2024-11-19,organic,footwear,US,110.12,0.0,16.52,True,returned
ORD002532,CUST01015,2024-12-09,meta,bottoms,US,103.65,22.81,80.84,False,completed
ORD002533,CUST01965,2024-12-15,meta,accessories,US,54.63,0.0,54.63,False,completed
ORD002534,CUST01830,2024-12-08,meta,bottoms,US,87.29,0.0,13.09,True,returned
ORD002535,CUST00533,2024-09-08,meta,tops,FR,67.96,15.96,52.0,False,completed
ORD002536,CUST02546,2024-09-18,email,outerwear,US,188.59,0.0,188.59,False,completed
ORD002537,CUST02425,2024-07-28,organic,bottoms,GB,76.54,0.0,76.54,False,completed
ORD002538,CUST01983,2024-05-11,meta,footwear,GB,109.4,0.0,16.41,True,returned
ORD002539,CUST00313,2024-10-31,meta,accessories,GB,50.56,0.0,50.56,False,completed
ORD002540,CUST00712,2024-07-28,tiktok,bottoms,DE,86.66,14.22,72.44,False,completed
ORD002541,CUST00961,2024-05-25,tiktok,accessories,FR,43.17,0.0,43.17,False,completed
ORD002542,CUST00080,2024-11-17,organic,tops,GB,37.49,0.0,37.49,False,completed
ORD002543,CUST01279,2024-09-27,referral,outerwear,US,110.41,0.0,16.56,True,returned
ORD002544,CUST02790,2024-04-11,meta,outerwear,US,158.98,0.0,23.85,True,returned
ORD002545,CUST02004,2024-09-03,meta,tops,CA,70.1,12.25,-1.73,True,returned
ORD002546,CUST00564,2024-05-22,organic,tops,GB,67.97,0.0,67.97,False,completed
ORD002547,CUST00540,2024-11-10,meta,bottoms,US,90.47,14.55,75.92,False,completed
ORD002548,CUST02788,2024-12-21,referral,bottoms,NL,66.34,0.0,66.34,False,completed
ORD002549,CUST00942,2024-12-08,meta,tops,GB,55.24,10.02,45.22,False,completed
ORD002550,CUST03298,2024-10-19,meta,tops,DE,56.62,0.0,56.62,False,completed
ORD002551,CUST00581,2024-09-24,organic,outerwear,US,116.75,0.0,116.75,False,completed
ORD002552,CUST02639,2024-11-23,meta,bottoms,US,93.37,23.03,70.34,False,completed
ORD002553,CUST00629,2024-08-09,meta,tops,GB,53.48,0.0,8.02,True,returned
ORD002554,CUST01402,2024-12-24,google,outerwear,US,155.61,0.0,155.61,False,completed
ORD002555,CUST00392,2024-08-28,meta,tops,GB,39.85,0.0,39.85,False,completed
ORD002556,CUST03470,2024-11-18,google,outerwear,NL,98.66,0.0,14.8,True,returned
ORD002557,CUST00302,2024-12-18,tiktok,tops,US,40.29,0.0,40.29,False,completed
ORD002558,CUST02953,2024-09-23,meta,tops,US,44.17,0.0,6.63,True,returned
ORD002559,CUST03448,2024-03-10,referral,accessories,FR,44.11,0.0,44.11,False,completed
ORD002560,CUST03089,2024-10-09,google,outerwear,GB,144.53,0.0,144.53,False,completed
ORD002561,CUST00423,2024-09-30,meta,bottoms,US,100.77,0.0,100.77,False,completed
ORD002562,CUST03321,2024-12-05,meta,tops,GB,66.32,0.0,66.32,False,completed
ORD002563,CUST00342,2024-05-18,google,outerwear,GB,189.47,0.0,189.47,False,completed
ORD002564,CUST01912,2024-12-08,organic,accessories,CA,40.87,0.0,40.87,False,completed
ORD002565,CUST00454,2024-12-06,meta,footwear,FR,137.86,0.0,20.68,True,returned
ORD002566,CUST03387,2024-08-04,organic,outerwear,CA,111.21,0.0,111.21,False,completed
ORD002567,CUST02463,2024-06-03,meta,bottoms,US,80.36,15.91,64.45,False,completed
ORD002568,CUST03243,2024-11-03,organic,outerwear,US,118.62,0.0,118.62,False,completed
ORD002569,CUST01779,2024-12-15,google,bottoms,AU,97.86,0.0,97.86,False,completed
ORD002570,CUST00784,2024-09-15,email,bottoms,AU,84.74,0.0,84.74,False,completed
ORD002571,CUST01247,2024-11-26,tiktok,accessories,GB,42.53,0.0,6.38,True,returned
ORD002572,CUST01542,2024-10-24,meta,bottoms,FR,69.55,0.0,69.55,False,completed
ORD002573,CUST01260,2024-09-21,tiktok,accessories,US,52.26,0.0,52.26,False,completed
ORD002574,CUST02513,2024-11-09,meta,tops,US,65.02,0.0,9.75,True,returned
ORD002575,CUST00077,2024-09-07,organic,tops,AU,52.95,0.0,52.95,False,completed
ORD002576,CUST00208,2024-12-22,organic,tops,US,37.79,0.0,37.79,False,completed
ORD002577,CUST02464,2024-11-18,meta,bottoms,US,70.43,10.09,0.47,True,returned
ORD002578,CUST00688,2024-12-17,meta,bottoms,US,92.52,14.33,78.19,False,completed
ORD002579,CUST02433,2024-07-21,meta,footwear,US,87.9,16.64,71.26,False,completed
ORD002580,CUST00347,2024-12-27,google,footwear,US,138.45,0.0,138.45,False,completed
ORD002581,CUST00241,2024-09-19,tiktok,outerwear,FR,110.24,0.0,110.24,False,completed
ORD002582,CUST00466,2024-11-26,google,tops,CA,42.56,0.0,42.56,False,completed
ORD002583,CUST00270,2024-04-15,meta,bottoms,GB,97.05,0.0,97.05,False,completed
ORD002584,CUST00053,2024-06-12,google,outerwear,DE,146.08,0.0,21.91,True,returned
ORD002585,CUST02501,2024-09-18,referral,tops,US,47.88,0.0,47.88,False,completed
ORD002586,CUST03019,2024-11-29,organic,bottoms,GB,67.92,0.0,67.92,False,completed
ORD002587,CUST02207,2024-12-12,organic,tops,FR,64.58,0.0,64.58,False,completed
ORD002588,CUST03122,2024-10-08,google,outerwear,CA,161.7,0.0,161.7,False,completed
ORD002589,CUST01972,2024-09-16,email,accessories,US,30.31,0.0,30.31,False,completed
ORD002590,CUST03536,2024-06-14,tiktok,accessories,GB,32.65,4.74,27.91,False,completed
ORD002591,CUST02985,2024-08-07,google,bottoms,AU,52.55,0.0,52.55,False,completed
ORD002592,CUST00587,2024-09-18,tiktok,outerwear,GB,151.17,0.0,151.17,False,completed
ORD002593,CUST01771,2024-08-25,tiktok,accessories,AU,39.38,0.0,39.38,False,completed
ORD002594,CUST01234,2024-06-03,google,bottoms,GB,77.42,0.0,77.42,False,completed
ORD002595,CUST02891,2024-08-03,tiktok,bottoms,GB,86.25,0.0,12.94,True,returned
ORD002596,CUST00722,2024-12-30,meta,tops,AU,50.42,10.38,40.04,False,completed
ORD002597,CUST00251,2024-12-08,meta,bottoms,FR,70.91,0.0,70.91,False,completed
ORD002598,CUST00921,2024-12-24,google,tops,US,70.41,0.0,70.41,False,completed
ORD002599,CUST01640,2024-11-07,google,tops,NL,66.73,0.0,66.73,False,completed
ORD002600,CUST02752,2024-10-23,tiktok,accessories,US,50.15,8.54,41.61,False,completed
ORD002601,CUST02843,2024-04-02,tiktok,bottoms,AU,62.3,0.0,62.3,False,completed
ORD002602,CUST00404,2024-12-29,meta,tops,GB,36.71,5.04,31.67,False,completed
ORD002603,CUST03679,2024-12-29,meta,tops,US,42.51,9.64,-3.26,True,returned
ORD002604,CUST00625,2024-06-15,meta,accessories,GB,54.14,0.0,8.12,True,returned
ORD002605,CUST01534,2024-12-01,google,outerwear,FR,140.03,0.0,21.0,True,returned
ORD002606,CUST00943,2024-12-01,meta,tops,US,68.97,15.4,53.57,False,completed
ORD002607,CUST01338,2024-09-29,email,accessories,NL,41.65,0.0,41.65,False,completed
ORD002608,CUST01461,2024-10-02,referral,bottoms,GB,77.93,0.0,77.93,False,completed
ORD002609,CUST01093,2024-11-14,meta,footwear,US,75.77,0.0,11.37,True,returned
ORD002610,CUST03350,2024-12-22,meta,outerwear,CA,186.85,35.33,151.52,False,completed
ORD002611,CUST00641,2024-11-09,google,accessories,US,51.96,0.0,7.79,True,returned
ORD002612,CUST00953,2024-07-20,organic,accessories,DE,29.0,0.0,29.0,False,completed
ORD002613,CUST02118,2024-09-19,organic,outerwear,GB,177.07,0.0,177.07,False,completed
ORD002614,CUST03002,2024-07-29,google,footwear,US,97.15,0.0,97.15,False,completed
ORD002615,CUST02987,2024-12-14,meta,bottoms,FR,101.97,0.0,101.97,False,completed
ORD002616,CUST02526,2024-10-11,organic,tops,CA,60.91,0.0,60.91,False,completed
ORD002617,CUST01287,2024-08-26,organic,bottoms,GB,58.31,0.0,58.31,False,completed
ORD002618,CUST01771,2024-07-29,tiktok,tops,AU,54.54,0.0,54.54,False,completed
ORD002619,CUST01678,2024-08-27,organic,tops,US,64.22,0.0,64.22,False,completed
ORD002620,CUST01682,2024-02-28,google,accessories,GB,30.08,0.0,30.08,False,completed
ORD002621,CUST02198,2024-12-23,email,bottoms,GB,101.32,0.0,101.32,False,completed
ORD002622,CUST01295,2024-08-16,meta,tops,US,64.05,0.0,64.05,False,completed
ORD002623,CUST01281,2024-07-28,meta,tops,AU,37.97,0.0,37.97,False,completed
ORD002624,CUST02052,2024-08-21,meta,outerwear,GB,136.32,0.0,136.32,False,completed
ORD002625,CUST01254,2024-10-18,referral,outerwear,FR,162.5,0.0,162.5,False,completed
ORD002626,CUST03740,2024-12-16,tiktok,tops,NL,63.56,15.09,-5.56,True,returned
ORD002627,CUST03135,2024-12-01,meta,outerwear,NL,177.56,0.0,177.56,False,completed
ORD002628,CUST01989,2024-12-13,google,bottoms,US,78.04,0.0,11.71,True,returned
ORD002629,CUST02433,2024-08-11,meta,tops,US,64.77,0.0,64.77,False,completed
ORD002630,CUST01581,2024-10-19,meta,outerwear,GB,106.93,0.0,106.93,False,completed
ORD002631,CUST02195,2024-12-16,google,bottoms,US,79.43,0.0,79.43,False,completed
ORD002632,CUST01723,2024-12-30,google,tops,GB,48.62,0.0,7.29,True,returned
ORD002633,CUST02422,2024-12-03,meta,bottoms,GB,72.81,0.0,72.81,False,completed
ORD002634,CUST01558,2024-07-06,meta,tops,NL,37.23,6.45,30.78,False,completed
ORD002635,CUST03376,2024-06-20,organic,outerwear,GB,190.42,0.0,190.42,False,completed
ORD002636,CUST02740,2024-10-06,meta,bottoms,GB,84.88,12.09,72.79,False,completed
ORD002637,CUST01910,2024-09-15,organic,tops,AU,62.08,0.0,62.08,False,completed
ORD002638,CUST02186,2024-09-02,meta,tops,US,50.41,0.0,50.41,False,completed
ORD002639,CUST03114,2024-10-27,email,outerwear,GB,190.91,0.0,190.91,False,completed
ORD002640,CUST02628,2024-12-01,google,bottoms,GB,66.77,0.0,66.77,False,completed
ORD002641,CUST01687,2024-12-09,tiktok,accessories,FR,35.29,0.0,35.29,False,completed
ORD002642,CUST01781,2024-09-26,google,bottoms,US,89.61,0.0,89.61,False,completed
ORD002643,CUST00281,2024-11-21,meta,bottoms,US,77.55,11.88,-0.25,True,returned
ORD002644,CUST00187,2024-08-22,email,outerwear,US,172.38,0.0,172.38,False,completed
ORD002645,CUST00849,2024-08-28,google,tops,DE,63.02,0.0,63.02,False,completed
ORD002646,CUST03753,2024-10-30,meta,outerwear,DE,116.11,12.17,103.94,False,completed
ORD002647,CUST01432,2024-12-07,meta,accessories,GB,37.69,0.0,37.69,False,completed
ORD002648,CUST00984,2024-12-27,google,bottoms,DE,76.79,0.0,76.79,False,completed
ORD002649,CUST00076,2024-10-17,google,tops,US,49.63,0.0,49.63,False,completed
ORD002650,CUST01971,2024-08-26,tiktok,outerwear,US,111.45,20.3,91.15,False,completed
ORD002651,CUST02758,2024-09-12,tiktok,tops,US,39.73,9.66,30.07,False,completed
ORD002652,CUST03351,2024-09-09,google,bottoms,DE,53.24,0.0,7.99,True,returned
ORD002653,CUST01402,2024-11-14,google,outerwear,US,99.01,0.0,99.01,False,completed
ORD002654,CUST02949,2024-06-11,meta,outerwear,US,152.27,34.56,117.71,False,completed
ORD002655,CUST01645,2024-12-14,google,bottoms,FR,79.06,0.0,79.06,False,completed
ORD002656,CUST01270,2024-10-16,tiktok,tops,US,43.72,0.0,6.56,True,returned
ORD002657,CUST01156,2024-06-25,meta,bottoms,AU,92.17,10.32,3.51,True,returned
ORD002658,CUST00916,2024-06-25,meta,tops,DE,47.06,0.0,47.06,False,completed
ORD002659,CUST02015,2024-11-13,email,tops,US,71.7,0.0,71.7,False,completed
ORD002660,CUST02638,2024-09-28,organic,bottoms,CA,66.12,0.0,66.12,False,completed
ORD002661,CUST00626,2024-08-10,meta,outerwear,GB,162.55,0.0,162.55,False,completed
ORD002662,CUST03271,2024-12-08,meta,tops,NL,48.13,7.73,40.4,False,completed
ORD002663,CUST00018,2024-08-27,tiktok,tops,GB,37.34,0.0,37.34,False,completed
ORD002664,CUST00160,2024-10-05,google,bottoms,US,76.34,0.0,76.34,False,completed
ORD002665,CUST00419,2024-09-30,referral,bottoms,GB,86.28,0.0,86.28,False,completed
ORD002666,CUST03018,2024-11-23,tiktok,accessories,GB,30.86,0.0,30.86,False,completed
ORD002667,CUST03163,2024-11-24,meta,accessories,GB,28.34,3.02,1.23,True,returned
ORD002668,CUST02222,2024-11-07,meta,tops,FR,42.47,0.0,42.47,False,completed
ORD002669,CUST02267,2024-08-22,meta,accessories,US,41.61,0.0,41.61,False,completed
ORD002670,CUST01564,2024-07-29,google,bottoms,US,68.97,0.0,68.97,False,completed
ORD002671,CUST02505,2024-10-30,tiktok,accessories,GB,50.69,7.37,43.32,False,completed
ORD002672,CUST00061,2024-03-19,meta,tops,GB,71.17,12.85,58.32,False,completed
ORD002673,CUST03426,2024-12-08,google,tops,GB,38.54,0.0,38.54,False,completed
ORD002674,CUST00962,2024-12-22,tiktok,tops,AU,49.21,11.09,38.12,False,completed
ORD002675,CUST00451,2024-08-26,meta,tops,US,41.49,0.0,41.49,False,completed
ORD002676,CUST03327,2024-11-20,meta,footwear,CA,128.74,23.95,104.79,False,completed
ORD002677,CUST00027,2024-07-02,organic,tops,AU,45.49,0.0,45.49,False,completed
ORD002678,CUST03228,2024-07-19,meta,accessories,DE,43.9,0.0,43.9,False,completed
ORD002679,CUST03337,2024-11-26,email,accessories,GB,45.24,0.0,45.24,False,completed
ORD002680,CUST03470,2024-10-08,google,footwear,NL,120.71,0.0,120.71,False,completed
ORD002681,CUST01245,2024-12-27,meta,bottoms,DE,80.72,19.8,60.92,False,completed
ORD002682,CUST00903,2024-10-31,google,tops,GB,39.36,0.0,39.36,False,completed
ORD002683,CUST02113,2024-11-02,organic,tops,US,66.88,0.0,66.88,False,completed
ORD002684,CUST02595,2024-04-05,meta,bottoms,AU,101.34,20.83,80.51,False,completed
ORD002685,CUST00642,2024-10-20,google,outerwear,US,138.71,0.0,138.71,False,completed
ORD002686,CUST00010,2024-10-21,meta,bottoms,GB,54.0,11.43,42.57,False,completed
ORD002687,CUST03246,2024-07-08,google,accessories,AU,53.28,0.0,53.28,False,completed
ORD002688,CUST01213,2024-12-14,meta,bottoms,DE,63.06,13.96,-4.5,True,returned
ORD002689,CUST01449,2024-12-27,email,footwear,US,91.57,0.0,91.57,False,completed
ORD002690,CUST03132,2024-08-09,organic,bottoms,GB,86.39,0.0,86.39,False,completed
ORD002691,CUST01101,2024-04-15,google,bottoms,CA,65.92,0.0,65.92,False,completed
ORD002692,CUST03514,2024-12-20,organic,tops,GB,58.26,0.0,58.26,False,completed
ORD002693,CUST03773,2024-10-13,google,bottoms,GB,83.42,0.0,83.42,False,completed
ORD002694,CUST02493,2024-11-18,tiktok,outerwear,US,133.75,0.0,133.75,False,completed
ORD002695,CUST00365,2024-05-02,google,accessories,NL,39.33,0.0,39.33,False,completed
ORD002696,CUST00018,2024-10-08,tiktok,tops,GB,42.04,0.0,42.04,False,completed
ORD002697,CUST00958,2024-09-20,organic,outerwear,GB,149.43,0.0,149.43,False,completed
ORD002698,CUST03791,2024-08-21,organic,tops,US,60.68,0.0,9.1,True,returned
ORD002699,CUST00110,2024-12-11,meta,outerwear,AU,157.82,0.0,23.67,True,returned
ORD002700,CUST00679,2024-10-02,google,tops,US,37.35,0.0,37.35,False,completed
ORD002701,CUST00088,2024-08-16,meta,tops,GB,46.46,0.0,46.46,False,completed
ORD002702,CUST01231,2024-10-22,google,bottoms,FR,85.05,0.0,85.05,False,completed
ORD002703,CUST02126,2024-11-04,meta,tops,FR,45.08,8.9,-2.14,True,returned
ORD002704,CUST01661,2024-12-13,google,tops,US,71.58,0.0,71.58,False,completed
ORD002705,CUST01868,2024-11-15,meta,tops,GB,38.59,0.0,38.59,False,completed
ORD002706,CUST03530,2024-07-10,tiktok,outerwear,FR,126.07,0.0,126.07,False,completed
ORD002707,CUST03314,2024-08-20,organic,accessories,AU,54.16,0.0,54.16,False,completed
ORD002708,CUST00423,2024-07-01,meta,footwear,US,77.32,0.0,11.6,True,returned
ORD002709,CUST01734,2024-05-24,meta,footwear,US,92.02,0.0,13.8,True,returned
ORD002710,CUST01098,2024-10-04,meta,tops,GB,70.01,13.22,56.79,False,completed
ORD002711,CUST01834,2024-05-08,meta,tops,GB,44.4,8.2,36.2,False,completed
ORD002712,CUST01668,2024-10-03,google,bottoms,US,60.41,0.0,60.41,False,completed
ORD002713,CUST00447,2024-09-19,tiktok,accessories,US,28.74,3.93,0.38,True,returned
ORD002714,CUST00006,2024-12-10,google,footwear,FR,75.99,0.0,75.99,False,completed
ORD002715,CUST03265,2024-10-17,organic,outerwear,GB,132.93,0.0,132.93,False,completed
ORD002716,CUST01426,2024-06-12,google,outerwear,US,164.89,0.0,164.89,False,completed
ORD002717,CUST02513,2024-10-04,meta,outerwear,US,139.81,0.0,20.97,True,returned
ORD002718,CUST02327,2024-09-21,meta,accessories,US,47.45,0.0,7.12,True,returned
ORD002719,CUST02940,2024-10-10,google,footwear,FR,86.12,0.0,86.12,False,completed
ORD002720,CUST02295,2024-11-16,tiktok,accessories,FR,38.53,0.0,38.53,False,completed
ORD002721,CUST03423,2024-07-13,tiktok,accessories,US,46.45,0.0,46.45,False,completed
ORD002722,CUST00379,2024-08-17,organic,outerwear,FR,191.14,0.0,191.14,False,completed
ORD002723,CUST01121,2024-12-14,meta,tops,DE,40.48,0.0,40.48,False,completed
ORD002724,CUST01600,2024-08-30,organic,footwear,US,102.99,0.0,102.99,False,completed
ORD002725,CUST02291,2024-10-12,meta,tops,US,67.42,0.0,67.42,False,completed
ORD002726,CUST00514,2024-06-24,meta,accessories,CA,31.4,6.43,-1.72,True,returned
ORD002727,CUST02407,2024-09-22,meta,outerwear,US,185.71,26.99,158.72,False,completed
ORD002728,CUST00855,2024-11-25,meta,bottoms,US,82.99,0.0,12.45,True,returned
ORD002729,CUST02715,2024-11-24,organic,bottoms,GB,52.25,0.0,52.25,False,completed
ORD002730,CUST02455,2024-07-20,meta,tops,US,40.76,0.0,40.76,False,completed
ORD002731,CUST02967,2024-09-21,tiktok,footwear,US,100.62,0.0,100.62,False,completed
ORD002732,CUST01484,2024-10-15,meta,tops,CA,66.02,12.75,53.27,False,completed
ORD002733,CUST00712,2024-11-13,tiktok,footwear,DE,72.51,0.0,72.51,False,completed
ORD002734,CUST03262,2024-11-28,google,tops,GB,63.75,0.0,9.56,True,returned
ORD002735,CUST03351,2024-09-23,google,bottoms,DE,73.59,0.0,73.59,False,completed
ORD002736,CUST01883,2024-04-17,meta,outerwear,US,171.63,0.0,171.63,False,completed
ORD002737,CUST02568,2024-12-11,google,tops,US,70.11,0.0,70.11,False,completed
ORD002738,CUST00005,2024-10-09,tiktok,outerwear,US,149.38,0.0,22.41,True,returned
ORD002739,CUST02175,2024-12-26,google,bottoms,CA,102.52,0.0,102.52,False,completed
ORD002740,CUST02558,2024-06-11,organic,accessories,GB,47.22,0.0,47.22,False,completed
ORD002741,CUST02904,2024-11-21,meta,bottoms,DE,62.23,8.68,53.55,False,completed
ORD002742,CUST01075,2024-11-09,organic,tops,US,60.35,0.0,60.35,False,completed
ORD002743,CUST01910,2024-10-28,organic,tops,AU,71.71,0.0,71.71,False,completed
ORD002744,CUST01487,2024-10-12,meta,outerwear,GB,102.74,0.0,15.41,True,returned
ORD002745,CUST03163,2024-11-28,meta,bottoms,GB,97.7,10.97,3.69,True,returned
ORD002746,CUST02979,2024-10-14,tiktok,accessories,NL,31.4,0.0,31.4,False,completed
ORD002747,CUST02570,2024-11-18,google,accessories,US,32.36,0.0,32.36,False,completed
ORD002748,CUST03132,2024-08-02,organic,outerwear,GB,137.89,0.0,137.89,False,completed
ORD002749,CUST02076,2024-08-04,organic,bottoms,DE,84.54,0.0,84.54,False,completed
ORD002750,CUST01696,2024-10-21,meta,bottoms,GB,52.78,9.85,-1.93,True,returned
ORD002751,CUST00278,2024-08-26,google,outerwear,DE,189.84,0.0,28.48,True,returned
ORD002752,CUST03686,2024-11-11,email,tops,US,67.93,0.0,67.93,False,completed
ORD002753,CUST03298,2024-12-10,meta,footwear,DE,84.59,15.86,68.73,False,completed
ORD002754,CUST02479,2024-12-15,tiktok,outerwear,DE,126.8,0.0,126.8,False,completed
ORD002755,CUST01283,2024-03-20,organic,footwear,NL,101.84,0.0,101.84,False,completed
ORD002756,CUST01235,2024-10-12,organic,bottoms,GB,91.53,0.0,91.53,False,completed
ORD002757,CUST03776,2024-12-05,organic,outerwear,NL,169.61,0.0,169.61,False,completed
ORD002758,CUST01782,2024-10-31,organic,tops,NL,70.99,0.0,70.99,False,completed
ORD002759,CUST01267,2024-11-30,email,footwear,CA,87.9,0.0,87.9,False,completed
ORD002760,CUST00100,2024-11-16,meta,outerwear,GB,98.35,0.0,98.35,False,completed
ORD002761,CUST03445,2024-06-06,tiktok,bottoms,US,70.08,0.0,70.08,False,completed
ORD002762,CUST00229,2024-12-22,google,outerwear,US,133.31,0.0,133.31,False,completed
ORD002763,CUST03195,2024-11-17,organic,bottoms,US,100.31,0.0,15.05,True,returned
ORD002764,CUST03778,2024-05-21,meta,outerwear,CA,162.06,0.0,24.31,True,returned
ORD002765,CUST01599,2024-08-13,organic,bottoms,AU,58.04,0.0,58.04,False,completed
ORD002766,CUST02968,2024-06-06,meta,bottoms,US,53.17,7.69,0.29,True,returned
ORD002767,CUST02193,2024-09-04,meta,tops,AU,47.5,0.0,47.5,False,completed
ORD002768,CUST02006,2024-11-09,meta,accessories,NL,48.2,0.0,48.2,False,completed
ORD002769,CUST00802,2024-12-04,meta,accessories,GB,55.35,8.41,46.94,False,completed
ORD002770,CUST02312,2024-08-08,referral,tops,DE,52.25,0.0,52.25,False,completed
ORD002771,CUST00302,2024-09-11,tiktok,bottoms,US,63.26,0.0,63.26,False,completed
ORD002772,CUST00049,2024-08-29,meta,outerwear,DE,136.87,27.09,109.78,False,completed
ORD002773,CUST03535,2024-10-24,meta,tops,US,41.77,9.5,32.27,False,completed
ORD002774,CUST00841,2024-10-02,organic,tops,GB,36.52,0.0,5.48,True,returned
ORD002775,CUST01630,2024-12-03,tiktok,tops,NL,70.12,0.0,70.12,False,completed
ORD002776,CUST00681,2024-12-21,tiktok,tops,US,58.95,0.0,8.84,True,returned
ORD002777,CUST03724,2024-12-16,meta,accessories,AU,50.38,0.0,7.56,True,returned
ORD002778,CUST02934,2024-11-10,organic,bottoms,NL,56.33,0.0,56.33,False,completed
ORD002779,CUST00941,2024-12-03,tiktok,bottoms,GB,70.36,0.0,70.36,False,completed
ORD002780,CUST00612,2024-08-13,meta,tops,US,40.81,4.22,1.9,True,returned
ORD002781,CUST01209,2024-07-05,meta,bottoms,US,65.18,13.52,51.66,False,completed
ORD002782,CUST02008,2024-11-30,organic,outerwear,DE,169.16,0.0,169.16,False,completed
ORD002783,CUST01621,2024-08-27,meta,tops,GB,58.49,6.65,51.84,False,completed
ORD002784,CUST02906,2024-09-06,tiktok,tops,GB,49.08,0.0,7.36,True,returned
ORD002785,CUST02534,2024-08-28,meta,outerwear,US,169.78,39.32,130.46,False,completed
ORD002786,CUST00852,2024-11-10,meta,tops,AU,43.55,0.0,6.53,True,returned
ORD002787,CUST00529,2024-08-19,meta,bottoms,DE,59.98,12.34,47.64,False,completed
ORD002788,CUST00780,2024-11-17,organic,tops,GB,41.12,0.0,41.12,False,completed
ORD002789,CUST01125,2024-12-07,organic,footwear,GB,95.82,0.0,95.82,False,completed
ORD002790,CUST00470,2024-08-08,organic,accessories,DE,31.96,0.0,31.96,False,completed
ORD002791,CUST00124,2024-10-19,tiktok,tops,GB,50.96,11.52,39.44,False,completed
ORD002792,CUST03214,2024-12-08,tiktok,outerwear,US,176.27,0.0,176.27,False,completed
ORD002793,CUST00038,2024-11-30,organic,tops,GB,36.05,0.0,36.05,False,completed
ORD002794,CUST03727,2024-11-03,meta,tops,DE,36.68,6.86,-1.36,True,returned
ORD002795,CUST00018,2024-07-31,tiktok,outerwear,GB,123.59,12.87,110.72,False,completed
ORD002796,CUST01349,2024-12-12,meta,outerwear,GB,143.02,0.0,21.45,True,returned
ORD002797,CUST01692,2024-09-23,meta,bottoms,NL,82.49,8.32,4.05,True,returned
ORD002798,CUST03352,2024-11-13,meta,outerwear,DE,188.58,0.0,188.58,False,completed
ORD002799,CUST02889,2024-09-24,google,tops,GB,61.88,0.0,61.88,False,completed
ORD002800,CUST01352,2024-09-27,google,outerwear,GB,131.76,0.0,131.76,False,completed
ORD002801,CUST02853,2024-05-26,meta,tops,US,64.55,11.33,53.22,False,completed
ORD002802,CUST02246,2024-10-27,google,footwear,US,118.65,0.0,118.65,False,completed
ORD002803,CUST00963,2024-09-11,email,footwear,GB,125.29,0.0,125.29,False,completed
ORD002804,CUST03486,2024-09-25,referral,bottoms,AU,73.04,0.0,73.04,False,completed
ORD002805,CUST03057,2024-08-18,meta,outerwear,GB,100.49,15.02,0.05,True,returned
ORD002806,CUST00652,2024-12-26,google,bottoms,US,78.34,0.0,78.34,False,completed
ORD002807,CUST00744,2024-08-31,meta,bottoms,DE,80.25,10.69,69.56,False,completed
ORD002808,CUST01824,2024-04-19,meta,bottoms,US,52.97,12.96,-5.01,True,returned
ORD002809,CUST03287,2024-12-21,referral,bottoms,AU,93.47,0.0,14.02,True,returned
ORD002810,CUST03110,2024-12-02,meta,bottoms,US,95.51,0.0,95.51,False,completed
ORD002811,CUST03480,2024-12-13,meta,accessories,US,31.67,0.0,31.67,False,completed
ORD002812,CUST01508,2024-12-03,meta,bottoms,DE,87.99,0.0,13.2,True,returned
ORD002813,CUST02443,2024-10-05,google,tops,FR,62.51,0.0,62.51,False,completed
ORD002814,CUST01667,2024-09-29,tiktok,bottoms,US,77.79,0.0,77.79,False,completed
ORD002815,CUST00439,2024-12-10,tiktok,tops,US,52.17,0.0,52.17,False,completed
ORD002816,CUST00076,2024-10-30,google,bottoms,US,69.23,0.0,69.23,False,completed
ORD002817,CUST00585,2024-10-15,meta,accessories,AU,37.1,9.26,27.84,False,completed
ORD002818,CUST00003,2024-12-01,google,outerwear,GB,181.65,0.0,181.65,False,completed
ORD002819,CUST02174,2024-12-12,email,bottoms,US,101.33,0.0,101.33,False,completed
ORD002820,CUST00447,2024-07-30,tiktok,outerwear,US,188.57,0.0,28.29,True,returned
ORD002821,CUST00826,2024-08-05,tiktok,outerwear,NL,153.13,27.12,126.01,False,completed
ORD002822,CUST01116,2024-10-05,meta,bottoms,DE,90.91,0.0,13.64,True,returned
ORD002823,CUST02367,2024-12-25,meta,outerwear,US,165.27,0.0,24.79,True,returned
ORD002824,CUST02031,2024-08-26,meta,bottoms,US,57.5,12.97,-4.34,True,returned
ORD002825,CUST02476,2024-12-08,meta,bottoms,GB,97.96,11.34,86.62,False,completed
ORD002826,CUST03713,2024-05-22,meta,outerwear,GB,185.76,0.0,185.76,False,completed
ORD002827,CUST00903,2024-10-22,google,bottoms,GB,77.26,0.0,77.26,False,completed
ORD002828,CUST02127,2024-11-19,tiktok,bottoms,NL,95.09,0.0,95.09,False,completed
ORD002829,CUST02298,2024-10-11,meta,bottoms,GB,78.65,0.0,11.8,True,returned
ORD002830,CUST01058,2024-06-15,meta,footwear,DE,105.65,24.98,80.67,False,completed
ORD002831,CUST02329,2024-01-29,meta,outerwear,GB,141.15,26.45,114.7,False,completed
ORD002832,CUST02506,2024-12-25,organic,accessories,GB,48.38,0.0,48.38,False,completed
ORD002833,CUST03203,2024-11-10,meta,bottoms,NL,87.57,19.27,68.3,False,completed
ORD002834,CUST01136,2024-09-16,meta,accessories,GB,29.21,0.0,29.21,False,completed
ORD002835,CUST00698,2024-11-16,email,bottoms,GB,72.05,0.0,72.05,False,completed
ORD002836,CUST01407,2024-12-03,email,outerwear,FR,124.58,0.0,124.58,False,completed
ORD002837,CUST01453,2024-12-13,google,tops,DE,50.08,0.0,50.08,False,completed
ORD002838,CUST03005,2024-04-23,tiktok,tops,US,56.87,10.9,45.97,False,completed
ORD002839,CUST01350,2024-12-13,email,outerwear,GB,178.77,0.0,178.77,False,completed
ORD002840,CUST01893,2024-12-06,meta,outerwear,US,171.15,39.07,132.08,False,completed
ORD002841,CUST01846,2024-12-15,meta,accessories,GB,53.81,13.34,40.47,False,completed
ORD002842,CUST02262,2024-09-23,tiktok,bottoms,US,79.36,11.59,67.77,False,completed
ORD002843,CUST00160,2024-10-27,google,accessories,US,47.42,0.0,7.11,True,returned
ORD002844,CUST01814,2024-12-29,meta,outerwear,GB,173.41,0.0,173.41,False,completed
ORD002845,CUST01589,2024-10-19,google,accessories,AU,47.21,0.0,47.21,False,completed
ORD002846,CUST01296,2024-05-15,google,outerwear,GB,96.25,0.0,96.25,False,completed
ORD002847,CUST00893,2024-11-09,referral,outerwear,US,110.27,0.0,110.27,False,completed
ORD002848,CUST02915,2024-10-14,organic,bottoms,US,52.71,0.0,52.71,False,completed
ORD002849,CUST01675,2024-12-15,organic,outerwear,FR,128.65,0.0,128.65,False,completed
ORD002850,CUST01365,2024-11-04,meta,accessories,GB,48.39,0.0,7.26,True,returned
ORD002851,CUST00567,2024-12-20,organic,accessories,GB,50.43,0.0,50.43,False,completed
ORD002852,CUST00650,2024-12-05,email,tops,GB,61.0,0.0,61.0,False,completed
ORD002853,CUST03314,2024-07-19,organic,tops,AU,52.22,0.0,52.22,False,completed
ORD002854,CUST02827,2024-03-24,referral,tops,US,70.87,0.0,70.87,False,completed
ORD002855,CUST01975,2024-10-22,organic,tops,GB,51.26,0.0,51.26,False,completed
ORD002856,CUST03630,2024-03-06,google,outerwear,GB,164.19,0.0,164.19,False,completed
ORD002857,CUST01412,2024-12-01,meta,footwear,AU,75.02,12.13,62.89,False,completed
ORD002858,CUST01927,2024-09-28,meta,tops,US,51.05,0.0,7.66,True,returned
ORD002859,CUST03248,2024-09-02,google,outerwear,DE,172.73,0.0,172.73,False,completed
ORD002860,CUST00456,2024-08-20,google,tops,US,56.29,0.0,56.29,False,completed
ORD002861,CUST02446,2024-10-31,google,footwear,US,82.62,0.0,82.62,False,completed
ORD002862,CUST03096,2024-05-19,referral,accessories,DE,37.1,0.0,37.1,False,completed
ORD002863,CUST01660,2024-02-26,organic,footwear,GB,84.16,0.0,84.16,False,completed
ORD002864,CUST02217,2024-12-19,google,tops,DE,61.56,0.0,9.23,True,returned
ORD002865,CUST01582,2024-06-12,meta,tops,US,56.07,0.0,56.07,False,completed
ORD002866,CUST01052,2024-11-14,meta,bottoms,DE,94.19,11.2,82.99,False,completed
ORD002867,CUST01671,2024-08-10,google,outerwear,NL,137.16,0.0,137.16,False,completed
ORD002868,CUST01996,2024-12-23,referral,outerwear,GB,160.53,0.0,160.53,False,completed
ORD002869,CUST00887,2024-12-02,organic,outerwear,DE,142.86,0.0,142.86,False,completed
ORD002870,CUST00786,2024-09-27,meta,outerwear,AU,101.92,10.64,91.28,False,completed
ORD002871,CUST00729,2024-11-22,meta,outerwear,GB,119.44,0.0,119.44,False,completed
ORD002872,CUST03358,2024-07-13,organic,footwear,GB,102.53,0.0,102.53,False,completed
ORD002873,CUST00072,2024-05-30,tiktok,footwear,GB,85.23,20.65,-7.87,True,returned
ORD002874,CUST02772,2024-05-28,organic,bottoms,US,75.81,0.0,75.81,False,completed
ORD002875,CUST01769,2024-12-05,organic,tops,CA,61.97,0.0,61.97,False,completed
ORD002876,CUST02778,2024-03-21,meta,tops,GB,38.01,5.56,32.45,False,completed
ORD002877,CUST00136,2024-10-25,google,bottoms,GB,76.73,0.0,76.73,False,completed
ORD002878,CUST00470,2024-07-19,organic,tops,DE,38.66,0.0,38.66,False,completed
ORD002879,CUST02810,2024-05-02,meta,accessories,GB,50.9,0.0,50.9,False,completed
ORD002880,CUST03437,2024-11-02,tiktok,outerwear,GB,111.12,0.0,111.12,False,completed
ORD002881,CUST02497,2024-03-07,meta,tops,GB,66.6,0.0,9.99,True,returned
ORD002882,CUST00654,2024-03-25,organic,footwear,GB,75.03,0.0,11.25,True,returned
ORD002883,CUST02291,2024-03-26,meta,accessories,US,42.31,6.01,36.3,False,completed
ORD002884,CUST01860,2024-07-08,tiktok,bottoms,GB,84.26,0.0,84.26,False,completed
ORD002885,CUST02194,2024-07-22,email,accessories,US,52.94,0.0,52.94,False,completed
ORD002886,CUST00255,2024-12-16,google,tops,GB,41.72,0.0,41.72,False,completed
ORD002887,CUST03403,2024-12-05,google,outerwear,GB,98.48,0.0,14.77,True,returned
ORD002888,CUST00686,2024-12-20,tiktok,footwear,US,111.85,22.99,88.86,False,completed
ORD002889,CUST01498,2024-12-12,meta,outerwear,FR,109.19,0.0,109.19,False,completed
ORD002890,CUST00054,2024-12-17,google,outerwear,GB,174.57,0.0,174.57,False,completed
ORD002891,CUST02650,2024-10-17,organic,accessories,US,54.62,0.0,54.62,False,completed
ORD002892,CUST02846,2024-12-01,meta,tops,US,65.4,8.67,56.73,False,completed
ORD002893,CUST02254,2024-12-03,email,outerwear,DE,141.05,0.0,141.05,False,completed
ORD002894,CUST02197,2024-04-18,organic,tops,US,36.13,0.0,36.13,False,completed
ORD002895,CUST02483,2024-11-19,meta,bottoms,DE,76.88,0.0,76.88,False,completed
ORD002896,CUST01778,2024-04-27,meta,tops,GB,58.13,0.0,58.13,False,completed
ORD002897,CUST03774,2024-05-09,meta,bottoms,FR,60.06,0.0,60.06,False,completed
ORD002898,CUST00559,2024-12-25,meta,accessories,GB,32.11,0.0,32.11,False,completed
ORD002899,CUST02898,2024-10-24,organic,accessories,US,35.2,0.0,35.2,False,completed
ORD002900,CUST00006,2024-08-28,google,tops,FR,53.74,0.0,53.74,False,completed
ORD002901,CUST01738,2024-02-03,tiktok,bottoms,GB,89.89,0.0,89.89,False,completed
ORD002902,CUST03256,2024-07-24,organic,tops,NL,66.22,0.0,66.22,False,completed
ORD002903,CUST01549,2024-06-11,google,footwear,FR,141.8,0.0,141.8,False,completed
ORD002904,CUST01507,2024-10-29,organic,tops,DE,52.78,0.0,52.78,False,completed
ORD002905,CUST03677,2024-07-05,tiktok,accessories,US,49.31,10.0,39.31,False,completed
ORD002906,CUST00976,2024-10-31,meta,outerwear,US,121.93,0.0,121.93,False,completed
ORD002907,CUST00348,2024-12-21,meta,outerwear,US,189.8,19.54,170.26,False,completed
ORD002908,CUST01803,2024-03-09,tiktok,footwear,FR,80.53,0.0,12.08,True,returned
ORD002909,CUST02966,2024-10-08,organic,bottoms,US,97.36,0.0,97.36,False,completed
ORD002910,CUST00699,2024-10-30,organic,bottoms,GB,85.74,0.0,85.74,False,completed
ORD002911,CUST00225,2024-09-25,google,accessories,US,29.63,0.0,29.63,False,completed
ORD002912,CUST01740,2024-09-13,meta,outerwear,GB,166.27,0.0,166.27,False,completed
ORD002913,CUST00622,2024-09-12,meta,footwear,US,101.68,11.2,90.48,False,completed
ORD002914,CUST00144,2024-12-17,google,footwear,NL,75.69,0.0,75.69,False,completed
ORD002915,CUST03340,2024-05-08,google,bottoms,GB,90.32,0.0,13.55,True,returned
ORD002916,CUST00724,2024-06-19,meta,bottoms,GB,59.73,0.0,59.73,False,completed
ORD002917,CUST00670,2024-12-22,meta,accessories,GB,45.55,0.0,45.55,False,completed
ORD002918,CUST00135,2024-10-08,meta,tops,US,60.28,0.0,60.28,False,completed
ORD002919,CUST01493,2024-12-29,tiktok,accessories,US,41.25,0.0,41.25,False,completed
ORD002920,CUST02679,2024-11-19,meta,accessories,GB,37.35,0.0,5.6,True,returned
ORD002921,CUST01317,2024-11-22,tiktok,accessories,GB,55.66,11.91,43.75,False,completed
ORD002922,CUST01420,2024-02-29,meta,bottoms,GB,87.27,0.0,87.27,False,completed
ORD002923,CUST02741,2024-12-14,tiktok,tops,GB,46.13,10.0,36.13,False,completed
ORD002924,CUST00866,2024-08-02,google,tops,GB,69.88,0.0,69.88,False,completed
ORD002925,CUST03485,2024-08-16,meta,tops,US,68.33,0.0,10.25,True,returned
ORD002926,CUST03199,2024-11-20,meta,accessories,GB,52.32,0.0,52.32,False,completed
ORD002927,CUST01620,2024-11-23,meta,outerwear,US,171.2,20.08,151.12,False,completed
ORD002928,CUST02770,2024-06-28,google,accessories,US,28.13,0.0,28.13,False,completed
ORD002929,CUST01407,2024-12-24,email,accessories,FR,50.63,0.0,50.63,False,completed
ORD002930,CUST02453,2024-10-01,meta,accessories,AU,42.59,7.51,35.08,False,completed
ORD002931,CUST01127,2024-07-07,google,outerwear,FR,99.35,0.0,14.9,True,returned
ORD002932,CUST03357,2024-10-18,organic,bottoms,DE,60.89,0.0,60.89,False,completed
ORD002933,CUST02761,2024-09-20,organic,bottoms,CA,65.81,0.0,9.87,True,returned
ORD002934,CUST02529,2024-12-02,meta,outerwear,US,116.07,0.0,17.41,True,returned
ORD002935,CUST01300,2024-07-05,meta,footwear,US,125.04,0.0,18.76,True,returned
ORD002936,CUST00371,2024-11-24,meta,footwear,AU,137.6,0.0,137.6,False,completed
ORD002937,CUST03530,2024-05-12,tiktok,footwear,FR,90.02,0.0,90.02,False,completed
ORD002938,CUST02498,2024-08-28,meta,outerwear,GB,165.78,0.0,165.78,False,completed
ORD002939,CUST00313,2024-10-30,meta,bottoms,GB,82.0,0.0,12.3,True,returned
ORD002940,CUST00215,2024-12-23,organic,outerwear,GB,165.43,0.0,165.43,False,completed
ORD002941,CUST01127,2024-12-18,google,footwear,FR,110.29,0.0,110.29,False,completed
ORD002942,CUST00164,2024-09-26,organic,tops,US,66.9,0.0,66.9,False,completed
ORD002943,CUST01418,2024-10-21,organic,footwear,GB,107.66,0.0,107.66,False,completed
ORD002944,CUST00036,2024-10-02,organic,accessories,US,36.3,0.0,36.3,False,completed
ORD002945,CUST03370,2024-09-23,meta,bottoms,GB,97.99,0.0,97.99,False,completed
ORD002946,CUST03541,2024-05-13,meta,outerwear,US,109.53,0.0,16.43,True,returned
ORD002947,CUST01155,2024-11-27,meta,footwear,DE,90.39,13.17,77.22,False,completed
ORD002948,CUST00021,2024-07-21,organic,tops,FR,44.92,0.0,44.92,False,completed
ORD002949,CUST00425,2024-12-08,meta,outerwear,GB,184.21,0.0,184.21,False,completed
ORD002950,CUST03603,2024-09-25,organic,tops,GB,51.47,0.0,51.47,False,completed
ORD002951,CUST02045,2024-08-08,organic,bottoms,FR,94.05,0.0,94.05,False,completed
ORD002952,CUST00591,2024-09-04,google,accessories,DE,33.07,0.0,33.07,False,completed
ORD002953,CUST03437,2024-12-06,tiktok,outerwear,GB,144.33,0.0,144.33,False,completed
ORD002954,CUST02220,2024-12-26,meta,footwear,DE,95.81,0.0,14.37,True,returned
ORD002955,CUST03619,2024-10-12,meta,accessories,DE,55.06,13.09,-4.83,True,returned
ORD002956,CUST03794,2024-10-13,meta,outerwear,AU,151.8,37.83,113.97,False,completed
ORD002957,CUST03756,2024-08-18,google,outerwear,GB,188.41,0.0,188.41,False,completed
ORD002958,CUST02849,2024-11-30,organic,bottoms,US,103.53,0.0,103.53,False,completed
ORD002959,CUST02382,2024-09-06,google,tops,GB,68.25,0.0,68.25,False,completed
ORD002960,CUST00112,2024-10-07,meta,tops,GB,46.04,6.64,39.4,False,completed
ORD002961,CUST02475,2024-07-27,google,bottoms,AU,92.99,0.0,92.99,False,completed
ORD002962,CUST00487,2024-04-11,meta,footwear,GB,101.49,12.16,89.33,False,completed
ORD002963,CUST03775,2024-04-18,organic,accessories,GB,29.74,0.0,29.74,False,completed
ORD002964,CUST01907,2024-11-11,meta,outerwear,US,128.19,18.9,0.33,True,returned
ORD002965,CUST00951,2024-02-24,organic,bottoms,US,58.83,0.0,58.83,False,completed
ORD002966,CUST02604,2024-06-12,meta,tops,GB,37.9,0.0,37.9,False,completed
ORD002967,CUST00722,2024-12-30,meta,outerwear,AU,183.21,36.15,-8.67,True,returned
ORD002968,CUST01165,2024-08-22,referral,bottoms,DE,97.47,0.0,97.47,False,completed
ORD002969,CUST03530,2024-05-09,tiktok,accessories,FR,30.94,6.34,24.6,False,completed
ORD002970,CUST02014,2024-08-02,meta,accessories,GB,43.61,0.0,43.61,False,completed
ORD002971,CUST00195,2024-08-01,meta,bottoms,US,68.59,15.73,52.86,False,completed
ORD002972,CUST01358,2024-09-29,meta,bottoms,US,64.05,0.0,64.05,False,completed
ORD002973,CUST01215,2024-09-14,meta,bottoms,FR,53.49,0.0,53.49,False,completed
ORD002974,CUST02140,2024-08-15,referral,bottoms,US,55.95,0.0,55.95,False,completed
ORD002975,CUST02715,2024-12-05,organic,bottoms,GB,54.16,0.0,54.16,False,completed
ORD002976,CUST03417,2024-11-04,google,tops,CA,57.22,0.0,57.22,False,completed
ORD002977,CUST02155,2024-09-28,tiktok,tops,US,54.05,0.0,8.11,True,returned
ORD002978,CUST02182,2024-09-14,organic,bottoms,US,53.87,0.0,53.87,False,completed
ORD002979,CUST00994,2024-03-11,meta,outerwear,US,176.61,0.0,26.49,True,returned
ORD002980,CUST02276,2024-11-30,organic,tops,US,62.41,0.0,62.41,False,completed
ORD002981,CUST00859,2024-12-01,email,tops,US,36.6,0.0,36.6,False,completed
ORD002982,CUST01564,2024-12-04,google,bottoms,US,67.23,0.0,67.23,False,completed
ORD002983,CUST03575,2024-10-23,meta,bottoms,GB,72.24,0.0,72.24,False,completed
ORD002984,CUST02718,2024-10-04,organic,tops,AU,41.18,0.0,41.18,False,completed
ORD002985,CUST01552,2024-05-15,organic,outerwear,FR,110.36,0.0,110.36,False,completed
ORD002986,CUST03739,2024-11-08,meta,bottoms,US,63.78,0.0,9.57,True,returned
ORD002987,CUST03045,2024-03-15,email,bottoms,GB,86.62,0.0,86.62,False,completed
ORD002988,CUST00909,2024-11-10,organic,outerwear,DE,129.31,0.0,129.31,False,completed
ORD002989,CUST03100,2024-10-18,google,bottoms,DE,69.79,0.0,69.79,False,completed
ORD002990,CUST00791,2024-10-26,meta,tops,US,64.95,0.0,64.95,False,completed
ORD002991,CUST02924,2024-04-25,tiktok,tops,US,47.9,8.99,38.91,False,completed
ORD002992,CUST00895,2024-07-11,meta,footwear,US,127.87,0.0,19.18,True,returned
ORD002993,CUST03379,2024-07-14,tiktok,tops,GB,48.4,11.46,36.94,False,completed
ORD002994,CUST01279,2024-07-21,referral,accessories,US,29.17,0.0,29.17,False,completed
ORD002995,CUST00625,2024-06-30,meta,bottoms,GB,67.1,0.0,67.1,False,completed
ORD002996,CUST03235,2024-12-08,meta,outerwear,GB,190.19,0.0,190.19,False,completed
ORD002997,CUST01877,2024-05-12,tiktok,tops,CA,39.74,0.0,39.74,False,completed
ORD002998,CUST03498,2024-02-15,meta,bottoms,GB,82.36,0.0,82.36,False,completed
ORD002999,CUST01638,2024-12-06,tiktok,tops,US,50.08,0.0,50.08,False,completed
ORD003000,CUST01557,2024-12-27,meta,tops,AU,70.7,0.0,10.61,True,returned
ORD003001,CUST03678,2024-04-28,meta,outerwear,NL,137.4,28.41,108.99,False,completed
ORD003002,CUST02555,2024-12-09,meta,tops,CA,60.83,0.0,9.12,True,returned
ORD003003,CUST01443,2024-12-08,tiktok,bottoms,GB,87.85,0.0,13.18,True,returned
ORD003004,CUST01734,2024-07-05,meta,tops,US,58.14,0.0,58.14,False,completed
ORD003005,CUST02429,2024-12-11,tiktok,accessories,US,54.85,8.88,45.97,False,completed
ORD003006,CUST02606,2024-09-16,organic,outerwear,GB,115.81,0.0,17.37,True,returned
ORD003007,CUST02943,2024-02-25,tiktok,tops,FR,70.39,8.28,62.11,False,completed
ORD003008,CUST02955,2024-11-23,meta,bottoms,GB,97.09,0.0,97.09,False,completed
ORD003009,CUST01015,2024-12-05,meta,bottoms,US,84.48,0.0,84.48,False,completed
ORD003010,CUST03175,2024-07-20,organic,tops,GB,60.25,0.0,60.25,False,completed
ORD003011,CUST01500,2024-11-06,email,tops,NL,46.09,0.0,46.09,False,completed
ORD003012,CUST01336,2024-12-19,meta,bottoms,DE,58.72,0.0,58.72,False,completed
ORD003013,CUST02096,2024-09-25,meta,tops,GB,47.48,0.0,47.48,False,completed
ORD003014,CUST02704,2024-12-18,meta,bottoms,GB,88.24,0.0,88.24,False,completed
ORD003015,CUST01448,2024-11-03,tiktok,bottoms,GB,69.85,0.0,69.85,False,completed
ORD003016,CUST00105,2024-10-24,google,bottoms,DE,85.72,0.0,85.72,False,completed
ORD003017,CUST01585,2024-09-17,meta,outerwear,FR,156.63,24.23,132.4,False,completed
ORD003018,CUST03646,2024-12-27,meta,tops,GB,38.68,4.8,1.0,True,returned
ORD003019,CUST01282,2024-06-15,referral,outerwear,GB,159.63,0.0,159.63,False,completed
ORD003020,CUST03314,2024-06-26,organic,footwear,AU,136.38,0.0,136.38,False,completed
ORD003021,CUST02643,2024-12-30,email,tops,CA,63.34,0.0,63.34,False,completed
ORD003022,CUST01284,2024-08-21,google,accessories,US,45.09,0.0,45.09,False,completed
ORD003023,CUST00380,2024-06-27,organic,accessories,FR,38.48,0.0,38.48,False,completed
ORD003024,CUST01212,2024-10-01,meta,tops,US,64.94,0.0,9.74,True,returned
ORD003025,CUST00556,2024-08-25,google,outerwear,GB,169.44,0.0,169.44,False,completed
ORD003026,CUST01898,2024-05-08,organic,tops,DE,62.3,0.0,62.3,False,completed
ORD003027,CUST01230,2024-06-20,organic,tops,US,62.24,0.0,62.24,False,completed
ORD003028,CUST00992,2024-11-29,google,outerwear,NL,104.79,0.0,104.79,False,completed
ORD003029,CUST01166,2024-08-20,tiktok,tops,GB,61.28,0.0,61.28,False,completed
ORD003030,CUST01788,2024-12-10,google,tops,GB,66.08,0.0,66.08,False,completed
ORD003031,CUST02359,2024-07-28,meta,tops,GB,64.7,0.0,9.71,True,returned
ORD003032,CUST00159,2024-12-10,referral,outerwear,FR,159.36,0.0,159.36,False,completed
ORD003033,CUST02342,2024-10-31,google,outerwear,US,101.87,0.0,15.28,True,returned
ORD003034,CUST03790,2024-12-19,tiktok,outerwear,US,120.28,0.0,18.04,True,returned
ORD003035,CUST00970,2024-12-03,google,bottoms,GB,73.15,0.0,10.97,True,returned
ORD003036,CUST03687,2024-11-11,google,tops,DE,70.8,0.0,10.62,True,returned
ORD003037,CUST03277,2024-11-12,tiktok,outerwear,US,166.07,0.0,166.07,False,completed
ORD003038,CUST02909,2024-07-12,meta,bottoms,AU,62.51,0.0,62.51,False,completed
ORD003039,CUST01772,2024-07-28,tiktok,accessories,AU,39.97,5.43,34.54,False,completed
ORD003040,CUST03357,2024-07-28,organic,tops,DE,40.19,0.0,6.03,True,returned
ORD003041,CUST00678,2024-11-01,organic,tops,US,61.05,0.0,61.05,False,completed
ORD003042,CUST00343,2024-11-18,meta,tops,DE,46.44,0.0,46.44,False,completed
ORD003043,CUST00667,2024-12-24,google,bottoms,DE,83.32,0.0,83.32,False,completed
ORD003044,CUST02641,2024-11-26,organic,outerwear,DE,151.53,0.0,151.53,False,completed
ORD003045,CUST01238,2024-11-13,referral,bottoms,US,61.79,0.0,61.79,False,completed
ORD003046,CUST00442,2024-11-07,organic,outerwear,FR,152.65,0.0,152.65,False,completed
ORD003047,CUST00288,2024-10-13,organic,tops,US,47.55,0.0,47.55,False,completed
ORD003048,CUST02979,2024-08-01,tiktok,tops,NL,70.53,16.18,54.35,False,completed
ORD003049,CUST01634,2024-11-18,meta,tops,US,46.81,0.0,46.81,False,completed
ORD003050,CUST00284,2024-07-30,meta,tops,GB,66.9,0.0,10.04,True,returned
ORD003051,CUST02307,2024-04-15,organic,outerwear,DE,181.23,0.0,181.23,False,completed
ORD003052,CUST01963,2024-10-01,google,tops,GB,65.27,0.0,9.79,True,returned
ORD003053,CUST00980,2024-12-28,google,tops,US,41.72,0.0,41.72,False,completed
ORD003054,CUST01020,2024-08-01,google,footwear,GB,90.97,0.0,90.97,False,completed
ORD003055,CUST00114,2024-11-30,google,tops,US,68.2,0.0,68.2,False,completed
ORD003056,CUST01601,2024-11-02,tiktok,tops,AU,61.76,0.0,61.76,False,completed
ORD003057,CUST00629,2024-09-03,meta,outerwear,GB,158.69,24.85,-1.05,True,returned
ORD003058,CUST03058,2024-06-07,organic,tops,GB,36.94,0.0,36.94,False,completed
ORD003059,CUST02038,2024-10-04,organic,bottoms,US,56.0,0.0,56.0,False,completed
ORD003060,CUST03493,2024-12-21,meta,outerwear,GB,169.84,0.0,169.84,False,completed
ORD003061,CUST03093,2024-11-12,meta,footwear,DE,141.92,0.0,141.92,False,completed
ORD003062,CUST02349,2024-12-15,organic,accessories,CA,33.76,0.0,33.76,False,completed
ORD003063,CUST03563,2024-07-02,referral,tops,DE,48.43,0.0,48.43,False,completed
ORD003064,CUST01650,2024-10-24,meta,bottoms,GB,83.44,17.93,65.51,False,completed
ORD003065,CUST00894,2024-11-21,organic,tops,US,53.75,0.0,53.75,False,completed
ORD003066,CUST01304,2024-11-14,tiktok,accessories,DE,49.88,0.0,49.88,False,completed
ORD003067,CUST00270,2024-04-21,meta,outerwear,GB,149.71,21.67,0.79,True,returned
ORD003068,CUST03459,2024-09-26,tiktok,accessories,DE,39.37,0.0,39.37,False,completed
ORD003069,CUST01201,2024-05-01,meta,accessories,US,43.17,9.98,33.19,False,completed
ORD003070,CUST00701,2024-11-28,google,bottoms,GB,83.19,0.0,12.48,True,returned
ORD003071,CUST02367,2024-12-16,meta,tops,US,54.89,0.0,54.89,False,completed
ORD003072,CUST03435,2024-11-20,meta,tops,US,49.46,0.0,49.46,False,completed
ORD003073,CUST01459,2024-10-14,meta,footwear,CA,80.11,14.93,65.18,False,completed
ORD003074,CUST01724,2024-12-07,google,tops,US,43.73,0.0,43.73,False,completed
ORD003075,CUST03531,2024-10-15,meta,accessories,US,34.59,0.0,34.59,False,completed
ORD003076,CUST00845,2024-08-21,meta,outerwear,US,114.76,0.0,114.76,False,completed
ORD003077,CUST00789,2024-03-05,referral,footwear,GB,110.3,0.0,16.55,True,returned
ORD003078,CUST02847,2024-04-28,tiktok,bottoms,AU,74.83,17.57,57.26,False,completed
ORD003079,CUST01121,2024-12-03,meta,bottoms,DE,76.94,10.36,66.58,False,completed
ORD003080,CUST03141,2024-08-19,google,tops,GB,50.41,0.0,7.56,True,returned
ORD003081,CUST01364,2024-08-31,google,accessories,DE,44.1,0.0,44.1,False,completed
ORD003082,CUST00153,2024-08-30,email,tops,US,54.48,0.0,8.17,True,returned
ORD003083,CUST00424,2024-10-11,google,outerwear,US,121.86,0.0,121.86,False,completed
ORD003084,CUST01515,2024-08-01,tiktok,tops,GB,40.06,6.28,33.78,False,completed
ORD003085,CUST00281,2024-05-16,meta,bottoms,US,71.82,7.52,3.25,True,returned
ORD003086,CUST00813,2024-12-27,meta,bottoms,GB,56.64,12.02,44.62,False,completed
ORD003087,CUST03206,2024-09-05,google,bottoms,GB,88.88,0.0,88.88,False,completed
ORD003088,CUST01437,2024-12-24,meta,tops,GB,62.69,11.03,51.66,False,completed
ORD003089,CUST01047,2024-12-27,organic,accessories,US,49.81,0.0,49.81,False,completed
ORD003090,CUST00949,2024-10-20,tiktok,bottoms,US,103.41,23.95,79.46,False,completed
ORD003091,CUST02772,2024-09-01,organic,outerwear,US,126.22,0.0,126.22,False,completed
ORD003092,CUST03472,2024-11-03,meta,bottoms,GB,73.33,18.25,55.08,False,completed
ORD003093,CUST03487,2024-10-22,meta,tops,FR,70.39,12.28,58.11,False,completed
ORD003094,CUST00614,2024-04-28,organic,footwear,GB,99.1,0.0,99.1,False,completed
ORD003095,CUST03716,2024-11-20,meta,outerwear,GB,162.28,0.0,162.28,False,completed
ORD003096,CUST03138,2024-11-18,tiktok,outerwear,CA,173.08,0.0,173.08,False,completed
ORD003097,CUST02192,2024-07-29,tiktok,outerwear,GB,179.98,36.33,143.65,False,completed
ORD003098,CUST01848,2024-08-22,tiktok,footwear,GB,114.15,0.0,114.15,False,completed
ORD003099,CUST02477,2024-09-24,referral,tops,DE,60.59,0.0,60.59,False,completed
ORD003100,CUST00136,2024-11-11,google,tops,GB,42.8,0.0,42.8,False,completed
ORD003101,CUST03239,2024-11-30,meta,accessories,US,49.1,10.92,38.18,False,completed
ORD003102,CUST02574,2024-07-19,organic,outerwear,GB,114.13,0.0,114.13,False,completed
ORD003103,CUST01941,2024-12-03,tiktok,tops,GB,60.88,0.0,9.13,True,returned
ORD003104,CUST02337,2024-09-19,organic,outerwear,DE,151.33,0.0,151.33,False,completed
ORD003105,CUST00509,2024-08-30,meta,accessories,GB,44.63,9.48,35.15,False,completed
ORD003106,CUST01753,2024-11-02,organic,bottoms,US,59.19,0.0,8.88,True,returned
ORD003107,CUST03039,2024-11-22,google,outerwear,GB,176.89,0.0,176.89,False,completed
ORD003108,CUST01449,2024-11-25,email,tops,US,48.34,0.0,48.34,False,completed
ORD003109,CUST00050,2024-08-18,meta,bottoms,NL,100.37,0.0,100.37,False,completed
ORD003110,CUST02943,2024-03-03,tiktok,outerwear,FR,138.9,0.0,138.9,False,completed
ORD003111,CUST02713,2024-08-15,google,outerwear,GB,126.62,0.0,126.62,False,completed
ORD003112,CUST01283,2024-09-26,organic,tops,NL,50.73,0.0,50.73,False,completed
ORD003113,CUST00934,2024-07-27,organic,bottoms,GB,99.29,0.0,99.29,False,completed
ORD003114,CUST01993,2024-11-08,referral,outerwear,US,161.62,0.0,24.24,True,returned
ORD003115,CUST00371,2024-08-20,meta,tops,AU,56.02,11.59,44.43,False,completed
ORD003116,CUST01163,2024-11-23,organic,outerwear,US,139.05,0.0,139.05,False,completed
ORD003117,CUST03022,2024-07-31,meta,tops,US,45.74,0.0,45.74,False,completed
ORD003118,CUST02320,2024-06-15,tiktok,outerwear,US,104.63,20.28,84.35,False,completed
ORD003119,CUST03650,2024-10-04,tiktok,accessories,AU,50.41,6.17,44.24,False,completed
ORD003120,CUST03634,2024-11-27,google,tops,GB,43.68,0.0,43.68,False,completed
ORD003121,CUST02191,2024-10-30,meta,outerwear,GB,178.51,0.0,178.51,False,completed
ORD003122,CUST02273,2024-04-14,tiktok,outerwear,AU,100.63,0.0,15.09,True,returned
ORD003123,CUST01550,2024-05-10,organic,outerwear,US,187.26,0.0,187.26,False,completed
ORD003124,CUST03392,2024-09-13,google,bottoms,US,81.14,0.0,81.14,False,completed
ORD003125,CUST02986,2024-11-15,tiktok,accessories,US,52.23,0.0,52.23,False,completed
ORD003126,CUST02766,2024-09-26,meta,accessories,DE,35.77,0.0,35.77,False,completed
ORD003127,CUST01998,2024-12-26,organic,tops,GB,71.6,0.0,71.6,False,completed
ORD003128,CUST01232,2024-12-30,meta,bottoms,CA,65.24,7.53,57.71,False,completed
ORD003129,CUST02387,2024-09-26,referral,tops,US,63.3,0.0,63.3,False,completed
ORD003130,CUST03278,2024-11-29,meta,tops,GB,63.63,0.0,63.63,False,completed
ORD003131,CUST02997,2024-11-27,meta,footwear,AU,85.3,0.0,85.3,False,completed
ORD003132,CUST01978,2024-09-02,google,outerwear,US,176.52,0.0,176.52,False,completed
ORD003133,CUST01878,2024-09-25,tiktok,tops,DE,56.17,0.0,56.17,False,completed
ORD003134,CUST01396,2024-08-11,meta,tops,FR,69.53,0.0,10.43,True,returned
ORD003135,CUST02979,2024-12-14,tiktok,accessories,NL,43.42,7.49,-0.98,True,returned
ORD003136,CUST02399,2024-10-03,google,outerwear,AU,159.92,0.0,159.92,False,completed
ORD003137,CUST00080,2024-10-14,organic,bottoms,GB,70.75,0.0,70.75,False,completed
ORD003138,CUST00833,2024-08-31,google,accessories,US,46.1,0.0,46.1,False,completed
ORD003139,CUST00259,2024-12-06,organic,bottoms,US,91.41,0.0,91.41,False,completed
ORD003140,CUST00548,2024-10-30,meta,accessories,GB,28.03,0.0,4.2,True,returned
ORD003141,CUST03052,2024-11-17,meta,tops,US,63.25,0.0,63.25,False,completed
ORD003142,CUST01831,2024-09-04,organic,accessories,NL,41.65,0.0,41.65,False,completed
ORD003143,CUST02162,2024-11-19,google,accessories,GB,39.67,0.0,39.67,False,completed
ORD003144,CUST03129,2024-11-12,meta,accessories,FR,54.3,11.95,-3.8,True,returned
ORD003145,CUST03255,2024-11-01,meta,outerwear,GB,181.37,25.52,155.85,False,completed
ORD003146,CUST00634,2024-10-09,tiktok,bottoms,US,67.83,13.74,54.09,False,completed
ORD003147,CUST02522,2024-06-23,meta,bottoms,GB,96.33,0.0,96.33,False,completed
ORD003148,CUST01102,2024-07-17,meta,bottoms,US,74.97,15.11,59.86,False,completed
ORD003149,CUST00368,2024-12-14,tiktok,tops,US,39.71,6.81,32.9,False,completed
ORD003150,CUST01434,2024-10-20,organic,accessories,US,50.58,0.0,50.58,False,completed
ORD003151,CUST01368,2024-12-22,organic,tops,US,41.37,0.0,41.37,False,completed
ORD003152,CUST00736,2024-11-14,tiktok,outerwear,GB,189.76,40.13,-11.67,True,returned
ORD003153,CUST02717,2024-09-26,email,bottoms,US,101.56,0.0,101.56,False,completed
ORD003154,CUST01816,2024-11-24,meta,tops,GB,58.02,14.44,43.58,False,completed
ORD003155,CUST03087,2024-06-25,google,accessories,US,29.1,0.0,29.1,False,completed
ORD003156,CUST01373,2024-05-25,tiktok,bottoms,GB,69.83,11.17,58.66,False,completed
ORD003157,CUST01961,2024-09-09,meta,tops,FR,48.33,0.0,48.33,False,completed
ORD003158,CUST02593,2024-10-05,tiktok,outerwear,US,98.37,22.21,76.16,False,completed
ORD003159,CUST00860,2024-08-25,organic,outerwear,GB,169.64,0.0,169.64,False,completed
ORD003160,CUST00856,2024-09-01,tiktok,tops,NL,51.64,6.32,1.43,True,returned
ORD003161,CUST01454,2024-12-20,organic,bottoms,AU,92.21,0.0,92.21,False,completed
ORD003162,CUST00946,2024-11-04,meta,tops,GB,64.31,12.93,51.38,False,completed
ORD003163,CUST00763,2024-07-07,meta,accessories,US,33.82,0.0,5.07,True,returned
ORD003164,CUST02939,2024-07-15,meta,accessories,GB,48.53,8.81,39.72,False,completed
ORD003165,CUST02393,2024-08-27,meta,tops,US,43.47,9.19,34.28,False,completed
ORD003166,CUST00046,2024-08-22,meta,tops,US,44.4,0.0,44.4,False,completed
ORD003167,CUST02590,2024-12-02,tiktok,bottoms,GB,94.16,15.05,-0.93,True,returned
ORD003168,CUST03138,2024-09-09,tiktok,tops,CA,59.24,0.0,59.24,False,completed
ORD003169,CUST00052,2024-05-20,meta,bottoms,US,74.87,0.0,74.87,False,completed
ORD003170,CUST02629,2024-11-03,meta,accessories,US,47.24,0.0,7.09,True,returned
ORD003171,CUST02341,2024-12-03,organic,bottoms,DE,52.86,0.0,52.86,False,completed
ORD003172,CUST02572,2024-11-05,email,tops,US,66.39,0.0,66.39,False,completed
ORD003173,CUST01239,2024-10-21,google,tops,US,53.62,0.0,53.62,False,completed
ORD003174,CUST03243,2024-09-16,organic,bottoms,US,86.77,0.0,86.77,False,completed
ORD003175,CUST00124,2024-07-01,tiktok,tops,GB,41.24,10.12,31.12,False,completed
ORD003176,CUST02468,2024-08-07,organic,bottoms,DE,70.86,0.0,70.86,False,completed
ORD003177,CUST02973,2024-06-28,email,bottoms,DE,80.92,0.0,80.92,False,completed
ORD003178,CUST02344,2024-07-28,email,tops,AU,52.45,0.0,52.45,False,completed
ORD003179,CUST01920,2024-11-23,meta,outerwear,GB,178.8,27.86,150.94,False,completed
ORD003180,CUST00975,2024-08-13,tiktok,tops,GB,54.35,0.0,54.35,False,completed
ORD003181,CUST01723,2024-12-06,google,accessories,GB,49.82,0.0,49.82,False,completed
ORD003182,CUST02980,2024-05-01,organic,tops,AU,36.42,0.0,36.42,False,completed
ORD003183,CUST03592,2024-12-01,referral,outerwear,FR,134.86,0.0,134.86,False,completed
ORD003184,CUST00151,2024-11-27,meta,outerwear,GB,117.42,13.39,4.22,True,returned
ORD003185,CUST01220,2024-11-24,meta,outerwear,CA,161.14,30.22,130.92,False,completed
ORD003186,CUST02967,2024-10-20,tiktok,tops,US,62.31,9.13,53.18,False,completed
ORD003187,CUST03509,2024-12-14,meta,bottoms,US,59.94,0.0,59.94,False,completed
ORD003188,CUST01641,2024-08-12,tiktok,footwear,DE,103.81,0.0,15.57,True,returned
ORD003189,CUST01699,2024-08-18,tiktok,outerwear,GB,120.69,0.0,120.69,False,completed
ORD003190,CUST00030,2024-09-10,organic,outerwear,GB,129.4,0.0,129.4,False,completed
ORD003191,CUST01172,2024-10-30,tiktok,bottoms,FR,92.49,15.77,76.72,False,completed
ORD003192,CUST02104,2024-10-05,tiktok,tops,CA,37.93,7.56,30.37,False,completed
ORD003193,CUST03016,2024-12-19,meta,footwear,CA,139.68,28.28,111.4,False,completed
ORD003194,CUST00688,2024-12-12,meta,outerwear,US,159.05,0.0,159.05,False,completed
ORD003195,CUST03387,2024-07-15,organic,tops,CA,62.27,0.0,62.27,False,completed
ORD003196,CUST02069,2024-09-15,meta,tops,US,43.7,6.94,36.76,False,completed
ORD003197,CUST03265,2024-04-10,organic,outerwear,GB,99.2,0.0,14.88,True,returned
ORD003198,CUST02248,2024-10-11,referral,bottoms,AU,89.44,0.0,89.44,False,completed
ORD003199,CUST03063,2024-12-10,meta,tops,US,66.92,15.97,-5.93,True,returned
ORD003200,CUST01833,2024-12-16,email,accessories,US,45.58,0.0,45.58,False,completed
ORD003201,CUST01922,2024-12-20,meta,bottoms,FR,70.88,17.63,53.25,False,completed
ORD003202,CUST03257,2024-04-10,meta,accessories,US,45.26,5.18,1.61,True,returned
ORD003203,CUST01700,2024-07-02,organic,footwear,CA,127.52,0.0,127.52,False,completed
ORD003204,CUST01499,2024-11-08,google,footwear,US,79.74,0.0,79.74,False,completed
ORD003205,CUST03078,2024-12-15,organic,accessories,FR,48.04,0.0,48.04,False,completed
ORD003206,CUST02354,2024-07-29,referral,tops,DE,53.78,0.0,53.78,False,completed
ORD003207,CUST00958,2024-12-21,organic,bottoms,GB,80.55,0.0,12.08,True,returned
ORD003208,CUST03158,2024-12-26,email,accessories,FR,47.92,0.0,47.92,False,completed
ORD003209,CUST02346,2024-06-17,organic,outerwear,AU,133.34,0.0,133.34,False,completed
ORD003210,CUST00360,2024-12-19,meta,tops,US,55.52,0.0,55.52,False,completed
ORD003211,CUST01813,2024-05-26,tiktok,outerwear,US,184.55,30.78,153.77,False,completed
ORD003212,CUST01006,2024-06-28,meta,bottoms,FR,83.52,11.04,72.48,False,completed
ORD003213,CUST00167,2024-09-18,organic,tops,GB,47.64,0.0,47.64,False,completed
ORD003214,CUST00185,2024-08-25,organic,accessories,US,46.06,0.0,46.06,False,completed
ORD003215,CUST01598,2024-12-12,google,bottoms,US,83.63,0.0,83.63,False,completed
ORD003216,CUST01087,2024-08-20,tiktok,tops,US,67.5,0.0,67.5,False,completed
ORD003217,CUST02437,2024-11-29,meta,tops,US,40.04,0.0,40.04,False,completed
ORD003218,CUST01593,2024-06-26,google,accessories,US,42.12,0.0,6.32,True,returned
ORD003219,CUST02135,2024-11-04,meta,tops,US,47.88,0.0,47.88,False,completed
ORD003220,CUST01564,2024-10-27,google,tops,US,46.79,0.0,46.79,False,completed
ORD003221,CUST00869,2024-11-29,tiktok,bottoms,US,74.95,0.0,74.95,False,completed
ORD003222,CUST02388,2024-05-16,meta,outerwear,US,180.61,21.2,159.41,False,completed
ORD003223,CUST01385,2024-11-16,meta,footwear,US,89.12,0.0,89.12,False,completed
ORD003224,CUST02863,2024-09-18,tiktok,footwear,US,111.69,0.0,111.69,False,completed
ORD003225,CUST03794,2024-12-07,meta,tops,AU,56.27,12.62,43.65,False,completed
ORD003226,CUST00503,2024-08-03,meta,bottoms,NL,63.52,11.53,-2.0,True,returned
ORD003227,CUST02928,2024-12-12,meta,outerwear,US,96.12,0.0,96.12,False,completed
ORD003228,CUST01293,2024-10-26,meta,accessories,DE,28.73,0.0,28.73,False,completed
ORD003229,CUST01974,2024-04-30,tiktok,accessories,US,28.32,0.0,28.32,False,completed
ORD003230,CUST00281,2024-06-28,meta,accessories,US,50.7,9.19,41.51,False,completed
ORD003231,CUST03733,2024-09-19,organic,outerwear,GB,132.94,0.0,132.94,False,completed
ORD003232,CUST03312,2024-03-25,organic,outerwear,GB,154.33,0.0,154.33,False,completed
ORD003233,CUST00475,2024-09-09,email,footwear,FR,117.03,0.0,117.03,False,completed
ORD003234,CUST00149,2024-12-07,meta,bottoms,GB,81.93,0.0,81.93,False,completed
ORD003235,CUST02430,2024-10-13,tiktok,accessories,US,44.14,7.28,36.86,False,completed
ORD003236,CUST02705,2024-07-25,meta,tops,FR,36.28,8.79,-3.35,True,returned
ORD003237,CUST02448,2024-09-07,tiktok,outerwear,US,168.12,0.0,168.12,False,completed
ORD003238,CUST03716,2024-11-30,meta,tops,GB,69.06,0.0,69.06,False,completed
ORD003239,CUST00343,2024-11-11,meta,footwear,DE,87.84,11.35,76.49,False,completed
ORD003240,CUST02362,2024-09-04,organic,tops,AU,40.85,0.0,40.85,False,completed
ORD003241,CUST03521,2024-10-20,meta,tops,US,37.88,8.75,29.13,False,completed
ORD003242,CUST00300,2024-11-17,email,bottoms,GB,79.15,0.0,79.15,False,completed
ORD003243,CUST00633,2024-11-21,meta,bottoms,CA,80.13,16.31,63.82,False,completed
ORD003244,CUST03672,2024-10-26,google,footwear,GB,128.81,0.0,128.81,False,completed
ORD003245,CUST02953,2024-05-21,meta,outerwear,US,184.02,0.0,184.02,False,completed
ORD003246,CUST03401,2024-05-25,referral,footwear,GB,102.91,0.0,102.91,False,completed
ORD003247,CUST00383,2024-06-24,meta,tops,GB,55.96,0.0,8.39,True,returned
ORD003248,CUST02221,2024-10-05,meta,accessories,CA,46.68,0.0,7.0,True,returned
ORD003249,CUST02643,2024-12-04,email,accessories,CA,45.21,0.0,45.21,False,completed
ORD003250,CUST00908,2024-04-22,google,tops,DE,47.68,0.0,47.68,False,completed
ORD003251,CUST03054,2024-11-14,organic,accessories,GB,44.26,0.0,44.26,False,completed
ORD003252,CUST00244,2024-12-02,tiktok,accessories,AU,34.19,0.0,34.19,False,completed
ORD003253,CUST01397,2024-08-25,tiktok,bottoms,DE,86.22,0.0,86.22,False,completed
ORD003254,CUST03467,2024-11-25,google,tops,GB,36.73,0.0,36.73,False,completed
ORD003255,CUST01585,2024-12-22,meta,tops,FR,63.46,9.09,54.37,False,completed
ORD003256,CUST00127,2024-08-31,meta,tops,US,38.34,0.0,38.34,False,completed
ORD003257,CUST03247,2024-11-29,meta,tops,GB,40.41,0.0,40.41,False,completed
ORD003258,CUST02823,2024-06-20,organic,tops,NL,62.9,0.0,62.9,False,completed
ORD003259,CUST03440,2024-02-04,referral,accessories,US,47.64,0.0,47.64,False,completed
ORD003260,CUST02047,2024-06-19,tiktok,tops,DE,64.96,10.64,54.32,False,completed
ORD003261,CUST01334,2024-10-13,meta,tops,US,67.51,12.73,-2.6,True,returned
ORD003262,CUST03325,2024-07-29,email,accessories,US,53.53,0.0,8.03,True,returned
ORD003263,CUST03391,2024-07-24,meta,outerwear,AU,139.85,25.68,114.17,False,completed
ORD003264,CUST02803,2024-12-19,meta,outerwear,US,183.8,0.0,183.8,False,completed
ORD003265,CUST01996,2024-10-30,referral,tops,GB,71.38,0.0,10.71,True,returned
ORD003266,CUST00587,2024-10-11,tiktok,outerwear,GB,97.54,0.0,97.54,False,completed
ORD003267,CUST03521,2024-11-24,meta,footwear,US,84.9,0.0,84.9,False,completed
ORD003268,CUST02569,2024-12-28,meta,tops,US,50.62,9.62,41.0,False,completed
ORD003269,CUST01415,2024-04-20,google,tops,GB,50.07,0.0,50.07,False,completed
ORD003270,CUST01171,2024-12-21,google,tops,US,71.29,0.0,71.29,False,completed
ORD003271,CUST01923,2024-09-28,organic,outerwear,CA,132.03,0.0,132.03,False,completed
ORD003272,CUST02386,2024-12-26,tiktok,tops,FR,70.78,13.54,57.24,False,completed
ORD003273,CUST01827,2024-10-08,organic,tops,GB,63.31,0.0,63.31,False,completed
ORD003274,CUST03149,2024-12-25,meta,bottoms,DE,74.64,13.31,61.33,False,completed
ORD003275,CUST01107,2024-12-25,meta,footwear,GB,135.08,0.0,135.08,False,completed
ORD003276,CUST03220,2024-12-13,google,bottoms,GB,85.82,0.0,12.87,True,returned
ORD003277,CUST01514,2024-06-28,organic,tops,GB,53.91,0.0,53.91,False,completed
ORD003278,CUST02801,2024-05-23,meta,tops,US,38.26,0.0,38.26,False,completed
ORD003279,CUST00542,2024-08-11,meta,tops,US,69.76,17.03,52.73,False,completed
ORD003280,CUST01394,2024-03-08,google,bottoms,FR,90.62,0.0,90.62,False,completed
ORD003281,CUST00003,2024-11-26,google,bottoms,GB,95.52,0.0,95.52,False,completed
ORD003282,CUST01266,2024-11-17,meta,bottoms,GB,55.25,12.56,-4.27,True,returned
ORD003283,CUST01391,2024-12-16,tiktok,tops,US,58.53,0.0,58.53,False,completed
ORD003284,CUST01354,2024-10-25,meta,accessories,US,33.28,7.91,-2.92,True,returned
ORD003285,CUST00069,2024-10-10,meta,outerwear,AU,175.61,0.0,26.34,True,returned
ORD003286,CUST00993,2024-10-09,google,tops,DE,61.84,0.0,9.28,True,returned
ORD003287,CUST02477,2024-03-19,referral,accessories,DE,53.8,0.0,53.8,False,completed
ORD003288,CUST03754,2024-09-13,google,accessories,US,34.33,0.0,5.15,True,returned
ORD003289,CUST03336,2024-06-15,meta,footwear,CA,118.13,0.0,17.72,True,returned
ORD003290,CUST03308,2024-12-27,meta,footwear,AU,106.95,0.0,16.04,True,returned
ORD003291,CUST03279,2024-11-03,organic,outerwear,DE,156.98,0.0,156.98,False,completed
ORD003292,CUST01974,2024-10-02,tiktok,accessories,US,32.23,3.94,28.29,False,completed
ORD003293,CUST00471,2024-11-03,meta,footwear,GB,82.6,0.0,12.39,True,returned
ORD003294,CUST02318,2024-11-15,meta,footwear,AU,109.23,0.0,109.23,False,completed
ORD003295,CUST00175,2024-12-12,meta,outerwear,DE,132.76,21.41,111.35,False,completed
ORD003296,CUST01898,2024-09-08,organic,accessories,DE,49.13,0.0,49.13,False,completed
ORD003297,CUST00890,2024-08-21,tiktok,bottoms,US,76.62,0.0,76.62,False,completed
ORD003298,CUST03568,2024-08-10,google,accessories,GB,39.68,0.0,39.68,False,completed
ORD003299,CUST01231,2024-09-29,google,bottoms,FR,79.73,0.0,79.73,False,completed
ORD003300,CUST03102,2024-09-19,email,accessories,GB,32.17,0.0,32.17,False,completed
ORD003301,CUST03064,2024-11-10,email,tops,US,47.59,0.0,47.59,False,completed
ORD003302,CUST00277,2024-08-13,meta,footwear,AU,120.93,0.0,120.93,False,completed
ORD003303,CUST01357,2024-08-12,meta,footwear,FR,90.13,0.0,90.13,False,completed
ORD003304,CUST02160,2024-11-23,organic,bottoms,DE,76.53,0.0,11.48,True,returned
ORD003305,CUST01074,2024-12-06,google,bottoms,NL,74.63,0.0,74.63,False,completed
ORD003306,CUST02903,2024-10-05,tiktok,bottoms,AU,80.1,16.5,63.6,False,completed
ORD003307,CUST03391,2024-10-04,meta,bottoms,AU,89.59,0.0,13.44,True,returned
ORD003308,CUST01284,2024-09-12,google,tops,US,66.31,0.0,66.31,False,completed
ORD003309,CUST03733,2024-09-25,organic,outerwear,GB,154.0,0.0,154.0,False,completed
ORD003310,CUST03184,2024-05-27,meta,bottoms,DE,56.95,0.0,56.95,False,completed
ORD003311,CUST01211,2024-11-12,meta,tops,GB,70.37,0.0,10.56,True,returned
ORD003312,CUST00499,2024-04-27,meta,accessories,CA,30.29,5.71,24.58,False,completed
ORD003313,CUST03553,2024-11-04,meta,bottoms,AU,67.91,16.28,51.63,False,completed
ORD003314,CUST00875,2024-04-24,meta,outerwear,CA,154.78,0.0,154.78,False,completed
ORD003315,CUST02800,2024-12-12,meta,tops,DE,65.47,0.0,65.47,False,completed
ORD003316,CUST01847,2024-11-25,tiktok,outerwear,US,176.83,37.58,139.25,False,completed
ORD003317,CUST03057,2024-08-21,meta,accessories,GB,36.47,0.0,5.47,True,returned
ORD003318,CUST02033,2024-08-26,meta,outerwear,GB,148.1,0.0,148.1,False,completed
ORD003319,CUST01694,2024-12-12,meta,tops,GB,55.1,0.0,55.1,False,completed
ORD003320,CUST01951,2024-11-21,google,bottoms,US,101.3,0.0,101.3,False,completed
ORD003321,CUST03314,2024-07-23,organic,tops,AU,56.62,0.0,56.62,False,completed
ORD003322,CUST02487,2024-09-09,organic,tops,DE,51.74,0.0,51.74,False,completed
ORD003323,CUST02110,2024-07-13,meta,bottoms,AU,67.0,0.0,67.0,False,completed
ORD003324,CUST00863,2024-04-26,meta,tops,US,42.03,0.0,6.3,True,returned
ORD003325,CUST01082,2024-10-27,organic,tops,GB,67.67,0.0,10.15,True,returned
ORD003326,CUST01846,2024-12-01,meta,outerwear,GB,190.13,0.0,190.13,False,completed
ORD003327,CUST03596,2024-12-10,meta,tops,US,50.27,0.0,50.27,False,completed
ORD003328,CUST02962,2024-11-12,google,tops,US,52.53,0.0,52.53,False,completed
ORD003329,CUST01577,2024-09-08,tiktok,accessories,AU,55.5,11.15,44.35,False,completed
ORD003330,CUST01841,2024-10-18,organic,footwear,US,82.03,0.0,82.03,False,completed
ORD003331,CUST02252,2024-05-05,organic,tops,CA,70.81,0.0,70.81,False,completed
ORD003332,CUST02642,2024-10-02,meta,tops,DE,56.92,0.0,56.92,False,completed
ORD003333,CUST02063,2024-09-29,meta,accessories,GB,43.04,0.0,43.04,False,completed
ORD003334,CUST03124,2024-09-19,meta,tops,US,45.41,0.0,45.41,False,completed
ORD003335,CUST00810,2024-08-19,meta,footwear,DE,123.98,0.0,123.98,False,completed
ORD003336,CUST03435,2024-09-30,meta,outerwear,US,159.58,31.76,-7.82,True,returned
ORD003337,CUST01627,2024-05-03,organic,accessories,GB,43.21,0.0,43.21,False,completed
ORD003338,CUST00388,2024-07-12,email,tops,AU,59.52,0.0,59.52,False,completed
ORD003339,CUST01393,2024-11-21,meta,accessories,GB,35.76,0.0,35.76,False,completed
ORD003340,CUST00461,2024-10-25,meta,outerwear,GB,190.22,23.42,166.8,False,completed
ORD003341,CUST01071,2024-11-30,meta,tops,FR,67.43,0.0,67.43,False,completed
ORD003342,CUST02795,2024-10-05,meta,bottoms,DE,88.79,0.0,13.32,True,returned
ORD003343,CUST00924,2024-11-25,organic,tops,GB,70.19,0.0,70.19,False,completed
ORD003344,CUST02824,2024-12-18,meta,outerwear,US,151.62,0.0,151.62,False,completed
ORD003345,CUST03360,2024-11-20,referral,accessories,GB,47.87,0.0,47.87,False,completed
ORD003346,CUST01057,2024-05-06,meta,tops,US,44.88,5.19,39.69,False,completed
ORD003347,CUST03126,2024-08-31,meta,tops,GB,60.82,0.0,60.82,False,completed
ORD003348,CUST02003,2024-12-07,email,bottoms,US,79.02,0.0,79.02,False,completed
ORD003349,CUST01500,2024-12-10,email,tops,NL,64.38,0.0,64.38,False,completed
ORD003350,CUST00855,2024-12-30,meta,bottoms,US,77.25,11.73,65.52,False,completed
ORD003351,CUST03173,2024-12-27,meta,footwear,AU,73.69,0.0,73.69,False,completed
ORD003352,CUST01220,2024-03-17,meta,bottoms,CA,77.55,14.82,-3.19,True,returned
ORD003353,CUST02784,2024-12-14,meta,accessories,GB,31.22,3.47,27.75,False,completed
ORD003354,CUST00918,2024-12-30,meta,tops,US,47.09,6.0,41.09,False,completed
ORD003355,CUST00815,2024-10-19,tiktok,footwear,NL,107.96,26.87,-10.68,True,returned
ORD003356,CUST02473,2024-11-26,meta,tops,US,67.1,14.76,52.34,False,completed
ORD003357,CUST01575,2024-09-16,meta,accessories,DE,47.71,0.0,7.16,True,returned
ORD003358,CUST03280,2024-10-24,organic,outerwear,GB,187.75,0.0,187.75,False,completed
ORD003359,CUST03710,2024-12-23,email,tops,DE,59.81,0.0,8.97,True,returned
ORD003360,CUST01861,2024-10-26,tiktok,footwear,US,99.42,12.65,86.77,False,completed
ORD003361,CUST00150,2024-12-27,meta,outerwear,GB,107.34,0.0,107.34,False,completed
ORD003362,CUST01877,2024-07-06,tiktok,bottoms,CA,63.63,13.98,-4.44,True,returned
ORD003363,CUST02325,2024-11-23,tiktok,bottoms,FR,60.23,14.91,45.32,False,completed
ORD003364,CUST00425,2024-12-26,meta,accessories,GB,46.08,0.0,46.08,False,completed
ORD003365,CUST02532,2024-04-27,meta,tops,DE,67.55,13.66,53.89,False,completed
ORD003366,CUST01263,2024-12-10,tiktok,outerwear,NL,176.02,0.0,176.02,False,completed
ORD003367,CUST02562,2024-12-23,email,tops,US,66.12,0.0,66.12,False,completed
ORD003368,CUST03348,2024-11-26,tiktok,bottoms,US,69.7,0.0,69.7,False,completed
ORD003369,CUST03554,2024-11-29,meta,outerwear,FR,136.33,0.0,20.45,True,returned
ORD003370,CUST02146,2024-09-17,tiktok,outerwear,US,141.53,0.0,141.53,False,completed
ORD003371,CUST01962,2024-11-30,meta,accessories,GB,53.77,0.0,53.77,False,completed
ORD003372,CUST02855,2024-06-11,google,footwear,CA,101.57,0.0,101.57,False,completed
ORD003373,CUST02033,2024-04-26,meta,tops,GB,43.23,0.0,43.23,False,completed
ORD003374,CUST02695,2024-11-26,meta,accessories,GB,49.43,11.41,38.02,False,completed
ORD003375,CUST01081,2024-12-22,tiktok,bottoms,NL,75.11,10.43,64.68,False,completed
ORD003376,CUST02390,2024-10-07,organic,tops,US,51.93,0.0,7.79,True,returned
ORD003377,CUST01449,2024-12-14,email,accessories,US,34.68,0.0,34.68,False,completed
ORD003378,CUST03716,2024-11-19,meta,accessories,GB,46.14,4.78,41.36,False,completed
ORD003379,CUST01494,2024-08-14,referral,bottoms,CA,60.82,0.0,60.82,False,completed
ORD003380,CUST02291,2024-11-14,meta,tops,US,65.94,15.28,50.66,False,completed
ORD003381,CUST02629,2024-09-20,meta,bottoms,US,53.4,0.0,53.4,False,completed
ORD003382,CUST01146,2024-12-27,google,accessories,FR,28.91,0.0,28.91,False,completed
ORD003383,CUST02151,2024-02-02,tiktok,bottoms,GB,79.67,0.0,11.95,True,returned
ORD003384,CUST03789,2024-11-10,tiktok,outerwear,US,113.91,21.66,92.25,False,completed
ORD003385,CUST01241,2024-12-10,tiktok,tops,GB,69.08,9.2,59.88,False,completed
ORD003386,CUST00857,2024-07-13,meta,footwear,US,135.03,31.33,-11.08,True,returned
ORD003387,CUST00895,2024-08-03,meta,accessories,US,47.78,5.11,42.67,False,completed
ORD003388,CUST03024,2024-03-29,meta,bottoms,GB,78.86,0.0,78.86,False,completed
ORD003389,CUST02382,2024-12-01,google,tops,GB,68.07,0.0,68.07,False,completed
ORD003390,CUST01914,2024-10-25,meta,outerwear,GB,121.58,0.0,121.58,False,completed
ORD003391,CUST03690,2024-09-25,meta,accessories,GB,48.88,0.0,7.33,True,returned
ORD003392,CUST00560,2024-12-03,tiktok,tops,US,64.22,9.66,54.56,False,completed
ORD003393,CUST00601,2024-08-17,referral,outerwear,CA,168.76,0.0,168.76,False,completed
ORD003394,CUST03342,2024-07-09,meta,tops,GB,39.2,0.0,5.88,True,returned
ORD003395,CUST00184,2024-11-12,email,accessories,US,31.08,0.0,31.08,False,completed
ORD003396,CUST01344,2024-02-24,organic,bottoms,US,102.79,0.0,102.79,False,completed
ORD003397,CUST03610,2024-09-19,tiktok,bottoms,US,84.96,11.5,1.24,True,returned
ORD003398,CUST03419,2024-06-24,tiktok,bottoms,AU,65.71,15.07,-5.21,True,returned
ORD003399,CUST01521,2024-06-30,tiktok,outerwear,GB,141.41,0.0,141.41,False,completed
ORD003400,CUST00094,2024-07-15,referral,outerwear,FR,169.78,0.0,169.78,False,completed
ORD003401,CUST01679,2024-02-21,meta,tops,US,52.82,0.0,52.82,False,completed
ORD003402,CUST01927,2024-10-14,meta,bottoms,US,76.46,0.0,76.46,False,completed
ORD003403,CUST03745,2024-12-21,organic,outerwear,US,107.5,0.0,107.5,False,completed
ORD003404,CUST00747,2024-07-13,tiktok,accessories,US,39.18,4.56,1.32,True,returned
ORD003405,CUST00769,2024-12-17,google,bottoms,DE,70.92,0.0,70.92,False,completed
ORD003406,CUST02134,2024-10-22,organic,footwear,AU,79.38,0.0,79.38,False,completed
ORD003407,CUST00849,2024-12-24,google,footwear,DE,107.87,0.0,107.87,False,completed
ORD003408,CUST01827,2024-05-14,organic,bottoms,GB,88.06,0.0,88.06,False,completed
ORD003409,CUST00048,2024-08-04,email,outerwear,AU,168.82,0.0,168.82,False,completed
ORD003410,CUST03088,2024-11-21,meta,accessories,GB,38.17,0.0,38.17,False,completed
ORD003411,CUST01095,2024-07-13,tiktok,bottoms,US,102.21,0.0,102.21,False,completed
ORD003412,CUST02789,2024-12-05,google,bottoms,GB,79.61,0.0,79.61,False,completed
ORD003413,CUST00804,2024-11-11,referral,tops,US,54.63,0.0,54.63,False,completed
ORD003414,CUST01895,2024-10-29,meta,bottoms,GB,97.04,0.0,97.04,False,completed
ORD003415,CUST00030,2024-09-27,organic,accessories,GB,45.37,0.0,45.37,False,completed
ORD003416,CUST02106,2024-07-14,meta,outerwear,US,114.16,0.0,114.16,False,completed
ORD003417,CUST03356,2024-07-24,tiktok,tops,GB,59.88,0.0,59.88,False,completed
ORD003418,CUST01007,2024-10-08,meta,bottoms,AU,90.7,0.0,90.7,False,completed
ORD003419,CUST03395,2024-11-11,meta,footwear,CA,143.56,0.0,143.56,False,completed
ORD003420,CUST02700,2024-11-27,referral,footwear,FR,143.75,0.0,143.75,False,completed
ORD003421,CUST00099,2024-07-31,meta,footwear,FR,141.96,0.0,21.29,True,returned
ORD003422,CUST01523,2024-11-18,tiktok,tops,NL,61.68,11.95,49.73,False,completed
ORD003423,CUST00222,2024-07-22,email,outerwear,US,111.26,0.0,111.26,False,completed
ORD003424,CUST02659,2024-11-01,google,accessories,GB,45.0,0.0,45.0,False,completed
ORD003425,CUST02550,2024-10-08,tiktok,bottoms,FR,63.39,0.0,63.39,False,completed
ORD003426,CUST00677,2024-07-27,meta,bottoms,GB,102.14,0.0,102.14,False,completed
ORD003427,CUST01003,2024-09-23,tiktok,bottoms,AU,85.42,18.86,-6.05,True,returned
ORD003428,CUST03448,2024-04-01,referral,accessories,FR,47.11,0.0,47.11,False,completed
ORD003429,CUST00670,2024-08-16,meta,tops,GB,67.19,7.66,59.53,False,completed
ORD003430,CUST03774,2024-07-15,meta,tops,FR,46.52,0.0,6.98,True,returned
ORD003431,CUST02178,2024-03-18,meta,outerwear,US,168.77,29.97,138.8,False,completed
ORD003432,CUST03309,2024-02-15,organic,bottoms,US,97.47,0.0,97.47,False,completed
ORD003433,CUST00134,2024-09-30,meta,tops,US,70.84,12.72,58.12,False,completed
ORD003434,CUST02904,2024-12-08,meta,tops,DE,54.58,0.0,54.58,False,completed
ORD003435,CUST02458,2024-11-14,meta,accessories,US,44.43,0.0,44.43,False,completed
ORD003436,CUST01110,2024-11-27,tiktok,outerwear,US,127.43,29.14,98.29,False,completed
ORD003437,CUST02195,2024-05-05,google,bottoms,US,96.7,0.0,96.7,False,completed
ORD003438,CUST02111,2024-10-26,meta,bottoms,FR,66.27,16.14,-6.2,True,returned
ORD003439,CUST02067,2024-12-02,referral,tops,US,49.04,0.0,49.04,False,completed
ORD003440,CUST02809,2024-11-17,tiktok,accessories,US,49.94,11.78,38.16,False,completed
ORD003441,CUST02424,2024-10-03,organic,tops,GB,69.73,0.0,69.73,False,completed
ORD003442,CUST01734,2024-09-08,meta,accessories,US,35.33,7.11,28.22,False,completed
ORD003443,CUST01387,2024-05-12,google,accessories,US,49.34,0.0,49.34,False,completed
ORD003444,CUST01154,2024-12-11,tiktok,outerwear,NL,180.94,0.0,180.94,False,completed
ORD003445,CUST02091,2024-11-20,meta,tops,FR,45.19,6.13,39.06,False,completed
ORD003446,CUST01362,2024-03-20,organic,bottoms,NL,96.24,0.0,96.24,False,completed
ORD003447,CUST01480,2024-08-17,google,accessories,DE,44.84,0.0,44.84,False,completed
ORD003448,CUST00862,2024-12-06,google,accessories,GB,42.23,0.0,6.33,True,returned
ORD003449,CUST00254,2024-10-02,organic,accessories,GB,31.75,0.0,31.75,False,completed
ORD003450,CUST01797,2024-11-22,tiktok,bottoms,FR,75.25,0.0,75.25,False,completed
ORD003451,CUST02020,2024-05-28,organic,bottoms,US,97.44,0.0,97.44,False,completed
ORD003452,CUST03602,2024-11-11,meta,tops,GB,54.52,10.25,-2.07,True,returned
ORD003453,CUST03324,2024-04-06,meta,bottoms,DE,76.44,0.0,11.47,True,returned
ORD003454,CUST02912,2024-10-20,meta,accessories,US,53.0,11.92,41.08,False,completed
ORD003455,CUST02332,2024-11-04,email,bottoms,FR,65.79,0.0,65.79,False,completed
ORD003456,CUST03657,2024-03-27,email,bottoms,DE,58.89,0.0,58.89,False,completed
ORD003457,CUST01397,2024-11-06,tiktok,bottoms,DE,95.96,18.03,-3.64,True,returned
ORD003458,CUST01408,2024-03-09,meta,footwear,GB,127.91,26.88,101.03,False,completed
ORD003459,CUST00086,2024-10-01,organic,bottoms,US,92.68,0.0,92.68,False,completed
ORD003460,CUST00627,2024-10-10,organic,tops,US,53.38,0.0,53.38,False,completed
ORD003461,CUST03299,2024-10-23,email,footwear,US,130.83,0.0,130.83,False,completed
ORD003462,CUST02841,2024-12-12,meta,tops,US,39.72,0.0,39.72,False,completed
ORD003463,CUST00203,2024-07-10,meta,bottoms,DE,101.94,14.63,87.31,False,completed
ORD003464,CUST01457,2024-11-25,organic,accessories,GB,38.18,0.0,38.18,False,completed
ORD003465,CUST00768,2024-10-14,meta,bottoms,GB,81.03,12.64,68.39,False,completed
ORD003466,CUST02696,2024-10-24,meta,outerwear,NL,178.62,0.0,178.62,False,completed
ORD003467,CUST02296,2024-12-27,google,bottoms,FR,52.4,0.0,52.4,False,completed
ORD003468,CUST03047,2024-12-08,google,tops,US,54.1,0.0,54.1,False,completed
ORD003469,CUST00209,2024-08-10,meta,tops,US,53.05,9.06,43.99,False,completed
ORD003470,CUST01316,2024-12-27,google,tops,DE,58.53,0.0,58.53,False,completed
ORD003471,CUST02389,2024-06-12,email,tops,US,56.02,0.0,56.02,False,completed
ORD003472,CUST03189,2024-12-12,organic,outerwear,US,119.29,0.0,17.89,True,returned
ORD003473,CUST02786,2024-08-30,google,tops,DE,56.73,0.0,56.73,False,completed
ORD003474,CUST02121,2024-11-02,meta,bottoms,GB,85.6,13.29,-0.45,True,returned
ORD003475,CUST03237,2024-11-09,tiktok,tops,NL,38.82,0.0,5.82,True,returned
ORD003476,CUST00710,2024-09-19,meta,tops,GB,46.26,0.0,6.94,True,returned
ORD003477,CUST02810,2024-10-20,meta,outerwear,GB,163.93,28.68,135.25,False,completed
ORD003478,CUST00175,2024-10-12,meta,footwear,DE,119.93,0.0,119.93,False,completed
ORD003479,CUST02607,2024-09-15,meta,bottoms,DE,101.07,18.18,82.89,False,completed
ORD003480,CUST00866,2024-09-05,google,tops,GB,70.29,0.0,70.29,False,completed
ORD003481,CUST00407,2024-11-02,meta,accessories,GB,49.64,11.53,38.11,False,completed
ORD003482,CUST03608,2024-12-04,tiktok,accessories,FR,48.7,9.98,38.72,False,completed
ORD003483,CUST00761,2024-08-25,meta,tops,CA,63.57,0.0,63.57,False,completed
ORD003484,CUST00610,2024-10-19,tiktok,bottoms,US,96.11,0.0,96.11,False,completed
ORD003485,CUST00796,2024-10-10,meta,accessories,US,44.78,8.47,36.31,False,completed
ORD003486,CUST02668,2024-07-21,meta,bottoms,US,87.52,19.97,67.55,False,completed
ORD003487,CUST01117,2024-12-08,google,outerwear,US,125.87,0.0,125.87,False,completed
ORD003488,CUST02719,2024-03-28,google,bottoms,DE,101.39,0.0,101.39,False,completed
ORD003489,CUST02498,2024-04-19,meta,footwear,GB,112.97,25.03,87.94,False,completed
ORD003490,CUST01353,2024-09-21,google,bottoms,FR,85.99,0.0,85.99,False,completed
ORD003491,CUST01144,2024-07-15,meta,footwear,NL,117.12,0.0,117.12,False,completed
ORD003492,CUST00046,2024-12-12,meta,footwear,US,129.97,0.0,19.5,True,returned
ORD003493,CUST01592,2024-06-15,referral,bottoms,DE,103.79,0.0,103.79,False,completed
ORD003494,CUST03676,2024-03-21,tiktok,outerwear,AU,147.63,0.0,147.63,False,completed
ORD003495,CUST03239,2024-11-19,meta,tops,US,63.8,0.0,63.8,False,completed
ORD003496,CUST00559,2024-09-20,meta,bottoms,GB,77.51,13.19,-1.56,True,returned
ORD003497,CUST00944,2024-11-23,tiktok,outerwear,GB,170.26,35.22,-9.68,True,returned
ORD003498,CUST00835,2024-09-19,google,bottoms,FR,99.84,0.0,99.84,False,completed
ORD003499,CUST02134,2024-10-28,organic,bottoms,AU,64.72,0.0,64.72,False,completed
ORD003500,CUST03225,2024-08-13,meta,bottoms,US,72.02,0.0,72.02,False,completed
ORD003501,CUST02768,2024-09-07,meta,outerwear,US,158.57,0.0,158.57,False,completed
ORD003502,CUST01524,2024-12-26,meta,accessories,GB,42.07,9.8,32.27,False,completed
ORD003503,CUST01382,2024-04-05,meta,accessories,GB,31.69,0.0,31.69,False,completed
ORD003504,CUST02670,2024-12-12,meta,tops,GB,45.2,7.33,37.87,False,completed
ORD003505,CUST00919,2024-11-07,organic,bottoms,US,71.12,0.0,71.12,False,completed
ORD003506,CUST01780,2024-09-15,google,tops,DE,45.05,0.0,45.05,False,completed
ORD003507,CUST00174,2024-11-08,meta,tops,GB,39.16,5.38,33.78,False,completed
ORD003508,CUST02931,2024-06-23,organic,accessories,US,31.84,0.0,31.84,False,completed
ORD003509,CUST00340,2024-12-16,google,outerwear,GB,150.88,0.0,150.88,False,completed
ORD003510,CUST02748,2024-09-28,email,tops,US,48.25,0.0,48.25,False,completed
ORD003511,CUST00415,2024-10-05,referral,tops,GB,67.65,0.0,67.65,False,completed
ORD003512,CUST00204,2024-11-12,google,tops,US,45.47,0.0,45.47,False,completed
ORD003513,CUST00761,2024-12-07,meta,tops,CA,56.26,0.0,56.26,False,completed
ORD003514,CUST01734,2024-10-10,meta,outerwear,US,115.66,0.0,115.66,False,completed
ORD003515,CUST02834,2024-10-08,google,tops,CA,46.05,0.0,46.05,False,completed
ORD003516,CUST02245,2024-02-13,tiktok,tops,AU,37.46,0.0,37.46,False,completed
ORD003517,CUST02522,2024-02-15,meta,outerwear,GB,143.14,27.26,-5.79,True,returned
ORD003518,CUST02166,2024-08-17,meta,bottoms,DE,98.81,0.0,98.81,False,completed
ORD003519,CUST01211,2024-12-14,meta,bottoms,GB,83.13,8.55,74.58,False,completed
ORD003520,CUST00739,2024-09-13,tiktok,outerwear,DE,137.2,0.0,137.2,False,completed
ORD003521,CUST00883,2024-10-30,meta,footwear,US,108.27,24.91,-8.67,True,returned
ORD003522,CUST02571,2024-12-21,google,bottoms,GB,98.64,0.0,98.64,False,completed
ORD003523,CUST00506,2024-03-28,referral,tops,CA,38.77,0.0,38.77,False,completed
ORD003524,CUST00628,2024-10-19,tiktok,tops,US,55.79,13.41,42.38,False,completed
ORD003525,CUST03372,2024-09-12,meta,tops,DE,71.94,0.0,10.79,True,returned
ORD003526,CUST00180,2024-07-03,meta,tops,US,57.95,6.55,51.4,False,completed
ORD003527,CUST01695,2024-10-05,google,bottoms,GB,72.7,0.0,10.91,True,returned
ORD003528,CUST00908,2024-04-25,google,bottoms,DE,99.03,0.0,99.03,False,completed
ORD003529,CUST01392,2024-10-17,organic,tops,AU,63.46,0.0,63.46,False,completed
ORD003530,CUST01335,2024-11-13,meta,bottoms,US,73.89,0.0,73.89,False,completed
ORD003531,CUST02763,2024-11-12,referral,bottoms,NL,98.37,0.0,98.37,False,completed
ORD003532,CUST00590,2024-06-29,meta,outerwear,DE,106.82,0.0,16.02,True,returned
ORD003533,CUST03701,2024-12-30,google,accessories,GB,53.69,0.0,53.69,False,completed
ORD003534,CUST02253,2024-12-17,google,tops,GB,56.85,0.0,56.85,False,completed
ORD003535,CUST00312,2024-09-30,meta,footwear,US,77.99,0.0,77.99,False,completed
ORD003536,CUST01859,2024-10-29,organic,outerwear,FR,173.78,0.0,173.78,False,completed
ORD003537,CUST01495,2024-12-29,google,accessories,CA,44.08,0.0,44.08,False,completed
ORD003538,CUST02852,2024-12-01,meta,tops,DE,67.14,12.58,-2.51,True,returned
ORD003539,CUST01310,2024-09-14,meta,accessories,GB,39.72,6.61,33.11,False,completed
ORD003540,CUST01216,2024-07-02,tiktok,tops,US,39.9,5.61,34.29,False,completed
ORD003541,CUST01622,2024-12-23,email,tops,US,63.0,0.0,63.0,False,completed
ORD003542,CUST02573,2024-12-28,email,outerwear,FR,166.96,0.0,166.96,False,completed
ORD003543,CUST00585,2024-12-08,meta,tops,AU,38.48,0.0,38.48,False,completed
ORD003544,CUST01323,2024-08-28,google,bottoms,US,53.7,0.0,53.7,False,completed
ORD003545,CUST00205,2024-12-15,meta,tops,US,46.24,0.0,46.24,False,completed
ORD003546,CUST00919,2024-12-01,organic,tops,US,44.57,0.0,44.57,False,completed
ORD003547,CUST02903,2024-12-14,tiktok,bottoms,AU,67.74,0.0,67.74,False,completed
ORD003548,CUST00012,2024-11-22,meta,accessories,US,53.19,0.0,7.98,True,returned
ORD003549,CUST01080,2024-09-21,email,bottoms,DE,75.35,0.0,75.35,False,completed
ORD003550,CUST00601,2024-08-25,referral,accessories,CA,28.3,0.0,28.3,False,completed
ORD003551,CUST01105,2024-11-12,google,tops,GB,65.48,0.0,65.48,False,completed
ORD003552,CUST02868,2024-12-09,google,tops,AU,68.35,0.0,68.35,False,completed
ORD003553,CUST00918,2024-10-14,meta,footwear,US,117.19,0.0,117.19,False,completed
ORD003554,CUST01840,2024-11-15,organic,accessories,DE,43.09,0.0,43.09,False,completed
ORD003555,CUST00445,2024-08-26,meta,bottoms,DE,75.11,0.0,11.27,True,returned
ORD003556,CUST02022,2024-11-08,google,tops,DE,60.82,0.0,60.82,False,completed
ORD003557,CUST00126,2024-11-11,google,outerwear,NL,190.18,0.0,190.18,False,completed
ORD003558,CUST02954,2024-06-27,google,accessories,GB,44.51,0.0,44.51,False,completed
ORD003559,CUST02485,2024-11-19,meta,tops,GB,61.83,0.0,9.27,True,returned
ORD003560,CUST03643,2024-12-07,tiktok,tops,GB,53.98,0.0,53.98,False,completed
ORD003561,CUST01056,2024-12-28,google,tops,US,49.89,0.0,49.89,False,completed
ORD003562,CUST03283,2024-09-12,organic,tops,GB,71.74,0.0,71.74,False,completed
ORD003563,CUST00612,2024-11-29,meta,bottoms,US,62.54,0.0,62.54,False,completed
ORD003564,CUST02720,2024-10-04,meta,accessories,US,55.73,7.75,47.98,False,completed
ORD003565,CUST00737,2024-04-21,meta,bottoms,GB,97.8,23.6,74.2,False,completed
ORD003566,CUST00747,2024-10-03,tiktok,tops,US,59.82,7.14,1.83,True,returned
ORD003567,CUST03401,2024-09-04,referral,outerwear,GB,171.61,0.0,171.61,False,completed
ORD003568,CUST00266,2024-05-26,email,outerwear,NL,145.2,0.0,145.2,False,completed
ORD003569,CUST03030,2024-07-11,tiktok,tops,GB,57.83,13.06,44.77,False,completed
ORD003570,CUST02407,2024-10-28,meta,tops,US,46.02,0.0,46.02,False,completed
ORD003571,CUST00276,2024-09-27,email,bottoms,GB,54.55,0.0,54.55,False,completed
ORD003572,CUST00557,2024-11-17,google,outerwear,DE,160.01,0.0,160.01,False,completed
ORD003573,CUST01412,2024-12-29,meta,bottoms,AU,94.81,0.0,94.81,False,completed
ORD003574,CUST00347,2024-11-14,google,outerwear,US,140.56,0.0,140.56,False,completed
ORD003575,CUST02075,2024-06-30,email,accessories,GB,30.82,0.0,30.82,False,completed
ORD003576,CUST01749,2024-09-26,meta,outerwear,US,166.58,17.36,149.22,False,completed
ORD003577,CUST02011,2024-12-14,meta,tops,CA,47.45,10.43,37.02,False,completed
ORD003578,CUST02810,2024-03-14,meta,footwear,GB,130.86,29.1,-9.47,True,returned
ORD003579,CUST03459,2024-10-14,tiktok,footwear,DE,98.52,0.0,98.52,False,completed
ORD003580,CUST03416,2024-12-26,meta,footwear,GB,119.73,0.0,119.73,False,completed
ORD003581,CUST03205,2024-12-01,organic,outerwear,FR,129.76,0.0,19.46,True,returned
ORD003582,CUST01462,2024-03-24,organic,bottoms,AU,90.84,0.0,90.84,False,completed
ORD003583,CUST02960,2024-11-03,tiktok,bottoms,FR,76.59,9.16,67.43,False,completed
ORD003584,CUST00463,2024-12-28,meta,outerwear,US,121.17,0.0,121.17,False,completed
ORD003585,CUST02045,2024-09-22,organic,outerwear,FR,131.89,0.0,131.89,False,completed
ORD003586,CUST02552,2024-11-18,organic,outerwear,GB,127.98,0.0,127.98,False,completed
ORD003587,CUST00886,2024-10-15,google,tops,GB,49.92,0.0,49.92,False,completed
ORD003588,CUST01924,2024-10-29,google,tops,FR,48.62,0.0,48.62,False,completed
ORD003589,CUST03451,2024-10-06,google,outerwear,AU,101.91,0.0,101.91,False,completed
ORD003590,CUST01042,2024-07-12,meta,outerwear,FR,107.82,0.0,107.82,False,completed
ORD003591,CUST02365,2024-07-09,meta,outerwear,GB,188.37,25.59,162.78,False,completed
ORD003592,CUST00154,2024-11-13,meta,outerwear,US,119.55,0.0,119.55,False,completed
ORD003593,CUST00163,2024-11-01,meta,outerwear,GB,146.92,0.0,146.92,False,completed
ORD003594,CUST03207,2024-08-12,tiktok,bottoms,NL,64.24,13.07,51.17,False,completed
ORD003595,CUST00219,2024-04-09,meta,outerwear,US,122.57,0.0,122.57,False,completed
ORD003596,CUST01967,2024-08-17,organic,tops,DE,42.71,0.0,42.71,False,completed
ORD003597,CUST02421,2024-11-05,meta,outerwear,FR,123.88,0.0,123.88,False,completed
ORD003598,CUST02338,2024-08-05,google,accessories,GB,31.85,0.0,31.85,False,completed
ORD003599,CUST01805,2024-11-20,email,bottoms,AU,69.45,0.0,69.45,False,completed
ORD003600,CUST03250,2024-04-11,meta,outerwear,GB,122.58,0.0,122.58,False,completed
ORD003601,CUST01530,2024-12-22,meta,outerwear,US,101.33,0.0,101.33,False,completed
ORD003602,CUST02705,2024-07-26,meta,outerwear,FR,170.97,0.0,170.97,False,completed
ORD003603,CUST00835,2024-04-01,google,footwear,FR,120.19,0.0,120.19,False,completed
ORD003604,CUST02625,2024-09-22,meta,tops,US,44.91,9.14,35.77,False,completed
ORD003605,CUST02028,2024-11-28,google,tops,US,57.15,0.0,57.15,False,completed
ORD003606,CUST01882,2024-10-09,meta,tops,AU,45.78,0.0,6.87,True,returned
ORD003607,CUST01559,2024-11-01,tiktok,bottoms,FR,70.32,0.0,70.32,False,completed
ORD003608,CUST01051,2024-05-08,tiktok,tops,FR,39.62,0.0,39.62,False,completed
ORD003609,CUST03240,2024-07-03,google,footwear,CA,130.07,0.0,130.07,False,completed
ORD003610,CUST01330,2024-08-06,email,bottoms,GB,91.47,0.0,91.47,False,completed
ORD003611,CUST03780,2024-11-22,meta,outerwear,GB,122.17,25.35,96.82,False,completed
ORD003612,CUST00065,2024-10-09,tiktok,tops,GB,53.52,0.0,53.52,False,completed
ORD003613,CUST02549,2024-04-14,tiktok,bottoms,US,95.76,0.0,14.36,True,returned
ORD003614,CUST00006,2024-07-13,google,accessories,FR,50.39,0.0,50.39,False,completed
ORD003615,CUST03594,2024-11-09,google,outerwear,AU,154.68,0.0,154.68,False,completed
ORD003616,CUST02628,2024-11-18,google,tops,GB,41.6,0.0,41.6,False,completed
ORD003617,CUST02571,2024-12-26,google,tops,GB,52.14,0.0,52.14,False,completed
ORD003618,CUST00861,2024-08-23,referral,bottoms,US,78.15,0.0,78.15,False,completed
ORD003619,CUST00413,2024-04-16,google,bottoms,US,77.97,0.0,77.97,False,completed
ORD003620,CUST01228,2024-09-08,organic,bottoms,GB,54.77,0.0,54.77,False,completed
ORD003621,CUST03429,2024-09-23,organic,tops,NL,69.59,0.0,69.59,False,completed
ORD003622,CUST01575,2024-08-22,meta,bottoms,DE,100.92,25.07,75.85,False,completed
ORD003623,CUST00014,2024-11-13,meta,footwear,GB,131.8,20.88,110.92,False,completed
ORD003624,CUST02905,2024-12-09,organic,tops,DE,59.89,0.0,59.89,False,completed
ORD003625,CUST00017,2024-11-15,email,accessories,US,30.33,0.0,30.33,False,completed
ORD003626,CUST02730,2024-10-27,meta,tops,GB,49.86,0.0,49.86,False,completed
ORD003627,CUST03283,2024-09-10,organic,footwear,GB,131.99,0.0,131.99,False,completed
ORD003628,CUST02807,2024-09-19,meta,outerwear,AU,100.86,0.0,15.13,True,returned
ORD003629,CUST03795,2024-10-13,organic,bottoms,GB,103.23,0.0,15.48,True,returned
ORD003630,CUST02368,2024-11-28,tiktok,tops,GB,42.84,9.18,-2.75,True,returned
ORD003631,CUST00350,2024-07-23,google,tops,GB,42.14,0.0,42.14,False,completed
ORD003632,CUST00438,2024-11-27,organic,bottoms,GB,55.5,0.0,55.5,False,completed
ORD003633,CUST03709,2024-09-18,google,bottoms,US,65.16,0.0,65.16,False,completed
ORD003634,CUST02166,2024-11-16,meta,footwear,DE,96.18,12.46,1.97,True,returned
ORD003635,CUST01606,2024-06-08,meta,outerwear,US,97.18,0.0,97.18,False,completed
ORD003636,CUST02447,2024-05-25,meta,bottoms,GB,74.42,8.74,65.68,False,completed
ORD003637,CUST02650,2024-12-28,organic,tops,US,49.44,0.0,49.44,False,completed
ORD003638,CUST00699,2024-12-20,organic,tops,GB,47.85,0.0,47.85,False,completed
ORD003639,CUST01246,2024-09-02,google,tops,US,39.08,0.0,39.08,False,completed
ORD003640,CUST00476,2024-12-23,google,outerwear,US,158.44,0.0,158.44,False,completed
ORD003641,CUST02388,2024-11-20,meta,tops,US,40.06,4.51,1.5,True,returned
ORD003642,CUST03341,2024-10-19,organic,footwear,DE,121.92,0.0,121.92,False,completed
ORD003643,CUST02365,2024-08-17,meta,outerwear,GB,123.31,12.44,6.06,True,returned
ORD003644,CUST00495,2024-11-10,meta,accessories,GB,28.85,0.0,28.85,False,completed
ORD003645,CUST00624,2024-08-20,google,outerwear,DE,144.58,0.0,144.58,False,completed
ORD003646,CUST01259,2024-09-04,meta,outerwear,GB,144.31,22.31,122.0,False,completed
ORD003647,CUST01218,2024-11-19,meta,tops,US,55.53,0.0,55.53,False,completed
ORD003648,CUST02458,2024-09-13,meta,tops,US,49.88,9.53,40.35,False,completed
ORD003649,CUST00417,2024-10-07,google,bottoms,DE,66.2,0.0,66.2,False,completed
ORD003650,CUST00507,2024-10-06,tiktok,tops,AU,41.38,0.0,6.21,True,returned
ORD003651,CUST03656,2024-03-23,meta,tops,GB,38.22,4.41,33.81,False,completed
ORD003652,CUST01650,2024-12-16,meta,accessories,GB,52.84,7.27,0.66,True,returned
ORD003653,CUST02930,2024-11-08,meta,outerwear,FR,110.16,0.0,110.16,False,completed
ORD003654,CUST01032,2024-06-17,tiktok,tops,GB,50.15,0.0,50.15,False,completed
ORD003655,CUST03197,2024-08-09,tiktok,tops,GB,41.02,0.0,41.02,False,completed
ORD003656,CUST03104,2024-09-27,meta,tops,GB,55.33,9.25,46.08,False,completed
ORD003657,CUST01577,2024-04-13,tiktok,bottoms,AU,59.0,14.69,44.31,False,completed
ORD003658,CUST02708,2024-12-09,organic,bottoms,FR,88.72,0.0,88.72,False,completed
ORD003659,CUST02902,2024-09-17,google,footwear,DE,93.77,0.0,93.77,False,completed
ORD003660,CUST02871,2024-12-02,meta,bottoms,AU,58.97,0.0,8.85,True,returned
ORD003661,CUST00732,2024-09-11,google,accessories,GB,29.45,0.0,29.45,False,completed
ORD003662,CUST00896,2024-12-27,meta,tops,US,64.49,12.96,51.53,False,completed
ORD003663,CUST03293,2024-11-15,tiktok,outerwear,DE,143.33,24.26,119.07,False,completed
ORD003664,CUST00564,2024-09-06,organic,tops,GB,51.56,0.0,51.56,False,completed
ORD003665,CUST00266,2024-09-25,email,outerwear,NL,159.98,0.0,159.98,False,completed
ORD003666,CUST02749,2024-08-09,organic,outerwear,US,142.6,0.0,142.6,False,completed
ORD003667,CUST03083,2024-11-30,meta,footwear,US,123.09,0.0,18.46,True,returned
ORD003668,CUST02865,2024-08-31,meta,tops,NL,59.67,14.27,45.4,False,completed
ORD003669,CUST02362,2024-08-04,organic,footwear,AU,118.66,0.0,118.66,False,completed
ORD003670,CUST02567,2024-09-28,email,accessories,GB,40.86,0.0,40.86,False,completed
ORD003671,CUST02114,2024-08-19,meta,bottoms,FR,103.16,20.39,82.77,False,completed
ORD003672,CUST00952,2024-10-28,tiktok,footwear,GB,104.88,20.15,84.73,False,completed
ORD003673,CUST01505,2024-12-15,email,tops,AU,65.54,0.0,65.54,False,completed
ORD003674,CUST02793,2024-11-15,tiktok,outerwear,US,160.75,23.61,137.14,False,completed
ORD003675,CUST01916,2024-12-19,organic,tops,GB,36.25,0.0,36.25,False,completed
ORD003676,CUST03501,2024-12-26,referral,tops,DE,53.26,0.0,7.99,True,returned
ORD003677,CUST02288,2024-12-04,tiktok,footwear,US,136.97,0.0,136.97,False,completed
ORD003678,CUST02497,2024-09-04,meta,accessories,GB,39.19,0.0,39.19,False,completed
ORD003679,CUST02067,2024-12-06,referral,outerwear,US,135.8,0.0,135.8,False,completed
ORD003680,CUST00974,2024-09-03,organic,footwear,US,130.45,0.0,130.45,False,completed
ORD003681,CUST01469,2024-09-26,google,outerwear,CA,175.03,0.0,175.03,False,completed
ORD003682,CUST03031,2024-10-15,meta,tops,GB,42.17,0.0,42.17,False,completed
ORD003683,CUST01379,2024-02-27,meta,tops,GB,66.46,9.91,0.06,True,returned
ORD003684,CUST00276,2024-06-02,email,tops,GB,56.95,0.0,56.95,False,completed
ORD003685,CUST02822,2024-11-24,meta,tops,DE,62.92,11.92,51.0,False,completed
ORD003686,CUST02040,2024-05-11,meta,bottoms,AU,86.97,0.0,86.97,False,completed
ORD003687,CUST01757,2024-06-20,tiktok,bottoms,FR,70.49,0.0,70.49,False,completed
ORD003688,CUST01373,2024-05-03,tiktok,tops,GB,53.68,0.0,53.68,False,completed
ORD003689,CUST00584,2024-04-18,tiktok,tops,US,40.84,0.0,40.84,False,completed
ORD003690,CUST02058,2024-12-10,meta,accessories,CA,54.82,13.34,41.48,False,completed
ORD003691,CUST02779,2024-03-15,meta,tops,NL,65.72,0.0,9.86,True,returned
ORD003692,CUST01808,2024-02-13,google,accessories,US,52.45,0.0,52.45,False,completed
ORD003693,CUST02679,2024-12-13,meta,outerwear,GB,118.09,19.66,98.43,False,completed
ORD003694,CUST02794,2024-12-25,google,bottoms,US,59.23,0.0,59.23,False,completed
ORD003695,CUST00290,2024-11-17,email,bottoms,GB,68.49,0.0,68.49,False,completed
ORD003696,CUST01001,2024-12-08,google,accessories,US,52.95,0.0,52.95,False,completed
ORD003697,CUST00360,2024-11-25,meta,outerwear,US,187.58,0.0,28.14,True,returned
ORD003698,CUST03677,2024-05-25,tiktok,footwear,US,108.28,24.09,-7.85,True,returned
ORD003699,CUST02999,2024-11-27,tiktok,accessories,DE,44.28,0.0,44.28,False,completed
ORD003700,CUST00110,2024-10-14,meta,accessories,AU,42.91,8.83,34.08,False,completed
ORD003701,CUST01220,2024-08-07,meta,footwear,CA,123.5,0.0,123.5,False,completed
ORD003702,CUST00529,2024-07-17,meta,bottoms,DE,67.84,7.67,60.17,False,completed
ORD003703,CUST00187,2024-05-30,email,bottoms,US,102.57,0.0,15.39,True,returned
ORD003704,CUST02599,2024-12-23,google,bottoms,AU,85.36,0.0,85.36,False,completed
ORD003705,CUST00753,2024-12-29,email,tops,AU,56.44,0.0,56.44,False,completed
ORD003706,CUST03531,2024-09-15,meta,tops,US,40.62,5.96,0.13,True,returned
ORD003707,CUST02030,2024-09-12,google,tops,GB,43.38,0.0,43.38,False,completed
ORD003708,CUST00428,2024-08-14,meta,bottoms,FR,55.45,12.56,-4.24,True,returned
ORD003709,CUST00008,2024-05-12,meta,tops,CA,46.52,7.21,-0.23,True,returned
ORD003710,CUST03053,2024-11-15,referral,outerwear,NL,108.78,0.0,108.78,False,completed
ORD003711,CUST03113,2024-09-13,google,outerwear,US,108.28,0.0,108.28,False,completed
ORD003712,CUST01464,2024-11-13,meta,accessories,US,55.87,0.0,55.87,False,completed
ORD003713,CUST02004,2024-09-09,meta,accessories,CA,30.15,0.0,30.15,False,completed
ORD003714,CUST03651,2024-12-14,meta,footwear,GB,111.91,0.0,111.91,False,completed
ORD003715,CUST03372,2024-09-10,meta,bottoms,DE,76.76,8.41,68.35,False,completed
ORD003716,CUST02049,2024-08-13,meta,bottoms,DE,55.98,0.0,55.98,False,completed
ORD003717,CUST00345,2024-12-02,meta,footwear,FR,88.07,0.0,88.07,False,completed
ORD003718,CUST00659,2024-10-17,tiktok,tops,GB,53.16,10.0,-2.03,True,returned
ORD003719,CUST01307,2024-10-23,meta,outerwear,GB,135.35,0.0,135.35,False,completed
ORD003720,CUST02643,2024-12-26,email,accessories,CA,34.25,0.0,34.25,False,completed
ORD003721,CUST02276,2024-09-07,organic,bottoms,US,102.67,0.0,102.67,False,completed
ORD003722,CUST03191,2024-07-16,google,outerwear,US,99.84,0.0,99.84,False,completed
ORD003723,CUST03258,2024-05-11,email,bottoms,GB,77.19,0.0,77.19,False,completed
ORD003724,CUST01358,2024-11-09,meta,tops,US,56.47,0.0,56.47,False,completed
ORD003725,CUST01333,2024-09-11,meta,outerwear,GB,165.15,0.0,24.77,True,returned
ORD003726,CUST03389,2024-09-23,meta,outerwear,FR,169.65,34.12,135.53,False,completed
ORD003727,CUST01296,2024-08-11,google,tops,GB,50.78,0.0,50.78,False,completed
ORD003728,CUST03472,2024-09-07,meta,accessories,GB,28.24,0.0,28.24,False,completed
ORD003729,CUST02601,2024-09-27,google,accessories,US,33.52,0.0,33.52,False,completed
ORD003730,CUST01144,2024-08-19,meta,tops,NL,68.23,0.0,68.23,False,completed
ORD003731,CUST02945,2024-10-22,google,accessories,GB,46.87,0.0,46.87,False,completed
ORD003732,CUST03111,2024-02-20,meta,bottoms,GB,100.83,0.0,100.83,False,completed
ORD003733,CUST01693,2024-12-14,meta,bottoms,GB,102.32,0.0,102.32,False,completed
ORD003734,CUST03288,2024-10-07,organic,footwear,FR,83.86,0.0,83.86,False,completed
ORD003735,CUST02990,2024-03-13,meta,footwear,FR,129.53,13.7,115.83,False,completed
ORD003736,CUST03194,2024-10-19,organic,outerwear,FR,96.88,0.0,96.88,False,completed
ORD003737,CUST03150,2024-12-30,meta,bottoms,FR,91.51,11.54,2.19,True,returned
ORD003738,CUST01649,2024-10-05,meta,outerwear,GB,131.24,0.0,131.24,False,completed
ORD003739,CUST03656,2024-06-03,meta,tops,GB,67.96,0.0,67.96,False,completed
ORD003740,CUST02261,2024-11-08,email,bottoms,DE,56.25,0.0,56.25,False,completed
ORD003741,CUST01120,2024-06-07,organic,footwear,US,81.08,0.0,81.08,False,completed
ORD003742,CUST03374,2024-12-13,meta,tops,US,45.32,0.0,45.32,False,completed
ORD003743,CUST00471,2024-05-28,meta,footwear,GB,108.15,14.74,93.41,False,completed
ORD003744,CUST01337,2024-12-12,referral,accessories,CA,47.4,0.0,47.4,False,completed
ORD003745,CUST00919,2024-10-24,organic,bottoms,US,59.0,0.0,59.0,False,completed
ORD003746,CUST02701,2024-07-25,referral,accessories,US,43.86,0.0,43.86,False,completed
ORD003747,CUST01978,2024-08-19,google,outerwear,US,173.84,0.0,26.08,True,returned
ORD003748,CUST00876,2024-12-28,organic,accessories,GB,35.3,0.0,35.3,False,completed
ORD003749,CUST02103,2024-11-09,referral,accessories,NL,40.38,0.0,40.38,False,completed
ORD003750,CUST03034,2024-11-27,google,footwear,GB,113.29,0.0,113.29,False,completed
ORD003751,CUST03447,2024-11-30,meta,tops,GB,52.82,0.0,7.92,True,returned
ORD003752,CUST00432,2024-11-28,tiktok,tops,AU,54.42,6.55,47.87,False,completed
ORD003753,CUST00343,2024-11-22,meta,footwear,DE,121.63,26.52,95.11,False,completed
ORD003754,CUST00681,2024-12-06,tiktok,bottoms,US,56.2,7.69,48.51,False,completed
ORD003755,CUST00992,2024-12-27,google,bottoms,NL,62.29,0.0,62.29,False,completed
ORD003756,CUST01451,2024-12-28,google,bottoms,GB,87.5,0.0,87.5,False,completed
ORD003757,CUST03329,2024-12-28,meta,bottoms,AU,71.76,0.0,71.76,False,completed
ORD003758,CUST02752,2024-05-07,tiktok,tops,US,38.63,4.25,34.38,False,completed
ORD003759,CUST02425,2024-06-17,organic,outerwear,GB,98.67,0.0,14.8,True,returned
ORD003760,CUST00420,2024-05-05,tiktok,outerwear,US,158.36,0.0,23.75,True,returned
ORD003761,CUST01477,2024-09-06,google,tops,DE,71.2,0.0,71.2,False,completed
ORD003762,CUST00672,2024-10-13,organic,accessories,US,40.26,0.0,40.26,False,completed
ORD003763,CUST01001,2024-12-06,google,accessories,US,50.86,0.0,50.86,False,completed
ORD003764,CUST02744,2024-07-20,tiktok,bottoms,GB,74.07,18.11,-7.0,True,returned
ORD003765,CUST01281,2024-11-26,meta,accessories,AU,43.98,5.33,38.65,False,completed
ORD003766,CUST03245,2024-12-26,meta,tops,DE,45.91,7.61,38.3,False,completed
ORD003767,CUST03171,2024-12-21,tiktok,bottoms,GB,102.5,20.11,82.39,False,completed
ORD003768,CUST01511,2024-06-08,meta,bottoms,GB,66.02,0.0,66.02,False,completed
ORD003769,CUST02691,2024-06-12,meta,footwear,US,85.17,15.61,-2.83,True,returned
ORD003770,CUST02430,2024-10-14,tiktok,accessories,US,42.31,0.0,42.31,False,completed
ORD003771,CUST03018,2024-12-21,tiktok,bottoms,GB,85.53,8.91,76.62,False,completed
ORD003772,CUST03301,2024-12-08,meta,bottoms,FR,97.39,0.0,97.39,False,completed
ORD003773,CUST02400,2024-11-11,tiktok,accessories,US,38.1,0.0,38.1,False,completed
ORD003774,CUST03736,2024-08-27,tiktok,bottoms,US,66.59,0.0,66.59,False,completed
ORD003775,CUST01977,2024-10-04,meta,tops,AU,68.75,12.93,55.82,False,completed
ORD003776,CUST00139,2024-04-30,email,bottoms,GB,93.95,0.0,14.09,True,returned
ORD003777,CUST00036,2024-10-22,organic,outerwear,US,179.88,0.0,179.88,False,completed
ORD003778,CUST01599,2024-08-25,organic,bottoms,AU,58.55,0.0,58.55,False,completed
ORD003779,CUST01874,2024-11-27,meta,accessories,US,50.47,0.0,50.47,False,completed
ORD003780,CUST03217,2024-12-15,organic,accessories,GB,43.75,0.0,43.75,False,completed
ORD003781,CUST03545,2024-10-28,organic,outerwear,FR,132.46,0.0,132.46,False,completed
ORD003782,CUST00573,2024-10-08,tiktok,tops,GB,66.47,10.24,-0.27,True,returned
ORD003783,CUST03318,2024-10-04,meta,outerwear,NL,153.89,0.0,23.08,True,returned
ORD003784,CUST00248,2024-10-15,meta,accessories,US,45.21,10.23,34.98,False,completed
ORD003785,CUST03045,2024-06-19,email,bottoms,GB,74.9,0.0,74.9,False,completed
ORD003786,CUST00558,2024-08-20,meta,outerwear,GB,181.7,0.0,27.25,True,returned
ORD003787,CUST00825,2024-12-02,referral,outerwear,CA,170.29,0.0,170.29,False,completed
ORD003788,CUST01523,2024-09-06,tiktok,outerwear,NL,118.19,0.0,118.19,False,completed
ORD003789,CUST02395,2024-07-04,meta,tops,GB,58.85,0.0,58.85,False,completed
ORD003790,CUST01096,2024-10-08,organic,bottoms,GB,81.81,0.0,81.81,False,completed
ORD003791,CUST03788,2024-08-08,meta,bottoms,GB,92.89,0.0,92.89,False,completed
ORD003792,CUST02335,2024-10-21,meta,outerwear,GB,128.27,0.0,128.27,False,completed
ORD003793,CUST03066,2024-09-03,organic,outerwear,DE,129.99,0.0,129.99,False,completed
ORD003794,CUST02077,2024-12-27,meta,tops,GB,52.15,10.77,-2.95,True,returned
ORD003795,CUST01180,2024-11-02,tiktok,outerwear,GB,159.24,0.0,23.89,True,returned
ORD003796,CUST02168,2024-09-04,meta,tops,US,41.22,0.0,41.22,False,completed
ORD003797,CUST00662,2024-11-26,organic,outerwear,GB,116.03,0.0,116.03,False,completed
ORD003798,CUST03745,2024-10-02,organic,bottoms,US,57.32,0.0,57.32,False,completed
ORD003799,CUST03342,2024-09-25,meta,outerwear,GB,169.58,35.49,-10.05,True,returned
ORD003800,CUST01596,2024-09-26,meta,outerwear,US,105.53,18.54,-2.71,True,returned
ORD003801,CUST00503,2024-04-10,meta,bottoms,NL,100.76,0.0,100.76,False,completed
ORD003802,CUST02179,2024-12-03,meta,outerwear,US,99.63,19.47,80.16,False,completed
ORD003803,CUST02408,2024-11-24,organic,tops,NL,70.07,0.0,70.07,False,completed
ORD003804,CUST02942,2024-02-29,meta,bottoms,AU,100.43,0.0,100.43,False,completed
ORD003805,CUST01118,2024-10-16,meta,tops,FR,43.57,9.27,34.3,False,completed
ORD003806,CUST03359,2024-12-21,google,footwear,GB,104.89,0.0,104.89,False,completed
ORD003807,CUST00546,2024-12-04,organic,bottoms,GB,63.23,0.0,63.23,False,completed
ORD003808,CUST03057,2024-08-13,meta,tops,GB,70.51,11.06,-0.48,True,returned
ORD003809,CUST02006,2024-11-06,meta,accessories,NL,29.9,0.0,4.48,True,returned
ORD003810,CUST01030,2024-12-19,organic,bottoms,CA,101.73,0.0,101.73,False,completed
ORD003811,CUST03225,2024-09-02,meta,footwear,US,138.7,0.0,138.7,False,completed
ORD003812,CUST00280,2024-11-20,meta,footwear,US,106.3,13.52,2.43,True,returned
ORD003813,CUST02296,2024-12-23,google,outerwear,FR,102.29,0.0,102.29,False,completed
ORD003814,CUST00125,2024-12-23,google,footwear,GB,75.73,0.0,75.73,False,completed
ORD003815,CUST03446,2024-04-17,email,bottoms,GB,96.2,0.0,96.2,False,completed
ORD003816,CUST00432,2024-11-22,tiktok,outerwear,AU,190.93,21.55,169.38,False,completed
ORD003817,CUST01276,2024-12-19,meta,bottoms,FR,98.47,0.0,98.47,False,completed
ORD003818,CUST01860,2024-11-08,tiktok,outerwear,GB,175.63,0.0,175.63,False,completed
ORD003819,CUST01688,2024-08-06,organic,outerwear,FR,96.02,0.0,14.4,True,returned
ORD003820,CUST00618,2024-07-24,meta,tops,GB,59.59,0.0,59.59,False,completed
ORD003821,CUST03086,2024-04-15,meta,bottoms,NL,95.95,13.13,82.82,False,completed
ORD003822,CUST02635,2024-12-21,organic,bottoms,DE,73.5,0.0,11.02,True,returned
ORD003823,CUST00961,2024-05-31,tiktok,tops,FR,47.8,0.0,47.8,False,completed
ORD003824,CUST02556,2024-11-16,google,outerwear,GB,186.82,0.0,28.02,True,returned
ORD003825,CUST01478,2024-11-22,tiktok,accessories,CA,28.83,6.93,-2.61,True,returned
ORD003826,CUST02154,2024-12-16,tiktok,tops,US,51.62,0.0,7.74,True,returned
ORD003827,CUST00275,2024-11-13,meta,bottoms,US,60.8,14.71,46.09,False,completed
ORD003828,CUST00099,2024-06-02,meta,bottoms,FR,84.51,0.0,84.51,False,completed
ORD003829,CUST02113,2024-12-30,organic,accessories,US,37.09,0.0,37.09,False,completed
ORD003830,CUST01385,2024-12-30,meta,footwear,US,114.31,17.18,97.13,False,completed
ORD003831,CUST01216,2024-12-16,tiktok,accessories,US,40.26,7.78,32.48,False,completed
ORD003832,CUST02774,2024-08-13,organic,tops,US,42.41,0.0,42.41,False,completed
ORD003833,CUST01390,2024-07-24,tiktok,bottoms,GB,58.49,8.56,49.93,False,completed
ORD003834,CUST03764,2024-06-15,google,outerwear,US,121.96,0.0,121.96,False,completed
ORD003835,CUST03741,2024-06-23,meta,outerwear,US,162.12,28.05,134.07,False,completed
ORD003836,CUST01582,2024-05-30,meta,outerwear,US,185.19,34.46,150.73,False,completed
ORD003837,CUST01174,2024-04-27,meta,bottoms,CA,97.7,0.0,97.7,False,completed
ORD003838,CUST01547,2024-10-20,organic,tops,GB,37.21,0.0,37.21,False,completed
ORD003839,CUST02781,2024-11-24,meta,outerwear,US,162.72,0.0,162.72,False,completed
ORD003840,CUST03543,2024-09-30,tiktok,accessories,DE,54.51,10.53,43.98,False,completed
ORD003841,CUST03078,2024-09-27,organic,tops,FR,59.24,0.0,59.24,False,completed
ORD003842,CUST01875,2024-07-30,meta,footwear,GB,92.86,12.58,1.35,True,returned
ORD003843,CUST02372,2024-11-29,google,bottoms,US,98.42,0.0,98.42,False,completed
ORD003844,CUST01937,2024-01-30,meta,tops,FR,41.76,0.0,41.76,False,completed
ORD003845,CUST00449,2024-11-08,email,outerwear,GB,130.21,0.0,130.21,False,completed
ORD003846,CUST02137,2024-07-28,tiktok,footwear,GB,90.62,0.0,90.62,False,completed
ORD003847,CUST02239,2024-05-31,tiktok,tops,CA,36.1,0.0,5.42,True,returned
ORD003848,CUST00823,2024-09-27,tiktok,bottoms,GB,93.69,20.42,73.27,False,completed
ORD003849,CUST00731,2024-10-16,meta,accessories,AU,53.28,13.09,-5.1,True,returned
ORD003850,CUST03185,2024-06-22,tiktok,outerwear,US,187.06,0.0,28.06,True,returned
ORD003851,CUST01403,2024-12-12,meta,tops,GB,49.11,0.0,49.11,False,completed
ORD003852,CUST00297,2024-08-12,meta,accessories,US,28.14,5.6,22.54,False,completed
ORD003853,CUST03533,2024-10-09,meta,accessories,US,31.22,0.0,4.68,True,returned
ORD003854,CUST00744,2024-07-15,meta,accessories,DE,38.66,0.0,5.8,True,returned
ORD003855,CUST02966,2024-12-12,organic,tops,US,67.4,0.0,67.4,False,completed
ORD003856,CUST03323,2024-10-16,google,tops,GB,59.52,0.0,8.93,True,returned
ORD003857,CUST00842,2024-05-19,meta,tops,GB,68.76,0.0,10.31,True,returned
ORD003858,CUST01008,2024-11-22,organic,bottoms,GB,86.02,0.0,86.02,False,completed
ORD003859,CUST02112,2024-09-13,meta,bottoms,US,100.68,0.0,15.1,True,returned
ORD003860,CUST02467,2024-12-18,tiktok,bottoms,US,89.45,0.0,89.45,False,completed
ORD003861,CUST03017,2024-10-23,meta,accessories,DE,39.93,6.25,-0.26,True,returned
ORD003862,CUST03407,2024-10-02,tiktok,accessories,DE,34.93,0.0,34.93,False,completed
ORD003863,CUST03211,2024-11-02,google,outerwear,US,103.62,0.0,103.62,False,completed
ORD003864,CUST02000,2024-08-23,meta,accessories,DE,35.94,7.15,28.79,False,completed
ORD003865,CUST02609,2024-10-10,tiktok,tops,DE,68.78,7.7,61.08,False,completed
ORD003866,CUST01466,2024-12-16,email,outerwear,AU,172.8,0.0,172.8,False,completed
ORD003867,CUST03028,2024-09-02,organic,tops,US,49.49,0.0,49.49,False,completed
ORD003868,CUST01758,2024-05-31,email,bottoms,US,67.1,0.0,67.1,False,completed
ORD003869,CUST02046,2024-08-23,meta,tops,FR,42.13,0.0,42.13,False,completed
ORD003870,CUST02572,2024-07-03,email,tops,US,62.13,0.0,62.13,False,completed
ORD003871,CUST02051,2024-12-11,google,tops,US,43.46,0.0,43.46,False,completed
ORD003872,CUST02343,2024-11-22,google,tops,GB,41.8,0.0,41.8,False,completed
ORD003873,CUST00897,2024-11-25,tiktok,accessories,US,51.37,0.0,51.37,False,completed
ORD003874,CUST03762,2024-05-20,organic,tops,US,56.27,0.0,8.44,True,returned
ORD003875,CUST01889,2024-07-27,organic,tops,DE,70.91,0.0,70.91,False,completed
ORD003876,CUST00028,2024-10-26,meta,outerwear,DE,187.02,0.0,28.05,True,returned
ORD003877,CUST01720,2024-12-10,meta,footwear,DE,106.77,0.0,106.77,False,completed
ORD003878,CUST01090,2024-07-29,organic,outerwear,AU,140.61,0.0,140.61,False,completed
ORD003879,CUST01600,2024-03-14,organic,tops,US,51.04,0.0,51.04,False,completed
ORD003880,CUST00945,2024-11-19,google,tops,GB,39.55,0.0,39.55,False,completed
ORD003881,CUST03026,2024-11-23,meta,bottoms,GB,85.95,0.0,85.95,False,completed
ORD003882,CUST02734,2024-07-19,meta,accessories,US,39.19,0.0,39.19,False,completed
ORD003883,CUST01774,2024-10-22,tiktok,bottoms,NL,65.09,9.95,55.14,False,completed
ORD003884,CUST00035,2024-12-16,tiktok,outerwear,US,185.12,30.61,154.51,False,completed
ORD003885,CUST01350,2024-08-16,email,footwear,GB,77.08,0.0,77.08,False,completed
ORD003886,CUST01178,2024-12-28,meta,bottoms,GB,79.52,0.0,79.52,False,completed
ORD003887,CUST00589,2024-12-12,google,bottoms,GB,90.5,0.0,90.5,False,completed
ORD003888,CUST00021,2024-09-12,organic,tops,FR,61.19,0.0,61.19,False,completed
ORD003889,CUST00167,2024-09-25,organic,accessories,GB,32.76,0.0,32.76,False,completed
ORD003890,CUST01915,2024-12-30,tiktok,outerwear,DE,157.95,0.0,157.95,False,completed
ORD003891,CUST00143,2024-10-13,meta,bottoms,US,76.91,0.0,11.54,True,returned
ORD003892,CUST01769,2024-10-16,organic,outerwear,CA,119.59,0.0,119.59,False,completed
ORD003893,CUST00360,2024-11-20,meta,tops,US,42.98,7.95,35.03,False,completed
ORD003894,CUST03678,2024-04-18,meta,tops,NL,36.71,0.0,5.51,True,returned
ORD003895,CUST03281,2024-11-11,google,tops,US,36.77,0.0,36.77,False,completed
ORD003896,CUST02056,2024-12-15,referral,bottoms,US,79.2,0.0,79.2,False,completed
ORD003897,CUST00547,2024-12-06,meta,tops,CA,41.53,5.88,35.65,False,completed
ORD003898,CUST01688,2024-08-31,organic,bottoms,FR,65.15,0.0,65.15,False,completed
ORD003899,CUST02144,2024-08-17,meta,bottoms,US,100.75,0.0,100.75,False,completed
ORD003900,CUST00819,2024-12-19,meta,bottoms,GB,89.06,13.57,-0.21,True,returned
ORD003901,CUST01628,2024-10-01,google,footwear,GB,103.11,0.0,103.11,False,completed
ORD003902,CUST02692,2024-05-15,referral,accessories,AU,43.19,0.0,43.19,False,completed
ORD003903,CUST01456,2024-12-25,tiktok,bottoms,US,65.02,0.0,65.02,False,completed
ORD003904,CUST00577,2024-11-22,organic,footwear,NL,99.87,0.0,14.98,True,returned
ORD003905,CUST00503,2024-11-23,meta,outerwear,NL,151.98,0.0,22.8,True,returned
ORD003906,CUST03011,2024-11-11,tiktok,tops,AU,66.99,11.43,55.56,False,completed
ORD003907,CUST02883,2024-05-13,google,outerwear,US,133.76,0.0,133.76,False,completed
ORD003908,CUST02199,2024-09-26,tiktok,tops,GB,54.91,13.45,41.46,False,completed
ORD003909,CUST01875,2024-08-15,meta,bottoms,GB,81.36,0.0,81.36,False,completed
ORD003910,CUST00200,2024-07-19,meta,accessories,GB,28.11,0.0,28.11,False,completed
ORD003911,CUST03479,2024-11-10,meta,accessories,US,44.99,0.0,6.75,True,returned
ORD003912,CUST02541,2024-06-02,meta,accessories,GB,48.75,0.0,48.75,False,completed
ORD003913,CUST00770,2024-10-09,referral,footwear,GB,104.7,0.0,104.7,False,completed
ORD003914,CUST00527,2024-10-07,meta,accessories,NL,50.45,0.0,50.45,False,completed
ORD003915,CUST02597,2024-09-14,meta,accessories,FR,48.47,0.0,48.47,False,completed
ORD003916,CUST03341,2024-07-17,organic,bottoms,DE,61.51,0.0,9.23,True,returned
ORD003917,CUST01601,2024-11-01,tiktok,bottoms,AU,63.29,0.0,63.29,False,completed
ORD003918,CUST02778,2024-06-25,meta,tops,GB,41.6,4.96,1.28,True,returned
ORD003919,CUST00986,2024-10-29,meta,bottoms,GB,101.63,17.7,-2.46,True,returned
ORD003920,CUST01284,2024-11-26,google,accessories,US,51.47,0.0,7.72,True,returned
ORD003921,CUST01121,2024-09-24,meta,tops,DE,67.83,16.43,51.4,False,completed
ORD003922,CUST00202,2024-12-20,meta,tops,DE,36.52,0.0,36.52,False,completed
ORD003923,CUST03021,2024-11-10,google,footwear,GB,109.12,0.0,109.12,False,completed
ORD003924,CUST02621,2024-10-29,tiktok,outerwear,US,140.7,20.45,0.66,True,returned
ORD003925,CUST03227,2024-09-04,meta,tops,NL,68.66,0.0,10.3,True,returned
ORD003926,CUST02742,2024-10-19,google,tops,GB,60.4,0.0,60.4,False,completed
ORD003927,CUST00990,2024-12-25,tiktok,footwear,CA,126.47,0.0,126.47,False,completed
ORD003928,CUST00904,2024-12-13,meta,bottoms,GB,69.84,8.32,61.52,False,completed
ORD003929,CUST01463,2024-12-17,tiktok,footwear,US,96.3,0.0,96.3,False,completed
ORD003930,CUST01181,2024-11-03,google,footwear,FR,84.94,0.0,84.94,False,completed
ORD003931,CUST01754,2024-04-28,google,bottoms,GB,87.53,0.0,87.53,False,completed
ORD003932,CUST03272,2024-11-09,referral,outerwear,GB,108.24,0.0,108.24,False,completed
ORD003933,CUST01896,2024-11-30,meta,tops,NL,41.0,8.05,-1.9,True,returned
ORD003934,CUST00851,2024-08-29,meta,accessories,GB,34.23,4.23,0.9,True,returned
ORD003935,CUST02535,2024-12-20,tiktok,outerwear,GB,189.35,24.07,165.28,False,completed
ORD003936,CUST01180,2024-11-27,tiktok,bottoms,GB,61.83,0.0,61.83,False,completed
ORD003937,CUST00287,2024-11-13,meta,outerwear,CA,153.95,17.98,5.11,True,returned
ORD003938,CUST02460,2024-05-27,email,tops,DE,51.9,0.0,51.9,False,completed
ORD003939,CUST02324,2024-11-11,tiktok,bottoms,GB,86.73,11.02,1.99,True,returned
ORD003940,CUST03235,2024-12-24,meta,tops,GB,69.85,15.72,-5.24,True,returned
ORD003941,CUST02893,2024-11-04,email,accessories,CA,48.21,0.0,48.21,False,completed
ORD003942,CUST00364,2024-05-17,referral,tops,DE,45.94,0.0,45.94,False,completed
ORD003943,CUST01614,2024-08-11,tiktok,accessories,FR,38.98,4.84,34.14,False,completed
ORD003944,CUST03188,2024-11-07,meta,accessories,GB,39.72,8.08,-2.12,True,returned
ORD003945,CUST03782,2024-11-08,referral,outerwear,US,140.49,0.0,140.49,False,completed
ORD003946,CUST03768,2024-09-26,meta,bottoms,US,78.01,0.0,78.01,False,completed
ORD003947,CUST00193,2024-12-27,google,bottoms,GB,97.89,0.0,97.89,False,completed
ORD003948,CUST02234,2024-06-10,meta,outerwear,FR,106.22,19.23,86.99,False,completed
ORD003949,CUST01525,2024-11-18,google,tops,AU,37.57,0.0,5.64,True,returned
ORD003950,CUST00246,2024-10-16,organic,tops,GB,71.12,0.0,71.12,False,completed
ORD003951,CUST02994,2024-10-15,meta,outerwear,US,141.68,22.72,118.96,False,completed
ORD003952,CUST02260,2024-10-30,organic,tops,US,41.97,0.0,41.97,False,completed
ORD003953,CUST01895,2024-12-11,meta,tops,GB,46.41,0.0,46.41,False,completed
ORD003954,CUST00903,2024-10-16,google,outerwear,GB,174.72,0.0,174.72,False,completed
ORD003955,CUST03232,2024-12-29,google,outerwear,GB,178.14,0.0,178.14,False,completed
ORD003956,CUST03369,2024-10-26,meta,bottoms,GB,90.93,15.44,75.49,False,completed
ORD003957,CUST02028,2024-10-30,google,bottoms,US,103.38,0.0,15.51,True,returned
ORD003958,CUST02109,2024-08-11,google,tops,AU,62.25,0.0,62.25,False,completed
ORD003959,CUST01622,2024-12-17,email,outerwear,US,130.46,0.0,130.46,False,completed
ORD003960,CUST01479,2024-12-23,google,outerwear,US,127.41,0.0,127.41,False,completed
ORD003961,CUST00172,2024-12-07,tiktok,footwear,US,138.12,29.23,108.89,False,completed
ORD003962,CUST00629,2024-07-31,meta,outerwear,GB,133.94,16.2,3.89,True,returned
ORD003963,CUST00036,2024-12-30,organic,tops,US,70.95,0.0,70.95,False,completed
ORD003964,CUST00380,2024-12-12,organic,tops,FR,48.71,0.0,48.71,False,completed
ORD003965,CUST02597,2024-10-21,meta,accessories,FR,33.54,5.35,28.19,False,completed
ORD003966,CUST00185,2024-05-25,organic,tops,US,41.18,0.0,41.18,False,completed
ORD003967,CUST00877,2024-09-02,tiktok,tops,GB,66.47,14.52,-4.55,True,returned
ORD003968,CUST00636,2024-07-29,meta,outerwear,US,109.7,0.0,16.45,True,returned
ORD003969,CUST01482,2024-12-27,meta,accessories,GB,36.72,4.51,32.21,False,completed
ORD003970,CUST02488,2024-12-04,tiktok,bottoms,GB,56.52,0.0,56.52,False,completed
ORD003971,CUST01252,2024-12-05,meta,bottoms,GB,58.92,0.0,8.84,True,returned
ORD003972,CUST01772,2024-09-25,tiktok,tops,AU,37.96,0.0,37.96,False,completed
ORD003973,CUST00871,2024-09-28,meta,footwear,AU,93.17,0.0,93.17,False,completed
ORD003974,CUST02555,2024-01-24,meta,tops,CA,71.17,11.38,59.79,False,completed
ORD003975,CUST01607,2024-10-14,meta,outerwear,US,162.03,0.0,24.3,True,returned
ORD003976,CUST03358,2024-05-20,organic,outerwear,GB,150.25,0.0,150.25,False,completed
ORD003977,CUST02122,2024-09-12,meta,bottoms,US,97.7,0.0,97.7,False,completed
ORD003978,CUST00068,2024-08-19,google,bottoms,DE,82.12,0.0,82.12,False,completed
ORD003979,CUST02594,2024-07-27,google,tops,US,53.16,0.0,53.16,False,completed
ORD003980,CUST01558,2024-08-09,meta,accessories,NL,32.1,0.0,32.1,False,completed
ORD003981,CUST01342,2024-10-17,google,outerwear,NL,111.25,0.0,111.25,False,completed
ORD003982,CUST01246,2024-10-20,google,accessories,US,39.56,0.0,39.56,False,completed
ORD003983,CUST02940,2024-10-13,google,bottoms,FR,54.85,0.0,54.85,False,completed
ORD003984,CUST01915,2024-05-08,tiktok,tops,DE,60.19,0.0,60.19,False,completed
ORD003985,CUST03585,2024-11-16,meta,bottoms,GB,57.48,0.0,57.48,False,completed
ORD003986,CUST01222,2024-12-01,google,outerwear,GB,133.09,0.0,133.09,False,completed
ORD003987,CUST01551,2024-11-20,meta,bottoms,DE,78.11,0.0,78.11,False,completed
ORD003988,CUST03057,2024-12-20,meta,outerwear,GB,187.75,0.0,187.75,False,completed
ORD003989,CUST00694,2024-11-17,organic,footwear,US,115.49,0.0,115.49,False,completed
ORD003990,CUST03644,2024-05-27,google,accessories,US,47.05,0.0,47.05,False,completed
ORD003991,CUST02663,2024-09-30,google,footwear,US,97.94,0.0,97.94,False,completed
ORD003992,CUST01750,2024-12-28,tiktok,outerwear,GB,136.04,0.0,20.41,True,returned
ORD003993,CUST01119,2024-06-07,meta,accessories,US,55.3,0.0,8.3,True,returned
ORD003994,CUST03559,2024-08-13,meta,bottoms,AU,80.31,0.0,12.05,True,returned
ORD003995,CUST00781,2024-07-06,organic,bottoms,GB,82.45,0.0,82.45,False,completed
ORD003996,CUST02644,2024-06-28,organic,bottoms,GB,77.68,0.0,77.68,False,completed
ORD003997,CUST01015,2024-12-18,meta,footwear,US,111.67,0.0,16.75,True,returned
ORD003998,CUST03591,2024-09-02,meta,tops,FR,64.79,11.35,-1.63,True,returned
ORD003999,CUST01504,2024-04-17,email,tops,US,58.58,0.0,58.58,False,completed
ORD004000,CUST00408,2024-06-06,meta,tops,GB,38.64,0.0,5.8,True,returned
ORD004001,CUST01618,2024-11-11,meta,accessories,GB,34.07,0.0,5.11,True,returned
ORD004002,CUST02432,2024-10-01,google,tops,DE,42.05,0.0,6.31,True,returned
ORD004003,CUST01002,2024-11-02,meta,bottoms,US,99.59,11.64,87.95,False,completed
ORD004004,CUST02550,2024-09-17,tiktok,outerwear,FR,182.17,39.35,142.82,False,completed
ORD004005,CUST01991,2024-12-07,organic,bottoms,DE,99.01,0.0,99.01,False,completed
ORD004006,CUST00057,2024-06-22,organic,outerwear,AU,162.27,0.0,162.27,False,completed
ORD004007,CUST02617,2024-11-15,meta,outerwear,GB,187.32,45.69,141.63,False,completed
ORD004008,CUST00871,2024-11-29,meta,accessories,AU,54.29,0.0,54.29,False,completed
ORD004009,CUST01054,2024-04-10,meta,accessories,US,42.29,10.02,32.27,False,completed
ORD004010,CUST01281,2024-09-13,meta,outerwear,AU,125.23,30.86,94.37,False,completed
ORD004011,CUST00240,2024-12-30,tiktok,outerwear,US,97.04,0.0,97.04,False,completed
ORD004012,CUST00764,2024-08-04,meta,accessories,AU,29.49,0.0,29.49,False,completed
ORD004013,CUST03002,2024-12-21,google,bottoms,US,96.77,0.0,96.77,False,completed
ORD004014,CUST02979,2024-07-30,tiktok,tops,NL,61.68,8.06,53.62,False,completed
ORD004015,CUST00464,2024-08-08,organic,outerwear,US,97.21,0.0,97.21,False,completed
ORD004016,CUST02459,2024-10-10,organic,tops,GB,61.12,0.0,61.12,False,completed
ORD004017,CUST00569,2024-10-20,meta,outerwear,FR,129.63,19.98,109.65,False,completed
ORD004018,CUST02686,2024-11-22,meta,accessories,US,30.47,5.62,-1.05,True,returned
ORD004019,CUST02972,2024-09-14,tiktok,tops,US,70.36,11.11,59.25,False,completed
ORD004020,CUST02784,2024-09-15,meta,tops,GB,63.27,0.0,63.27,False,completed
ORD004021,CUST00463,2024-12-23,meta,footwear,US,105.72,0.0,105.72,False,completed
ORD004022,CUST03019,2024-11-22,organic,footwear,GB,72.51,0.0,72.51,False,completed
ORD004023,CUST01365,2024-07-31,meta,bottoms,GB,97.48,13.17,84.31,False,completed
ORD004024,CUST00065,2024-09-14,tiktok,tops,GB,58.13,0.0,58.13,False,completed
ORD004025,CUST03306,2024-09-18,referral,tops,GB,66.86,0.0,66.86,False,completed
ORD004026,CUST02760,2024-09-17,meta,bottoms,NL,62.26,6.92,55.34,False,completed
ORD004027,CUST02723,2024-12-04,meta,tops,US,47.6,0.0,47.6,False,completed
ORD004028,CUST02056,2024-09-24,referral,tops,US,46.48,0.0,46.48,False,completed
ORD004029,CUST01830,2024-10-23,meta,tops,US,53.88,0.0,8.08,True,returned
ORD004030,CUST02016,2024-11-15,tiktok,outerwear,GB,149.68,0.0,149.68,False,completed
ORD004031,CUST02665,2024-12-07,meta,bottoms,US,86.31,15.23,71.08,False,completed
ORD004032,CUST01319,2024-05-27,google,outerwear,NL,96.75,0.0,96.75,False,completed
ORD004033,CUST00670,2024-11-04,meta,tops,GB,59.08,12.33,46.75,False,completed
ORD004034,CUST02247,2024-11-01,tiktok,outerwear,GB,107.31,0.0,107.31,False,completed
ORD004035,CUST00535,2024-02-19,tiktok,bottoms,DE,56.68,0.0,8.5,True,returned
ORD004036,CUST01048,2024-05-02,organic,bottoms,GB,62.16,0.0,62.16,False,completed
ORD004037,CUST00128,2024-10-27,organic,accessories,US,44.7,0.0,44.7,False,completed
ORD004038,CUST00733,2024-11-24,meta,tops,US,47.33,0.0,7.1,True,returned
ORD004039,CUST02922,2024-11-15,meta,accessories,GB,41.29,4.43,1.76,True,returned
ORD004040,CUST01610,2024-11-14,tiktok,bottoms,GB,100.84,0.0,100.84,False,completed
ORD004041,CUST03738,2024-12-24,organic,outerwear,US,187.4,0.0,187.4,False,completed
ORD004042,CUST00367,2024-10-18,tiktok,accessories,NL,49.99,10.53,39.46,False,completed
ORD004043,CUST02475,2024-05-03,google,bottoms,AU,67.48,0.0,67.48,False,completed
ORD004044,CUST01010,2024-12-06,tiktok,footwear,US,109.53,0.0,109.53,False,completed
ORD004045,CUST00409,2024-12-08,google,accessories,GB,37.39,0.0,37.39,False,completed
ORD004046,CUST03260,2024-11-12,organic,bottoms,US,74.83,0.0,74.83,False,completed
ORD004047,CUST02394,2024-12-25,google,bottoms,GB,65.93,0.0,65.93,False,completed
ORD004048,CUST00119,2024-03-14,organic,bottoms,FR,81.55,0.0,81.55,False,completed
ORD004049,CUST01843,2024-09-15,organic,bottoms,DE,55.91,0.0,55.91,False,completed
ORD004050,CUST03564,2024-11-14,organic,accessories,NL,29.12,0.0,29.12,False,completed
ORD004051,CUST02726,2024-10-26,meta,outerwear,FR,120.15,0.0,120.15,False,completed
ORD004052,CUST01251,2024-10-24,meta,bottoms,GB,60.43,13.86,46.57,False,completed
ORD004053,CUST02985,2024-07-04,google,tops,AU,69.03,0.0,69.03,False,completed
ORD004054,CUST02640,2024-12-19,meta,tops,GB,45.64,0.0,45.64,False,completed
ORD004055,CUST00966,2024-11-26,organic,outerwear,US,143.89,0.0,143.89,False,completed
ORD004056,CUST00703,2024-07-23,google,tops,GB,62.09,0.0,62.09,False,completed
ORD004057,CUST03653,2024-10-29,meta,outerwear,GB,111.69,24.83,86.86,False,completed
ORD004058,CUST00995,2024-11-02,organic,bottoms,US,86.63,0.0,86.63,False,completed
ORD004059,CUST02484,2024-12-03,google,bottoms,GB,91.82,0.0,91.82,False,completed
ORD004060,CUST01172,2024-10-01,tiktok,tops,FR,52.38,10.92,41.46,False,completed
ORD004061,CUST01610,2024-12-23,tiktok,bottoms,GB,88.93,0.0,88.93,False,completed
ORD004062,CUST02265,2024-11-25,email,outerwear,US,134.91,0.0,134.91,False,completed
ORD004063,CUST00638,2024-11-16,meta,tops,FR,71.04,0.0,71.04,False,completed
ORD004064,CUST03510,2024-10-13,email,accessories,US,54.29,0.0,54.29,False,completed
ORD004065,CUST00232,2024-05-10,organic,bottoms,US,62.11,0.0,62.11,False,completed
ORD004066,CUST00243,2024-05-13,tiktok,tops,US,67.59,8.75,1.39,True,returned
ORD004067,CUST03614,2024-11-11,meta,footwear,GB,84.75,10.65,74.1,False,completed
ORD004068,CUST03559,2024-11-04,meta,outerwear,AU,113.47,11.89,5.13,True,returned
ORD004069,CUST01131,2024-10-14,meta,bottoms,US,93.56,0.0,14.03,True,returned
ORD004070,CUST02673,2024-10-26,tiktok,tops,US,67.37,7.8,59.57,False,completed
ORD004071,CUST01391,2024-06-01,tiktok,accessories,US,35.42,6.95,28.47,False,completed
ORD004072,CUST00683,2024-05-26,organic,outerwear,GB,147.02,0.0,147.02,False,completed
ORD004073,CUST03508,2024-11-16,tiktok,accessories,CA,38.6,0.0,38.6,False,completed
ORD004074,CUST00306,2024-08-17,google,outerwear,GB,107.81,0.0,107.81,False,completed
ORD004075,CUST01119,2024-11-26,meta,outerwear,US,112.67,14.28,2.62,True,returned
ORD004076,CUST02443,2024-12-06,google,footwear,FR,84.49,0.0,84.49,False,completed
ORD004077,CUST00837,2024-06-02,meta,tops,AU,68.67,0.0,68.67,False,completed
ORD004078,CUST01535,2024-12-30,google,outerwear,CA,173.95,0.0,173.95,False,completed
ORD004079,CUST03499,2024-09-13,meta,tops,US,47.38,11.45,-4.34,True,returned
ORD004080,CUST00309,2024-09-21,tiktok,tops,US,46.01,9.34,36.67,False,completed
ORD004081,CUST00961,2024-03-29,tiktok,bottoms,FR,76.21,11.33,64.88,False,completed
ORD004082,CUST00806,2024-08-09,organic,tops,NL,54.11,0.0,54.11,False,completed
ORD004083,CUST01657,2024-05-30,meta,footwear,US,89.18,0.0,89.18,False,completed
ORD004084,CUST03383,2024-11-13,google,footwear,NL,94.21,0.0,94.21,False,completed
ORD004085,CUST03351,2024-06-16,google,footwear,DE,117.5,0.0,17.62,True,returned
ORD004086,CUST01724,2024-11-28,google,outerwear,US,133.37,0.0,133.37,False,completed
ORD004087,CUST01547,2024-12-16,organic,outerwear,GB,119.27,0.0,119.27,False,completed
ORD004088,CUST01268,2024-10-01,tiktok,tops,US,65.23,0.0,65.23,False,completed
ORD004089,CUST02126,2024-09-26,meta,outerwear,FR,163.21,26.72,-2.24,True,returned
ORD004090,CUST03480,2024-12-10,meta,bottoms,US,70.2,8.75,1.78,True,returned
ORD004091,CUST00010,2024-09-17,meta,outerwear,GB,114.34,15.8,98.54,False,completed
ORD004092,CUST00216,2024-08-20,meta,footwear,US,106.6,0.0,106.6,False,completed
ORD004093,CUST02217,2024-12-08,google,accessories,DE,54.94,0.0,54.94,False,completed
ORD004094,CUST00930,2024-11-10,meta,tops,GB,69.32,7.76,2.64,True,returned
ORD004095,CUST03062,2024-12-15,tiktok,outerwear,DE,124.35,0.0,124.35,False,completed
ORD004096,CUST02534,2024-10-03,meta,accessories,US,45.3,0.0,45.3,False,completed
ORD004097,CUST01855,2024-08-30,meta,accessories,FR,32.59,0.0,32.59,False,completed
ORD004098,CUST01172,2024-08-27,tiktok,tops,FR,45.71,7.83,37.88,False,completed
ORD004099,CUST03450,2024-12-01,tiktok,tops,AU,61.4,12.76,48.64,False,completed
ORD004100,CUST01450,2024-09-25,google,bottoms,US,78.98,0.0,78.98,False,completed
ORD004101,CUST01320,2024-09-13,tiktok,bottoms,DE,68.83,16.13,52.7,False,completed
ORD004102,CUST03677,2024-11-25,tiktok,outerwear,US,154.45,23.32,-0.15,True,returned
ORD004103,CUST02044,2024-12-19,meta,outerwear,GB,159.37,0.0,159.37,False,completed
ORD004104,CUST03408,2024-08-17,tiktok,bottoms,GB,74.6,0.0,74.6,False,completed
ORD004105,CUST00409,2024-11-15,google,bottoms,GB,63.36,0.0,63.36,False,completed
ORD004106,CUST02756,2024-10-13,tiktok,tops,GB,36.16,0.0,36.16,False,completed
ORD004107,CUST02334,2024-02-28,google,footwear,DE,96.55,0.0,96.55,False,completed
ORD004108,CUST03040,2024-07-04,meta,accessories,NL,42.86,0.0,42.86,False,completed
ORD004109,CUST02536,2024-09-16,google,footwear,NL,102.64,0.0,15.4,True,returned
ORD004110,CUST02529,2024-10-01,meta,tops,US,47.06,0.0,47.06,False,completed
ORD004111,CUST00071,2024-12-15,google,bottoms,US,56.26,0.0,56.26,False,completed
ORD004112,CUST00234,2024-07-02,referral,bottoms,FR,58.74,0.0,58.74,False,completed
ORD004113,CUST00561,2024-10-07,email,bottoms,DE,86.08,0.0,86.08,False,completed
ORD004114,CUST02157,2024-06-03,email,accessories,GB,31.66,0.0,31.66,False,completed
ORD004115,CUST02386,2024-08-28,tiktok,tops,FR,48.57,0.0,48.57,False,completed
ORD004116,CUST01318,2024-09-13,meta,bottoms,GB,69.49,0.0,69.49,False,completed
ORD004117,CUST01928,2024-12-03,google,accessories,DE,54.47,0.0,54.47,False,completed
ORD004118,CUST03371,2024-12-02,google,outerwear,GB,136.07,0.0,136.07,False,completed
ORD004119,CUST01485,2024-08-25,meta,bottoms,DE,63.62,14.11,49.51,False,completed
ORD004120,CUST03273,2024-11-20,meta,bottoms,CA,99.87,12.54,2.44,True,returned
ORD004121,CUST01356,2024-11-04,google,accessories,US,39.74,0.0,39.74,False,completed
ORD004122,CUST03464,2024-10-18,meta,tops,AU,59.75,0.0,59.75,False,completed
ORD004123,CUST03491,2024-07-21,email,accessories,US,44.49,0.0,44.49,False,completed
ORD004124,CUST00718,2024-09-11,organic,outerwear,FR,169.04,0.0,169.04,False,completed
ORD004125,CUST01343,2024-05-01,organic,tops,GB,58.47,0.0,58.47,False,completed
ORD004126,CUST02780,2024-06-20,tiktok,tops,GB,65.52,6.93,58.59,False,completed
ORD004127,CUST00004,2024-04-22,google,outerwear,GB,168.92,0.0,168.92,False,completed
ORD004128,CUST02927,2024-05-30,google,footwear,GB,92.37,0.0,92.37,False,completed
ORD004129,CUST03031,2024-10-08,meta,bottoms,GB,68.65,0.0,68.65,False,completed
ORD004130,CUST00284,2024-10-24,meta,footwear,GB,120.65,0.0,120.65,False,completed
ORD004131,CUST02890,2024-07-27,email,bottoms,GB,83.98,0.0,83.98,False,completed
ORD004132,CUST01280,2024-02-20,tiktok,outerwear,CA,167.79,25.69,-0.52,True,returned
ORD004133,CUST00092,2024-10-18,organic,accessories,AU,33.73,0.0,33.73,False,completed
ORD004134,CUST00313,2024-10-13,meta,bottoms,GB,77.91,13.88,64.03,False,completed
ORD004135,CUST02666,2024-09-28,meta,footwear,US,143.76,19.09,124.67,False,completed
ORD004136,CUST02080,2024-02-02,organic,tops,US,61.63,0.0,61.63,False,completed
ORD004137,CUST01971,2024-08-21,tiktok,accessories,US,50.55,12.53,-4.95,True,returned
ORD004138,CUST03023,2024-12-03,google,outerwear,DE,101.87,0.0,101.87,False,completed
ORD004139,CUST01196,2024-08-25,google,tops,GB,59.4,0.0,59.4,False,completed
ORD004140,CUST02674,2024-12-17,meta,accessories,FR,29.52,5.63,-1.2,True,returned
ORD004141,CUST00816,2024-02-26,meta,tops,US,68.78,0.0,68.78,False,completed
ORD004142,CUST02803,2024-05-18,meta,tops,US,44.65,0.0,44.65,False,completed
ORD004143,CUST02963,2024-07-19,google,bottoms,GB,75.8,0.0,75.8,False,completed
ORD004144,CUST00984,2024-10-19,google,bottoms,DE,101.61,0.0,101.61,False,completed
ORD004145,CUST01463,2024-10-29,tiktok,tops,US,58.23,14.23,-5.5,True,returned
ORD004146,CUST00454,2024-11-02,meta,bottoms,FR,96.77,20.41,-5.89,True,returned
ORD004147,CUST00455,2024-06-05,google,footwear,DE,82.06,0.0,82.06,False,completed
ORD004148,CUST02352,2024-10-06,meta,bottoms,GB,64.22,0.0,9.63,True,returned
ORD004149,CUST03077,2024-11-22,meta,tops,DE,44.98,0.0,44.98,False,completed
ORD004150,CUST00843,2024-11-22,meta,outerwear,GB,190.41,0.0,190.41,False,completed
ORD004151,CUST01290,2024-10-23,tiktok,outerwear,GB,98.74,10.13,4.68,True,returned
ORD004152,CUST00568,2024-11-26,meta,accessories,DE,28.4,0.0,28.4,False,completed
ORD004153,CUST01311,2024-11-18,tiktok,footwear,GB,125.74,0.0,125.74,False,completed
ORD004154,CUST01956,2024-10-28,meta,tops,CA,69.57,9.94,59.63,False,completed
ORD004155,CUST01003,2024-11-06,tiktok,outerwear,AU,139.5,0.0,139.5,False,completed
ORD004156,CUST01858,2024-09-03,google,tops,US,56.99,0.0,8.55,True,returned
ORD004157,CUST02322,2024-08-28,meta,accessories,GB,53.71,0.0,53.71,False,completed
ORD004158,CUST00646,2024-11-10,meta,outerwear,FR,170.4,0.0,170.4,False,completed
ORD004159,CUST01860,2024-12-13,tiktok,accessories,GB,32.5,0.0,32.5,False,completed
ORD004160,CUST02174,2024-12-10,email,outerwear,US,104.12,0.0,104.12,False,completed
ORD004161,CUST03389,2024-12-12,meta,outerwear,FR,188.24,21.15,167.09,False,completed
ORD004162,CUST02780,2024-10-07,tiktok,outerwear,GB,102.45,0.0,102.45,False,completed
ORD004163,CUST01285,2024-12-26,meta,accessories,US,46.39,6.39,0.57,True,returned
ORD004164,CUST01317,2024-10-10,tiktok,tops,GB,57.03,8.87,-0.32,True,returned
ORD004165,CUST01242,2024-12-22,google,tops,GB,67.54,0.0,67.54,False,completed
ORD004166,CUST02156,2024-06-12,organic,bottoms,FR,71.0,0.0,71.0,False,completed
ORD004167,CUST03648,2024-10-06,meta,accessories,CA,42.06,0.0,42.06,False,completed
ORD004168,CUST02816,2024-06-06,meta,accessories,US,31.5,7.59,23.91,False,completed
ORD004169,CUST03067,2024-12-16,meta,outerwear,GB,117.94,0.0,117.94,False,completed
ORD004170,CUST01408,2024-03-15,meta,outerwear,GB,183.13,37.3,145.83,False,completed
ORD004171,CUST02729,2024-10-02,meta,bottoms,GB,98.82,0.0,14.82,True,returned
ORD004172,CUST00989,2024-10-24,organic,outerwear,US,136.64,0.0,136.64,False,completed
ORD004173,CUST00434,2024-10-03,organic,tops,DE,59.89,0.0,8.98,True,returned
ORD004174,CUST01997,2024-11-30,google,outerwear,AU,172.98,0.0,172.98,False,completed
ORD004175,CUST01579,2024-09-30,meta,bottoms,NL,68.83,13.57,-3.25,True,returned
ORD004176,CUST02940,2024-12-17,google,outerwear,FR,160.0,0.0,160.0,False,completed
ORD004177,CUST00515,2024-12-13,organic,outerwear,US,134.36,0.0,134.36,False,completed
ORD004178,CUST02057,2024-06-02,meta,footwear,FR,141.08,32.83,108.25,False,completed
ORD004179,CUST02135,2024-10-20,meta,tops,US,48.91,0.0,48.91,False,completed
ORD004180,CUST01495,2024-12-11,google,outerwear,CA,103.77,0.0,103.77,False,completed
ORD004181,CUST02293,2024-10-10,tiktok,accessories,US,55.45,11.75,43.7,False,completed
ORD004182,CUST01590,2024-08-12,google,bottoms,GB,52.74,0.0,52.74,False,completed
ORD004183,CUST01518,2024-08-08,meta,tops,GB,50.88,6.67,44.21,False,completed
ORD004184,CUST01369,2024-11-04,google,footwear,GB,85.49,0.0,85.49,False,completed
ORD004185,CUST01522,2024-03-11,meta,bottoms,FR,71.41,8.52,62.89,False,completed
ORD004186,CUST00596,2024-11-28,meta,outerwear,DE,182.74,0.0,182.74,False,completed
ORD004187,CUST01278,2024-12-27,organic,accessories,NL,47.59,0.0,47.59,False,completed
ORD004188,CUST01992,2024-11-28,google,bottoms,US,77.05,0.0,77.05,False,completed
ORD004189,CUST02079,2024-12-24,google,footwear,CA,125.25,0.0,18.79,True,returned
ORD004190,CUST01741,2024-04-11,google,tops,AU,41.83,0.0,41.83,False,completed
ORD004191,CUST01065,2024-12-03,google,tops,US,56.55,0.0,56.55,False,completed
ORD004192,CUST00751,2024-06-07,tiktok,accessories,GB,50.78,6.09,44.69,False,completed
ORD004193,CUST00018,2024-08-18,tiktok,tops,GB,46.14,0.0,46.14,False,completed
ORD004194,CUST00041,2024-04-01,tiktok,bottoms,NL,62.6,0.0,9.39,True,returned
ORD004195,CUST02338,2024-12-11,google,bottoms,GB,74.11,0.0,74.11,False,completed
ORD004196,CUST02795,2024-11-29,meta,tops,DE,54.87,8.68,46.19,False,completed
ORD004197,CUST01721,2024-07-25,tiktok,tops,GB,36.43,4.77,0.69,True,returned
ORD004198,CUST03019,2024-12-03,organic,bottoms,GB,71.43,0.0,71.43,False,completed
ORD004199,CUST01186,2024-09-27,meta,accessories,US,42.58,6.16,36.42,False,completed
ORD004200,CUST00035,2024-12-26,tiktok,tops,US,66.79,8.86,1.16,True,returned
ORD004201,CUST00523,2024-07-29,google,accessories,GB,32.88,0.0,32.88,False,completed
ORD004202,CUST03543,2024-09-29,tiktok,footwear,DE,86.91,18.14,68.77,False,completed
ORD004203,CUST03224,2024-12-02,tiktok,accessories,DE,30.26,0.0,30.26,False,completed
ORD004204,CUST00620,2024-02-14,meta,footwear,US,132.11,0.0,132.11,False,completed
ORD004205,CUST01759,2024-12-15,tiktok,outerwear,GB,151.94,0.0,151.94,False,completed
ORD004206,CUST00569,2024-10-11,meta,tops,FR,48.05,0.0,48.05,False,completed
ORD004207,CUST03583,2024-07-21,meta,outerwear,GB,105.01,0.0,105.01,False,completed
ORD004208,CUST00322,2024-08-04,tiktok,bottoms,GB,83.35,13.23,70.12,False,completed
ORD004209,CUST01577,2024-09-01,tiktok,tops,AU,59.43,7.5,51.93,False,completed
ORD004210,CUST00302,2024-10-16,tiktok,tops,US,70.26,0.0,70.26,False,completed
ORD004211,CUST01378,2024-04-08,organic,tops,GB,71.18,0.0,71.18,False,completed
ORD004212,CUST00202,2024-11-19,meta,outerwear,DE,153.72,20.56,133.16,False,completed
ORD004213,CUST01480,2024-06-28,google,bottoms,DE,87.8,0.0,87.8,False,completed
ORD004214,CUST00441,2024-10-15,meta,tops,US,45.03,0.0,45.03,False,completed
ORD004215,CUST01836,2024-10-24,meta,bottoms,AU,95.18,21.13,74.05,False,completed
ORD004216,CUST03393,2024-12-16,meta,tops,US,49.29,0.0,49.29,False,completed
ORD004217,CUST01869,2024-12-16,tiktok,tops,US,61.24,8.73,52.51,False,completed
ORD004218,CUST03500,2024-10-19,meta,tops,GB,55.51,12.21,-3.88,True,returned
ORD004219,CUST02456,2024-12-02,email,tops,NL,54.1,0.0,54.1,False,completed
ORD004220,CUST00017,2024-12-26,email,outerwear,US,127.49,0.0,127.49,False,completed
ORD004221,CUST01913,2024-12-06,google,bottoms,US,65.95,0.0,9.89,True,returned
ORD004222,CUST01639,2024-12-28,referral,tops,US,66.86,0.0,66.86,False,completed
ORD004223,CUST03438,2024-07-26,email,tops,GB,68.48,0.0,68.48,False,completed
ORD004224,CUST00549,2024-12-08,meta,footwear,GB,126.06,0.0,18.91,True,returned
ORD004225,CUST01343,2024-11-09,organic,tops,GB,69.44,0.0,69.44,False,completed
ORD004226,CUST00098,2024-12-26,organic,accessories,GB,31.67,0.0,31.67,False,completed
ORD004227,CUST03506,2024-04-15,email,outerwear,AU,124.46,0.0,124.46,False,completed
ORD004228,CUST03051,2024-09-19,google,outerwear,GB,126.7,0.0,126.7,False,completed
ORD004229,CUST03313,2024-10-20,referral,accessories,GB,30.15,0.0,30.15,False,completed
ORD004230,CUST03763,2024-09-12,tiktok,bottoms,AU,74.72,15.73,58.99,False,completed
ORD004231,CUST03611,2024-10-24,meta,outerwear,NL,151.93,23.09,-0.3,True,returned
ORD004232,CUST01640,2024-12-19,google,bottoms,NL,59.37,0.0,59.37,False,completed
ORD004233,CUST02855,2024-12-05,google,footwear,CA,128.47,0.0,128.47,False,completed
ORD004234,CUST03100,2024-08-09,google,bottoms,DE,52.79,0.0,7.92,True,returned
ORD004235,CUST03196,2024-04-20,meta,tops,US,58.94,10.86,-2.02,True,returned
ORD004236,CUST01341,2024-12-28,meta,tops,CA,37.24,0.0,37.24,False,completed
ORD004237,CUST01796,2024-07-07,google,tops,DE,41.03,0.0,41.03,False,completed
ORD004238,CUST03700,2024-08-10,meta,footwear,DE,123.26,0.0,123.26,False,completed
ORD004239,CUST00274,2024-09-23,meta,tops,GB,68.87,11.81,57.06,False,completed
ORD004240,CUST00901,2024-12-20,organic,tops,FR,36.63,0.0,36.63,False,completed
ORD004241,CUST00916,2024-06-18,meta,accessories,DE,42.09,6.86,35.23,False,completed
ORD004242,CUST00004,2024-09-25,google,outerwear,GB,151.61,0.0,151.61,False,completed
ORD004243,CUST01424,2024-12-05,google,outerwear,GB,127.29,0.0,127.29,False,completed
ORD004244,CUST03437,2024-11-13,tiktok,outerwear,GB,142.96,31.85,-10.41,True,returned
ORD004245,CUST00825,2024-12-25,referral,tops,CA,50.13,0.0,50.13,False,completed
ORD004246,CUST00024,2024-10-11,meta,footwear,GB,143.61,26.2,-4.66,True,returned
ORD004247,CUST02182,2024-10-25,organic,outerwear,US,119.14,0.0,119.14,False,completed
ORD004248,CUST03093,2024-10-26,meta,bottoms,DE,78.14,9.7,68.44,False,completed
ORD004249,CUST00870,2024-02-20,meta,tops,US,57.23,0.0,8.58,True,returned
ORD004250,CUST01719,2024-09-25,email,bottoms,GB,103.19,0.0,103.19,False,completed
ORD004251,CUST03665,2024-10-06,meta,outerwear,US,150.1,34.13,115.97,False,completed
ORD004252,CUST03194,2024-11-03,organic,bottoms,FR,95.26,0.0,95.26,False,completed
ORD004253,CUST01913,2024-12-22,google,outerwear,US,99.92,0.0,14.99,True,returned
ORD004254,CUST02376,2024-11-02,google,tops,US,68.0,0.0,10.2,True,returned
ORD004255,CUST00859,2024-09-04,email,bottoms,US,68.65,0.0,68.65,False,completed
ORD004256,CUST03759,2024-07-17,meta,outerwear,US,165.93,0.0,24.89,True,returned
ORD004257,CUST03086,2024-10-07,meta,tops,NL,56.65,0.0,56.65,False,completed
ORD004258,CUST01132,2024-09-15,tiktok,tops,GB,56.68,0.0,56.68,False,completed
ORD004259,CUST02040,2024-02-08,meta,bottoms,AU,59.46,8.57,0.35,True,returned
ORD004260,CUST02705,2024-08-13,meta,outerwear,FR,158.86,17.5,141.36,False,completed
ORD004261,CUST00355,2024-12-16,tiktok,outerwear,US,114.85,24.37,90.48,False,completed
ORD004262,CUST02367,2024-09-30,meta,tops,US,56.79,10.49,-1.97,True,returned
ORD004263,CUST02546,2024-12-29,email,tops,US,60.6,0.0,60.6,False,completed
ORD004264,CUST00572,2024-11-09,referral,outerwear,US,164.13,0.0,164.13,False,completed
ORD004265,CUST01918,2024-11-17,referral,accessories,FR,29.02,0.0,29.02,False,completed
ORD004266,CUST03406,2024-10-25,meta,accessories,GB,42.66,0.0,42.66,False,completed
ORD004267,CUST03431,2024-08-05,google,accessories,DE,49.87,0.0,49.87,False,completed
ORD004268,CUST00069,2024-08-26,meta,outerwear,AU,174.54,29.53,145.01,False,completed
ORD004269,CUST01189,2024-10-16,meta,outerwear,GB,114.66,0.0,114.66,False,completed
ORD004270,CUST01669,2024-06-04,google,tops,GB,63.22,0.0,63.22,False,completed
ORD004271,CUST02596,2024-09-29,google,accessories,US,50.93,0.0,50.93,False,completed
ORD004272,CUST00739,2024-09-26,tiktok,accessories,DE,34.79,4.12,1.1,True,returned
ORD004273,CUST01266,2024-11-09,meta,tops,GB,47.73,0.0,7.16,True,returned
ORD004274,CUST00432,2024-11-17,tiktok,accessories,AU,42.26,7.07,-0.73,True,returned
ORD004275,CUST03450,2024-11-24,tiktok,bottoms,AU,82.83,0.0,82.83,False,completed
ORD004276,CUST03330,2024-12-11,referral,outerwear,GB,154.25,0.0,154.25,False,completed
ORD004277,CUST03583,2024-08-22,meta,tops,GB,41.62,0.0,41.62,False,completed
ORD004278,CUST01310,2024-11-23,meta,tops,GB,48.87,0.0,48.87,False,completed
ORD004279,CUST00976,2024-06-14,meta,tops,US,36.47,0.0,36.47,False,completed
ORD004280,CUST00454,2024-10-29,meta,accessories,FR,32.75,0.0,32.75,False,completed
ORD004281,CUST00717,2024-07-05,meta,bottoms,AU,91.03,14.63,76.4,False,completed
ORD004282,CUST02361,2024-10-05,email,bottoms,CA,65.46,0.0,65.46,False,completed
ORD004283,CUST02845,2024-11-27,meta,bottoms,US,63.9,10.64,53.26,False,completed
ORD004284,CUST01231,2024-07-11,google,outerwear,FR,187.12,0.0,187.12,False,completed
ORD004285,CUST00599,2024-12-19,tiktok,bottoms,DE,89.46,0.0,89.46,False,completed
ORD004286,CUST02349,2024-11-13,organic,outerwear,CA,174.37,0.0,174.37,False,completed
ORD004287,CUST00427,2024-11-01,tiktok,footwear,US,130.96,30.64,100.32,False,completed
ORD004288,CUST03225,2024-07-06,meta,bottoms,US,69.9,14.71,55.19,False,completed
ORD004289,CUST02026,2024-09-12,tiktok,outerwear,DE,101.79,0.0,101.79,False,completed
ORD004290,CUST02180,2024-10-08,google,footwear,NL,111.21,0.0,111.21,False,completed
ORD004291,CUST00859,2024-03-13,email,accessories,US,34.25,0.0,34.25,False,completed
ORD004292,CUST02878,2024-06-30,tiktok,tops,DE,53.46,7.34,46.12,False,completed
ORD004293,CUST02563,2024-07-03,google,outerwear,GB,182.4,0.0,182.4,False,completed
ORD004294,CUST02819,2024-09-09,meta,accessories,GB,49.77,9.63,40.14,False,completed
ORD004295,CUST03628,2024-06-08,tiktok,tops,DE,63.7,9.4,54.3,False,completed
ORD004296,CUST03608,2024-12-16,tiktok,bottoms,FR,76.47,0.0,76.47,False,completed
ORD004297,CUST00547,2024-10-10,meta,tops,CA,55.58,6.94,48.64,False,completed
ORD004298,CUST01104,2024-11-24,tiktok,outerwear,GB,183.17,36.59,146.58,False,completed
ORD004299,CUST03062,2024-12-09,tiktok,bottoms,DE,60.36,0.0,60.36,False,completed
ORD004300,CUST02589,2024-09-06,tiktok,outerwear,FR,140.42,0.0,140.42,False,completed
ORD004301,CUST02963,2024-12-18,google,tops,GB,68.12,0.0,68.12,False,completed
ORD004302,CUST01923,2024-06-16,organic,tops,CA,56.03,0.0,56.03,False,completed
ORD004303,CUST01144,2024-10-13,meta,outerwear,NL,138.61,24.81,113.8,False,completed
ORD004304,CUST02338,2024-12-19,google,tops,GB,40.42,0.0,40.42,False,completed
ORD004305,CUST00733,2024-12-20,meta,footwear,US,78.5,0.0,78.5,False,completed
ORD004306,CUST02875,2024-10-24,meta,tops,GB,63.13,0.0,9.47,True,returned
ORD004307,CUST03504,2024-11-30,email,tops,GB,44.66,0.0,44.66,False,completed
ORD004308,CUST03554,2024-12-08,meta,tops,FR,54.06,5.93,2.18,True,returned
ORD004309,CUST02209,2024-11-25,meta,tops,US,55.4,0.0,55.4,False,completed
ORD004310,CUST00980,2024-11-27,google,tops,US,36.13,0.0,36.13,False,completed
ORD004311,CUST01422,2024-06-13,google,tops,GB,43.31,0.0,43.31,False,completed
ORD004312,CUST02069,2024-07-19,meta,bottoms,US,61.92,0.0,61.92,False,completed
ORD004313,CUST00038,2024-12-02,organic,footwear,GB,113.73,0.0,113.73,False,completed
ORD004314,CUST01558,2024-05-21,meta,bottoms,NL,74.18,0.0,74.18,False,completed
ORD004315,CUST01789,2024-12-19,meta,tops,NL,43.01,0.0,43.01,False,completed
ORD004316,CUST00245,2024-09-24,tiktok,bottoms,NL,96.22,0.0,96.22,False,completed
ORD004317,CUST01581,2024-10-28,meta,footwear,GB,87.14,17.6,69.54,False,completed
ORD004318,CUST03376,2024-12-06,organic,footwear,GB,84.59,0.0,12.69,True,returned
ORD004319,CUST00697,2024-10-23,google,bottoms,GB,61.21,0.0,61.21,False,completed
ORD004320,CUST02667,2024-10-12,meta,tops,US,52.81,6.94,45.87,False,completed
ORD004321,CUST01625,2024-08-04,meta,tops,GB,66.67,11.36,-1.36,True,returned
ORD004322,CUST03049,2024-11-05,meta,footwear,DE,82.96,10.88,72.08,False,completed
ORD004323,CUST03648,2024-11-14,meta,bottoms,CA,54.55,12.71,41.84,False,completed
ORD004324,CUST02047,2024-08-28,tiktok,outerwear,DE,156.64,0.0,156.64,False,completed
ORD004325,CUST01041,2024-12-06,google,outerwear,GB,117.37,0.0,117.37,False,completed
ORD004326,CUST00142,2024-08-27,meta,footwear,DE,76.4,12.36,64.04,False,completed
ORD004327,CUST03149,2024-11-22,meta,bottoms,DE,103.21,0.0,103.21,False,completed
ORD004328,CUST01487,2024-10-12,meta,bottoms,GB,67.09,0.0,10.06,True,returned
ORD004329,CUST01859,2024-09-30,organic,footwear,FR,133.45,0.0,133.45,False,completed
ORD004330,CUST00667,2024-12-15,google,bottoms,DE,91.72,0.0,13.76,True,returned
ORD004331,CUST00008,2024-11-01,meta,bottoms,CA,74.2,0.0,11.13,True,returned
ORD004332,CUST03171,2024-09-22,tiktok,outerwear,GB,167.02,26.46,140.56,False,completed
ORD004333,CUST00026,2024-09-12,meta,bottoms,CA,52.91,10.53,-2.59,True,returned
ORD004334,CUST00817,2024-12-15,meta,accessories,US,45.48,0.0,45.48,False,completed
ORD004335,CUST03651,2024-09-23,meta,footwear,GB,91.98,17.84,74.14,False,completed
ORD004336,CUST02236,2024-10-20,google,tops,GB,71.52,0.0,71.52,False,completed
ORD004337,CUST00905,2024-07-09,tiktok,footwear,GB,103.0,20.86,-5.41,True,returned
ORD004338,CUST00627,2024-12-28,organic,tops,US,54.89,0.0,54.89,False,completed
ORD004339,CUST01090,2024-11-29,organic,tops,AU,66.08,0.0,66.08,False,completed
ORD004340,CUST03278,2024-11-18,meta,outerwear,GB,97.47,17.29,80.18,False,completed
ORD004341,CUST00099,2024-07-19,meta,tops,FR,59.72,0.0,59.72,False,completed
ORD004342,CUST03069,2024-08-29,meta,accessories,GB,40.14,0.0,6.02,True,returned
ORD004343,CUST00959,2024-12-26,tiktok,tops,CA,43.17,0.0,6.48,True,returned
ORD004344,CUST01044,2024-11-22,google,outerwear,US,126.41,0.0,126.41,False,completed
ORD004345,CUST03320,2024-11-26,email,tops,DE,69.09,0.0,69.09,False,completed
ORD004346,CUST02847,2024-04-01,tiktok,tops,AU,63.3,13.76,-4.27,True,returned
ORD004347,CUST02080,2024-10-04,organic,footwear,US,77.2,0.0,77.2,False,completed
ORD004348,CUST00742,2024-03-05,meta,bottoms,GB,96.7,21.92,74.78,False,completed
ORD004349,CUST03576,2024-08-16,meta,bottoms,US,58.25,9.58,48.67,False,completed
ORD004350,CUST01369,2024-06-13,google,accessories,GB,49.26,0.0,49.26,False,completed
ORD004351,CUST00934,2024-07-16,organic,tops,GB,69.05,0.0,10.36,True,returned
ORD004352,CUST03635,2024-12-07,organic,tops,US,37.95,0.0,37.95,False,completed
ORD004353,CUST02819,2024-12-17,meta,tops,GB,37.65,0.0,37.65,False,completed
ORD004354,CUST02460,2024-09-16,email,accessories,DE,50.07,0.0,50.07,False,completed
ORD004355,CUST00944,2024-12-01,tiktok,footwear,GB,93.29,0.0,93.29,False,completed
ORD004356,CUST02782,2024-09-02,tiktok,bottoms,US,72.44,0.0,72.44,False,completed
ORD004357,CUST02425,2024-09-18,organic,tops,GB,62.33,0.0,62.33,False,completed
ORD004358,CUST03021,2024-09-27,google,tops,GB,71.47,0.0,71.47,False,completed
ORD004359,CUST02624,2024-09-24,meta,accessories,GB,36.05,4.3,31.75,False,completed
ORD004360,CUST02658,2024-06-08,meta,bottoms,US,94.23,21.15,73.08,False,completed
ORD004361,CUST02749,2024-10-07,organic,accessories,US,46.5,0.0,46.5,False,completed
ORD004362,CUST00114,2024-10-27,google,tops,US,40.51,0.0,40.51,False,completed
ORD004363,CUST02000,2024-07-01,meta,tops,DE,58.11,9.91,48.2,False,completed
ORD004364,CUST02830,2024-08-08,google,outerwear,GB,162.41,0.0,162.41,False,completed
ORD004365,CUST01985,2024-07-16,meta,accessories,FR,28.28,4.5,-0.26,True,returned
ORD004366,CUST02784,2024-12-16,meta,outerwear,GB,183.87,44.13,139.74,False,completed
ORD004367,CUST03090,2024-06-26,google,bottoms,DE,92.6,0.0,92.6,False,completed
ORD004368,CUST01659,2024-08-11,meta,footwear,US,103.86,11.29,4.29,True,returned
ORD004369,CUST01197,2024-12-23,organic,bottoms,GB,57.38,0.0,8.61,True,returned
ORD004370,CUST00433,2024-12-30,meta,tops,GB,51.71,0.0,51.71,False,completed
ORD004371,CUST00631,2024-11-04,meta,accessories,FR,31.72,0.0,31.72,False,completed
ORD004372,CUST02561,2024-09-02,organic,tops,US,43.77,0.0,43.77,False,completed
ORD004373,CUST01496,2024-05-17,tiktok,bottoms,DE,59.11,0.0,59.11,False,completed
ORD004374,CUST01979,2024-11-15,meta,bottoms,GB,87.88,0.0,87.88,False,completed
ORD004375,CUST02290,2024-07-03,tiktok,tops,GB,62.66,11.18,51.48,False,completed
ORD004376,CUST01884,2024-10-12,meta,tops,GB,66.03,9.02,57.01,False,completed
ORD004377,CUST01579,2024-09-29,meta,tops,NL,65.88,12.65,53.23,False,completed
ORD004378,CUST00047,2024-03-24,meta,footwear,US,126.93,0.0,126.93,False,completed
ORD004379,CUST00556,2024-12-07,google,outerwear,GB,177.53,0.0,26.63,True,returned
ORD004380,CUST02677,2024-09-01,meta,footwear,NL,85.55,0.0,85.55,False,completed
ORD004381,CUST01917,2024-08-08,organic,tops,GB,67.14,0.0,67.14,False,completed
ORD004382,CUST01041,2024-09-06,google,accessories,GB,41.69,0.0,41.69,False,completed
ORD004383,CUST01865,2024-12-07,meta,tops,US,53.62,0.0,53.62,False,completed
ORD004384,CUST03508,2024-09-14,tiktok,tops,CA,63.39,15.69,47.7,False,completed
ORD004385,CUST01880,2024-10-08,meta,tops,GB,47.16,10.8,36.36,False,completed
ORD004386,CUST02356,2024-09-10,meta,footwear,AU,88.78,0.0,88.78,False,completed
ORD004387,CUST00129,2024-12-20,email,tops,US,60.74,0.0,9.11,True,returned
ORD004388,CUST01926,2024-09-04,meta,footwear,FR,100.91,0.0,100.91,False,completed
ORD004389,CUST00396,2024-09-11,google,bottoms,GB,90.78,0.0,90.78,False,completed
ORD004390,CUST00449,2024-12-25,email,bottoms,GB,97.95,0.0,97.95,False,completed
ORD004391,CUST02618,2024-10-07,google,accessories,US,28.89,0.0,28.89,False,completed
ORD004392,CUST03736,2024-09-02,tiktok,accessories,US,53.14,0.0,53.14,False,completed
ORD004393,CUST01870,2024-12-25,meta,bottoms,GB,55.55,0.0,55.55,False,completed
ORD004394,CUST02361,2024-12-12,email,tops,CA,47.53,0.0,47.53,False,completed
ORD004395,CUST00949,2024-09-15,tiktok,tops,US,63.48,14.53,-5.01,True,returned
ORD004396,CUST01801,2024-12-20,google,footwear,US,102.21,0.0,102.21,False,completed
ORD004397,CUST00453,2024-08-09,organic,bottoms,US,94.08,0.0,94.08,False,completed
ORD004398,CUST02250,2024-12-28,organic,tops,FR,70.88,0.0,70.88,False,completed
ORD004399,CUST02404,2024-04-29,tiktok,tops,NL,53.66,0.0,53.66,False,completed
ORD004400,CUST02188,2024-08-05,tiktok,bottoms,GB,85.72,0.0,85.72,False,completed
ORD004401,CUST02386,2024-07-15,tiktok,outerwear,FR,134.82,28.02,106.8,False,completed
ORD004402,CUST01425,2024-11-20,meta,footwear,GB,128.04,26.5,101.54,False,completed
ORD004403,CUST00253,2024-10-09,meta,tops,CA,68.37,0.0,10.26,True,returned
ORD004404,CUST01510,2024-08-11,google,bottoms,US,77.69,0.0,77.69,False,completed
ORD004405,CUST00505,2024-11-16,google,accessories,DE,51.37,0.0,51.37,False,completed
ORD004406,CUST02909,2024-03-29,meta,tops,AU,47.0,0.0,7.05,True,returned
ORD004407,CUST01114,2024-06-28,meta,accessories,US,38.35,8.79,-3.04,True,returned
ORD004408,CUST00504,2024-09-13,meta,outerwear,GB,125.99,31.34,94.65,False,completed
ORD004409,CUST01992,2024-06-28,google,outerwear,US,146.31,0.0,146.31,False,completed
ORD004410,CUST03003,2024-12-02,meta,bottoms,GB,98.72,16.59,82.13,False,completed
ORD004411,CUST00845,2024-11-05,meta,tops,US,71.82,0.0,71.82,False,completed
ORD004412,CUST03035,2024-12-17,tiktok,tops,AU,67.1,0.0,10.06,True,returned
ORD004413,CUST03768,2024-11-25,meta,bottoms,US,62.14,0.0,62.14,False,completed
ORD004414,CUST03593,2024-11-02,google,footwear,GB,104.07,0.0,104.07,False,completed
ORD004415,CUST02084,2024-09-01,google,accessories,FR,47.66,0.0,47.66,False,completed
ORD004416,CUST02978,2024-10-04,meta,footwear,US,106.87,21.92,-5.89,True,returned
ORD004417,CUST00769,2024-12-22,google,outerwear,DE,109.72,0.0,109.72,False,completed
ORD004418,CUST02418,2024-05-18,organic,accessories,GB,47.41,0.0,47.41,False,completed
ORD004419,CUST00494,2024-11-20,meta,bottoms,NL,89.17,0.0,13.38,True,returned
ORD004420,CUST01948,2024-05-23,meta,footwear,US,122.45,0.0,18.37,True,returned
ORD004421,CUST00647,2024-05-20,meta,bottoms,GB,93.25,21.92,-7.93,True,returned
ORD004422,CUST01676,2024-12-09,tiktok,accessories,US,41.02,0.0,6.15,True,returned
ORD004423,CUST00003,2024-11-10,google,tops,GB,41.61,0.0,41.61,False,completed
ORD004424,CUST02895,2024-12-29,meta,outerwear,NL,105.85,0.0,105.85,False,completed
ORD004425,CUST01335,2024-09-11,meta,bottoms,US,93.43,0.0,14.01,True,returned
ORD004426,CUST01879,2024-11-23,meta,outerwear,GB,154.32,27.28,-4.13,True,returned
ORD004427,CUST02577,2024-11-26,organic,bottoms,FR,89.4,0.0,89.4,False,completed
ORD004428,CUST00555,2024-08-29,meta,accessories,AU,40.28,5.52,0.52,True,returned
ORD004429,CUST00295,2024-10-07,meta,outerwear,GB,191.17,27.98,163.19,False,completed
ORD004430,CUST01725,2024-11-18,meta,accessories,US,31.53,0.0,31.53,False,completed
ORD004431,CUST01573,2024-08-30,organic,footwear,US,108.89,0.0,108.89,False,completed
ORD004432,CUST00184,2024-12-02,email,tops,US,58.33,0.0,58.33,False,completed
ORD004433,CUST03720,2024-07-30,google,bottoms,FR,93.37,0.0,93.37,False,completed
ORD004434,CUST02717,2024-09-12,email,bottoms,US,55.36,0.0,55.36,False,completed
ORD004435,CUST02874,2024-11-16,meta,tops,DE,67.14,0.0,10.07,True,returned
ORD004436,CUST00228,2024-10-03,tiktok,bottoms,AU,74.64,7.51,67.13,False,completed
ORD004437,CUST00960,2024-11-21,google,outerwear,US,122.66,0.0,122.66,False,completed
ORD004438,CUST02671,2024-05-09,meta,outerwear,AU,135.54,18.1,117.44,False,completed
ORD004439,CUST00683,2024-11-05,organic,outerwear,GB,183.69,0.0,183.69,False,completed
ORD004440,CUST02727,2024-11-21,meta,bottoms,GB,98.25,0.0,14.74,True,returned
ORD004441,CUST00132,2024-11-03,meta,bottoms,US,61.71,0.0,9.26,True,returned
ORD004442,CUST01817,2024-11-03,tiktok,accessories,NL,53.55,8.02,45.53,False,completed
ORD004443,CUST01525,2024-11-09,google,bottoms,AU,68.4,0.0,10.26,True,returned
ORD004444,CUST00046,2024-09-23,meta,outerwear,US,190.25,0.0,28.54,True,returned
ORD004445,CUST00641,2024-12-03,google,footwear,US,74.6,0.0,74.6,False,completed
ORD004446,CUST02019,2024-12-13,meta,accessories,FR,36.1,8.64,-3.22,True,returned
ORD004447,CUST02404,2024-10-27,tiktok,accessories,NL,55.08,6.94,48.14,False,completed
ORD004448,CUST01303,2024-11-21,meta,bottoms,US,59.82,6.21,53.61,False,completed
ORD004449,CUST01569,2024-11-14,meta,tops,DE,59.96,13.19,-4.2,True,returned
ORD004450,CUST02406,2024-12-04,meta,outerwear,DE,130.87,30.31,100.56,False,completed
ORD004451,CUST01026,2024-11-12,meta,bottoms,US,55.48,0.0,55.48,False,completed
ORD004452,CUST00811,2024-09-26,email,accessories,AU,35.03,0.0,35.03,False,completed
ORD004453,CUST02171,2024-09-23,email,outerwear,FR,155.94,0.0,155.94,False,completed
ORD004454,CUST02817,2024-03-09,organic,tops,US,69.77,0.0,69.77,False,completed
ORD004455,CUST00366,2024-10-21,meta,tops,FR,49.56,0.0,49.56,False,completed
ORD004456,CUST03296,2024-12-29,referral,bottoms,DE,69.44,0.0,69.44,False,completed
ORD004457,CUST00579,2024-10-26,meta,accessories,GB,50.14,0.0,50.14,False,completed
ORD004458,CUST00161,2024-10-18,organic,outerwear,FR,105.1,0.0,105.1,False,completed
ORD004459,CUST00440,2024-11-28,google,bottoms,GB,57.62,0.0,57.62,False,completed
ORD004460,CUST01814,2024-12-01,meta,outerwear,GB,147.38,0.0,22.11,True,returned
ORD004461,CUST02463,2024-08-09,meta,tops,US,63.65,0.0,63.65,False,completed
ORD004462,CUST03131,2024-12-28,google,outerwear,US,174.6,0.0,174.6,False,completed
ORD004463,CUST03316,2024-05-09,tiktok,accessories,US,42.43,0.0,42.43,False,completed
ORD004464,CUST01023,2024-10-27,email,outerwear,US,146.03,0.0,21.9,True,returned
ORD004465,CUST02110,2024-12-21,meta,accessories,AU,45.02,0.0,6.75,True,returned
ORD004466,CUST03724,2024-08-10,meta,tops,AU,40.35,8.35,-2.3,True,returned
ORD004467,CUST00104,2024-10-18,referral,footwear,GB,111.81,0.0,111.81,False,completed
ORD004468,CUST02847,2024-11-03,tiktok,accessories,AU,37.49,0.0,37.49,False,completed
ORD004469,CUST01398,2024-12-22,meta,outerwear,GB,159.1,0.0,159.1,False,completed
ORD004470,CUST00156,2024-12-13,meta,tops,GB,39.8,6.43,-0.46,True,returned
ORD004471,CUST01700,2024-10-17,organic,bottoms,CA,53.15,0.0,53.15,False,completed
ORD004472,CUST02607,2024-04-24,meta,tops,DE,70.42,11.77,-1.21,True,returned
ORD004473,CUST01729,2024-12-18,meta,tops,FR,54.21,0.0,8.13,True,returned
ORD004474,CUST02979,2024-09-24,tiktok,outerwear,NL,178.94,30.16,148.78,False,completed
ORD004475,CUST03313,2024-09-22,referral,outerwear,GB,175.06,0.0,175.06,False,completed
ORD004476,CUST01080,2024-11-28,email,footwear,DE,124.16,0.0,124.16,False,completed
ORD004477,CUST03471,2024-08-05,meta,bottoms,NL,96.82,10.83,3.69,True,returned
ORD004478,CUST03455,2024-07-17,tiktok,outerwear,US,131.47,27.26,104.21,False,completed
ORD004479,CUST03571,2024-04-11,tiktok,accessories,US,38.94,0.0,38.94,False,completed
ORD004480,CUST02099,2024-09-29,meta,tops,US,36.82,0.0,36.82,False,completed
ORD004481,CUST03479,2024-08-17,meta,bottoms,US,100.21,0.0,100.21,False,completed
ORD004482,CUST01191,2024-12-23,organic,tops,FR,45.74,0.0,6.86,True,returned
ORD004483,CUST01580,2024-05-04,meta,accessories,GB,47.78,10.47,37.31,False,completed
ORD004484,CUST00534,2024-09-03,google,accessories,GB,28.64,0.0,28.64,False,completed
ORD004485,CUST01111,2024-12-23,organic,footwear,DE,99.76,0.0,99.76,False,completed
ORD004486,CUST00764,2024-10-17,meta,tops,AU,43.83,9.9,33.93,False,completed
ORD004487,CUST03192,2024-08-04,meta,bottoms,US,68.67,0.0,68.67,False,completed
ORD004488,CUST00055,2024-12-29,meta,bottoms,US,78.21,19.13,59.08,False,completed
ORD004489,CUST02123,2024-07-30,organic,bottoms,US,84.94,0.0,84.94,False,completed
ORD004490,CUST03443,2024-10-18,tiktok,outerwear,NL,141.49,0.0,141.49,False,completed
ORD004491,CUST02089,2024-07-20,meta,outerwear,US,97.46,18.71,78.75,False,completed
ORD004492,CUST00729,2024-09-20,meta,outerwear,GB,153.4,0.0,153.4,False,completed
ORD004493,CUST01785,2024-11-30,email,tops,DE,44.64,0.0,44.64,False,completed
ORD004494,CUST00340,2024-09-18,google,bottoms,GB,64.0,0.0,64.0,False,completed
ORD004495,CUST02181,2024-05-11,meta,outerwear,US,154.3,23.28,131.02,False,completed
ORD004496,CUST01927,2024-11-27,meta,accessories,US,49.81,0.0,7.47,True,returned
ORD004497,CUST03209,2024-11-06,meta,accessories,GB,28.5,0.0,28.5,False,completed
ORD004498,CUST02777,2024-02-07,google,bottoms,GB,81.33,0.0,81.33,False,completed
ORD004499,CUST03745,2024-09-10,organic,tops,US,49.92,0.0,49.92,False,completed
ORD004500,CUST01173,2024-12-03,meta,bottoms,US,92.4,23.02,69.38,False,completed
ORD004501,CUST03437,2024-12-27,tiktok,tops,GB,44.88,0.0,6.73,True,returned
ORD004502,CUST00763,2024-05-30,meta,outerwear,US,107.87,0.0,107.87,False,completed
ORD004503,CUST03066,2024-10-01,organic,footwear,DE,133.69,0.0,133.69,False,completed
ORD004504,CUST03640,2024-11-30,meta,bottoms,GB,77.29,0.0,77.29,False,completed
ORD004505,CUST02646,2024-12-16,tiktok,tops,NL,37.86,8.74,29.12,False,completed
ORD004506,CUST01210,2024-10-20,google,outerwear,GB,144.89,0.0,144.89,False,completed
ORD004507,CUST01919,2024-11-07,organic,tops,US,36.64,0.0,5.5,True,returned
ORD004508,CUST02238,2024-12-04,meta,bottoms,US,76.74,10.23,66.51,False,completed
ORD004509,CUST03550,2024-11-25,organic,footwear,DE,82.26,0.0,82.26,False,completed
ORD004510,CUST02423,2024-10-15,tiktok,footwear,US,81.34,17.46,63.88,False,completed
ORD004511,CUST01954,2024-11-15,google,accessories,CA,40.77,0.0,40.77,False,completed
ORD004512,CUST01827,2024-09-19,organic,tops,GB,71.82,0.0,71.82,False,completed
ORD004513,CUST02135,2024-10-27,meta,accessories,US,33.23,0.0,4.98,True,returned
ORD004514,CUST02156,2024-05-18,organic,bottoms,FR,53.81,0.0,53.81,False,completed
ORD004515,CUST00777,2024-09-26,google,tops,GB,65.78,0.0,65.78,False,completed
ORD004516,CUST02189,2024-08-25,meta,bottoms,US,78.29,0.0,11.74,True,returned
ORD004517,CUST00065,2024-12-19,tiktok,tops,GB,47.92,0.0,47.92,False,completed
ORD004518,CUST02408,2024-12-14,organic,tops,NL,59.88,0.0,59.88,False,completed
ORD004519,CUST01275,2024-11-05,email,accessories,US,29.57,0.0,29.57,False,completed
ORD004520,CUST02874,2024-08-19,meta,outerwear,DE,113.06,22.14,90.92,False,completed
ORD004521,CUST00616,2024-11-02,organic,bottoms,GB,56.22,0.0,56.22,False,completed
ORD004522,CUST02725,2024-10-20,organic,outerwear,US,152.84,0.0,152.84,False,completed
ORD004523,CUST03057,2024-11-21,meta,outerwear,GB,146.43,0.0,146.43,False,completed
ORD004524,CUST03120,2024-11-30,organic,bottoms,US,74.59,0.0,74.59,False,completed
ORD004525,CUST03057,2024-07-02,meta,accessories,GB,52.35,0.0,52.35,False,completed
ORD004526,CUST03196,2024-09-04,meta,bottoms,US,92.83,0.0,13.92,True,returned
ORD004527,CUST00471,2024-12-25,meta,bottoms,GB,74.79,0.0,11.22,True,returned
ORD004528,CUST02582,2024-06-25,email,tops,US,46.11,0.0,46.11,False,completed
ORD004529,CUST01997,2024-11-23,google,bottoms,AU,72.85,0.0,72.85,False,completed
ORD004530,CUST03749,2024-10-17,meta,accessories,GB,37.89,0.0,37.89,False,completed
ORD004531,CUST02549,2024-08-09,tiktok,outerwear,US,150.74,0.0,150.74,False,completed
ORD004532,CUST02588,2024-09-08,meta,accessories,DE,50.24,0.0,7.54,True,returned
ORD004533,CUST02642,2024-04-23,meta,tops,DE,37.09,8.25,28.84,False,completed
ORD004534,CUST02736,2024-06-19,organic,outerwear,US,133.93,0.0,133.93,False,completed
ORD004535,CUST01319,2024-07-28,google,bottoms,NL,69.69,0.0,69.69,False,completed
ORD004536,CUST02387,2024-03-30,referral,outerwear,US,134.16,0.0,134.16,False,completed
ORD004537,CUST02857,2024-08-25,google,outerwear,US,96.76,0.0,96.76,False,completed
ORD004538,CUST02586,2024-06-22,meta,bottoms,US,77.15,9.73,1.84,True,returned
ORD004539,CUST03514,2024-11-19,organic,accessories,GB,48.18,0.0,48.18,False,completed
ORD004540,CUST01615,2024-08-25,organic,bottoms,US,86.28,0.0,86.28,False,completed
ORD004541,CUST03343,2024-12-18,tiktok,tops,GB,37.62,4.46,33.16,False,completed
ORD004542,CUST01904,2024-06-26,meta,outerwear,US,102.14,0.0,102.14,False,completed
ORD004543,CUST01049,2024-07-07,organic,accessories,US,34.58,0.0,34.58,False,completed
ORD004544,CUST01770,2024-12-13,meta,bottoms,AU,75.27,10.36,64.91,False,completed
ORD004545,CUST02959,2024-10-19,google,bottoms,US,95.31,0.0,95.31,False,completed
ORD004546,CUST03499,2024-12-15,meta,bottoms,US,62.75,12.37,-2.96,True,returned
ORD004547,CUST01793,2024-10-25,tiktok,tops,NL,36.04,8.44,27.6,False,completed
ORD004548,CUST02572,2024-08-18,email,accessories,US,28.84,0.0,28.84,False,completed
ORD004549,CUST00350,2024-12-25,google,outerwear,GB,142.21,0.0,142.21,False,completed
ORD004550,CUST01616,2024-10-30,organic,accessories,GB,55.42,0.0,55.42,False,completed
ORD004551,CUST02038,2024-12-17,organic,outerwear,US,141.56,0.0,141.56,False,completed
ORD004552,CUST03678,2024-11-03,meta,tops,NL,40.31,5.42,34.89,False,completed
ORD004553,CUST01598,2024-12-19,google,bottoms,US,94.1,0.0,94.1,False,completed
ORD004554,CUST03012,2024-02-21,google,tops,AU,48.54,0.0,48.54,False,completed
ORD004555,CUST03472,2024-11-05,meta,bottoms,GB,59.51,0.0,59.51,False,completed
ORD004556,CUST02981,2024-10-16,tiktok,bottoms,US,68.65,0.0,10.3,True,returned
ORD004557,CUST03110,2024-05-22,meta,outerwear,US,159.47,0.0,23.92,True,returned
ORD004558,CUST02673,2024-12-21,tiktok,tops,US,52.61,0.0,52.61,False,completed
ORD004559,CUST01701,2024-12-12,google,footwear,US,77.18,0.0,77.18,False,completed
ORD004560,CUST00362,2024-07-30,meta,outerwear,AU,157.35,0.0,157.35,False,completed
ORD004561,CUST02746,2024-05-17,google,tops,GB,56.63,0.0,56.63,False,completed
ORD004562,CUST03755,2024-11-25,meta,bottoms,GB,88.3,0.0,13.25,True,returned
ORD004563,CUST03122,2024-08-14,google,outerwear,CA,102.11,0.0,102.11,False,completed
ORD004564,CUST01380,2024-06-15,meta,accessories,GB,39.23,6.24,32.99,False,completed
ORD004565,CUST01598,2024-12-06,google,outerwear,US,107.34,0.0,107.34,False,completed
ORD004566,CUST01470,2024-11-12,tiktok,tops,US,45.32,0.0,45.32,False,completed
ORD004567,CUST03035,2024-12-27,tiktok,outerwear,AU,158.21,0.0,158.21,False,completed
ORD004568,CUST02054,2024-06-10,google,tops,US,62.67,0.0,62.67,False,completed
ORD004569,CUST03538,2024-06-27,meta,accessories,US,47.26,0.0,47.26,False,completed
ORD004570,CUST02748,2024-09-18,email,tops,US,50.96,0.0,50.96,False,completed
ORD004571,CUST01978,2024-07-14,google,accessories,US,44.68,0.0,44.68,False,completed
ORD004572,CUST02229,2024-11-15,email,bottoms,GB,76.38,0.0,11.46,True,returned
ORD004573,CUST01477,2024-10-09,google,bottoms,DE,82.41,0.0,82.41,False,completed
ORD004574,CUST01943,2024-11-16,tiktok,footwear,US,121.92,26.19,95.73,False,completed
ORD004575,CUST00394,2024-05-24,meta,tops,US,55.77,0.0,55.77,False,completed
ORD004576,CUST00039,2024-08-17,email,outerwear,GB,151.09,0.0,151.09,False,completed
ORD004577,CUST02849,2024-07-17,organic,tops,US,40.63,0.0,40.63,False,completed
ORD004578,CUST00799,2024-12-01,referral,accessories,US,39.78,0.0,39.78,False,completed
ORD004579,CUST01023,2024-12-08,email,accessories,US,51.64,0.0,51.64,False,completed
ORD004580,CUST01474,2024-11-17,google,bottoms,DE,88.05,0.0,88.05,False,completed
ORD004581,CUST00277,2024-09-06,meta,tops,AU,61.21,11.54,49.67,False,completed
ORD004582,CUST03263,2024-11-05,organic,accessories,GB,41.24,0.0,41.24,False,completed
ORD004583,CUST03716,2024-11-30,meta,bottoms,GB,83.2,0.0,12.48,True,returned
ORD004584,CUST01481,2024-10-17,tiktok,outerwear,FR,127.02,31.53,95.49,False,completed
ORD004585,CUST01791,2024-10-09,meta,tops,FR,60.01,0.0,60.01,False,completed
ORD004586,CUST03563,2024-10-08,referral,tops,DE,69.42,0.0,69.42,False,completed
ORD004587,CUST01462,2024-04-07,organic,bottoms,AU,74.82,0.0,74.82,False,completed
ORD004588,CUST00426,2024-10-26,meta,outerwear,GB,114.61,0.0,114.61,False,completed
ORD004589,CUST01680,2024-12-03,organic,bottoms,US,60.15,0.0,60.15,False,completed
ORD004590,CUST01269,2024-12-27,google,bottoms,GB,73.44,0.0,73.44,False,completed
ORD004591,CUST01315,2024-10-17,google,bottoms,GB,59.85,0.0,59.85,False,completed
ORD004592,CUST00421,2024-11-02,meta,tops,US,70.74,0.0,70.74,False,completed
ORD004593,CUST02974,2024-11-24,google,tops,FR,55.67,0.0,55.67,False,completed
ORD004594,CUST01967,2024-06-05,organic,bottoms,DE,68.15,0.0,68.15,False,completed
ORD004595,CUST01437,2024-11-23,meta,tops,GB,60.4,0.0,60.4,False,completed
ORD004596,CUST01311,2024-10-09,tiktok,tops,GB,36.05,0.0,36.05,False,completed
ORD004597,CUST02788,2024-10-24,referral,bottoms,NL,77.57,0.0,77.57,False,completed
ORD004598,CUST01039,2024-12-14,meta,bottoms,US,82.59,0.0,82.59,False,completed
ORD004599,CUST02990,2024-08-20,meta,footwear,FR,99.14,0.0,99.14,False,completed
ORD004600,CUST01212,2024-10-14,meta,accessories,US,34.78,5.8,-0.58,True,returned
ORD004601,CUST01133,2024-12-21,organic,bottoms,US,63.9,0.0,63.9,False,completed
ORD004602,CUST02365,2024-08-01,meta,tops,GB,67.15,0.0,67.15,False,completed
ORD004603,CUST00698,2024-09-30,email,tops,GB,69.3,0.0,69.3,False,completed
ORD004604,CUST00743,2024-05-27,google,bottoms,GB,62.75,0.0,62.75,False,completed
ORD004605,CUST02043,2024-05-14,tiktok,tops,US,47.28,8.99,38.29,False,completed
ORD004606,CUST00036,2024-09-26,organic,footwear,US,72.28,0.0,72.28,False,completed
ORD004607,CUST03079,2024-08-11,meta,tops,US,53.22,0.0,53.22,False,completed
ORD004608,CUST00672,2024-12-19,organic,tops,US,48.79,0.0,48.79,False,completed
ORD004609,CUST01847,2024-11-29,tiktok,footwear,US,101.5,0.0,15.23,True,returned
ORD004610,CUST03038,2024-07-22,meta,outerwear,CA,154.22,0.0,23.13,True,returned
ORD004611,CUST01986,2024-10-26,meta,tops,FR,51.69,9.27,-1.52,True,returned
ORD004612,CUST01434,2024-12-09,organic,bottoms,US,67.57,0.0,67.57,False,completed
ORD004613,CUST02798,2024-12-22,meta,bottoms,US,86.04,10.07,75.97,False,completed
ORD004614,CUST02588,2024-12-06,meta,bottoms,DE,101.88,0.0,15.28,True,returned
ORD004615,CUST02462,2024-12-18,email,tops,GB,51.67,0.0,51.67,False,completed
ORD004616,CUST01312,2024-04-23,tiktok,bottoms,GB,65.05,10.78,54.27,False,completed
ORD004617,CUST00647,2024-02-04,meta,tops,GB,54.27,8.55,45.72,False,completed
ORD004618,CUST03338,2024-03-12,tiktok,accessories,US,53.69,0.0,8.05,True,returned
ORD004619,CUST02306,2024-12-08,organic,bottoms,CA,71.41,0.0,71.41,False,completed
ORD004620,CUST02740,2024-09-09,meta,tops,GB,42.75,0.0,42.75,False,completed
ORD004621,CUST00117,2024-11-09,email,bottoms,FR,52.64,0.0,52.64,False,completed
ORD004622,CUST03029,2024-10-28,organic,bottoms,GB,71.75,0.0,71.75,False,completed
ORD004623,CUST01165,2024-07-02,referral,bottoms,DE,81.5,0.0,81.5,False,completed
ORD004624,CUST01136,2024-10-23,meta,footwear,GB,92.91,0.0,13.94,True,returned
ORD004625,CUST03563,2024-07-05,referral,tops,DE,40.85,0.0,40.85,False,completed
ORD004626,CUST01012,2024-07-01,email,accessories,CA,49.36,0.0,49.36,False,completed
ORD004627,CUST00829,2024-07-28,tiktok,accessories,CA,33.45,0.0,33.45,False,completed
ORD004628,CUST01935,2024-09-19,referral,footwear,GB,131.12,0.0,131.12,False,completed
ORD004629,CUST00083,2024-10-27,tiktok,bottoms,AU,94.15,0.0,94.15,False,completed
ORD004630,CUST00492,2024-11-18,meta,bottoms,US,52.0,0.0,52.0,False,completed
ORD004631,CUST02578,2024-09-13,meta,outerwear,US,144.41,29.64,114.77,False,completed
ORD004632,CUST01951,2024-09-19,google,bottoms,US,100.85,0.0,100.85,False,completed
ORD004633,CUST02409,2024-11-20,google,bottoms,DE,82.21,0.0,82.21,False,completed
ORD004634,CUST02969,2024-10-30,email,accessories,DE,51.68,0.0,51.68,False,completed
ORD004635,CUST02332,2024-12-06,email,outerwear,FR,191.59,0.0,191.59,False,completed
ORD004636,CUST01335,2024-11-14,meta,footwear,US,128.95,0.0,128.95,False,completed
ORD004637,CUST01198,2024-10-20,meta,footwear,DE,119.65,19.14,100.51,False,completed
ORD004638,CUST02498,2024-11-04,meta,footwear,GB,127.68,30.56,-11.41,True,returned
ORD004639,CUST02508,2024-05-31,meta,outerwear,US,162.21,27.14,-2.81,True,returned
ORD004640,CUST00649,2024-09-24,referral,tops,US,44.55,0.0,44.55,False,completed
ORD004641,CUST01247,2024-12-06,tiktok,tops,GB,48.64,8.09,40.55,False,completed
ORD004642,CUST00833,2024-11-27,google,tops,US,64.86,0.0,64.86,False,completed
ORD004643,CUST00371,2024-12-04,meta,accessories,AU,50.02,0.0,50.02,False,completed
ORD004644,CUST00141,2024-10-14,meta,outerwear,US,125.2,0.0,125.2,False,completed
ORD004645,CUST03133,2024-05-17,email,outerwear,GB,173.42,0.0,173.42,False,completed
ORD004646,CUST03038,2024-08-20,meta,bottoms,CA,84.59,0.0,12.69,True,returned
ORD004647,CUST03566,2024-10-10,tiktok,tops,US,52.32,5.88,46.44,False,completed
ORD004648,CUST00778,2024-08-04,meta,bottoms,FR,73.6,0.0,11.04,True,returned
ORD004649,CUST02191,2024-06-10,meta,bottoms,GB,80.47,0.0,80.47,False,completed
ORD004650,CUST03392,2024-10-02,google,bottoms,US,101.11,0.0,101.11,False,completed
ORD004651,CUST00920,2024-10-04,organic,outerwear,FR,174.17,0.0,174.17,False,completed
ORD004652,CUST00458,2024-11-09,referral,footwear,GB,124.2,0.0,124.2,False,completed
ORD004653,CUST00346,2024-06-03,email,bottoms,US,76.93,0.0,11.54,True,returned
ORD004654,CUST03631,2024-06-21,google,outerwear,GB,150.37,0.0,150.37,False,completed
ORD004655,CUST02168,2024-10-30,meta,bottoms,US,53.73,0.0,53.73,False,completed
ORD004656,CUST02056,2024-08-10,referral,footwear,US,102.6,0.0,102.6,False,completed
ORD004657,CUST02114,2024-09-08,meta,bottoms,FR,60.42,12.08,48.34,False,completed
ORD004658,CUST00189,2024-07-31,meta,bottoms,US,71.31,0.0,71.31,False,completed
ORD004659,CUST01839,2024-12-18,meta,tops,GB,68.9,15.27,53.63,False,completed
ORD004660,CUST01305,2024-12-08,meta,outerwear,FR,138.42,34.13,104.29,False,completed
ORD004661,CUST01203,2024-08-08,google,tops,CA,60.78,0.0,60.78,False,completed
ORD004662,CUST02184,2024-11-24,meta,bottoms,US,53.34,7.94,45.4,False,completed
ORD004663,CUST01834,2024-03-19,meta,tops,GB,53.44,9.13,-1.11,True,returned
ORD004664,CUST00611,2024-10-31,meta,bottoms,US,59.95,8.57,51.38,False,completed
ORD004665,CUST01515,2024-03-07,tiktok,accessories,GB,48.58,6.64,41.94,False,completed
ORD004666,CUST01664,2024-08-04,google,tops,DE,60.16,0.0,60.16,False,completed
ORD004667,CUST02788,2024-06-27,referral,tops,NL,58.87,0.0,58.87,False,completed
ORD004668,CUST01789,2024-05-13,meta,tops,NL,46.24,9.16,37.08,False,completed
ORD004669,CUST00185,2024-02-25,organic,tops,US,65.85,0.0,65.85,False,completed
ORD004670,CUST01233,2024-03-15,tiktok,footwear,GB,111.87,0.0,16.78,True,returned
ORD004671,CUST00095,2024-06-15,meta,accessories,NL,43.98,0.0,43.98,False,completed
ORD004672,CUST01575,2024-10-09,meta,outerwear,DE,125.54,19.11,-0.28,True,returned
ORD004673,CUST02851,2024-11-06,email,accessories,GB,54.47,0.0,54.47,False,completed
ORD004674,CUST00923,2024-12-25,meta,outerwear,GB,116.27,14.07,3.37,True,returned
ORD004675,CUST00675,2024-10-06,tiktok,bottoms,US,92.1,9.74,82.36,False,completed
ORD004676,CUST02989,2024-05-29,google,tops,GB,38.33,0.0,38.33,False,completed
ORD004677,CUST01216,2024-12-25,tiktok,outerwear,US,121.02,0.0,121.02,False,completed
ORD004678,CUST02510,2024-12-25,tiktok,accessories,CA,39.4,0.0,39.4,False,completed
ORD004679,CUST00145,2024-11-27,tiktok,tops,GB,37.26,0.0,37.26,False,completed
ORD004680,CUST02909,2024-09-21,meta,tops,AU,61.25,0.0,61.25,False,completed
ORD004681,CUST03555,2024-10-10,organic,accessories,FR,39.68,0.0,39.68,False,completed
ORD004682,CUST03450,2024-10-29,tiktok,tops,AU,36.37,6.02,30.35,False,completed
ORD004683,CUST02313,2024-12-07,meta,bottoms,NL,75.29,0.0,11.29,True,returned
ORD004684,CUST02417,2024-12-21,google,footwear,US,135.9,0.0,135.9,False,completed
ORD004685,CUST02185,2024-11-16,tiktok,tops,DE,36.64,0.0,36.64,False,completed
ORD004686,CUST01556,2024-10-12,meta,tops,AU,42.5,6.68,-0.3,True,returned
ORD004687,CUST01334,2024-10-12,meta,footwear,US,99.72,11.64,3.32,True,returned
ORD004688,CUST03548,2024-05-16,google,tops,DE,39.89,0.0,39.89,False,completed
ORD004689,CUST02431,2024-10-06,meta,bottoms,GB,60.96,0.0,60.96,False,completed
ORD004690,CUST03631,2024-08-21,google,bottoms,GB,77.9,0.0,77.9,False,completed
ORD004691,CUST02394,2024-11-02,google,bottoms,GB,70.92,0.0,70.92,False,completed
ORD004692,CUST02585,2024-12-18,google,outerwear,NL,155.22,0.0,155.22,False,completed
ORD004693,CUST01910,2024-05-27,organic,outerwear,AU,104.6,0.0,104.6,False,completed
ORD004694,CUST02032,2024-10-22,meta,footwear,DE,74.65,18.03,-6.83,True,returned
ORD004695,CUST00338,2024-06-17,organic,accessories,US,49.56,0.0,49.56,False,completed
ORD004696,CUST03673,2024-11-16,meta,bottoms,US,96.1,12.28,2.14,True,returned
ORD004697,CUST01071,2024-12-05,meta,footwear,FR,121.12,0.0,121.12,False,completed
ORD004698,CUST02456,2024-10-27,email,outerwear,NL,123.44,0.0,123.44,False,completed
ORD004699,CUST01053,2024-02-07,google,outerwear,US,176.57,0.0,176.57,False,completed
ORD004700,CUST00470,2024-05-17,organic,footwear,DE,130.88,0.0,130.88,False,completed
ORD004701,CUST01042,2024-09-16,meta,bottoms,FR,95.08,0.0,14.26,True,returned
ORD004702,CUST03321,2024-12-25,meta,accessories,GB,40.44,0.0,40.44,False,completed
ORD004703,CUST03015,2024-10-12,tiktok,bottoms,GB,61.03,12.56,48.47,False,completed
ORD004704,CUST01991,2024-07-23,organic,outerwear,DE,107.62,0.0,107.62,False,completed
ORD004705,CUST03461,2024-12-04,organic,accessories,US,28.1,0.0,28.1,False,completed
ORD004706,CUST02842,2024-03-12,email,tops,CA,42.89,0.0,42.89,False,completed
ORD004707,CUST01447,2024-12-03,referral,bottoms,US,80.96,0.0,80.96,False,completed
ORD004708,CUST01763,2024-10-06,meta,accessories,DE,33.82,6.87,-1.8,True,returned
ORD004709,CUST01412,2024-07-07,meta,accessories,AU,44.12,0.0,44.12,False,completed
ORD004710,CUST03567,2024-12-26,organic,bottoms,GB,59.35,0.0,59.35,False,completed
ORD004711,CUST00028,2024-11-10,meta,bottoms,DE,80.14,0.0,80.14,False,completed
ORD004712,CUST01122,2024-12-30,google,footwear,US,122.19,0.0,122.19,False,completed
ORD004713,CUST01929,2024-10-13,tiktok,tops,NL,42.77,0.0,42.77,False,completed
ORD004714,CUST00756,2024-11-17,tiktok,outerwear,GB,142.92,0.0,142.92,False,completed
ORD004715,CUST01017,2024-11-11,tiktok,bottoms,GB,60.23,9.72,50.51,False,completed
ORD004716,CUST01839,2024-08-09,meta,footwear,GB,102.93,0.0,15.44,True,returned
ORD004717,CUST01376,2024-11-30,organic,accessories,GB,52.08,0.0,52.08,False,completed
ORD004718,CUST03460,2024-09-21,meta,accessories,AU,43.05,0.0,43.05,False,completed
ORD004719,CUST03083,2024-09-08,meta,outerwear,US,110.5,21.17,89.33,False,completed
ORD004720,CUST03226,2024-02-21,meta,tops,US,53.6,0.0,53.6,False,completed
ORD004721,CUST03549,2024-12-07,tiktok,outerwear,US,180.91,40.21,140.7,False,completed
ORD004722,CUST03591,2024-08-03,meta,footwear,FR,95.78,15.89,79.89,False,completed
ORD004723,CUST02054,2024-07-20,google,accessories,US,28.89,0.0,4.33,True,returned
ORD004724,CUST00506,2024-12-18,referral,outerwear,CA,170.6,0.0,170.6,False,completed
ORD004725,CUST01982,2024-12-16,meta,outerwear,US,128.79,0.0,19.32,True,returned
ORD004726,CUST02272,2024-11-22,tiktok,bottoms,GB,61.85,15.21,-5.93,True,returned
ORD004727,CUST03634,2024-09-01,google,bottoms,GB,57.48,0.0,57.48,False,completed
ORD004728,CUST02215,2024-06-07,tiktok,tops,CA,51.24,0.0,51.24,False,completed
ORD004729,CUST03569,2024-09-02,google,bottoms,US,95.5,0.0,95.5,False,completed
ORD004730,CUST02518,2024-11-08,meta,accessories,US,54.74,11.84,-3.63,True,returned
ORD004731,CUST02737,2024-05-20,meta,outerwear,US,148.24,0.0,22.24,True,returned
ORD004732,CUST01066,2024-11-17,meta,accessories,US,44.23,0.0,6.63,True,returned
ORD004733,CUST03174,2024-11-29,meta,tops,US,51.13,0.0,7.67,True,returned
ORD004734,CUST01447,2024-11-05,referral,tops,US,37.36,0.0,37.36,False,completed
ORD004735,CUST03740,2024-12-23,tiktok,tops,NL,41.17,0.0,41.17,False,completed
ORD004736,CUST02618,2024-12-10,google,tops,US,69.59,0.0,69.59,False,completed
ORD004737,CUST00430,2024-11-20,meta,accessories,AU,55.81,0.0,8.37,True,returned
ORD004738,CUST01746,2024-11-09,tiktok,tops,US,64.51,10.47,54.04,False,completed
ORD004739,CUST00267,2024-10-21,organic,bottoms,FR,53.72,0.0,53.72,False,completed
ORD004740,CUST01967,2024-12-27,organic,outerwear,DE,151.87,0.0,151.87,False,completed
ORD004741,CUST00073,2024-11-02,meta,tops,US,58.14,14.52,43.62,False,completed
ORD004742,CUST01957,2024-10-18,meta,bottoms,US,97.1,23.3,73.8,False,completed
ORD004743,CUST00204,2024-11-08,google,tops,US,55.88,0.0,55.88,False,completed
ORD004744,CUST02283,2024-06-21,tiktok,tops,GB,37.51,0.0,37.51,False,completed
ORD004745,CUST00803,2024-02-01,organic,bottoms,FR,102.63,0.0,15.39,True,returned
ORD004746,CUST01150,2024-08-01,google,outerwear,GB,114.72,0.0,17.21,True,returned
ORD004747,CUST03661,2024-10-26,tiktok,tops,GB,37.87,0.0,37.87,False,completed
ORD004748,CUST01603,2024-07-02,google,bottoms,GB,54.06,0.0,8.11,True,returned
ORD004749,CUST00727,2024-11-28,google,footwear,US,107.46,0.0,107.46,False,completed
ORD004750,CUST01337,2024-12-07,referral,outerwear,CA,164.76,0.0,164.76,False,completed
ORD004751,CUST02524,2024-07-27,google,tops,US,42.06,0.0,42.06,False,completed
ORD004752,CUST00481,2024-09-18,organic,footwear,US,82.99,0.0,82.99,False,completed
ORD004753,CUST00849,2024-08-03,google,tops,DE,52.33,0.0,52.33,False,completed
ORD004754,CUST03158,2024-07-01,email,tops,FR,40.04,0.0,40.04,False,completed
ORD004755,CUST03496,2024-10-25,meta,outerwear,US,187.27,0.0,187.27,False,completed
ORD004756,CUST03619,2024-09-26,meta,tops,DE,59.07,8.67,50.4,False,completed
ORD004757,CUST02459,2024-10-21,organic,bottoms,GB,54.71,0.0,54.71,False,completed
ORD004758,CUST02578,2024-12-18,meta,tops,US,71.36,11.54,59.82,False,completed
ORD004759,CUST02453,2024-11-08,meta,bottoms,AU,70.22,0.0,70.22,False,completed
ORD004760,CUST02656,2024-10-23,email,tops,DE,69.05,0.0,69.05,False,completed
ORD004761,CUST02211,2024-12-06,tiktok,bottoms,GB,52.71,0.0,52.71,False,completed
ORD004762,CUST00129,2024-12-17,email,outerwear,US,166.25,0.0,166.25,False,completed
ORD004763,CUST03234,2024-12-04,meta,tops,FR,67.64,0.0,67.64,False,completed
ORD004764,CUST02407,2024-11-19,meta,bottoms,US,66.7,14.25,-4.24,True,returned
ORD004765,CUST02758,2024-11-03,tiktok,outerwear,US,121.41,19.53,-1.32,True,returned
ORD004766,CUST00372,2024-11-13,organic,outerwear,AU,190.94,0.0,190.94,False,completed
ORD004767,CUST01339,2024-04-08,google,tops,NL,69.69,0.0,69.69,False,completed
ORD004768,CUST00714,2024-12-24,tiktok,footwear,GB,75.93,12.01,63.92,False,completed
ORD004769,CUST01132,2024-09-20,tiktok,accessories,GB,39.16,6.14,33.02,False,completed
ORD004770,CUST01200,2024-09-10,meta,footwear,US,140.65,24.09,-2.99,True,returned
ORD004771,CUST02831,2024-11-10,meta,tops,GB,64.58,0.0,9.69,True,returned
ORD004772,CUST03025,2024-06-18,meta,tops,US,63.45,0.0,63.45,False,completed
ORD004773,CUST01483,2024-07-06,google,outerwear,NL,153.41,0.0,153.41,False,completed
ORD004774,CUST00024,2024-12-15,meta,accessories,GB,39.57,0.0,39.57,False,completed
ORD004775,CUST02612,2024-10-18,meta,tops,FR,51.02,0.0,7.65,True,returned
ORD004776,CUST00357,2024-11-18,meta,accessories,US,34.68,6.86,-1.66,True,returned
ORD004777,CUST00116,2024-07-28,google,outerwear,DE,173.4,0.0,173.4,False,completed
ORD004778,CUST03209,2024-11-29,meta,bottoms,GB,57.09,9.34,47.75,False,completed
ORD004779,CUST00691,2024-06-15,referral,outerwear,FR,188.82,0.0,188.82,False,completed
ORD004780,CUST01826,2024-11-06,meta,bottoms,GB,56.22,9.59,-1.16,True,returned
ORD004781,CUST02042,2024-05-31,meta,tops,US,40.63,0.0,40.63,False,completed
ORD004782,CUST02532,2024-08-21,meta,outerwear,DE,161.06,19.05,142.01,False,completed
ORD004783,CUST02159,2024-12-20,tiktok,footwear,GB,109.63,0.0,109.63,False,completed
ORD004784,CUST02147,2024-09-13,meta,accessories,DE,31.23,0.0,31.23,False,completed
ORD004785,CUST01022,2024-02-23,meta,bottoms,GB,57.51,6.33,51.18,False,completed
ORD004786,CUST00666,2024-12-29,google,tops,GB,41.66,0.0,41.66,False,completed
ORD004787,CUST02052,2024-08-03,meta,footwear,GB,135.85,15.1,120.75,False,completed
ORD004788,CUST02756,2024-12-30,tiktok,tops,GB,38.68,0.0,38.68,False,completed
ORD004789,CUST03625,2024-12-04,meta,tops,FR,56.64,0.0,56.64,False,completed
ORD004790,CUST01648,2024-11-02,google,bottoms,US,99.04,0.0,99.04,False,completed
ORD004791,CUST00220,2024-11-23,meta,bottoms,US,90.49,21.17,-7.6,True,returned
ORD004792,CUST02661,2024-04-02,google,footwear,GB,101.04,0.0,101.04,False,completed
ORD004793,CUST01891,2024-04-11,tiktok,bottoms,US,62.73,12.6,50.13,False,completed
ORD004794,CUST01852,2024-04-27,meta,bottoms,GB,96.57,0.0,96.57,False,completed
ORD004795,CUST03393,2024-11-14,meta,tops,US,41.84,0.0,41.84,False,completed
ORD004796,CUST01926,2024-11-11,meta,bottoms,FR,95.61,17.73,-3.39,True,returned
ORD004797,CUST02727,2024-12-28,meta,accessories,GB,54.04,6.46,47.58,False,completed
ORD004798,CUST01634,2024-06-04,meta,outerwear,US,179.82,0.0,179.82,False,completed
ORD004799,CUST03489,2024-09-25,meta,tops,US,51.16,10.4,-2.73,True,returned
ORD004800,CUST01241,2024-12-24,tiktok,outerwear,GB,176.87,44.18,132.69,False,completed
ORD004801,CUST01299,2024-10-07,meta,outerwear,US,186.49,0.0,27.97,True,returned
ORD004802,CUST02164,2024-05-19,meta,tops,GB,70.28,17.49,-6.95,True,returned
ORD004803,CUST01204,2024-09-10,google,outerwear,US,172.47,0.0,172.47,False,completed
ORD004804,CUST02094,2024-08-19,google,bottoms,US,63.66,0.0,63.66,False,completed
ORD004805,CUST02448,2024-10-05,tiktok,tops,US,61.26,14.57,46.69,False,completed
ORD004806,CUST01731,2024-09-16,google,bottoms,GB,55.36,0.0,55.36,False,completed
ORD004807,CUST01175,2024-09-22,organic,tops,GB,42.78,0.0,42.78,False,completed
ORD004808,CUST00404,2024-07-04,meta,accessories,GB,35.57,3.74,31.83,False,completed
ORD004809,CUST01326,2024-11-11,meta,accessories,GB,30.9,7.63,23.27,False,completed
ORD004810,CUST02676,2024-09-24,meta,footwear,US,118.21,27.51,-9.78,True,returned
ORD004811,CUST00992,2024-12-21,google,tops,NL,60.61,0.0,60.61,False,completed
ORD004812,CUST02226,2024-10-18,google,accessories,GB,29.27,0.0,29.27,False,completed
ORD004813,CUST01755,2024-11-18,organic,bottoms,GB,71.54,0.0,71.54,False,completed
ORD004814,CUST03280,2024-12-05,organic,bottoms,GB,103.16,0.0,103.16,False,completed
ORD004815,CUST02849,2024-10-10,organic,outerwear,US,188.82,0.0,188.82,False,completed
ORD004816,CUST02001,2024-11-06,google,accessories,GB,34.73,0.0,34.73,False,completed
ORD004817,CUST00913,2024-09-12,organic,footwear,US,131.74,0.0,131.74,False,completed
ORD004818,CUST01921,2024-08-24,tiktok,bottoms,GB,83.36,0.0,12.5,True,returned
ORD004819,CUST02057,2024-11-17,meta,bottoms,FR,95.48,19.08,76.4,False,completed
ORD004820,CUST03448,2024-12-06,referral,bottoms,FR,96.86,0.0,14.53,True,returned
ORD004821,CUST00017,2024-12-15,email,outerwear,US,141.48,0.0,141.48,False,completed
ORD004822,CUST03063,2024-10-08,meta,bottoms,US,84.31,0.0,84.31,False,completed
ORD004823,CUST01101,2024-11-30,google,tops,CA,58.33,0.0,58.33,False,completed
ORD004824,CUST00088,2024-10-07,meta,outerwear,GB,159.09,0.0,159.09,False,completed
ORD004825,CUST01979,2024-07-26,meta,bottoms,GB,79.59,12.71,66.88,False,completed
ORD004826,CUST00204,2024-09-16,google,footwear,US,125.35,0.0,125.35,False,completed
ORD004827,CUST02602,2024-04-21,referral,tops,CA,51.34,0.0,51.34,False,completed
ORD004828,CUST00371,2024-10-18,meta,bottoms,AU,66.01,0.0,66.01,False,completed
ORD004829,CUST03778,2024-12-18,meta,outerwear,CA,185.31,0.0,185.31,False,completed
ORD004830,CUST02101,2024-11-20,tiktok,accessories,CA,45.12,0.0,45.12,False,completed
ORD004831,CUST03014,2024-12-30,google,tops,CA,54.08,0.0,54.08,False,completed
ORD004832,CUST03122,2024-08-30,google,tops,CA,60.04,0.0,9.01,True,returned
ORD004833,CUST02387,2024-07-21,referral,outerwear,US,180.31,0.0,180.31,False,completed
ORD004834,CUST03384,2024-11-01,meta,tops,FR,70.4,12.3,-1.74,True,returned
ORD004835,CUST01419,2024-03-20,tiktok,accessories,US,47.84,0.0,7.18,True,returned
ORD004836,CUST03100,2024-11-10,google,tops,DE,42.3,0.0,42.3,False,completed
ORD004837,CUST00476,2024-10-10,google,tops,US,46.05,0.0,46.05,False,completed
ORD004838,CUST02674,2024-11-10,meta,bottoms,FR,59.49,0.0,59.49,False,completed
ORD004839,CUST02866,2024-11-26,meta,accessories,GB,33.04,0.0,33.04,False,completed
ORD004840,CUST01268,2024-11-15,tiktok,tops,US,57.93,7.87,0.82,True,returned
ORD004841,CUST01971,2024-09-24,tiktok,tops,US,59.38,0.0,59.38,False,completed
ORD004842,CUST02525,2024-09-13,meta,tops,US,37.81,6.99,30.82,False,completed
ORD004843,CUST02717,2024-10-11,email,tops,US,67.32,0.0,67.32,False,completed
ORD004844,CUST03715,2024-07-06,google,accessories,GB,44.09,0.0,44.09,False,completed
ORD004845,CUST03475,2024-12-21,referral,outerwear,GB,143.2,0.0,143.2,False,completed
ORD004846,CUST02893,2024-12-15,email,tops,CA,46.63,0.0,46.63,False,completed
ORD004847,CUST02002,2024-06-11,tiktok,bottoms,CA,70.11,0.0,10.52,True,returned
ORD004848,CUST02568,2024-09-22,google,bottoms,US,87.41,0.0,87.41,False,completed
ORD004849,CUST00523,2024-11-13,google,tops,GB,44.62,0.0,6.69,True,returned
ORD004850,CUST02703,2024-09-13,google,tops,GB,43.47,0.0,6.52,True,returned
ORD004851,CUST01948,2024-06-07,meta,tops,US,70.04,9.74,60.3,False,completed
ORD004852,CUST02363,2024-09-03,meta,footwear,US,131.92,0.0,131.92,False,completed
ORD004853,CUST03592,2024-03-30,referral,tops,FR,41.02,0.0,41.02,False,completed
ORD004854,CUST00743,2024-05-31,google,accessories,GB,53.38,0.0,53.38,False,completed
ORD004855,CUST03217,2024-08-13,organic,bottoms,GB,68.73,0.0,68.73,False,completed
ORD004856,CUST03299,2024-12-02,email,tops,US,63.65,0.0,63.65,False,completed
ORD004857,CUST02358,2024-06-10,meta,tops,DE,65.91,0.0,9.89,True,returned
ORD004858,CUST02158,2024-10-27,meta,outerwear,GB,138.2,0.0,138.2,False,completed
ORD004859,CUST00695,2024-09-05,tiktok,tops,US,71.55,0.0,71.55,False,completed
ORD004860,CUST02269,2024-08-25,tiktok,tops,US,59.38,0.0,59.38,False,completed
ORD004861,CUST03317,2024-11-29,organic,tops,US,38.43,0.0,38.43,False,completed
ORD004862,CUST00950,2024-05-10,google,footwear,GB,132.66,0.0,132.66,False,completed
ORD004863,CUST02927,2024-12-17,google,bottoms,GB,92.91,0.0,92.91,False,completed
ORD004864,CUST02214,2024-01-06,meta,tops,GB,58.97,12.45,46.52,False,completed
ORD004865,CUST00948,2024-09-02,organic,tops,GB,44.04,0.0,44.04,False,completed
ORD004866,CUST00251,2024-11-02,meta,outerwear,FR,133.99,19.6,0.5,True,returned
ORD004867,CUST01801,2024-12-17,google,accessories,US,28.43,0.0,28.43,False,completed
ORD004868,CUST00953,2024-12-25,organic,bottoms,DE,85.8,0.0,85.8,False,completed
ORD004869,CUST00534,2024-09-18,google,footwear,GB,111.73,0.0,16.76,True,returned
ORD004870,CUST00510,2024-12-18,google,tops,US,55.99,0.0,55.99,False,completed
ORD004871,CUST02671,2024-06-24,meta,bottoms,AU,68.74,16.26,52.48,False,completed
ORD004872,CUST01149,2024-12-23,tiktok,bottoms,FR,102.71,0.0,102.71,False,completed
ORD004873,CUST02112,2024-11-15,meta,outerwear,US,117.04,25.22,-7.66,True,returned
ORD004874,CUST00411,2024-08-18,meta,accessories,US,50.59,0.0,7.59,True,returned
ORD004875,CUST01828,2024-12-15,google,tops,GB,50.79,0.0,50.79,False,completed
ORD004876,CUST02022,2024-02-18,google,outerwear,DE,159.6,0.0,159.6,False,completed
ORD004877,CUST03136,2024-09-27,tiktok,tops,CA,56.63,0.0,56.63,False,completed
ORD004878,CUST02855,2024-05-03,google,footwear,CA,143.22,0.0,143.22,False,completed
ORD004879,CUST01381,2024-08-01,email,tops,GB,44.82,0.0,44.82,False,completed
ORD004880,CUST00468,2024-09-25,organic,tops,DE,38.05,0.0,38.05,False,completed
ORD004881,CUST02551,2024-02-04,meta,footwear,US,72.61,0.0,72.61,False,completed
ORD004882,CUST02585,2024-12-22,google,tops,NL,50.91,0.0,50.91,False,completed
ORD004883,CUST02379,2024-04-14,meta,accessories,GB,53.09,0.0,7.96,True,returned
ORD004884,CUST02120,2024-03-01,meta,tops,GB,41.18,5.79,0.39,True,returned
ORD004885,CUST02838,2024-08-03,organic,tops,GB,51.54,0.0,51.54,False,completed
ORD004886,CUST01959,2024-07-30,meta,tops,GB,67.65,11.07,56.58,False,completed
ORD004887,CUST01346,2024-05-21,tiktok,outerwear,US,154.17,0.0,154.17,False,completed
ORD004888,CUST01576,2024-09-17,organic,outerwear,GB,107.49,0.0,16.12,True,returned
ORD004889,CUST01845,2024-08-02,meta,footwear,NL,125.86,22.95,-4.07,True,returned
ORD004890,CUST02710,2024-06-24,google,accessories,GB,36.79,0.0,36.79,False,completed
ORD004891,CUST01315,2024-10-15,google,footwear,GB,110.67,0.0,110.67,False,completed
ORD004892,CUST03087,2024-08-24,google,bottoms,US,93.64,0.0,93.64,False,completed
ORD004893,CUST01078,2024-09-05,google,bottoms,DE,68.99,0.0,68.99,False,completed
ORD004894,CUST03048,2024-11-14,organic,outerwear,GB,170.86,0.0,170.86,False,completed
ORD004895,CUST01832,2024-09-28,organic,tops,GB,42.68,0.0,42.68,False,completed
ORD004896,CUST01067,2024-05-22,meta,footwear,GB,117.78,0.0,117.78,False,completed
ORD004897,CUST03774,2024-08-01,meta,footwear,FR,119.95,0.0,119.95,False,completed
ORD004898,CUST01150,2024-05-20,google,outerwear,GB,112.73,0.0,16.91,True,returned
ORD004899,CUST01613,2024-11-03,tiktok,bottoms,DE,68.43,0.0,68.43,False,completed
ORD004900,CUST00146,2024-03-20,meta,tops,US,67.83,15.67,52.16,False,completed
ORD004901,CUST01430,2024-09-29,meta,bottoms,US,76.9,0.0,76.9,False,completed
ORD004902,CUST03209,2024-11-19,meta,footwear,GB,97.87,10.51,87.36,False,completed
ORD004903,CUST00165,2024-12-18,google,tops,DE,36.81,0.0,36.81,False,completed
ORD004904,CUST01044,2024-10-16,google,tops,US,52.63,0.0,52.63,False,completed
ORD004905,CUST00865,2024-11-29,tiktok,outerwear,US,147.41,23.72,123.69,False,completed
ORD004906,CUST01156,2024-10-21,meta,outerwear,AU,109.63,16.16,0.28,True,returned
ORD004907,CUST01729,2024-10-09,meta,tops,FR,42.93,0.0,6.44,True,returned
ORD004908,CUST01358,2024-12-25,meta,tops,US,71.56,0.0,10.73,True,returned
ORD004909,CUST00438,2024-11-07,organic,bottoms,GB,87.43,0.0,87.43,False,completed
ORD004910,CUST02281,2024-09-27,google,tops,GB,56.38,0.0,56.38,False,completed
ORD004911,CUST01263,2024-06-23,tiktok,tops,NL,69.84,0.0,69.84,False,completed
ORD004912,CUST03483,2024-10-05,google,accessories,GB,35.19,0.0,35.19,False,completed
ORD004913,CUST02801,2024-05-15,meta,bottoms,US,93.81,0.0,93.81,False,completed
ORD004914,CUST02709,2024-07-02,tiktok,accessories,GB,50.92,5.4,45.52,False,completed
ORD004915,CUST03657,2024-05-14,email,accessories,DE,32.38,0.0,32.38,False,completed
ORD004916,CUST02392,2024-12-09,google,bottoms,US,55.01,0.0,55.01,False,completed
ORD004917,CUST01540,2024-08-01,google,bottoms,AU,65.21,0.0,65.21,False,completed
ORD004918,CUST01556,2024-10-08,meta,bottoms,AU,71.0,0.0,71.0,False,completed
ORD004919,CUST03697,2024-07-21,meta,tops,GB,47.1,0.0,47.1,False,completed
ORD004920,CUST00759,2024-11-20,meta,accessories,US,29.88,0.0,4.48,True,returned
ORD004921,CUST00992,2024-12-12,google,outerwear,NL,122.1,0.0,122.1,False,completed
ORD004922,CUST02789,2024-09-25,google,accessories,GB,54.14,0.0,54.14,False,completed
ORD004923,CUST02910,2024-03-03,google,accessories,US,40.81,0.0,40.81,False,completed
ORD004924,CUST02354,2024-05-09,referral,outerwear,DE,121.55,0.0,121.55,False,completed
ORD004925,CUST02172,2024-12-17,meta,footwear,FR,73.44,0.0,11.02,True,returned
ORD004926,CUST01575,2024-10-20,meta,accessories,DE,52.19,12.12,-4.29,True,returned
ORD004927,CUST03259,2024-08-23,meta,tops,AU,62.96,0.0,62.96,False,completed
ORD004928,CUST02061,2024-12-19,google,outerwear,CA,157.83,0.0,157.83,False,completed
ORD004929,CUST01000,2024-12-19,meta,bottoms,DE,85.21,11.78,73.43,False,completed
ORD004930,CUST02344,2024-10-20,email,footwear,AU,104.6,0.0,15.69,True,returned
ORD004931,CUST01017,2024-11-23,tiktok,accessories,GB,37.82,0.0,37.82,False,completed
ORD004932,CUST01862,2024-08-03,google,bottoms,US,96.03,0.0,96.03,False,completed
ORD004933,CUST01256,2024-11-19,meta,bottoms,US,75.8,0.0,75.8,False,completed
ORD004934,CUST03087,2024-04-08,google,outerwear,US,103.83,0.0,15.57,True,returned
ORD004935,CUST00778,2024-10-05,meta,tops,FR,66.19,0.0,9.93,True,returned
ORD004936,CUST02657,2024-12-24,google,tops,NL,52.14,0.0,52.14,False,completed
ORD004937,CUST02033,2024-04-13,meta,bottoms,GB,70.46,13.12,57.34,False,completed
ORD004938,CUST00108,2024-09-01,google,bottoms,FR,85.94,0.0,85.94,False,completed
ORD004939,CUST00871,2024-11-20,meta,accessories,AU,44.55,0.0,44.55,False,completed
ORD004940,CUST01987,2024-07-19,google,outerwear,US,178.15,0.0,178.15,False,completed
ORD004941,CUST01956,2024-11-06,meta,footwear,CA,143.59,24.06,-2.52,True,returned
ORD004942,CUST03472,2024-09-25,meta,footwear,GB,75.99,0.0,75.99,False,completed
ORD004943,CUST03072,2024-01-25,meta,outerwear,US,130.56,18.58,111.98,False,completed
ORD004944,CUST02622,2024-12-17,meta,outerwear,DE,155.81,0.0,155.81,False,completed
ORD004945,CUST01327,2024-10-17,meta,bottoms,US,103.65,24.46,-8.91,True,returned
ORD004946,CUST03057,2024-09-14,meta,bottoms,GB,90.09,0.0,90.09,False,completed
ORD004947,CUST01599,2024-12-28,organic,accessories,AU,49.08,0.0,49.08,False,completed
ORD004948,CUST00992,2024-12-07,google,outerwear,NL,189.27,0.0,28.39,True,returned
ORD004949,CUST03706,2024-05-22,meta,tops,US,56.35,5.72,50.63,False,completed
ORD004950,CUST01841,2024-09-06,organic,bottoms,US,90.15,0.0,90.15,False,completed
ORD004951,CUST02561,2024-07-10,organic,bottoms,US,81.73,0.0,81.73,False,completed
ORD004952,CUST03608,2024-08-15,tiktok,bottoms,FR,101.23,0.0,101.23,False,completed
ORD004953,CUST03447,2024-06-22,meta,outerwear,GB,157.93,21.35,136.58,False,completed
ORD004954,CUST03790,2024-12-16,tiktok,accessories,US,43.13,7.32,35.81,False,completed
ORD004955,CUST02791,2024-10-12,google,tops,FR,42.21,0.0,42.21,False,completed
ORD004956,CUST02458,2024-10-14,meta,tops,US,48.97,0.0,7.35,True,returned
ORD004957,CUST03404,2024-09-07,referral,accessories,FR,40.11,0.0,40.11,False,completed
ORD004958,CUST02031,2024-11-06,meta,outerwear,US,120.58,30.03,-11.94,True,returned
ORD004959,CUST02312,2024-07-08,referral,outerwear,DE,133.4,0.0,133.4,False,completed
ORD004960,CUST01755,2024-11-20,organic,tops,GB,66.11,0.0,66.11,False,completed
ORD004961,CUST00712,2024-10-26,tiktok,outerwear,DE,129.05,0.0,19.36,True,returned
ORD004962,CUST01429,2024-10-18,google,outerwear,GB,146.9,0.0,146.9,False,completed
ORD004963,CUST02088,2024-05-15,meta,tops,GB,53.22,0.0,7.98,True,returned
ORD004964,CUST00806,2024-09-05,organic,accessories,NL,48.99,0.0,48.99,False,completed
ORD004965,CUST02374,2024-06-19,tiktok,tops,NL,70.09,15.75,54.34,False,completed
ORD004966,CUST01771,2024-12-10,tiktok,accessories,AU,32.92,0.0,32.92,False,completed
ORD004967,CUST00401,2024-12-24,meta,tops,GB,61.08,0.0,61.08,False,completed
ORD004968,CUST03718,2024-11-21,tiktok,outerwear,FR,107.33,0.0,107.33,False,completed
ORD004969,CUST01231,2024-08-28,google,footwear,FR,74.84,0.0,11.23,True,returned
ORD004970,CUST00439,2024-11-26,tiktok,tops,US,52.64,8.7,43.94,False,completed
ORD004971,CUST01464,2024-11-29,meta,bottoms,US,102.82,13.19,89.63,False,completed
ORD004972,CUST00945,2024-11-17,google,accessories,GB,48.98,0.0,7.35,True,returned
ORD004973,CUST01506,2024-12-04,meta,footwear,GB,142.84,0.0,142.84,False,completed
ORD004974,CUST01040,2024-10-07,organic,tops,GB,70.11,0.0,70.11,False,completed
ORD004975,CUST00774,2024-11-22,organic,outerwear,GB,165.22,0.0,165.22,False,completed
ORD004976,CUST03530,2024-08-04,tiktok,accessories,FR,42.84,8.91,33.93,False,completed
ORD004977,CUST00989,2024-10-31,organic,outerwear,US,156.47,0.0,156.47,False,completed
ORD004978,CUST03012,2024-05-06,google,tops,AU,71.32,0.0,71.32,False,completed
ORD004979,CUST01838,2024-09-26,google,accessories,AU,47.15,0.0,7.07,True,returned
ORD004980,CUST01860,2024-09-04,tiktok,accessories,GB,39.23,0.0,39.23,False,completed
ORD004981,CUST01352,2024-11-03,google,tops,GB,51.28,0.0,51.28,False,completed
ORD004982,CUST00597,2024-11-02,referral,accessories,US,46.33,0.0,46.33,False,completed
ORD004983,CUST03171,2024-11-17,tiktok,bottoms,GB,87.93,0.0,13.19,True,returned
ORD004984,CUST02944,2024-12-10,tiktok,accessories,GB,41.65,0.0,41.65,False,completed
ORD004985,CUST03604,2024-12-27,tiktok,bottoms,GB,95.27,11.98,83.29,False,completed
ORD004986,CUST02157,2024-11-10,email,bottoms,GB,78.33,0.0,78.33,False,completed
ORD004987,CUST02040,2024-11-14,meta,bottoms,AU,99.8,16.61,-1.64,True,returned
ORD004988,CUST02888,2024-12-08,meta,tops,GB,49.58,0.0,49.58,False,completed
ORD004989,CUST01285,2024-04-16,meta,accessories,US,35.89,0.0,35.89,False,completed
ORD004990,CUST00305,2024-12-29,tiktok,bottoms,AU,59.32,12.2,47.12,False,completed
ORD004991,CUST00033,2024-11-20,organic,accessories,GB,43.87,0.0,43.87,False,completed
ORD004992,CUST03177,2024-08-04,tiktok,tops,DE,60.79,0.0,60.79,False,completed
ORD004993,CUST00738,2024-12-20,meta,bottoms,GB,79.51,0.0,11.93,True,returned
ORD004994,CUST00910,2024-10-02,meta,bottoms,AU,56.11,6.14,2.28,True,returned
ORD004995,CUST00326,2024-04-26,google,accessories,US,48.14,0.0,48.14,False,completed
ORD004996,CUST01513,2024-11-04,tiktok,bottoms,DE,63.71,0.0,63.71,False,completed
ORD004997,CUST01955,2024-10-01,meta,outerwear,US,165.49,0.0,165.49,False,completed
ORD004998,CUST02839,2024-08-24,organic,tops,DE,42.86,0.0,42.86,False,completed
ORD004999,CUST01848,2024-10-26,tiktok,bottoms,GB,53.44,6.83,46.61,False,completed
ORD005000,CUST00425,2024-12-30,meta,footwear,GB,143.87,24.17,119.7,False,completed
ORD005001,CUST00967,2024-12-20,tiktok,accessories,GB,46.45,0.0,6.97,True,returned
ORD005002,CUST00024,2024-04-02,meta,outerwear,GB,186.63,20.81,165.82,False,completed
ORD005003,CUST03273,2024-10-17,meta,outerwear,CA,111.17,0.0,111.17,False,completed
ORD005004,CUST02775,2024-09-01,meta,tops,US,36.0,0.0,5.4,True,returned
ORD005005,CUST01371,2024-06-15,organic,accessories,GB,44.62,0.0,44.62,False,completed
ORD005006,CUST00218,2024-09-03,meta,footwear,GB,94.54,0.0,14.18,True,returned
ORD005007,CUST01023,2024-11-29,email,bottoms,US,54.15,0.0,54.15,False,completed
ORD005008,CUST01930,2024-11-21,meta,tops,US,56.06,0.0,56.06,False,completed
ORD005009,CUST00134,2024-06-19,meta,bottoms,US,56.31,6.22,50.09,False,completed
ORD005010,CUST00461,2024-11-14,meta,footwear,GB,116.01,0.0,116.01,False,completed
ORD005011,CUST03329,2024-12-16,meta,bottoms,AU,95.19,20.66,-6.38,True,returned
ORD005012,CUST03273,2024-12-21,meta,outerwear,CA,122.31,0.0,122.31,False,completed
ORD005013,CUST01986,2024-09-12,meta,bottoms,FR,54.58,0.0,54.58,False,completed
ORD005014,CUST03452,2024-07-27,email,bottoms,DE,68.47,0.0,68.47,False,completed
ORD005015,CUST03430,2024-12-08,google,tops,DE,47.15,0.0,47.15,False,completed
ORD005016,CUST03102,2024-04-03,email,bottoms,GB,97.59,0.0,97.59,False,completed
ORD005017,CUST02836,2024-11-18,email,bottoms,GB,57.7,0.0,57.7,False,completed
ORD005018,CUST02016,2024-11-29,tiktok,accessories,GB,52.63,11.4,41.23,False,completed
ORD005019,CUST00448,2024-09-21,meta,bottoms,US,81.02,12.59,68.43,False,completed
ORD005020,CUST02279,2024-10-30,meta,footwear,US,112.86,0.0,112.86,False,completed
ORD005021,CUST01451,2024-12-29,google,bottoms,GB,80.95,0.0,80.95,False,completed
ORD005022,CUST03023,2024-10-14,google,bottoms,DE,101.79,0.0,101.79,False,completed
ORD005023,CUST01076,2024-09-04,meta,outerwear,AU,104.78,0.0,15.72,True,returned
ORD005024,CUST03059,2024-05-04,meta,outerwear,GB,184.74,0.0,184.74,False,completed
ORD005025,CUST02023,2024-12-10,email,tops,AU,55.4,0.0,55.4,False,completed
ORD005026,CUST03474,2024-08-29,google,tops,US,65.49,0.0,65.49,False,completed
ORD005027,CUST02741,2024-12-07,tiktok,outerwear,GB,190.03,26.19,163.84,False,completed
ORD005028,CUST02529,2024-10-11,meta,tops,US,41.15,0.0,6.17,True,returned
ORD005029,CUST02726,2024-12-24,meta,tops,FR,41.4,10.2,31.2,False,completed
ORD005030,CUST02702,2024-10-12,tiktok,tops,US,59.52,0.0,8.93,True,returned
ORD005031,CUST03694,2024-06-23,organic,tops,DE,48.96,0.0,48.96,False,completed
ORD005032,CUST02752,2024-06-03,tiktok,outerwear,US,158.45,18.34,140.11,False,completed
ORD005033,CUST00195,2024-06-30,meta,tops,US,67.16,7.01,60.15,False,completed
ORD005034,CUST02025,2024-12-13,google,tops,US,60.76,0.0,60.76,False,completed
ORD005035,CUST01425,2024-12-21,meta,footwear,GB,123.15,28.92,94.23,False,completed
ORD005036,CUST03738,2024-12-22,organic,outerwear,US,113.19,0.0,113.19,False,completed
ORD005037,CUST01507,2024-09-06,organic,bottoms,DE,57.34,0.0,57.34,False,completed
ORD005038,CUST03773,2024-10-05,google,bottoms,GB,54.38,0.0,54.38,False,completed
ORD005039,CUST00538,2024-12-16,google,tops,FR,62.14,0.0,62.14,False,completed
ORD005040,CUST00725,2024-12-23,meta,accessories,US,36.38,3.7,32.68,False,completed
ORD005041,CUST02602,2024-10-01,referral,accessories,CA,31.1,0.0,31.1,False,completed
ORD005042,CUST00724,2024-11-03,meta,outerwear,GB,147.33,0.0,22.1,True,returned
ORD005043,CUST01900,2024-12-02,google,accessories,CA,29.52,0.0,29.52,False,completed
ORD005044,CUST02361,2024-06-06,email,tops,CA,63.73,0.0,63.73,False,completed
ORD005045,CUST02393,2024-08-09,meta,accessories,US,47.27,0.0,47.27,False,completed
ORD005046,CUST02421,2024-12-02,meta,accessories,FR,55.69,11.18,44.51,False,completed
ORD005047,CUST00677,2024-09-02,meta,accessories,GB,50.33,5.76,1.79,True,returned
ORD005048,CUST00060,2024-06-20,google,tops,GB,53.67,0.0,53.67,False,completed
ORD005049,CUST03245,2024-10-25,meta,accessories,DE,52.5,10.4,-2.52,True,returned
ORD005050,CUST02943,2024-05-10,tiktok,bottoms,FR,63.78,9.74,54.04,False,completed
ORD005051,CUST03617,2024-07-13,meta,bottoms,US,72.35,0.0,72.35,False,completed
ORD005052,CUST01785,2024-12-02,email,bottoms,DE,103.09,0.0,103.09,False,completed
ORD005053,CUST03299,2024-11-19,email,bottoms,US,72.62,0.0,72.62,False,completed
ORD005054,CUST00790,2024-12-17,meta,accessories,NL,29.52,6.77,22.75,False,completed
ORD005055,CUST02104,2024-10-04,tiktok,tops,CA,41.19,6.13,0.05,True,returned
ORD005056,CUST01131,2024-11-01,meta,tops,US,55.78,10.72,45.06,False,completed
ORD005057,CUST00076,2024-09-22,google,bottoms,US,93.64,0.0,93.64,False,completed
ORD005058,CUST00837,2024-12-13,meta,footwear,AU,118.76,0.0,118.76,False,completed
ORD005059,CUST03348,2024-11-17,tiktok,footwear,US,117.79,12.77,105.02,False,completed
ORD005060,CUST00209,2024-12-22,meta,tops,US,50.02,0.0,50.02,False,completed
ORD005061,CUST00987,2024-12-30,meta,accessories,US,50.12,5.06,2.46,True,returned
ORD005062,CUST01764,2024-06-30,meta,tops,GB,65.23,0.0,65.23,False,completed
ORD005063,CUST00006,2024-11-07,google,bottoms,FR,88.21,0.0,88.21,False,completed
ORD005064,CUST02034,2024-09-07,tiktok,bottoms,GB,81.39,12.69,68.7,False,completed
ORD005065,CUST03264,2024-07-16,email,tops,DE,52.83,0.0,52.83,False,completed
ORD005066,CUST00209,2024-12-20,meta,accessories,US,36.82,5.13,31.69,False,completed
ORD005067,CUST00061,2024-03-12,meta,bottoms,GB,79.55,0.0,11.93,True,returned
ORD005068,CUST01743,2024-08-12,meta,bottoms,US,103.88,0.0,15.58,True,returned
ORD005069,CUST00196,2024-05-05,google,footwear,DE,129.25,0.0,129.25,False,completed
ORD005070,CUST00485,2024-12-06,meta,bottoms,US,101.45,17.48,83.97,False,completed
ORD005071,CUST03699,2024-12-27,google,accessories,GB,43.17,0.0,43.17,False,completed
ORD005072,CUST01260,2024-08-13,tiktok,bottoms,US,78.55,0.0,78.55,False,completed
ORD005073,CUST01821,2024-10-27,google,bottoms,GB,63.63,0.0,9.54,True,returned
ORD005074,CUST02841,2024-09-09,meta,footwear,US,97.97,10.62,87.35,False,completed
ORD005075,CUST00773,2024-08-06,meta,tops,AU,52.85,9.33,-1.4,True,returned
ORD005076,CUST02755,2024-11-17,email,footwear,US,96.88,0.0,96.88,False,completed
ORD005077,CUST00501,2024-06-12,meta,footwear,US,116.81,0.0,116.81,False,completed
ORD005078,CUST02602,2024-05-28,referral,tops,CA,36.88,0.0,36.88,False,completed
ORD005079,CUST03366,2024-10-31,google,tops,US,36.79,0.0,36.79,False,completed
ORD005080,CUST03379,2024-06-20,tiktok,bottoms,GB,84.86,20.93,-8.2,True,returned
ORD005081,CUST00278,2024-10-05,google,bottoms,DE,83.39,0.0,83.39,False,completed
ORD005082,CUST00886,2024-12-05,google,accessories,GB,41.24,0.0,41.24,False,completed
ORD005083,CUST00596,2024-12-12,meta,accessories,DE,43.73,0.0,43.73,False,completed
ORD005084,CUST01836,2024-09-13,meta,bottoms,AU,95.54,0.0,14.33,True,returned
ORD005085,CUST00618,2024-10-29,meta,bottoms,GB,96.24,10.36,85.88,False,completed
ORD005086,CUST01691,2024-07-13,tiktok,bottoms,FR,54.36,12.07,-3.92,True,returned
ORD005087,CUST00505,2024-10-24,google,bottoms,DE,83.71,0.0,83.71,False,completed
ORD005088,CUST00355,2024-06-26,tiktok,outerwear,US,147.38,0.0,147.38,False,completed
ORD005089,CUST03661,2024-11-21,tiktok,bottoms,GB,66.93,16.41,-6.37,True,returned
ORD005090,CUST01434,2024-12-24,organic,outerwear,US,104.07,0.0,104.07,False,completed
ORD005091,CUST03028,2024-08-29,organic,outerwear,US,153.23,0.0,153.23,False,completed
ORD005092,CUST01528,2024-10-31,meta,outerwear,DE,107.26,0.0,16.09,True,returned
ORD005093,CUST01310,2024-09-20,meta,footwear,GB,99.47,0.0,14.92,True,returned
ORD005094,CUST00442,2024-09-13,organic,bottoms,FR,80.63,0.0,80.63,False,completed
ORD005095,CUST01683,2024-12-22,organic,tops,AU,71.13,0.0,71.13,False,completed
ORD005096,CUST00528,2024-08-07,tiktok,tops,GB,41.6,5.55,36.05,False,completed
ORD005097,CUST02123,2024-11-25,organic,outerwear,US,118.97,0.0,118.97,False,completed
ORD005098,CUST01584,2024-03-08,organic,accessories,GB,37.08,0.0,37.08,False,completed
ORD005099,CUST02924,2024-12-22,tiktok,tops,US,36.58,0.0,5.49,True,returned
ORD005100,CUST01005,2024-11-05,meta,accessories,GB,53.67,7.81,45.86,False,completed
ORD005101,CUST00165,2024-12-03,google,bottoms,DE,59.95,0.0,8.99,True,returned
ORD005102,CUST00657,2024-09-26,meta,bottoms,US,90.15,0.0,90.15,False,completed
ORD005103,CUST00830,2024-09-10,meta,bottoms,GB,70.56,0.0,70.56,False,completed
ORD005104,CUST02171,2024-10-01,email,accessories,FR,49.69,0.0,49.69,False,completed
ORD005105,CUST00604,2024-09-06,google,tops,GB,66.76,0.0,66.76,False,completed
ORD005106,CUST00122,2024-07-13,google,outerwear,US,191.34,0.0,191.34,False,completed
ORD005107,CUST01207,2024-10-26,meta,bottoms,GB,84.81,17.29,67.52,False,completed
ORD005108,CUST01623,2024-09-07,meta,tops,US,56.28,0.0,56.28,False,completed
ORD005109,CUST02688,2024-12-02,google,footwear,US,132.44,0.0,132.44,False,completed
ORD005110,CUST02161,2024-10-10,google,tops,GB,59.36,0.0,8.9,True,returned
ORD005111,CUST01736,2024-12-15,organic,footwear,GB,99.88,0.0,14.98,True,returned
ORD005112,CUST03175,2024-12-24,organic,accessories,GB,51.9,0.0,51.9,False,completed
ORD005113,CUST03720,2024-07-13,google,accessories,FR,32.47,0.0,32.47,False,completed
ORD005114,CUST01277,2024-12-21,tiktok,accessories,US,38.35,5.69,32.66,False,completed
ORD005115,CUST00096,2024-12-18,tiktok,bottoms,DE,55.9,10.88,45.02,False,completed
ORD005116,CUST00414,2024-12-21,meta,footwear,US,103.89,11.36,4.22,True,returned
ORD005117,CUST00869,2024-09-07,tiktok,outerwear,US,96.42,0.0,96.42,False,completed
ORD005118,CUST03626,2024-11-10,meta,tops,FR,68.7,0.0,68.7,False,completed
ORD005119,CUST00183,2024-07-30,meta,accessories,GB,42.95,9.42,-2.98,True,returned
ORD005120,CUST02209,2024-11-02,meta,footwear,US,104.97,11.44,93.53,False,completed
ORD005121,CUST00410,2024-07-14,meta,tops,FR,71.85,11.74,60.11,False,completed
ORD005122,CUST02979,2024-10-21,tiktok,tops,NL,47.53,0.0,47.53,False,completed
ORD005123,CUST01952,2024-11-21,email,tops,US,36.87,0.0,36.87,False,completed
ORD005124,CUST02277,2024-01-26,referral,accessories,GB,33.93,0.0,33.93,False,completed
ORD005125,CUST03778,2024-09-09,meta,accessories,CA,47.77,5.69,42.08,False,completed
ORD005126,CUST03011,2024-12-25,tiktok,accessories,AU,42.77,0.0,6.42,True,returned
ORD005127,CUST00329,2024-09-25,tiktok,accessories,GB,36.96,0.0,36.96,False,completed
ORD005128,CUST00963,2024-11-05,email,outerwear,GB,115.23,0.0,115.23,False,completed
ORD005129,CUST03353,2024-10-10,organic,footwear,AU,80.6,0.0,80.6,False,completed
ORD005130,CUST01386,2024-09-20,google,footwear,GB,91.45,0.0,91.45,False,completed
ORD005131,CUST01129,2024-12-20,meta,tops,NL,43.07,0.0,6.46,True,returned
ORD005132,CUST00652,2024-10-16,google,tops,US,65.06,0.0,65.06,False,completed
ORD005133,CUST03540,2024-09-04,organic,bottoms,FR,74.6,0.0,11.19,True,returned
ORD005134,CUST01266,2024-07-26,meta,footwear,GB,103.72,0.0,15.56,True,returned
ORD005135,CUST01037,2024-10-28,google,accessories,GB,37.3,0.0,37.3,False,completed
ORD005136,CUST01665,2024-06-09,meta,tops,GB,57.6,0.0,57.6,False,completed
ORD005137,CUST01297,2024-12-09,tiktok,bottoms,US,58.51,0.0,58.51,False,completed
ORD005138,CUST01232,2024-07-31,meta,tops,CA,56.24,0.0,56.24,False,completed
ORD005139,CUST02500,2024-06-11,meta,outerwear,CA,101.26,21.04,80.22,False,completed
ORD005140,CUST01935,2024-11-17,referral,tops,GB,51.6,0.0,7.74,True,returned
ORD005141,CUST01288,2024-09-28,email,tops,DE,54.6,0.0,54.6,False,completed
ORD005142,CUST03786,2024-06-24,meta,outerwear,GB,160.41,0.0,160.41,False,completed
ORD005143,CUST02524,2024-07-13,google,accessories,US,51.36,0.0,51.36,False,completed
ORD005144,CUST02482,2024-07-26,google,bottoms,FR,60.07,0.0,60.07,False,completed
ORD005145,CUST01036,2024-10-15,google,outerwear,NL,167.01,0.0,167.01,False,completed
ORD005146,CUST01689,2024-08-31,meta,footwear,FR,76.35,10.71,65.64,False,completed
ORD005147,CUST02272,2024-07-23,tiktok,outerwear,GB,125.97,0.0,125.97,False,completed
ORD005148,CUST02892,2024-09-30,organic,accessories,FR,44.23,0.0,44.23,False,completed
ORD005149,CUST01971,2024-09-19,tiktok,outerwear,US,96.39,10.75,85.64,False,completed
ORD005150,CUST03367,2024-11-30,meta,bottoms,GB,66.84,0.0,66.84,False,completed
ORD005151,CUST02399,2024-12-15,google,tops,AU,57.78,0.0,8.67,True,returned
ORD005152,CUST03716,2024-11-03,meta,tops,GB,57.5,11.49,46.01,False,completed
ORD005153,CUST03576,2024-07-20,meta,bottoms,US,101.02,10.93,90.09,False,completed
ORD005154,CUST01944,2024-12-03,meta,accessories,DE,51.92,0.0,7.79,True,returned
ORD005155,CUST02011,2024-11-14,meta,accessories,CA,46.22,0.0,6.93,True,returned
ORD005156,CUST03733,2024-08-27,organic,tops,GB,61.71,0.0,61.71,False,completed
ORD005157,CUST02764,2024-12-09,meta,outerwear,GB,185.66,0.0,185.66,False,completed
ORD005158,CUST00809,2024-03-30,meta,bottoms,GB,101.83,16.24,-0.97,True,returned
ORD005159,CUST03363,2024-12-13,google,outerwear,GB,106.17,0.0,106.17,False,completed
ORD005160,CUST00243,2024-11-27,tiktok,bottoms,US,86.73,10.21,76.52,False,completed
ORD005161,CUST02027,2024-07-22,organic,tops,US,68.86,0.0,10.33,True,returned
ORD005162,CUST00602,2024-08-15,meta,tops,AU,36.81,6.21,-0.69,True,returned
ORD005163,CUST01723,2024-11-27,google,tops,GB,65.95,0.0,65.95,False,completed
ORD005164,CUST03125,2024-11-11,email,bottoms,GB,99.72,0.0,99.72,False,completed
ORD005165,CUST03746,2024-10-28,google,tops,US,47.52,0.0,47.52,False,completed
ORD005166,CUST02045,2024-10-07,organic,outerwear,FR,121.28,0.0,18.19,True,returned
ORD005167,CUST01685,2024-04-01,meta,tops,DE,49.46,10.27,39.19,False,completed
ORD005168,CUST03700,2024-12-15,meta,bottoms,DE,77.92,0.0,77.92,False,completed
ORD005169,CUST02298,2024-08-25,meta,footwear,GB,112.59,23.48,89.11,False,completed
ORD005170,CUST02758,2024-10-19,tiktok,accessories,US,32.58,0.0,32.58,False,completed
ORD005171,CUST03214,2024-12-28,tiktok,footwear,US,126.91,0.0,19.04,True,returned
ORD005172,CUST01636,2024-09-03,organic,outerwear,NL,97.97,0.0,97.97,False,completed
ORD005173,CUST02569,2024-10-12,meta,outerwear,US,143.52,31.03,112.49,False,completed
ORD005174,CUST00931,2024-04-05,meta,accessories,DE,55.31,11.17,44.14,False,completed
ORD005175,CUST02152,2024-08-13,google,footwear,GB,137.89,0.0,137.89,False,completed
ORD005176,CUST02997,2024-11-16,meta,accessories,AU,29.51,0.0,29.51,False,completed
ORD005177,CUST01862,2024-08-05,google,tops,US,58.91,0.0,58.91,False,completed
ORD005178,CUST01123,2024-11-25,google,tops,US,67.24,0.0,67.24,False,completed
ORD005179,CUST02089,2024-08-22,meta,outerwear,US,124.4,20.85,103.55,False,completed
ORD005180,CUST03678,2024-11-19,meta,outerwear,NL,103.15,0.0,15.47,True,returned
ORD005181,CUST02290,2024-10-05,tiktok,tops,GB,42.25,0.0,42.25,False,completed
ORD005182,CUST01015,2024-11-21,meta,bottoms,US,65.5,0.0,9.83,True,returned
ORD005183,CUST01736,2024-11-27,organic,bottoms,GB,101.94,0.0,101.94,False,completed
ORD005184,CUST03174,2024-09-17,meta,footwear,US,134.4,0.0,20.16,True,returned
ORD005185,CUST00293,2024-11-02,organic,bottoms,US,70.91,0.0,70.91,False,completed
ORD005186,CUST02327,2024-06-30,meta,bottoms,US,96.13,13.43,82.7,False,completed
ORD005187,CUST01437,2024-12-21,meta,bottoms,GB,101.99,0.0,101.99,False,completed
ORD005188,CUST00914,2024-09-17,meta,tops,GB,45.55,0.0,6.83,True,returned
ORD005189,CUST02834,2024-01-14,google,bottoms,CA,53.05,0.0,53.05,False,completed
ORD005190,CUST00887,2024-11-24,organic,footwear,DE,89.23,0.0,89.23,False,completed
ORD005191,CUST02657,2024-12-09,google,tops,NL,69.59,0.0,69.59,False,completed
ORD005192,CUST03209,2024-12-26,meta,footwear,GB,133.7,0.0,133.7,False,completed
ORD005193,CUST00858,2024-11-24,google,outerwear,US,107.86,0.0,107.86,False,completed
ORD005194,CUST00301,2024-06-13,tiktok,accessories,GB,33.11,8.14,24.97,False,completed
ORD005195,CUST02093,2024-07-14,google,bottoms,GB,65.65,0.0,65.65,False,completed
ORD005196,CUST02268,2024-12-26,meta,outerwear,US,169.65,0.0,169.65,False,completed
ORD005197,CUST01998,2024-06-07,organic,bottoms,GB,53.47,0.0,8.02,True,returned
ORD005198,CUST01520,2024-11-12,meta,outerwear,US,185.53,30.9,154.63,False,completed
ORD005199,CUST00735,2024-09-02,meta,outerwear,DE,179.86,29.52,150.34,False,completed
ORD005200,CUST01856,2024-10-22,tiktok,tops,US,63.68,13.42,50.26,False,completed
